,hrtemp_correlation
0,-0.6178546227852763
1,-0.8853319444888277
2,-0.813719639375445
3,-0.16900455775002976
4,0.17862458472368717
5,0.541606668161319
6,0.08873645059636362
7,-0.665699730623454
8,-0.2026835535751242
9,-0.03964736406065813
10,0.36403103656109154
11,0.3834284218945524
12,-0.011569965040895783
13,0.5243044626870037
14,0.011180877772563687
15,0.06488454179716906
16,0.8254691476874548
17,0.8126581288962308
18,0.6906212618096265
19,-0.6308666417472549
20,0.3683130308168448
21,0.31229662700529276
22,-0.8596616615217239
23,-0.2551483436872178
24,-0.10253869528852767
25,0.5401451286699376
26,-0.06139893347739706
27,-0.33772028745700805
28,-0.4227540480714862
29,0.11604286887063142
30,-0.04820546086511831
31,0.46209939868794275
32,-0.5788969242898447
33,0.8075700722740524
34,-0.04168839723016305
35,0.4498769866189894
36,-0.21615383922025577
37,-0.46790088009586184
38,0.5015874596123683
39,-0.8204234130333509
40,0.7383646568268394
41,0.1267897785027332
42,0.38098251856058163
43,0.35276990142342846
44,-0.08787919227801837
45,0.6815850405667453
46,-0.2779014614692728
47,-0.23634138557994205
48,0.349066671652936
49,0.46632415482836803
50,0.531888290115999
51,-0.7184500423422521
52,0.6792811875054434
53,0.14206320153033286
54,0.2752936187153398
55,0.32946737521777153
56,-0.11223514406286886
57,0.6608677507970856
58,-0.32381851128681294
59,-0.14708059689960387
60,-0.08312515701878216
61,-0.24441705342931852
62,0.13623631485020377
63,-0.5230825971258948
64,0.8314179942333915
65,-0.320737483577484
66,0.2466270534581579
67,-0.0205973534416799
68,-0.13139607006829918
69,-0.07399455832354708
70,0.40273713070098377
71,-0.2704622127787975
72,0.05956588206634066
73,0.5079795044995252
74,-0.25791031113809165
75,-0.43662059287806676
76,0.9175881299642635
77,0.2279059719947019
78,0.20919564254144463
79,0.4509502507138662
80,0.017592747404412558
81,-0.1536264593502478
82,0.15992012475149775
83,-0.1325553276586711
84,0.09806774725147643
85,0.3007526744761289
86,-0.3603891455072874
87,0.6613555283852908
88,0.5010657784773295
89,0.19402328955460435
90,0.08461223565147286
91,-0.3264033527022811
92,0.05178999095740285
93,0.12268766521235348
94,0.10820458061468895
95,-0.13381885522570192
96,-0.0885300251526263
97,0.6026541174318805
98,0.4048596869802045
99,0.5081485241445997
100,-0.395697156176965
101,0.16442673807653083
102,-0.45163188568522095
103,-0.4858973594289508
104,-0.3160358725031455
105,0.22645544767210662
106,0.32131034468905784
107,-0.04134977218752282
108,0.3150540019673941
109,-0.010625246246836266
110,0.17065590428654576
111,0.6817101344719757
112,0.46676807446107343
113,0.6057970337725701
114,-0.5719536218832031
115,-0.5369075603613294
116,-0.008424684916877548
117,-0.0671060267678013
118,0.6976189822929754
119,0.08789612178162892
120,-0.5785719240078229
121,-0.013570822925944612
122,-0.7484198292391953
123,0.10951663931787667
124,0.5959624750299352
125,0.3109230650696157
126,0.12501958123067286
127,-0.18036188622835705
128,0.6051157671411337
129,0.04122590353040263
130,-0.0021135010798864966
131,0.4045141819966227
132,0.1534378856819969
133,-0.3425069712138269
134,0.010441327088176073
135,-0.4829569206091126
136,-0.1397732322304096
137,0.0532263283937395
138,0.2802469888429278
139,0.4963755868149857
140,0.05674211249472874
141,-0.007654431263228594
142,0.6134795611667393
143,-0.04535844867498666
144,-0.08251097768809618
145,-0.9026237674432488
146,-0.3610694910170497
147,0.05950246584731579
148,0.016632120245528334
149,-0.04356785406489872
150,0.6787697384991003
151,0.1255866901092541
152,-0.6602966259236872
153,-0.13863626526385375
154,0.14009869746285203
155,0.09914650826166431
156,-0.06026471206577171
157,0.6731003875034781
158,0.5974704126757356
159,-0.4403304041493595
160,-0.31919919579849576
161,0.5803483555246449
162,-0.12283268438723975
163,0.11221570878357387
164,0.05434201179023096
165,0.18217528202280595
166,0.49125569532220303
167,0.23355992055811517
168,-0.2615938105436927
169,-0.4658662519184221
170,-0.00029557446531312337
171,-0.13478542662515272
172,-0.12290734174732974
173,-0.21046882065027417
174,0.21721564236369195
175,0.3595542018267367
176,0.1024438155299464
177,-0.7773949736356479
178,0.6317145690069462
179,-0.3016616843361448
180,0.4618411437702806
181,-0.279145227413826
182,-0.36734316983134446
183,-0.2569807386562344
184,0.7293797010548628
185,-0.4426120008652668
186,0.31506224793823534
187,-0.23751403257632223
188,0.006575036997403764
189,0.04750845097498299
190,0.24737096034884348
191,0.5219447912976508
192,0.10638709513456626
193,-0.39969047366966165
194,-0.019133754463066286
195,-0.27152092527397614
196,0.19317949417521124
197,-0.10924369893312504
198,-0.44921000022953284
199,-0.3723556268754978
200,0.36898563178711175
201,0.6877262613313869
202,-0.47207745324513267
203,-0.30183230937225536
204,-0.10982869029975953
205,0.07780415770702558
206,-0.22750931657162315
207,0.257009010081795
208,-0.2574591102613831
209,-0.11137689152699852
210,-0.006460727299705208
211,-0.08868850765463741
212,0.1010011168628893
213,0.6855756700121636
214,-0.5850855385184459
215,0.5343970434183807
216,-0.7204595935425596
217,-0.6321378136788239
218,0.24637887020582847
219,-0.39074195336854706
220,-0.009217638792939195
221,0.5206155470544077
222,0.5548275982024351
223,-0.3679049604541746
224,0.8882029618564513
225,0.3801646023659901
226,0.036478747889837966
227,0.45292491511632677
228,-0.7580615699682371
229,-0.6888070055515653
230,-0.44607963491440505
231,-0.43506754071075127
232,-0.24782262349945555
233,-0.20239566044407536
234,0.4822529714394206
235,-0.46854939885887587
236,0.2630747722617899
237,-0.47654987248807357
238,-0.3745437659897423
239,-0.02329610559859691
240,-0.391039262699859
241,0.41616449869136657
242,0.7416397478142385
243,0.4222628695881453
244,-0.6073893307314152
245,-0.4380474125572349
246,-0.669138014477625
247,-0.36428147656715404
248,0.2105353141056997
249,0.7055953494222363
250,-0.3358149509273546
251,-0.16396234052186265
252,0.2504139072131994
253,0.138804114593527
254,-0.1006755505626539
255,0.33354120323354575
256,-0.34900984534596796
257,0.27382430307164846
258,-0.3156277416996034
259,0.15446113724599633
260,0.402275168073001
261,-0.319049296371001
262,-0.11083841900571048
263,0.20808047484310746
264,-0.05729075156744744
265,-0.13229096410122818
266,-0.2535362781067027
267,0.07635428072796081
268,-0.5186575934272752
269,-0.25476232525755815
270,-0.6401171438243103
271,0.41869344540534803
272,-0.12278917306550649
273,-0.2627100655446262
274,-0.06563012435831658
275,0.3985770018163004
276,-0.018667081957919225
277,0.033712345734397436
278,-0.5443189260710485
279,0.39404269109571377
280,0.039681638632716155
281,-0.2989943448379725
282,-0.18688788039061077
283,-0.41626379314242196
284,-0.08274391004618453
285,-0.4649954071260041
286,0.428480943964124
287,0.7426203191355469
288,-0.5870146779321905
289,0.2295282033539423
290,-0.11175688997455732
291,-0.5261525224820317
292,0.19939975033968155
293,-0.16642840898997607
294,-0.027690734786180584
295,0.3332244492385789
296,-0.05705029172175592
297,0.31499216535191393
298,-0.27738776986986513
299,-0.12471593689518572
300,-0.5043694991940153
301,0.6353410474275467
302,-0.42592439978087154
303,-0.07284656569253425
304,0.3700456219531854
305,0.17994971552728034
306,-0.11696541060974652
307,-0.29059469801757165
308,0.040220705868702085
309,-0.1976541574212817
310,-0.5059732444815503
311,-0.006474706223080128
312,-0.004738711902671573
313,0.8588340558791978
314,0.7787566372982119
315,-0.37689624366898383
316,0.22511029387162348
317,0.6514716780566651
318,-0.7568987498567582
319,0.07715160900556876
320,0.7775898850560571
321,0.7470475737502568
322,0.07043056100047568
323,0.1708173710631052
324,-0.3837235775459092
325,0.017399017071521104
326,0.5287612027516368
327,0.16523652131768624
328,-0.7197812814733993
329,0.733782937272717
330,0.7478977012187112
331,-0.7798033662335716
332,-0.34260230621730847
333,0.041553808456278346
334,0.5310649947881959
335,0.6890749950793471
336,0.4219322391679591
337,0.03960403078944131
338,-0.007695708347254939
339,0.6452505745669046
340,0.2335379324983813
341,-0.7807925218903164
342,-0.33541878221316546
343,0.787657986710845
344,0.26417977585052466
345,0.5759007069878351
346,0.0904828319651066
347,0.14112759357663018
348,-0.42103719699673386
349,0.22884799922919807
350,0.030524596653573256
351,0.5766811765075917
352,0.07471669617426956
353,0.3032770698704765
354,-0.2678835427311817
355,0.5757057815768681
356,0.23553057240769126
357,-0.4132445668970883
358,0.6812948673383309
359,0.587342563385896
360,0.016516869634105466
361,0.253558080895324
362,0.7322206304015204
363,0.3965510041057305
364,0.170705238777512
365,0.0738162248636683
366,0.10674816136050042
367,-0.11455074103439765
368,0.5862332827409918
369,0.08066285527389815
370,0.1241728657274715
371,-0.09108763407700944
372,0.47771875378817247
373,0.40781277530928456
374,0.44221773081352145
375,-0.6120321262756457
376,0.5642100626349974
377,0.7003189653546508
378,0.7963866318376177
379,0.05496481546519946
380,0.5594405744193839
381,0.7539624804229919
382,0.590484067730773
383,0.45728522335255894
384,0.11723922867611004
385,0.11667573302559832
386,0.004961056087507542
387,0.6127088501322226
388,0.1875791217507665
389,0.36606427523269297
390,-0.07352033019116637
391,-0.09162785505731322
392,0.1864729488411114
393,-0.5775827809323678
394,0.30142864541491865
395,-0.2660199691173753
396,-0.3238324908120634
397,-0.2522644556155366
398,0.19724235658185527
399,0.0019659867295262977
400,-0.09928802007032922
401,0.3464301301891744
402,-0.00926977995342309
403,0.5418160709228048
404,0.4318887386875167
405,-0.02404621378058954
406,0.01537592053080476
407,-0.11055637680222843
408,0.4020163151143901
409,0.1167864217201125
410,0.2203528200293039
411,0.3956683281139973
412,0.24251980284087526
413,-0.2114518002847349
414,0.029366167723247266
415,0.2853727274904522
416,0.015717148339651373
417,-0.3048735991408437
418,-0.22138514797282072
419,-0.2937209962162153
420,-0.28030492544467134
421,0.2320214800892265
422,0.47155791066913233
423,0.049677906100391134
424,0.011786676380385754
425,0.49092863096580747
426,0.07027384457070984
427,0.5688393796697148
428,0.6467122803959884
429,-0.4004371227791521
430,0.020807032422548836
431,-0.6276679007703057
432,0.10941666593586748
433,0.6029591384770482
434,-0.6166445065494349
435,0.6373412707360412
436,0.24768525752094267
437,0.08552815040819091
438,0.0629990072843417
439,-0.35277488548865155
440,-0.5261881407802099
441,0.04963189798478861
442,0.2498271497631821
443,0.7382366773074563
444,-0.02745651455678419
445,-0.11249916785173995
446,0.030191628941501646
447,-0.31248529791078344
448,0.11235084705542778
449,0.4268596415780727
450,-0.5151019455915626
451,0.2570705433104003
452,-0.007274507067257803
453,-0.04613777743882258
454,0.6993239933696309
455,0.46748392745759115
456,0.48657618181107126
457,-0.5060890205745666
458,0.41573518356038797
459,0.3980256536401793
460,-0.12738729235131985
461,0.18603866642914962
462,-0.020190923931098486
463,0.13551653353881865
464,-0.3717445179894866
465,0.5320172175988476
466,-0.6975514415309205
467,0.4484644093568036
468,-0.39429186523763876
469,-0.23593714209396907
470,-0.00873133671367952
471,0.4771898462719397
472,-0.6798630890658363
473,-0.2000476231931677
474,0.42900969402154704
475,0.3840769372281733
476,0.2058711059210208
477,-0.27184468810098616
478,0.22481820528688343
479,-0.3767532248584535
480,-0.07740995732589184
481,
482,0.1284275784499262
483,-0.19514028902370473
484,0.23167214129171013
485,0.5921989416605775
486,-0.09117502294182309
487,-0.45904511481325155
488,0.49984571210764256
489,0.8174744596780212
490,-0.30694292617302127
491,0.018443424853321264
492,-0.08184198026968502
493,0.4435602103552685
494,0.3792136120907406
495,-0.263962570111779
496,0.5790626024072553
497,0.4563012450942189
498,0.5935247495480606
499,0.49496250652296325
500,-0.32532047054630586
501,0.08404710077160843
502,0.21556340936640664
503,-0.23920635457567235
504,-0.26224870573378944
505,-0.11272453102662576
506,-0.14318497942948905
507,-0.24766958941790543
508,-0.21121372454644644
509,-0.7504056647525256
510,-0.6711064011382449
511,-0.05708432299874273
512,0.2608471920651482
513,0.15571966941394327
514,0.1934052279331198
515,-0.36483386255614614
516,-0.29758114958706683
517,0.3538423239012724
518,-0.830566816867992
519,-0.6011235967012963
520,0.30125588925363705
521,-0.5612889788253362
522,-0.7956154948346054
523,-0.1161854666098196
524,-0.19515742464346567
525,0.07923595995205236
526,0.07238002204763264
527,-0.14923400383729352
528,0.3301696923988948
529,0.4842612902643736
530,-0.32703664217571027
531,0.5043362747601406
532,-0.19440259631911216
533,0.019572057000160657
534,-0.4020745464368786
535,-0.4727622642978291
536,-0.052208443043288665
537,0.27397124031848924
538,-0.09695037934055814
539,-0.16858123484703427
540,-0.6340044193040549
541,0.5011264218007925
542,0.43003313689931794
543,-0.5249135462989721
544,-0.11695994535201844
545,0.05292805321160068
546,-0.14110081566519406
547,-0.14524422418976707
548,0.44863333997683025
549,0.022594089238083856
550,0.4201284651401781
551,-0.6733872094796755
552,0.24998900887633896
553,0.5550807298391761
554,-0.7951353614073837
555,0.09967595712602186
556,-0.18343036364832996
557,0.3324463242513871
558,0.11562034556412187
559,0.6268635342640456
560,0.21956554077270796
561,-0.5565778772312752
562,0.8167021472529741
563,-0.1832928515149073
564,0.34006238994428933
565,-0.10699613210203539
566,-0.1894646938123946
567,-0.14513105950196803
568,0.11802099516730546
569,-0.08168196851517076
570,-0.8834217079202878
571,-0.3684331400877029
572,0.0906839814784155
573,0.12287452245861653
574,0.11402970561697437
575,0.5647455428601145
576,0.4010655566457337
577,-0.6509025930170438
578,0.19452716155880712
579,-0.804041182971925
580,0.25624349973073324
581,0.40603050230396637
582,-0.4153916098267214
583,0.030094706098757355
584,-0.324413764333403
585,0.06074182526650854
586,-0.07332573222813474
587,0.18960368612693965
588,0.05800808951097009
589,0.05487041518003463
590,0.21941857008536855
591,-0.2781625309914914
592,-0.6394983220283237
593,0.21568072910853256
594,-0.2650785235454155
595,-0.5555829901589384
596,-0.7069116134120802
597,-0.12214414014282265
598,0.6854207873181192
599,0.6335337625643691
600,-0.5897731590501026
601,-0.7905842279281448
602,0.5951794088424232
603,-0.14347228378458587
604,0.2025047165749609
605,0.7001581701850786
606,0.39512203339082597
607,-0.6796657845844712
608,-0.3651636592117008
609,0.6381532744545201
610,0.7023707661091532
611,-0.3464945798956187
612,-0.11499017779916787
613,-0.16450305336602028
614,0.09774696362381417
615,0.08605689979787308
616,-0.09318958871835416
617,0.5747604570615853
618,0.5163041667822896
619,0.09200602035464867
620,0.12972262462957815
621,0.6213550161379229
622,-0.05318753979811733
623,0.7022955438591013
624,0.8430051889855201
625,-0.1803775532870984
626,-0.014914476400133958
627,0.49151811993656436
628,-0.581098985232885
629,-0.7492557679577366
630,-0.25066027460747825
631,0.4147892777685077
632,-0.4221464086920655
633,0.2505723946790375
634,-0.16597994601709912
635,-0.4198921828832679
636,0.5451816810725175
637,0.5547771161041689
638,0.18429499360381224
639,0.5925528152108324
640,-0.5358336550366385
641,-0.1318218128374374
642,0.8128788547952341
643,0.15453812795457267
644,-0.049516008531188614
645,0.14224182379676756
646,0.06080584756935185
647,-0.05246490510041198
648,-0.36268134056218426
649,0.034210030207582835
650,0.14623863031879472
651,-0.21953999292488227
652,0.07845578872186576
653,-0.22102981794252635
654,0.014679042830477142
655,0.4802544088571432
656,-0.1993386298227913
657,0.3978889064527903
658,0.34745676356525257
659,-0.9007844046787405
660,0.4072540173570833
661,-0.8449168795521594
662,-0.2569761526408916
663,-0.8113784692302023
664,-0.3478343584162789
665,-0.1790973191560839
666,-0.17675927658741633
667,-0.529645022168501
668,0.21464150455427644
669,-0.40657965991830664
670,-0.8486143890772286
671,0.15770075464050756
672,-0.32904442183343413
673,-0.19719537694803588
674,-0.19411748283076494
675,-0.17327087067200414
676,0.05368265335932999
677,0.047440256935067794
678,-0.5979297689921613
679,-0.8250288912704518
680,-0.6014946335700053
681,0.4975348293889984
682,-0.5969852161042715
683,-0.4937896054526027
684,0.6043295514792199
685,0.02868324639739597
686,-0.3441869138992144
687,0.7621868371590814
688,-0.2708050472069098
689,0.08888591240263452
690,-0.4024241269232848
691,0.39774211986883506
692,0.04235826623862945
693,0.1292092298493289
694,0.14876820714147085
695,-0.5431810411450164
696,0.45033962395123145
697,0.6292597696887264
698,-0.3473773102890498
699,0.292740234650932
700,0.7277374987045704
701,-0.5291225831657353
702,0.23961938112314224
703,-0.14867692771212887
704,-0.19277912061762092
705,-0.816996769651169
706,-0.015485128893986948
707,0.1308841333658093
708,-0.3484764364424109
709,-0.2615653700408241
710,0.26508630868496347
711,-0.44148577026194497
712,-0.1690884288660258
713,-0.028747534281390305
714,0.4859213064402787
715,0.1398866215650684
716,0.068594500755971
717,-0.22473523059265424
718,-0.23182983592512693
719,0.30221285923249913
720,0.2214215551158503
721,0.1450843101287741
722,0.3193288239783787
723,0.5729073902219052
724,0.12533635017929318
725,0.18572829800134077
726,-0.46514771354864093
727,-0.4721074382721211
728,0.3159809342089227
729,0.34104130532155996
730,-0.05392329629800802
731,0.1363693852640763
732,-0.7350104928902031
733,-0.6528294724344819
734,-0.6794849369839658
735,-0.02149745958281011
736,0.5562290551006639
737,0.21453394176522447
738,-0.26542595816790093
739,0.6463973921223503
740,0.2948974847725149
741,0.23113631727291542
742,-0.31170585494661796
743,0.6364539382276969
744,-0.332979994434902
745,-0.4225116024263893
746,0.24772106564750437
747,0.7928542617629887
748,-0.25726131152557113
749,-0.21632349624378472
750,0.3000099408156341
751,-0.33489840611580596
752,0.33074302646034764
753,0.780343554266733
754,0.4868222072861993
755,0.43526657102537003
756,0.6163542758216726
757,-0.27019874705287955
758,0.24711543028686755
759,-0.2908266992138717
760,-0.40298525037333544
761,0.24248501940197692
762,-0.5598305632560205
763,0.37276032469194015
764,0.2651742565257283
765,0.39452213406781406
766,-0.33248559836707586
767,0.19123581229702327
768,0.04955487020241694
769,0.42567345424800374
770,-0.2423399481698126
771,0.18468804547261436
772,0.013576997652787174
773,-0.38479904759164485
774,-0.23598505560826658
775,0.12025203332687237
776,-0.27851620098714247
777,-0.5435363940516666
778,0.17032063770376873
779,-0.4352253796923788
780,-0.3252754260190101
781,0.47627789896695055
782,-0.24810975908442062
783,-0.6969846407489002
784,-0.35747396698597195
785,-0.6434822222512284
786,-0.0790345078267301
787,0.34222344610543076
788,0.02461059133252705
789,0.04791888128664224
790,0.26849774692638245
791,-0.6150098775245675
792,-0.0984397722029497
793,-0.07639632903432174
794,-0.6156984610395884
795,0.34419617953392206
796,-0.29145652575394115
797,0.718402519699887
798,0.11374168172999248
799,0.4747331341946469
800,-0.10089301192285974
801,-0.5995594100496802
802,0.4473458727848268
803,0.10098775515548136
804,-0.11085671810962651
805,0.49973488771652874
806,0.7092846305315293
807,0.276530228876527
808,-0.42952274470438817
809,0.7979074768722473
810,-0.6990916125682506
811,-0.3644887121505012
812,0.2418121097504847
813,0.22364531917067731
814,0.003963169182621904
815,-0.046597124316963036
816,0.1560009047874633
817,0.4605469340549026
818,-0.778430832809467
819,-0.13620788328592168
820,0.11303846264233393
821,-0.6653955742589329
822,-0.2543241779920784
823,-0.7334409148758533
824,-0.40908589166813486
825,-0.49563004404118244
826,0.22434621291849813
827,-0.48476887582131784
828,0.5636166394119816
829,-0.8148761549647725
830,-0.055667463962693974
831,-0.569456315171929
832,0.15003360698692378
833,-0.6592786195283433
834,0.7466013888936112
835,-0.7777723343879278
836,0.4370574158624569
837,-0.02022093228996263
838,-0.39580848219076487
839,-0.1250772503996861
840,-0.5717247835980754
841,0.5190423007966118
842,0.00539659181388646
843,0.42232565855798615
844,0.07984337838622274
845,0.5222971189505324
846,0.15940661606525286
847,0.5029903321288607
848,0.3980601468813897
849,0.5341456939094322
850,0.31027385013632813
851,-0.7058787333101293
852,-0.12617642395217127
853,-0.46259185830761074
854,0.6506168469639142
855,-0.5274657812272588
856,0.245666700469025
857,-0.43465379211300037
858,0.3988503644417841
859,-0.17884687216490341
860,0.014734523490369814
861,0.624879477082106
862,0.5086438856936192
863,0.23365903769102148
864,-0.16604342751788623
865,-0.04934279192017275
866,-0.5742315653003037
867,-0.4730823455706776
868,-0.0717506805870277
869,0.4360949190659119
870,0.21773430079128842
871,0.21026678640264465
872,0.671836995424491
873,0.39746953530071016
874,0.6513104488738073
875,-0.14667343106812578
876,0.28774995041174956
877,0.3297132523938441
878,0.34317185930310157
879,0.19495787053885355
880,-0.19900628037914
881,-0.6500692333920922
882,0.729791874785498
883,0.8139059029884594
884,-0.548824865013518
885,0.5065417781782149
886,0.33957869084057385
887,-0.15385653824134035
888,-0.6136254631166006
889,0.27252415887113196
890,0.31464136012718064
891,0.2593343984782886
892,0.7086847552240502
893,0.3281958654674359
894,0.16360702988708684
895,-0.07914807699147088
896,-0.13843834304454128
897,0.2724485082386487
898,-0.10440007357741006
899,0.44926847550205706
900,0.3947607198920284
901,0.5055471793295623
902,0.11086885176581512
903,0.050474993522209514
904,0.6658445731500728
905,-0.2714472806844865
906,-0.6478930209977728
907,-0.36486524722020014
908,-0.29742200560174625
909,-0.35115215275212547
910,0.16715463114515622
911,0.2835517252402306
912,0.4101642619112473
913,0.1237428233807197
914,-0.3001665418602795
915,0.6536108836103037
916,-0.3758721396454018
917,-0.017051727763935206
918,-0.6890067387408121
919,0.47941298272618027
920,-0.04034857583223893
921,0.6699896258482633
922,-0.3198387561244798
923,0.6578595589293321
924,0.11177785520245369
925,0.6124080312757881
926,0.0832580770577918
927,0.5193624376526167
928,-0.4434243084062693
929,-0.1954141110526722
930,0.22896649551777062
931,0.43101060297754484
932,-0.22639270045913804
933,0.013517891973509815
934,0.10913763880445423
935,0.313196337037342
936,-0.1188805055771786
937,-0.19939569632942403
938,-0.3065914155994872
939,-0.05256045730701299
940,-0.8123051539078942
941,0.5622041338716902
942,0.37767524666549634
943,-0.03809837312432277
944,0.512012548703631
945,0.5573121230903536
946,-0.17798112760848606
947,0.8984344094743242
948,0.3935668646661318
949,0.5616907845452914
950,-0.47556929217841387
951,-0.2625783206020978
952,-0.29267408425653124
953,-0.16165452409344086
954,-0.1982677427892649
955,0.12087195718556763
956,-0.2375895749654376
957,0.731256539911753
958,0.2934077530858301
959,0.4616302197270828
960,0.1008628006656167
961,0.350307246559071
962,-0.3521716306072339
963,-0.5458850127471803
964,-0.037740129698826855
965,0.3837725328997646
966,-0.39078044485113356
967,-0.26481447373028416
968,-0.7279170797100165
969,-0.2163750068142638
970,0.18738831867985703
971,0.5703996270199206
972,-0.8628979599958774
973,0.6943867305297449
974,-0.3925632822336302
975,0.3352420308673961
976,0.09564412313208454
977,-0.10722337564236871
978,0.546881297473395
979,0.3646396327825089
980,-0.3043961466221884
981,-0.8296493705433075
982,-0.08809981035574221
983,-0.03008155215908395
984,-0.6197582540530749
985,-0.8876060804916106
986,-0.5341676564086659
987,-0.040953172450974386
988,-0.07332246970011048
989,0.6171518745518011
990,0.3709438697754758
991,-0.5488416484833527
992,0.6881692434497542
993,-0.05506368384191437
994,0.39447995459016133
995,-0.21761565072013775
996,0.14957095723746502
997,0.7297190541854224
998,-0.8308184295149942
999,0.1812641718631598
1000,0.28137267247969755
1001,0.7619428801252897
1002,0.2642873204445775
1003,-0.12217121819192553
1004,-0.7660477161271597
1005,-0.17413361696848192
1006,-0.5523837514984969
1007,-0.2751295258700493
1008,0.16024774091265262
1009,-0.5102073141597137
1010,-0.16795799912605947
1011,-0.11554009165530534
1012,-0.5519237331860937
1013,-0.5192147647546853
1014,0.018353622991193332
1015,0.16632252332317313
1016,-0.4134437254731895
1017,0.3777002044927086
1018,0.3572513453733403
1019,0.5909301418322489
1020,0.10583873804581317
1021,-0.6214270610930491
1022,-0.5376489653365757
1023,0.6050985797746816
1024,0.0032503884237087125
1025,-0.7129725592035518
1026,-0.4245855907621527
1027,0.15601299885599734
1028,0.15264822061358738
1029,-0.15150302704748192
1030,-0.6373758033315272
1031,-0.29902043664825867
1032,0.3299484690429062
1033,-0.0061423923055858335
1034,-0.5874700425619005
1035,-0.14343152747861027
1036,0.06913573993945205
1037,-0.22048296339412587
1038,0.10518902401583964
1039,-0.3614393062579791
1040,-0.1498651095442838
1041,0.45832577210006387
1042,0.1989760294075016
1043,0.49735223109833704
1044,-0.0288534183536468
1045,-0.3386761252448972
1046,-0.4702334602002246
1047,0.09642587500691391
1048,0.04061477743595912
1049,0.13827109692676598
1050,-0.20166582526431473
1051,-0.26433810849364847
1052,0.5389165983581258
1053,-0.7749746082791847
1054,0.818710179894269
1055,-0.5387311767071001
1056,-0.26570611136554567
1057,0.014561344426412954
1058,-0.6330892943506574
1059,-0.04269635990886263
1060,-0.4850649167156329
1061,-0.46816928259852536
1062,0.23515739097766739
1063,0.09625009087770375
1064,0.37569400288936877
1065,-0.13415003554899893
1066,-0.7601802318991134
1067,-0.7053290641995289
1068,0.2541646460535518
1069,-0.22354788631525002
1070,-0.6332737271716808
1071,-0.019415427551270317
1072,-0.38693882221648995
1073,-0.27054020307363486
1074,-0.3556345177655569
1075,0.5175122663866466
1076,0.19590359584028424
1077,0.17790062497001186
1078,-0.10145746148292495
1079,-0.6720244302235281
1080,-0.9078653982938333
1081,0.21687353263995648
1082,0.1280745546922235
1083,-0.05859435621501998
1084,0.5851812128926119
1085,0.2737782170429906
1086,-0.615106141384061
1087,-0.4453661936769906
1088,-0.2968558863500151
1089,-0.1102497896802116
1090,-0.6850936379032627
1091,0.3968518826253169
1092,-0.1209999262753878
1093,0.29368947945588636
1094,-0.42244637010553504
1095,0.348391850276749
1096,0.06135458413799376
1097,0.04376782086461719
1098,0.01619187115953021
1099,0.5435789389690342
1100,-0.09519884093204906
1101,0.5855507199670485
1102,-0.04846321808452864
1103,-0.3576108360400548
1104,-0.44806458856525555
1105,0.08154058362367185
1106,-0.056161946587016155
1107,0.5938985704967433
1108,-0.7634205213195415
1109,0.4053225786468298
1110,0.3199232615642208
1111,0.7472643041346899
1112,0.4144472898332721
1113,0.8956491823523152
1114,-0.7129713728243465
1115,0.7681936144693382
1116,0.36360474055797876
1117,0.22624681980893505
1118,0.30989118054006254
1119,0.41136361385540593
1120,0.7531204199833699
1121,0.21908710599107276
1122,-0.44406358597070433
1123,0.24224870023488235
1124,-0.18230510884352386
1125,0.25798496270329757
1126,-0.11242453572003949
1127,-0.23666595529492734
1128,0.10718762683828545
1129,0.7529148400803676
1130,0.04056494020991415
1131,0.43619192890259223
1132,-0.22997104087183806
1133,-0.06480676418662372
1134,-0.13444319491762666
1135,-0.5305427972289294
1136,-0.6661001920114668
1137,0.2938816853405691
1138,-0.3261445328282925
1139,-0.5569530595108365
1140,-0.09590116794933538
1141,0.36723071484335756
1142,0.048282865629490065
1143,0.49633741266076303
1144,0.5892342459849165
1145,0.4931741051274626
1146,-0.41051707997267933
1147,0.45738569229968096
1148,-0.1515928800659068
1149,0.48003781012270513
1150,0.8747847339475774
1151,-0.11336034678581272
1152,-0.21130937582148793
1153,0.597744404333724
1154,-0.4898366533467595
1155,-0.32756458724271
1156,-0.27305550087873154
1157,0.18293017570058204
1158,0.515235043529364
1159,-0.08226747722693326
1160,0.419580101762685
1161,-0.15631140228324525
1162,0.24859745194901647
1163,0.10356678378294361
1164,-0.5059772680758877
1165,0.010739052036729469
1166,0.3177490363568098
1167,-0.304480156088684
1168,-0.08342360899975843
1169,0.7392282365643356
1170,0.10077743125402311
1171,-0.20617599053016092
1172,0.4555031117019163
1173,0.14374248606760504
1174,0.32091472673165694
1175,0.2618554842677802
1176,-0.6958691503523373
1177,-0.6953557852616408
1178,-0.1623040947708844
1179,0.020962822628049837
1180,-0.3190265802058059
1181,0.022652107605616676
1182,-0.46170132650663326
1183,-0.0032144179760947213
1184,0.30055939502555873
1185,0.4164331394435478
1186,0.24049834825997812
1187,-0.2096473087249473
1188,0.3978706100318853
1189,0.2243193317759901
1190,-0.05414484819326013
1191,0.40190396670303447
1192,0.045734291377751535
1193,-0.06958025369321229
1194,-0.15299171666485956
1195,0.0375674865781577
1196,0.7425092749028084
1197,0.010711249707915656
1198,-0.2195089288369562
1199,0.15295517741870562
1200,0.14129493045751126
1201,0.4246913103285171
1202,-0.005759312492070446
1203,0.10474995945370222
1204,0.23679772698424928
1205,-0.5757088609969149
1206,-0.4108204012732143
1207,0.11475177218765313
1208,0.247378371774471
1209,-0.0290192905395307
1210,0.17224113646274505
1211,0.7404806075871677
1212,0.20088466828865076
1213,0.1630978367481572
1214,0.4603769098190721
1215,0.3981190017482441
1216,-0.09687188948655892
1217,-0.3788703734466193
1218,0.0006808516501109703
1219,0.2546046778188315
1220,0.5586505259793213
1221,-0.0878718385797178
1222,0.29535289400014514
1223,-0.4450147412050464
1224,-0.7220507164452422
1225,-0.029467086862288355
1226,-0.12269440493248918
1227,0.3180288418482907
1228,0.5914494568165752
1229,-0.6541970323584095
1230,-0.2245567372859994
1231,0.2212114311514301
1232,0.4495605588828814
1233,0.19010236297609565
1234,-0.3605001662553986
1235,-0.5635582007531467
1236,-0.5987189921176242
1237,0.47498050154672594
1238,0.5680409701835882
1239,0.3023774552707431
1240,-0.4786162192906264
1241,0.6778524819431145
1242,-0.4142737847448125
1243,-0.3234409476841316
1244,0.3861504190510963
1245,0.7776695436846206
1246,-0.6432613922178447
1247,0.24011008020376207
1248,-0.11178153048434775
1249,0.5750746411205625
1250,-0.7987239632409016
1251,0.8320704789441308
1252,-0.12043568893129968
1253,-0.7259078505385784
1254,0.5233381005114476
1255,-0.24826319219493428
1256,0.6353053736736728
1257,0.7389689488258699
1258,0.03514101949686825
1259,-0.774011407795035
1260,0.8872488667402231
1261,0.15571338718248112
1262,0.7496508664315167
1263,0.6432467653178175
1264,0.179442846228092
1265,-0.7139139621664186
1266,0.04887093899401851
1267,0.22980080570580824
1268,-0.3285991869057845
1269,0.7490518774645063
1270,0.44676232415143274
1271,-0.601147319371523
1272,-0.10467617019370042
1273,0.14064524148876092
1274,-0.3917171614608358
1275,-0.06257546303389552
1276,0.02949835387755797
1277,0.4855282373387603
1278,-0.4601965975559423
1279,-0.04177948623516806
1280,0.6946038367615724
1281,-0.034861062487878534
1282,0.23135215680214039
1283,0.5090225392690899
1284,0.43392759260702785
1285,0.08546225173321416
1286,0.37769083488639743
1287,-0.18884173507775914
1288,-0.16407268506731112
1289,-0.06648817130776119
1290,-0.2086660362756434
1291,0.22732485569599847
1292,-0.058459066364720674
1293,0.16460636423548564
1294,0.034039625309770456
1295,-0.07553645709557578
1296,-0.3386322347470629
1297,-0.6706929679755536
1298,-0.21156463200163395
1299,-0.32873489969557057
1300,0.49091473966820875
1301,0.18110689165807808
1302,0.23936782157857261
1303,-0.12275615604500299
1304,-0.3967589778317774
1305,0.40661783283130776
1306,0.6415140315490334
1307,-0.6246879929316465
1308,-0.6182577781234928
1309,-0.06264589714989079
1310,0.4757878874336275
1311,-0.44379367168340644
1312,-0.07713661848085322
1313,-0.41744179174244506
1314,-0.26152641199682747
1315,-0.21919843543049333
1316,-0.3090102411716874
1317,-0.3273304532154937
1318,0.5030175135679451
1319,0.012388336749391939
1320,-0.4549541620047259
1321,0.4311201303890534
1322,0.16408887514319698
1323,-0.16788368314084415
1324,-0.3557279152604235
1325,-0.03774370786084084
1326,0.37215343549914087
1327,0.24672029258172573
1328,-0.7076309038762008
1329,-0.06755649957946726
1330,0.2911182197179342
1331,-0.5348827326008554
1332,-0.06425325552937261
1333,0.32789826194217003
1334,-0.6652208089365909
1335,-0.3958151409584023
1336,-0.2466575505174024
1337,0.2799797098432926
1338,-0.6159987769805175
1339,-0.030256395800503495
1340,-0.23856135231215592
1341,-0.3771235407689311
1342,0.3529648876719948
1343,0.397287311910372
1344,0.658362791708685
1345,-0.2093998379419421
1346,0.12968493888285398
1347,0.013060591498810312
1348,0.14075178434744526
1349,-0.6243381368486242
1350,-0.23409691200101826
1351,-0.4198688767369511
1352,-0.518854488926209
1353,0.2561561828770025
1354,0.4316274202230943
1355,0.43540960255672884
1356,-0.4127045960671159
1357,-0.7399753739353667
1358,0.29530112280915005
1359,-0.16835842490755537
1360,-0.02497050245810127
1361,0.6944493599502009
1362,-0.26347295232366336
1363,-0.17129201236206254
1364,0.48688457291615495
1365,-0.59219888345896
1366,0.5392959821475415
1367,0.4866431768340423
1368,0.20013108728215281
1369,0.3924948816207355
1370,-0.19310515343782167
1371,-0.08319704137385775
1372,-0.35818139389515896
1373,0.6512493682376892
1374,-0.436976291404891
1375,-0.4174832089696663
1376,0.25962134378345647
1377,-0.6046497112343494
1378,0.19529718452028055
1379,-0.725262230113756
1380,-0.31595105899024517
1381,-0.4146073547295534
1382,0.8392049558146936
1383,-0.8446757274293498
1384,0.24477393094380162
1385,0.017645746821172533
1386,-0.4817204734399472
1387,-0.6623591706691868
1388,-0.1282495087575412
1389,0.3734900106140709
1390,-0.031092355770776875
1391,0.35413169722064136
1392,0.2875267097905646
1393,-0.2981129023545956
1394,0.6505939274681738
1395,-0.5740674391346196
1396,0.16779986628776603
1397,0.8552780468008659
1398,-0.2712672421080765
1399,0.20505487186086982
1400,0.39241147426282175
1401,0.6719865753741161
1402,-0.7110136061747709
1403,0.11797627122422519
1404,0.24943301044725344
1405,0.5785992775233719
1406,-0.5888549198114816
1407,0.8693191112765369
1408,0.39429143791071786
1409,0.12517582113691364
1410,-0.1406850107777851
1411,0.11919509211205924
1412,0.15696251923155113
1413,0.3155135920171453
1414,0.40450531200965745
1415,-0.24001334785427184
1416,-0.15682621058083704
1417,-0.4501317368395507
1418,0.3428610572227175
1419,0.012337317027128062
1420,0.12175470960305541
1421,0.39619901755041503
1422,0.5406793818400005
1423,-0.014888144897905728
1424,-0.28000630506067575
1425,-0.1806998899539101
1426,-0.5499088857862138
1427,-0.10866729399871283
1428,-0.4686619680182543
1429,0.21076359599614466
1430,-0.040657999742385056
1431,-0.2910466499310876
1432,0.3936184137241411
1433,0.1461901382539146
1434,-0.3996900443691346
1435,-0.35465696473153985
1436,-0.5514050390417377
1437,-0.03389571792653009
1438,0.5959666262446628
1439,0.04750247336040265
1440,0.7981324277185755
1441,0.6112237812001468
1442,-0.7133999950710181
1443,0.26229709094370113
1444,0.13653053238886387
1445,0.010294647030777164
1446,0.5709953402249727
1447,0.6358761055863059
1448,-0.2291425300187358
1449,0.22631896467930798
1450,-0.33342329376803553
1451,0.05484312995291888
1452,-0.28284535721236453
1453,-0.009920769649175215
1454,0.26189271322925556
1455,0.4117954506083911
1456,0.46011022512191563
1457,-0.1783373079614228
1458,0.11920192745805283
1459,-0.17990360082081192
1460,-0.02285328100921998
1461,-0.16157142182165754
1462,-0.018692100333209817
1463,0.5289208446055392
1464,-0.5383677450415582
1465,-0.08906097321459355
1466,0.2710514112912983
1467,0.3344007517025554
1468,-0.558030998311999
1469,-0.36565130120646
1470,0.31321146578966863
1471,0.03533989603685209
1472,-0.3597433872909103
1473,-0.545863703997558
1474,-0.1363535208444828
1475,-0.665270118121732
1476,-0.43921993562052936
1477,-0.39731072722512684
1478,0.6112422349287548
1479,-0.4838954982164603
1480,0.6366642386972459
1481,-0.4610800560562946
1482,0.15115375846127999
1483,0.7293023804078785
1484,-0.48118507614749906
1485,0.5551829255448577
1486,0.08560779495035993
1487,0.030358442141130895
1488,-0.16847665402168244
1489,0.06189997960134802
1490,-0.25854205096219884
1491,-0.717882904830034
1492,0.577914015462819
1493,-0.12336934793387687
1494,0.24599975803051552
1495,0.5470562817188303
1496,0.29027279372756704
1497,0.05413204315025573
1498,0.5706491291807918
1499,-0.7447267705401537
1500,0.5467151669358741
1501,0.07093390839136
1502,0.0655546045678944
1503,0.5943334860027115
1504,-0.6731198477164637
1505,0.10553369625290304
1506,0.37194785477583864
1507,-0.633517854864104
1508,-0.28254929716485977
1509,-0.4757968138867544
1510,0.6040186639211459
1511,0.40781374082772376
1512,0.6561384290722774
1513,-0.7497736552819386
1514,-0.6219151195967302
1515,-0.6810598616981219
1516,0.49560169744074434
1517,0.09074430373300504
1518,-0.377480557353587
1519,-0.3228023434864827
1520,0.304316832061445
1521,-0.3357412667041099
1522,0.418583737988442
1523,0.517712538128544
1524,0.12646556028889974
1525,-0.44362290941299803
1526,-0.1312876835797636
1527,0.44324383886306207
1528,0.8551828698054937
1529,-0.6930431975770701
1530,-0.36409622993587415
1531,-0.27326915977279065
1532,-0.11518296865475311
1533,-0.2594359759866062
1534,-0.46044572179574267
1535,0.18201909207488037
1536,0.6137172249528248
1537,-0.1084713827492831
1538,0.007049943449934434
1539,0.08217171471260558
1540,-0.35224115641822007
1541,0.042417944694880576
1542,-0.24313249627151998
1543,0.12289390482149389
1544,0.14450907699980256
1545,0.3616855454835588
1546,0.4825080406338537
1547,-0.2793825546633212
1548,-0.22993432661977703
1549,0.6035769177799681
1550,-0.6322344597472248
1551,-0.37731776157286695
1552,0.03617551332059838
1553,-0.3974285276337439
1554,-0.17618462222347026
1555,0.2951136419421152
1556,0.46006480664993693
1557,0.48787954029717256
1558,0.13382099800318104
1559,0.25616285150060814
1560,0.2622353807602456
1561,-0.43314944498617736
1562,0.1440628633158194
1563,-0.4332227989864331
1564,0.13793364783017067
1565,-0.7580484600458043
1566,-0.7821909136320624
1567,-0.07826753854393455
1568,0.5367599605903314
1569,0.7192375243751835
1570,-0.2332920990332634
1571,0.27165562228230816
1572,0.05399220600617509
1573,0.4333331481378934
1574,0.11473440163984293
1575,0.3310236179009503
1576,0.6502116590804178
1577,0.8194848305484563
1578,0.25280717249654505
1579,0.19093470989150443
1580,0.6128645457028032
1581,-0.2488770732109502
1582,-0.6735252105895178
1583,-0.14584282680791827
1584,0.3128339216138245
1585,0.2931724760790859
1586,0.2762342211679602
1587,-0.5517254990649582
1588,-0.4195668251048539
1589,0.5730112574426536
1590,0.1192818542729001
1591,-0.23491139747970965
1592,0.11976684688373149
1593,0.10343069270530347
1594,-0.6346490649754157
1595,0.49579758124705925
1596,0.12262460748813087
1597,0.5117348244261546
1598,-0.22926201326529205
1599,-0.21539468554290145
1600,-0.5960480852462181
1601,0.166743988227997
1602,0.5855790279709852
1603,0.15560417806865073
1604,-0.00932234661083164
1605,0.08683127719346065
1606,0.729242864558313
1607,-0.39036600688413325
1608,-0.37167882609454944
1609,0.15381447190778552
1610,0.48329659835808386
1611,-0.1309533045670957
1612,0.24186480092539617
1613,-0.4169146707805336
1614,-0.010312548599999923
1615,0.45847843341809547
1616,-0.029090519278544013
1617,-0.40459243456027577
1618,0.03135361563203755
1619,-0.4852739281793978
1620,-0.5700108738638353
1621,0.7458341311460794
1622,-0.2862842557854531
1623,0.30520331621614794
1624,0.2769391073881957
1625,0.70337809383306
1626,0.6948735109087057
1627,0.578133817915435
1628,-0.1331739989245337
1629,-0.4203783600870843
1630,0.2008784707661713
1631,-0.3850714285835117
1632,-0.4318761783637851
1633,0.21399089540405714
1634,0.20386282968927108
1635,-0.6503506325241953
1636,-0.40283977486839107
1637,0.18625312032493554
1638,0.01718441519399198
1639,0.6331097388270067
1640,0.5808387267192558
1641,0.45744099680307837
1642,-0.12311011275815055
1643,-0.8120082127145666
1644,-0.3106384301311848
1645,0.3449456580493097
1646,0.22284278670482163
1647,0.2394831958064679
1648,-0.6089817250010539
1649,-0.08740166532333449
1650,-0.602937330609451
1651,-0.48696499825083694
1652,-0.4940422546241181
1653,-0.46324450647942594
1654,-0.03124261319259854
1655,0.3084355353479831
1656,0.3092851292135665
1657,-0.5072489496918859
1658,0.10186582552195139
1659,0.37233129879036503
1660,-0.37909581863603503
1661,-0.3078764687961746
1662,-0.6564756149834217
1663,0.5135612960751058
1664,0.5872124264320057
1665,-0.4840958234544985
1666,0.5298990022898568
1667,-0.6805167419875754
1668,-0.12876723600917134
1669,0.6339212315214996
1670,-0.18724754665889867
1671,-0.5710437762368441
1672,-0.21602660488063402
1673,0.5918789459075611
1674,0.6619178304267094
1675,0.013755510640115437
1676,-0.2619796381186557
1677,-0.6193891427472984
1678,0.0016001952907552153
1679,-0.3028639674426409
1680,0.1893924503552085
1681,-0.4273238683762452
1682,-0.6840959796187754
1683,-0.5929761684101087
1684,0.6039701020863214
1685,0.8135614165832361
1686,0.642987636544643
1687,0.600411401384277
1688,-0.47884820468549755
1689,-0.9022377351124437
1690,-0.6985596701315105
1691,0.4676333004381885
1692,0.26037661920448624
1693,0.7744378831970472
1694,0.2866485555966909
1695,-0.42361027422596204
1696,0.44220884736827715
1697,0.6030715819446617
1698,-0.7551585992751276
1699,0.6802601355293477
1700,0.37182194963915854
1701,0.2413953973917889
1702,0.6490058063503824
1703,-0.012254082962389551
1704,0.1025834793440925
1705,0.31158523878211875
1706,-0.3811998788048951
1707,0.0487901425298278
1708,0.26479213187848716
1709,0.027878400069489096
1710,0.22608507027965272
1711,0.247647028799348
1712,0.4694302625517533
1713,0.6750347465668249
1714,0.26564817780669076
1715,-0.39066141785027636
1716,-0.25544104776247084
1717,-0.09464128695517507
1718,-0.04642128513887868
1719,0.1454768227527516
1720,-0.30357374445332336
1721,0.09379293936662661
1722,-0.1891257932695485
1723,0.6946436137014086
1724,0.23946751265931793
1725,-0.3435101198848784
1726,-0.32120168679625205
1727,-0.5187687267097327
1728,-0.4611395829758049
1729,-0.14749821650753359
1730,0.04936069139812816
1731,0.280142584095541
1732,0.5013607372885073
1733,0.6507820331632829
1734,0.16600646009874817
1735,-0.41017985235856
1736,-0.6828597709278152
1737,-0.49175198512034823
1738,-0.22915737828294347
1739,0.1628673211423552
1740,-0.2949282907975493
1741,0.2893475619678757
1742,0.01626118937138998
1743,-0.26278568071122566
1744,-0.4393443468867827
1745,-0.1675825982184833
1746,0.4903324944075261
1747,0.24279692560303612
1748,-0.06311853879162987
1749,0.14677596295404535
1750,-0.1294487712846187
1751,0.1934100152201622
1752,0.267311033201644
1753,-0.10400643657162317
1754,-0.4892259774884356
1755,-0.14948091605349406
1756,-0.19057771694411466
1757,-0.5846637059626361
1758,-0.24371273362557905
1759,-0.09122286935063594
1760,0.010362528871764833
1761,0.5274810781721662
1762,0.4282264983557392
1763,0.22732568413634274
1764,0.4629895810603022
1765,-0.006256911286820975
1766,-0.727662483605333
1767,-0.4316383716836492
1768,-0.4039018155636605
1769,-0.2080867014034789
1770,0.6266668019011601
1771,-0.6109685067961167
1772,-0.5521996354374109
1773,-0.7011080856289001
1774,0.2881900122458017
1775,-0.013373618353922971
1776,-0.0392774669064347
1777,0.04976921314378979
1778,-0.29701725938650936
1779,-0.4271245731896866
1780,-0.46405955735581705
1781,-0.3586172909359708
1782,0.03398656567667333
1783,0.43372158572310654
1784,0.34866565497166196
1785,-0.39114484565878765
1786,-0.4972301506362196
1787,-0.7071396139667075
1788,0.3072676536445295
1789,0.4083246619786891
1790,0.09983094251861095
1791,-0.3958390751632253
1792,0.39266412740675477
1793,-0.003590163568322893
1794,0.2623430470935799
1795,-0.6661038507419467
1796,-0.07643844748278443
1797,-0.7158700969936855
1798,0.2218185983356012
1799,-0.2159588440503548
1800,0.46951272098218416
1801,0.08741636967966432
1802,0.3800629035865293
1803,-0.1703407990344319
1804,-0.1827254396586274
1805,-0.6129615378090438
1806,0.16900565245711155
1807,0.4870428114834656
1808,0.23201950921646636
1809,-0.36519435840482467
1810,0.25686775530810974
1811,-0.5562764184350406
1812,-0.4923769272787367
1813,-0.3957080863274274
1814,0.22277261377952348
1815,0.37069778332211994
1816,-0.36450123206590357
1817,-0.13945599739161565
1818,0.4313106124884428
1819,-0.1321286127517644
1820,-0.8041271579860833
1821,-0.7783086766969032
1822,0.7451924044598026
1823,0.7263260945881564
1824,0.6429121583111164
1825,0.8015348893963866
1826,0.4131460430692953
1827,-0.45429637602269346
1828,0.05142241002496114
1829,-0.6261748372304416
1830,0.7089043551920987
1831,-0.12816373267059714
