,hrbvp_correlation
0,-0.014189391301012188
1,-0.00899287503241
2,0.0062305106981771444
3,0.010993976672694307
4,-0.054552695977129424
5,0.011913720246791597
6,0.03251358854542452
7,-0.001470406261973338
8,0.03540071583730098
9,-0.006178913318297015
10,0.00035504351599676537
11,0.007846284486456771
12,-0.009161079681916515
13,0.0018722346678061534
14,0.01636224855455431
15,-0.0019598217067153013
16,-0.009848067457304899
17,-0.001480831424735059
18,-0.0032352917644895706
19,-0.01573140253829805
20,0.0254164563839293
21,-0.035964366876074134
22,0.0033217263505221674
23,0.01354863468212341
24,-0.005168892293969093
25,0.007542027536612827
26,0.01944115934531573
27,0.02539985774383608
28,0.01687580769050219
29,-0.032862054628450994
30,-0.017675815483205175
31,0.004877571411689613
32,-0.05184803216883637
33,0.009753338685299066
34,-0.0035553755761701888
35,0.05260814182513697
36,0.03580017679191847
37,0.0161717845191525
38,-0.013811342254560781
39,-0.013837069460050876
40,0.0018715804317761652
41,-0.005722251831601098
42,-0.002432413450921564
43,0.01052131776785389
44,-0.028379834689724697
45,0.016290464701992073
46,-0.008339090730267838
47,-0.008164561215620477
48,0.037896104078295134
49,0.023841892121178772
50,-0.009511329248557212
51,0.016326123275449893
52,0.015991756150034245
53,-0.0031424354198268875
54,-0.055020228634190475
55,0.030272558867193922
56,0.0025953386562413846
57,-0.0025366924019534108
58,0.007456570007125796
59,-0.017201997811925156
60,-0.019091260111636806
61,-0.012365938164744593
62,0.005183935865168642
63,0.015087128303203783
64,-0.019978090267247596
65,0.01844182887543525
66,0.13066972829889095
67,0.006591795666315114
68,-0.034515717146602815
69,0.01833337686195935
70,-0.04165618420716875
71,-0.004030917118871442
72,-0.05869248648748138
73,-0.048316917274319485
74,0.050441508991984116
75,0.06254960781273247
76,-0.009713010765558621
77,0.012971842506937859
78,0.004783082397683924
79,-0.020783717575966646
80,0.021473011406669476
81,-0.0011469572808481864
82,-0.037910054983493105
83,-0.031078288222787725
84,-0.039328714042614316
85,0.016803480537480743
86,0.00011517199062226052
87,-0.04584821098327095
88,-0.026954586828528138
89,-0.03257358262273327
90,-0.025665929099658945
91,0.009296867097361038
92,-0.003994049134926866
93,0.024846485366663514
94,0.01868074168605478
95,0.03925864036184845
96,-0.02711410207286167
97,0.0203383948400466
98,-0.08930808795130175
99,-0.0037684786166093153
100,0.01466502471769329
101,0.011712327793302238
102,0.017502636324241008
103,0.04479872631367999
104,0.006001661383534062
105,-0.05006410285733315
106,0.06048189818280476
107,-0.054273617579606186
108,0.0197387585934086
109,-0.01570826504474771
110,-0.04909474249147419
111,0.024841606552906313
112,0.029266870734055924
113,-0.004371664311959076
114,0.0005733670444267394
115,0.026645210775173022
116,-0.01605063482202137
117,-0.02175116816945849
118,-0.0030085749791250293
119,-0.004489837496075117
120,0.00818176301774276
121,0.022213220535284094
122,-0.01060549376615622
123,0.04267324328254699
124,0.0578210175300943
125,-0.039957122905491874
126,0.015513778535337986
127,-0.05687155286934076
128,-0.027500447093905582
129,0.011608100688317254
130,0.023516860563001406
131,0.04074366719878923
132,-0.006020490761410234
133,0.018342920344449377
134,-0.022368917968911897
135,-0.005745069892426291
136,0.03858316184862125
137,0.020322451644634167
138,-5.58666116651329e-05
139,0.0490160934083483
140,0.006310240973689957
141,-0.026666753821477655
142,-0.00562655518617577
143,-0.009718694335346176
144,-0.0026883755202609327
145,0.031539204799911985
146,-0.017325408380803847
147,0.007158790987416191
148,-0.019780176284315314
149,-0.010520941942208551
150,-0.03367881419020098
151,-0.006955851667949662
152,0.017705497888918342
153,-0.03626948158666244
154,0.01718042012570674
155,0.050446460344378385
156,-0.001544946816339404
157,-0.01978487077329008
158,-0.005794692035502411
159,0.0009456294993847916
160,-0.011532928799178417
161,-0.019155417513179368
162,-0.016379375129042525
163,0.0008382285199979414
164,0.016076193605660604
165,-0.014212787916105779
166,0.04040590412376275
167,0.018103790990087788
168,0.021321949663211232
169,0.022765358656115314
170,-0.013047814978179756
171,-0.00812013850479884
172,0.021722687401762798
173,0.007618340241793269
174,0.037280763742370486
175,-0.007598520064529679
176,-0.0006722535216887661
177,0.009127445983935296
178,0.0038495197237024205
179,-0.08275056161164565
180,0.023733622329998455
181,0.019469130143565893
182,0.006787298067847849
183,0.012076681530945519
184,-0.05068141725736545
185,0.007378121475065845
186,-0.012229079801389578
187,0.014169832385231925
188,-0.053949282403887994
189,0.02975013417254145
190,-0.0021415794876922327
191,1.8023220510164903e-05
192,0.0024652560879677913
193,0.012341714724263802
194,0.00031298062764438
195,0.02595330158609786
196,0.0017325004854862114
197,-0.010595702264162602
198,-0.04144837133405868
199,0.008142099362824316
200,-0.018424207229388714
201,0.031116552463948465
202,0.0014976797698671605
203,-0.020596952871507406
204,-0.00493179474604706
205,-0.0013382198098874113
206,-0.016148268896466304
207,-0.011793221314171577
208,0.0139526392266223
209,-0.009575560353500141
210,-0.007069957468595645
211,-0.005336622874069268
212,-0.005229738067935101
213,0.06783682030145471
214,-0.08457818348438997
215,-0.007875512317402172
216,-0.009572153563932526
217,0.06062249297044625
218,-0.0010830885201554346
219,-0.0032289440498800867
220,0.007012971346200917
221,0.007615408635215421
222,0.0008412400299986612
223,-0.02754198874482856
224,0.0010360930219097731
225,0.021912864219956182
226,0.013547089832451788
227,-0.005697869457621537
228,-0.031139971243239705
229,0.005735226273543239
230,-0.0073155577531794766
231,-0.006722930953039879
232,0.008188101501839028
233,0.030935869380210843
234,-0.027939119094051626
235,-0.005429996588393023
236,-0.044293034355954886
237,0.014086389687293222
238,0.010802443139462162
239,0.012089004966814457
240,-0.03493887101532984
241,0.016496686946635645
242,0.003925997793444205
243,0.011759220839027654
244,-0.0007465724436349001
245,0.004236300135602919
246,0.006570119363093377
247,0.01591565595830209
248,0.020904590492582493
249,0.013272601457572088
250,-0.0013286091130718261
251,0.0022764087859754715
252,0.004798856012600879
253,-0.006009335473946886
254,0.004546760694107839
255,0.004068144543882621
256,-0.005108954319914539
257,0.0176178681435337
258,0.003033050721053934
259,-0.005475400494709863
260,-0.017037446495209232
261,-0.0618060032998967
262,-0.01467336816466316
263,-6.190054814926856e-05
264,-0.021467984831477698
265,0.0046728202770821075
266,0.012659073876653255
267,0.039088546218310996
268,0.0007286693912685075
269,-0.01341152182275877
270,0.01691581804424724
271,0.013781646120776385
272,-0.002729159180305178
273,0.013802647835268975
274,-0.01077545943496388
275,-0.017498780351089552
276,0.016384570964703048
277,-0.024400704718182883
278,-0.0015602024416422745
279,-0.0027374706720219855
280,-0.0009377627995399623
281,-0.019679138495998096
282,-0.010857461010920305
283,0.013991632196690034
284,-0.004765163723214268
285,-0.0007021852855701116
286,0.008114600996939418
287,0.015070058016653082
288,-0.012748610271811331
289,-0.002754185941778608
290,0.0015179355514546133
291,0.006074111263049457
292,-0.029937191369881204
293,-0.026869022624916635
294,-0.01565894561550512
295,-0.012253946948106824
296,0.015947452501247024
297,0.013308085072044631
298,0.0001512398246159475
299,0.015309015800899979
300,-0.00594503837184297
301,-0.010359492211274378
302,-0.022494113685323804
303,0.03641663633456491
304,-0.010611269781058794
305,0.00196653350447447
306,-0.0102642409035919
307,-0.009223671893628178
308,-0.01307251030864812
309,-0.021238019132286085
310,-0.014291229699400623
311,0.0434939846602443
312,0.008573356711918641
313,0.009656830527051215
314,-0.0021135710186597225
315,-0.0018422380938660674
316,0.0018441194447197426
317,0.0009504796238824318
318,0.009413934503726927
319,-0.010639785974155554
320,0.004799956272810499
321,0.010680457889459658
322,-0.011795207055035147
323,-0.01752841489207423
324,0.022572368196006706
325,-0.01065005337928612
326,6.537399130067571e-05
327,0.003485732954758751
328,-0.006589229936360473
329,-0.004286455338786863
330,0.045946825572432196
331,0.002497429505518639
332,-0.013569841401156324
333,0.005463271161074565
334,0.03090044776885555
335,0.0025973512811950524
336,-0.007768321351978004
337,-0.015431036549166914
338,-0.025214953427912353
339,0.012989558111872157
340,0.03313043927747045
341,-0.04839430674461264
342,0.003147713556260948
343,-0.04983970849965067
344,-0.02393273027106667
345,-0.005130323118460429
346,-0.014097538484277212
347,-0.030827326090023296
348,0.018555328169108085
349,-0.020089106325425852
350,0.037715221507271385
351,-0.025997813350691994
352,0.10891057792759394
353,-0.04330506591700187
354,-0.009746295244222429
355,0.005754525129453753
356,0.06509879472158017
357,0.0014284782354095445
358,-0.005072928661876269
359,-0.02812373148100204
360,0.08314340030068261
361,-0.04396796743068122
362,0.025260699207882657
363,0.05407202123037096
364,-0.027492481329994368
365,-0.10896259415419679
366,-0.011786077683603981
367,-0.07549642311049225
368,0.02236882770930715
369,-0.0119722603962874
370,-0.012375290907370206
371,0.01876702764997222
372,-0.019725851040361515
373,0.07910941006628879
374,0.07690033020967621
375,0.0042554293533983815
376,-0.015308228325371412
377,-0.05932492853105825
378,0.005780074256667174
379,-0.03146400494402141
380,0.07307112867486883
381,-0.04907909768214939
382,-0.03320906441793115
383,-0.10917874804606717
384,0.09474324057391134
385,0.02981277649022213
386,0.0550813469411887
387,0.010455249598359416
388,-0.02272896931358572
389,-0.026652034120023205
390,-0.019748423333886732
391,0.016022018153064584
392,0.04707113358013022
393,0.013269742535964687
394,-0.05606941532207896
395,-0.003351271154886384
396,-0.03311170187657254
397,-0.017110762955649523
398,-0.02145808375546829
399,0.03441447538301042
400,0.020401879555595595
401,0.023370811284393805
402,0.030476262542427385
403,-0.03295315456751338
404,-0.022646571261503108
405,0.01822415441552692
406,-0.010048341452041658
407,-0.04446162495841476
408,0.06895058298318524
409,0.023522569489047452
410,-0.02878486064556901
411,0.019659238667949903
412,0.032771754837599525
413,-0.06195683799707886
414,-0.01425342282971206
415,0.0028613475024159515
416,-0.03250790656195273
417,-0.04060412634223524
418,-0.011359677811542505
419,-0.01945704989622889
420,0.03095441443596943
421,-0.013576111233958901
422,-0.0030783687158272995
423,-0.0344038972404339
424,0.026502012530030022
425,-0.00017585151287096998
426,-0.0048770523559774
427,0.007727274288249243
428,0.014610408497311699
429,0.024154181525131574
430,0.015818424674238486
431,-0.009531842693141739
432,0.03921553033982476
433,0.010543933910919522
434,0.01871509236959645
435,0.019449407671786333
436,-0.0013754702675438492
437,0.015256778827659244
438,-0.0054169174078742
439,-0.0029091235474769956
440,-0.011065518324884758
441,-0.0041734209642754466
442,0.05259508835109025
443,0.005587008295714868
444,0.017347364180537964
445,0.008932435887988942
446,0.009549161211625502
447,0.014841839597240353
448,0.014584604181989185
449,0.0298808884769461
450,-0.060439995054679035
451,0.02008903676704438
452,0.0023513111707202544
453,-0.010324427635398157
454,0.0033798673149046696
455,-0.009090372030035121
456,0.014827110562079963
457,-0.018852548648460823
458,0.009371410582689279
459,0.01941711297133203
460,0.005189541015925795
461,-0.0024613321976137735
462,-0.0283000863631514
463,-0.006716615395433135
464,-0.001522936997340036
465,-0.010560903342075448
466,-0.023255187427299928
467,0.025409263705559692
468,-0.03154548183835769
469,0.042131303303512155
470,0.005432637484881422
471,-0.0014713130121612936
472,-0.0029331328934515694
473,-0.08650338677729533
474,0.00044648980132533194
475,0.008261575829516893
476,-0.016183703616032597
477,0.02141862776344415
478,-0.029418800263949486
479,0.008075838009657738
480,-0.00024233566672337043
481,-0.009934742807651066
482,0.0007626682511651622
483,0.038230636900821416
484,0.014617551908758903
485,-0.002953281998532712
486,-0.010676406972357175
487,-0.007898148039730395
488,0.00416110505409966
489,-0.009013836124530213
490,0.005993499464578438
491,0.008479515004274601
492,-0.020842848306491253
493,0.013495019541083515
494,0.0069020006442813125
495,0.004926570022768897
496,-0.029600541669064902
497,-0.008960963301983496
498,0.007437848938948743
499,0.02564133696800175
500,-0.021615391940686065
501,-0.003992683966068013
502,-0.005381108905293607
503,0.002996874187830393
504,-0.0021863134037392144
505,0.07345051632513794
506,0.015717310969891728
507,0.013145595195596606
508,-0.013082285508269552
509,0.025333041650777367
510,0.0027716748520082183
511,0.005757357559532141
512,-0.006701327490591623
513,-0.01612054949221514
514,0.02472920812741322
515,0.013096311875226184
516,0.0029680224814608437
517,-0.007529744019374931
518,-0.010242396923680454
519,-0.05425671742908275
520,0.020768491841466175
521,-0.005581233208493024
522,-0.002714402375681022
523,-0.006754956037210438
524,-0.00381554189692638
525,0.005339837315189816
526,-0.07367096591772497
527,-0.021682926847364396
528,-0.006166319375302356
529,0.0019668604611698076
530,-0.0012618902331879907
531,-0.0009597062152108831
532,0.0032564709993853783
533,-0.0009456612341523743
534,-0.007964626163666104
535,-0.00412564720408764
536,-0.011909754632707171
537,0.023142485519045138
538,-0.009641097611324673
539,0.012847180133197888
540,0.006426491614999015
541,-0.002202767177617596
542,-0.07225524825414324
543,-0.035094862049476795
544,0.02119596927535867
545,0.06275866977628754
546,-0.01499978629993284
547,0.010161303410259557
548,0.0025386098854626666
549,-0.038177173756102016
550,-0.005207563233722555
551,-0.003664115286381797
552,0.014624365187834254
553,-0.0105001504036744
554,0.01038863531934199
555,0.026138227249965368
556,-0.016746654197985437
557,-0.009255336224500168
558,-0.019052263420438604
559,0.00596488689743748
560,0.020660887786158825
561,0.00791438314620944
562,-0.01737817930050526
563,-0.004348791148549332
564,0.003401266498100481
565,-0.024808817620091763
566,-0.012526097584659186
567,-0.01135443108189334
568,0.0036501163756942063
569,-0.03772475336497016
570,0.027188316670283298
571,-0.007273486767268066
572,-0.022314457221734113
573,0.013490801826393168
574,0.03248144446276981
575,0.004725390516640088
576,0.021445142389574408
577,0.005713357324051648
578,0.04954952118582153
579,-0.0033411309531157746
580,-0.012148104460134772
581,0.007097145737322057
582,0.0013170674503793624
583,0.04123746933079312
584,0.049370260295044294
585,0.014281809606839634
586,0.006415432928489767
587,-0.09602136297606771
588,-0.04136875438927717
589,-0.011932361140053775
590,0.028033767041151604
591,0.0018441281089824806
592,0.00729254175133016
593,0.022187309478407538
594,-0.027660011169263844
595,0.03355177664901892
596,0.04101585010240683
597,-0.017926179597858413
598,-0.011789565941503518
599,-0.017620644593318507
600,-0.003184182445233013
601,0.02431058663199102
602,-0.01396717908377835
603,-0.024518603009627583
604,-0.08363107001042777
605,0.06709431339461269
606,-0.03393126819043864
607,-0.01919589104351424
608,0.09053800383805725
609,-0.007767283504694101
610,0.1137062738254467
611,-0.06487219094172486
612,0.013078452027252111
613,0.03147068768414446
614,0.05023246687426409
615,-0.063391350247741
616,0.014014561157909717
617,-0.022707062562479962
618,0.06732080814151646
619,-0.0425231438243065
620,-0.02006434951459415
621,0.042690742509084056
622,-0.05265410462242037
623,-0.0002713697575967105
624,0.015792654075719375
625,0.041957837930093216
626,-0.030425488317527165
627,-0.02304156051442761
628,0.006272147391060396
629,-0.005598581289469964
630,0.030836941450744518
631,0.06909594154331856
632,0.03748408698529496
633,0.03561261125553427
634,-0.019349401924310495
635,0.08200209227609133
636,0.12353933749152075
637,0.09313344766159277
638,-0.0003237313772257731
639,-0.002806704471596705
640,0.020004683475023915
641,0.017965030603337706
642,0.015595838586957688
643,-0.0016482319514940797
644,-0.03725446980065952
645,-0.10227338856488041
646,0.03795992823064393
647,0.07188031599096219
648,0.04129980256042583
649,0.02277167406688332
650,-0.04786919787027798
651,-0.06070369338490191
652,0.007357324550688392
653,-0.022922690383363937
654,-0.05865830557098846
655,0.0703828253373719
656,0.03538466178880532
657,0.04735574859657764
658,-0.0054745574829484335
659,0.012665197541495107
660,0.01124853311159644
661,-0.029666649904954132
662,0.014554952807008525
663,-0.002751036635313259
664,0.01319073243200633
665,-0.018858954994014524
666,0.001440161616274093
667,0.03852195740917469
668,0.019309218435318957
669,0.026629784300444402
670,0.017761302237928045
671,0.0015244349150226233
672,0.007068976726710684
673,-0.02746952887031092
674,-0.001141154316696231
675,-0.002750796405303945
676,-0.021121824900029472
677,-0.011442003253355088
678,0.00749288133749005
679,-0.008964000637983726
680,0.00987640318844894
681,-0.0034494800739534137
682,-0.0012163699874765239
683,-0.006550590239152449
684,-0.00900312049075278
685,-0.03263190502903674
686,-0.005534666623723014
687,0.0006439247471100854
688,0.00401825756911804
689,-0.005116545021466706
690,0.017959482920099936
691,0.018158624168027014
692,0.016849761335862416
693,0.011680307537168606
694,-0.012315464374008378
695,-0.003992461425442426
696,-0.0013708536928981679
697,-0.020849534155679795
698,-0.0024497482117612187
699,0.019192027615614143
700,-0.0014796497202452697
701,-0.016333948456029288
702,-0.005926789455651165
703,-0.001721977150888447
704,0.0017630257097369657
705,-0.03234723387127877
706,-0.0027819507770872874
707,-0.019380759031789072
708,-0.0008888629741897297
709,-0.008191382300713574
710,-0.038061206643944495
711,0.031234596961125856
712,-0.02932159423021289
713,0.03289036346994648
714,0.013906773862139024
715,0.0284195312394533
716,-0.02937752915419923
717,-0.01513837879700991
718,0.04347414727958791
719,-0.04811041415694517
720,0.0008916715175706753
721,0.004678804326117338
722,-0.011567528770661485
723,-0.03561538746849487
724,0.09040001597771903
725,-0.004401434382880323
726,0.012433534826709539
727,-0.009802034558599798
728,-0.027362267515778776
729,0.01939549426094751
730,-0.03583471031662199
731,-0.0073793993979310146
732,-0.03127810787199337
733,-0.01315835095163992
734,0.02379761914813072
735,0.0060935825585395845
736,-0.0263879787709485
737,-0.013531281197848926
738,-0.009155693084032522
739,-0.016500832859349827
740,0.026378978133532755
741,-0.022287350624499908
742,0.006735962844485281
743,-0.015846488082605744
744,-0.002707350513796779
745,-4.324628650379433e-05
746,-0.019653615615879194
747,0.003475757303167731
748,-0.011078796520578213
749,-0.05681473468512258
750,0.0070520739852489795
751,-0.019794307463776178
752,-0.028378200131008075
753,0.005982273079847139
754,0.012535377294584317
755,0.01024468654257128
756,0.007977436815617177
757,-0.05791650703385902
758,0.040944678519152816
759,0.008113363823340627
760,-0.054907812528556366
761,0.05794193626361534
762,-0.01675061055334256
763,-0.006720827929878356
764,0.017513464249205274
765,-0.022926585095857762
766,-0.03201662803123254
767,-0.021514526729092678
768,-0.008397860483236035
769,0.017194804281234134
770,-0.026365637937469617
771,0.048098810954397206
772,0.08217568260078921
773,0.015583383172402272
774,-0.0006052784786018148
775,0.010732104783309234
776,0.04149337488781138
777,0.06070026502612274
778,-0.005932603047407678
779,-0.014634828740456983
780,0.022688979899340725
781,0.005065967092288369
782,-0.0037925540625016927
783,0.04946147344465887
784,0.022604431080951733
785,-0.023406651823606333
786,-0.004901941384669877
787,0.013918957412653865
788,-0.03957652375125845
789,0.017472303396264755
790,0.023950838953680362
791,-0.01887746369954192
792,-0.012074126311704741
793,0.01438768037530155
794,-0.005317713419659522
795,0.018111092815354946
796,0.04629944573430545
797,0.022437822754606897
798,0.008004840775038378
799,0.04603786001301707
800,0.004701387469581084
801,-0.0052967130001906025
802,-0.004312195654382764
803,0.0357831500031362
804,-0.006155453586406033
805,-0.0050669889645673484
806,-0.00019826975353881739
807,-0.001999418522260454
808,0.01720860628676221
809,0.005982746247620008
810,-0.016129038385720027
811,0.08320613163533307
812,0.04312190977540057
813,0.05876279899571394
814,-0.0023735903940208837
815,-0.007028737584626811
816,-0.028891371375267674
817,-0.04360396574944643
818,-0.00241727425168597
819,-0.037539143145807086
820,-0.012262017161776715
821,-0.007935535918071574
822,-0.015817998733046446
823,-0.015400103134683416
824,0.00112340168413708
825,0.015928740652652623
826,0.001994794206796683
827,0.03251772937889281
828,-0.021475778465618364
829,-0.004922636399337177
830,-0.013844562706162097
831,-0.0024045587725909138
832,-0.029639829975236797
833,-0.01851453555363459
834,0.02682887287489365
835,0.0189988530240107
836,-0.008137605044636077
837,0.01492501588353543
838,0.002775371462833703
839,-0.017085708790448188
840,-0.04778885866375945
841,-0.008277574480405888
842,0.004004969418626695
843,0.03470459472292809
844,0.022924093271104295
845,0.021367693459925695
846,0.02050917320322671
847,-0.007492187351673956
848,-0.02441369769313977
849,0.03408001505380805
850,-0.012852640782507843
851,0.00822385760054202
852,-0.0035785838291059148
853,-0.022957434631825025
854,0.010857380385733187
855,-0.006073342547591291
856,-0.028754884324241142
857,0.0034152228732010443
858,0.022771683127648316
859,-0.025228359858174607
860,0.042664362738453185
861,0.006475133116171603
862,0.019484631788825285
863,-0.008725626465624433
864,0.021244204787458976
865,0.008531236048738112
866,-0.026272596798071885
867,0.020667832998469905
868,-0.018343070848710986
869,0.056121612623574776
870,0.009501047641941417
871,0.011005975652991986
872,-0.009349020992923816
873,-0.013526515888114179
874,0.016051628875700823
875,0.038852022897831545
876,-0.03861741080963565
877,0.02237630898272429
878,0.011843458127682508
879,-0.047390536733045184
880,0.010653373699750359
881,0.004569324438199875
882,-0.06447407486084689
883,-0.03556972310493348
884,0.0033986511801704024
885,0.039445458596904445
886,-0.03116695097593553
887,0.04802817299291175
888,-0.015411819578786096
889,-0.030997795600020053
890,-0.05114754510333014
891,-0.0094748744494499
892,0.005887660058297951
893,0.033052860232186135
894,0.034394104524868234
895,-0.047530246180050126
896,-0.001688855133056875
897,0.0019868072345775385
898,-0.024532394939146916
899,0.061937334041087234
900,-0.02764864035199977
901,0.013917285216366065
902,-0.03145996293981096
903,0.027164084367202385
904,-0.015411206014816463
905,0.06350663035338128
906,-0.007281201755333062
907,0.04987300270640785
908,-0.05614536320720369
909,0.049664902550368206
910,0.04393655490024446
911,-0.05291670499812572
912,0.07000178548039941
913,-0.05707042274457768
914,0.054123123179658526
915,0.018703255310230017
916,-0.033046437503889685
917,-0.03540510116311334
918,-0.043639539083630094
919,-0.03722608179521098
920,0.02429047332316587
921,0.037335609629677885
922,-0.0005133029328991902
923,0.06695015809122948
924,0.010130445943704852
925,0.011588216011028225
926,0.0003667819912625983
927,-0.03684769654733381
928,-0.02109413775290483
929,0.05622318871977874
930,-0.0063542821084805684
931,-0.04981944824103732
932,-0.007480276991061208
933,-0.05827661841412318
934,-0.007591163768260983
935,-0.010618266733982248
936,0.021841535706858466
937,-0.004928360355453613
938,-0.012561410144941153
939,-0.01045877268819346
940,-0.006521129860108339
941,-0.01707883520855557
942,-0.05050912340734886
943,0.022922362391673244
944,-0.007858519560367946
945,0.04062998607825326
946,0.04423748687344626
947,0.01695967715332132
948,0.012276886356814733
949,0.06415900562796412
950,-0.011048603521587498
951,-0.010994208335705455
952,-0.0016937990444435877
953,0.017989352784959226
954,0.007488708570265462
955,0.05488150260777008
956,0.006272936717734611
957,0.009816610472161865
958,0.019788796484652173
959,-0.019493147917522064
960,-0.005427458653127556
961,0.01048103448476192
962,0.018252168439077
963,0.0028608534958830803
964,-0.0008795246785602124
965,3.2266874441768594e-05
966,0.025097321423065776
967,0.007933503451075461
968,-0.004592013936695585
969,-0.00047445840148464927
970,0.008473630087385645
971,0.01549304208291907
972,0.0009069556893260035
973,0.011031020051395038
974,0.006394325351798042
975,-0.011840731282610716
976,-0.003485387128242276
977,-0.03708511470116951
978,-0.018369767621890402
979,-0.019617853480449542
980,-0.004702621336930373
981,-0.009077138585213007
982,0.007755435673907891
983,4.8126749834296494e-05
984,0.06546243997315554
985,0.011900949029304834
986,0.006780603599534282
987,-0.003352131292945237
988,-0.019423305135861078
989,0.010000101371473667
990,0.0030406916097301478
991,0.024879743046281492
992,-0.013574394328441862
993,0.02487991349957836
994,0.006879701068361139
995,0.0009131144976015483
996,-0.01730546802928655
997,-0.0013185490291065848
998,0.041149664789089525
999,-0.014886672294431838
1000,-0.000786618983984031
1001,-0.010128386172552394
1002,0.010032769471924689
1003,-0.008033536782386694
1004,0.011213170365136475
1005,-0.014498060720542244
1006,0.023176661196976544
1007,-0.020611466460500456
1008,-0.01237905074043195
1009,-0.005372904308697979
1010,0.003631685744352591
1011,0.006486107406399531
1012,0.00837521715536329
1013,-0.009401619535073973
1014,-0.00029739732268879433
1015,-0.0030598884820893586
1016,-0.01837126216028877
1017,-0.009103640243608043
1018,-0.002156852444636734
1019,0.024393568236579632
1020,0.0217873792612961
1021,0.007806464406728141
1022,0.0012917947289521553
1023,-0.00043334676389298883
1024,0.0010586297477652338
1025,-0.004391373611973941
1026,0.031210483887620214
1027,-0.0009103041293587316
1028,0.02228447821953548
1029,-0.000588437375959114
1030,0.013251047719783202
1031,0.01802039399333967
1032,-0.018360908763960026
1033,-0.016988571657586413
1034,-0.0009666337321786873
1035,-0.005131834783881313
1036,-0.0015681194147564494
1037,0.027277901949059304
1038,-0.033256310538035856
1039,-0.009373045069489215
1040,0.07839510223874639
1041,0.014479456640356566
1042,-0.06873739779966008
1043,-0.005095870081583457
1044,-0.04543850913832618
1045,0.07561289304959437
1046,-0.007000547828754075
1047,-0.009726424443110247
1048,0.03678597478352691
1049,-0.018273635562704883
1050,-0.006899084342767961
1051,-0.0819420773440243
1052,0.0056512387699948
1053,-0.018637363576280108
1054,-0.026197311023023327
1055,-0.004302330260555863
1056,-0.06852962674811525
1057,0.044365676552627215
1058,-0.04209543422661817
1059,-0.02073365498417362
1060,-0.021714400743724712
1061,-0.028942375149942315
1062,-0.03955217585780688
1063,0.027228895020810755
1064,0.05292036778804095
1065,-0.004594542307630453
1066,0.026324320662370306
1067,0.0009936178281039793
1068,-0.014077999199726413
1069,0.0258918781735993
1070,-0.00989290597044333
1071,-0.024859097917663744
1072,-0.018842098849330708
1073,0.0067018835522607454
1074,0.003084831053672284
1075,0.0037584938990707782
1076,0.02050223971178499
1077,-0.01087935467067884
1078,0.038686347935776605
1079,0.09202961879168267
1080,-0.004081871921708407
1081,0.023292337703123004
1082,-0.004835954508834864
1083,0.012957822936072623
1084,-0.010784853090900666
1085,-0.00623849196218556
1086,0.0450734237666997
1087,-0.015922195023530202
1088,0.00465759565274028
1089,0.01641518785146009
1090,-0.0013761513397693298
1091,0.047078463778082204
1092,-0.008085053310571896
1093,-0.018265814676528238
1094,0.004038219435118118
1095,0.009233558497092792
1096,0.005682874956605857
1097,0.002450889195639417
1098,0.007429094605988288
1099,-0.0020422691339113353
1100,0.019675784055879216
1101,0.001918991540048008
1102,-0.005666077542862465
1103,-0.00611567938371009
1104,-0.010409407323696994
1105,0.0061918950899953985
1106,-0.02550005713693724
1107,0.016231007756495525
1108,-0.010534799720382343
1109,0.006669393916326617
1110,0.0029798218544274144
1111,0.05354783436819796
1112,-0.00586724698286742
1113,-0.05399498886473864
1114,-0.038950166537560275
1115,-0.08892538298125773
1116,0.06493312496715217
1117,0.029363004245151876
1118,-0.05941863364028236
1119,-0.003711926063087746
1120,0.04904311234480472
1121,-0.024462192610277416
1122,-0.018204154380029383
1123,0.03972522979364864
1124,-0.010658714175477785
1125,0.018349694197925058
1126,0.029368250924695125
1127,0.023936067239711287
1128,-0.015163759904773443
1129,-0.035693407956963345
1130,-0.01611465991292955
1131,0.01939600814315522
1132,0.005375012759709521
1133,-0.03244460300929484
1134,-0.00910495975750667
1135,0.04303196932670829
1136,0.018539751581209248
1137,-0.002741132382185822
1138,-0.014274963630909795
1139,-0.012427755399859712
1140,-0.02209161172276809
1141,0.0014123332918594923
1142,-0.0038659403758436097
1143,-0.03302086968513889
1144,-0.045049416569993776
1145,0.027525532845477246
1146,-0.0034425029865346084
1147,-0.009422994850960494
1148,0.039186254338449536
1149,-0.031087135641156147
1150,0.05315884607327481
1151,-0.027672988259036458
1152,-0.010719205351029977
1153,0.03758334421691659
1154,-0.022789171532710775
1155,0.02473301686743103
1156,0.08302066586442569
1157,0.020619730077809238
1158,-0.06263710616373255
1159,0.07260439978596044
1160,-0.13334309344524492
1161,-0.030714076324337463
1162,-0.009040760153208743
1163,0.01854900630317504
1164,-0.040172214519037575
1165,0.037852210657489956
1166,0.011554795186099549
1167,0.020446542578527304
1168,0.025039236034391756
1169,0.0071689979890709014
1170,-0.14642948449208998
1171,-0.017910668019120255
1172,-0.08843328858787322
1173,0.07064942042572153
1174,-0.05488752563216486
1175,-0.02926830243487834
1176,-0.0038936140475959876
1177,0.10009507177890542
1178,0.020680722692922312
1179,-0.041785397345654944
1180,0.021919605943068344
1181,-0.03544079195829472
1182,0.040029956649924085
1183,0.0814754155594269
1184,-0.019698109905490525
1185,0.0008027199556690463
1186,0.021055924279396947
1187,-0.0047572943161935015
1188,0.040400324563053695
1189,0.02618520738622443
1190,0.05593492482560891
1191,0.06318416197706879
1192,-0.04870080451889739
1193,0.0435288128975294
1194,0.04129392427380173
1195,0.09394265137593169
1196,0.005883651124843432
1197,0.005157070355401229
1198,-0.013725948725416763
1199,-0.030783155328120693
1200,-0.000716389864907341
1201,-0.020115727764212367
1202,-0.0029696733346981103
1203,0.031472284243047016
1204,-0.011888994046769805
1205,0.0027125442834718344
1206,0.018316372721808572
1207,-0.007156315356254398
1208,-0.02216078730480967
1209,0.011059056660640517
1210,-0.014484868873818932
1211,0.042315804021508356
1212,0.009036104986944129
1213,0.010582738291763346
1214,-0.01744655751695027
1215,-0.01402027433652502
1216,0.0962836654867902
1217,0.021900739660612633
1218,0.00489364877790798
1219,0.019094943171871586
1220,-0.01667771810610164
1221,0.019364818107295026
1222,-0.0002100451318841482
1223,-0.005536960766585512
1224,-0.007597287162017054
1225,0.05417489254235607
1226,-0.0019083525244999481
1227,-0.017446854405613107
1228,0.025512184270958676
1229,-0.026537592108687672
1230,-0.028371158846392797
1231,0.010931945744708479
1232,-0.007819564165733721
1233,-0.02332094328268177
1234,-0.014679891959644618
1235,-0.010246321338069854
1236,-0.005414015186555296
1237,-0.017568550451467053
1238,0.01270223481859304
1239,-0.009635769250615305
1240,-0.00737955423562406
1241,0.003298086854448184
1242,-0.007880607676061703
1243,-0.01927725964492473
1244,0.009584693748387985
1245,-0.01675431378869676
1246,0.032960239924474145
1247,-0.015989478593911192
1248,0.006266193264796667
1249,0.0005475960125076336
1250,-0.006563183689211598
1251,-0.014226668999644618
1252,0.02552352833266592
1253,0.010250699842045161
1254,-0.005711203368822577
1255,0.0005499218304044859
1256,-0.0008498606495418966
1257,-0.031625173242903495
1258,-0.02945216725256129
1259,0.019442294955532558
1260,-0.00596998619294224
1261,0.011391173874205277
1262,0.0010478171387630548
1263,-0.012290115417238614
1264,-0.014928911802831023
1265,-0.016453453648989903
1266,-0.015592252654120588
1267,-0.01838651324553245
1268,-0.008546523723311545
1269,0.0054497114906743626
1270,-0.005858007900103765
1271,-0.0048877582104722575
1272,0.033111668163403954
1273,0.02400923619914001
1274,0.0025552238450496536
1275,-0.012306229447428594
1276,-0.004802340996550587
1277,-0.004463814586860258
1278,-0.015381360989636985
1279,-0.004844926787933092
1280,-0.016009839215149896
1281,0.007902146543592932
1282,0.002475608780459253
1283,-0.019368714338635174
1284,0.007099895743785246
1285,-0.010800065657291249
1286,-0.014828016915226774
1287,0.0010816539551168171
1288,-0.029971891366649264
1289,-0.04717859784025346
1290,0.16254823017151387
1291,0.006332005440128178
1292,-0.011324407539995673
1293,0.0007323939846009117
1294,0.017867653079965014
1295,-0.009402755275053432
1296,0.06884854400658319
1297,-0.008902589459143262
1298,-0.02699827573918267
1299,0.01155806046697655
1300,-0.0029209304507784952
1301,-0.023807703973211393
1302,0.0023920043144962915
1303,0.0238766878256972
1304,0.0035751602791406125
1305,0.06249289988135275
1306,-0.02016305883928186
1307,-0.028673237414990987
1308,-0.005670441443625013
1309,-0.013582973074414395
1310,0.010303844553809505
1311,0.05973700665976078
1312,0.004485685096461682
1313,0.009187066872730023
1314,-0.002777903885365024
1315,0.04749400310571918
1316,0.03987808836038429
1317,-0.0013263447745600003
1318,-0.002336299803333248
1319,0.01798269149846086
1320,0.0028428255185276854
1321,0.10182572636646545
1322,0.02189011730062835
1323,0.020295876929176768
1324,0.0035913215653766923
1325,0.03540539844834217
1326,-0.020093759317200685
1327,-0.004716303487429819
1328,0.009962423781365545
1329,0.0002476412783039343
1330,0.00796480463947947
1331,0.018510703562540486
1332,-0.01243019727164225
1333,0.0005753442891457542
1334,-0.04805706143174213
1335,-0.037730659871554384
1336,0.10122293204536785
1337,-0.027036688028952337
1338,-0.02945460975815795
1339,-0.014657991109248038
1340,-0.0826960254735775
1341,-0.013825008580036728
1342,-0.0034742939707709335
1343,0.01642947637120729
1344,0.016285962774682233
1345,-0.12697482952193062
1346,0.04002923357218764
1347,0.00638030841481521
1348,-0.08886190973364497
1349,0.0101470710638093
1350,0.0025147667546040853
1351,0.012311182231988
1352,0.0840283249527037
1353,-0.04542751892206673
1354,-0.05263915214875749
1355,-0.19874449514914938
1356,-0.02088459189279478
1357,-0.002453125081000858
1358,0.01424869621403418
1359,0.028977618764396144
1360,0.010556260075436998
1361,0.032966997412879215
1362,-0.035544601849386334
1363,0.01965295162930912
1364,-0.005475478243928
1365,-0.011071726627946659
1366,-0.03192866050329719
1367,0.02067274799328175
1368,0.0003198159087752691
1369,-0.06970335424930033
1370,0.27470341334124504
1371,-0.02647233492049071
1372,0.010939347303799574
1373,0.029378654077622173
1374,-0.0034242546062740542
1375,-0.012003413278280962
1376,0.011981093314914334
1377,-0.006369690640988732
1378,0.04855708634715149
1379,-0.03855737424179096
1380,0.022623170203509374
1381,0.02208927607955546
1382,0.024302184278135994
1383,0.012151773900200927
1384,0.029986398225341385
1385,-0.050639699102918226
1386,0.008654675316737595
1387,0.029786586481780123
1388,-0.0203470585750633
1389,0.038743984577525314
1390,0.02131008595401018
1391,-0.011415767942162846
1392,0.024969980134927395
1393,0.0032015106268649686
1394,0.004419819284597176
1395,0.0017988744780031917
1396,0.020027784147149646
1397,0.0030514410463357206
1398,-0.006680928937126264
1399,-0.0025886875635053683
1400,0.008928769866734637
1401,0.037586206633060386
1402,-0.03986850313118783
1403,0.0013663155592892923
1404,0.02166230164426574
1405,0.016710165867230085
1406,-0.04285224687122408
1407,-0.0158324073274576
1408,0.02438501559566451
1409,0.01293880722611534
1410,0.0021674156636582067
1411,0.010014429026765156
1412,0.008233687623044782
1413,-0.0049364041271781536
1414,-0.019785340541571866
1415,-0.014033721651420366
1416,0.03361092885905417
1417,-0.03678953931000129
1418,0.0009824278472587377
1419,0.012543062753798554
1420,0.015919367768301218
1421,0.005038374424297433
1422,0.013621147759338755
1423,0.008179313654421944
1424,-0.01723617217786951
1425,0.00690025153219189
1426,-0.0232436469288634
1427,0.04548786526008071
1428,0.001984572185066406
1429,-0.0219896174600639
1430,0.0029901939698337068
1431,-0.0003899221491332175
1432,-0.002364410139106001
1433,0.01589426945457015
1434,-0.012564430223022505
1435,0.018232661628407393
1436,0.013191890433923159
1437,0.01733393408441564
1438,-0.02399982792476462
1439,0.005971099714811198
1440,-0.016423143193276476
1441,-0.008919369996707446
1442,0.0021361188731648362
1443,-0.03339755161370358
1444,-0.011530318101423347
1445,0.007919567510893613
1446,0.012210392947430026
1447,-0.02248635183008478
1448,0.03566796825863795
1449,0.01319579034675507
1450,-0.02328277850069798
1451,-0.027619279068387844
1452,-0.022230234754343676
1453,-0.003805776685544682
1454,-0.015808499800748926
1455,-0.003573942130817676
1456,-0.011530508464953567
1457,-0.21370488217836076
1458,-0.004921242213393502
1459,-0.010371726510126696
1460,-0.05821766741672315
1461,-0.005388781260833199
1462,-0.015122464880538916
1463,0.027743836115849803
1464,-0.010534154469020842
1465,-0.012473602207587928
1466,0.020797530039657567
1467,0.02695908705135513
1468,0.04039718669497909
1469,0.012150562645053225
1470,-0.004545006266959682
1471,0.0026063180972082122
1472,-0.013834147825199594
1473,0.048402437645178445
1474,-0.08197124211978345
1475,0.0018240478853041194
1476,0.025391232361117365
1477,0.010578382462689365
1478,-0.01839754803919665
1479,-0.0019890494374711263
1480,0.0062977224719193365
1481,-0.0022497176799304965
1482,0.023771058135229846
1483,-0.026065584106007303
1484,0.0015855878634492204
1485,0.016714590794861935
1486,0.021255869535366376
1487,-0.005167667700443373
1488,0.015809224202470315
1489,-0.23402027138279963
1490,0.003846684032243199
1491,0.013581507592059106
1492,-0.0008160679975122654
1493,0.0022666000479887563
1494,-0.01709324646557488
1495,-0.0005259765333370327
1496,-0.015795674248703328
1497,0.010390150350028509
1498,0.0012333469022130883
1499,-0.05074450158359662
1500,-0.016897739381432377
1501,0.08645223118616174
1502,-0.00977477264241453
1503,-0.006638953259250534
1504,-0.006205765968633498
1505,0.008688941623951035
1506,0.007716571316933481
1507,0.007647963970492374
1508,0.0010895732613844795
1509,0.021023991813858806
1510,-0.0035391668903838893
1511,-0.02035810680465868
1512,0.05575403054091755
1513,0.008073109124161848
1514,-0.0009698599507504303
1515,-0.011536796540211783
1516,0.017207052371755512
1517,-0.023944975950372243
1518,-0.002850061556117248
1519,0.018963647305482494
1520,-0.014810759910559345
1521,-0.019084942352765564
1522,0.02113031065440495
1523,0.00649469702386181
1524,-0.0006612985898615857
1525,0.012032665163988966
1526,-0.0278158148280065
1527,-0.05019165045485343
1528,-0.009855888030755116
1529,0.010580389645053197
1530,-0.003966234745563518
1531,-0.0402534968720236
1532,-0.003374907225599075
1533,-0.026399361830346708
1534,-0.026395638945567113
1535,-0.15037191787638055
1536,-0.01992979929646942
1537,-0.13335354890432535
1538,0.025914942093323186
1539,-0.024759548082717634
1540,0.046897211658472035
1541,0.0642364043050363
1542,0.03666653021445372
1543,0.03501784273479102
1544,0.016406339998409583
1545,-0.0032960838975602943
1546,-0.00703619994690381
1547,-0.08303215658935241
1548,-0.033228700708430835
1549,0.03163257046558261
1550,0.016724349631758503
1551,0.01295450908524996
1552,0.048401826239477946
1553,0.022692936337732388
1554,0.012388054159311787
1555,0.14745974057886357
1556,0.011220928002339012
1557,0.010995105759618736
1558,-0.021655790342476416
1559,-0.010045685944854504
1560,0.03128816042601562
1561,-0.004114698129425096
1562,0.021892320124996156
1563,0.0022188127147528074
1564,0.006766149360376966
1565,0.03176632915904994
1566,-0.025199851197245254
1567,0.011968693123190294
1568,0.002194469934606696
1569,-0.020147881666958238
1570,-0.014319038485268595
1571,-0.009141093103480512
1572,0.0031421185151488764
1573,-0.02667174116751567
1574,-0.007588449662773398
1575,-0.02988719692979552
1576,-0.029718217309366086
1577,-0.006861474786365648
1578,0.014219435630421258
1579,0.0058356421837433845
1580,-0.012321535436917783
1581,-0.03746403576885199
1582,-0.010060725481001396
1583,0.00036120802179496597
1584,-0.005330284612281377
1585,-0.06943658726859722
1586,0.010344364306621381
1587,0.0026543047671628425
1588,0.0987215057843324
1589,0.010142882709920524
1590,0.0011311664943915321
1591,0.02293551460834667
1592,0.07996150711135071
1593,0.0031118401336453264
1594,-0.011165962163390317
1595,-0.035134361003572256
1596,-0.05856859095645763
1597,-2.595795806421998e-05
1598,0.029238478819747168
1599,-0.0019367056857130362
1600,-0.015598953554474762
1601,0.009127238795828488
1602,-0.011678529019453536
1603,-0.0076040593874789585
1604,-0.04338712845974897
1605,-0.005072678114111497
1606,-0.0029420606623676584
1607,0.05041383627029802
1608,0.004552463137714258
1609,-0.008997137271937126
1610,0.01568805184915426
1611,-0.008385051400157278
1612,-0.05466794711272147
1613,0.01050606934445887
1614,0.03485745926258231
1615,0.0026862301902049277
1616,-0.02840005116576321
1617,0.050840304904005415
1618,-0.002992247405658874
1619,0.008725863493419814
1620,0.010994117213109252
1621,-0.03463574047027694
1622,-0.011170853931812757
1623,0.013216465705898838
1624,-0.025721988883338365
1625,-0.019487345921792028
1626,-0.001925548586780286
1627,-0.03255902864264424
1628,0.001474674689530262
1629,0.012036342154763843
1630,-0.0001266251887822669
1631,0.032227931045206666
1632,0.0036736672544767147
1633,0.07070266126797907
1634,-0.02787698644441871
1635,-0.013109066385394604
1636,0.005694657737397223
1637,-0.025666028680733952
1638,0.0027085425070500365
1639,-0.002751204292398235
1640,-0.022384838362675092
1641,0.06039837115513589
1642,-0.14981154674411884
1643,-0.0040544269628422355
1644,-0.0151321211857536
1645,0.010140001841578084
1646,0.007206429498972656
1647,0.04060054612608982
1648,0.002060939069605797
1649,0.08548262660494102
1650,-0.016479309368228234
1651,0.019899649981822122
1652,-0.0036562679297225814
1653,0.004518974736278785
1654,0.011828414749924522
1655,0.013395073376416673
1656,-0.010783446793569525
1657,-0.001450724470182335
1658,-0.02031389818643735
1659,0.006583481432582635
1660,0.02811294639616343
1661,0.017959382097880377
1662,-0.0079565964555971
1663,0.0078906391969872
1664,0.03485427221189628
1665,-0.041785956702605494
1666,-0.00985350047482671
1667,0.018117169075295474
1668,-0.000928901058510189
1669,-0.010203517536607585
1670,0.017659707136305006
1671,-0.004687937287181433
1672,-0.007768462832202517
1673,-0.01854654707509287
1674,0.027604194677481944
1675,-0.03556047842097095
1676,-0.0027546924694596677
1677,-0.009348374443039341
1678,0.009157584018435676
1679,0.007536902283921705
1680,-0.0220766740880601
1681,-0.041825195763804814
1682,-0.04435173861831759
1683,-0.0039036601660936672
1684,0.0032182004282893914
1685,-0.002394983772088433
1686,-0.00656257345146895
1687,-0.041072599986683
1688,-0.027152033730487746
1689,-0.018247747945212913
1690,-0.005522221077759236
1691,0.02157722123479395
1692,-0.05302642515010352
1693,0.018455517096736918
1694,-0.007303016658596035
1695,-0.006807037921245842
1696,0.010258137751542567
1697,-0.002307024017238875
1698,-0.006082652435197117
1699,0.003899013214205816
1700,0.015822714851792548
1701,0.019192368871358178
1702,0.0011163601134520603
1703,-0.001531167420429176
1704,-0.026022317644311108
1705,0.054421495192711965
1706,0.005937245384111065
1707,0.0252788521638656
1708,-0.05231070390203964
1709,0.0005680594490147858
1710,0.1307840287209852
1711,0.054783130431994384
1712,0.03575158811877898
1713,-0.006660386817781244
1714,-0.012097327944426618
1715,-0.043316498641234345
1716,-0.0561343476759518
1717,0.04656532399175515
1718,-0.035244547984635693
1719,0.06467059302191576
1720,-0.041093340258627674
1721,-0.005008122764417793
1722,-0.019066561024083765
1723,-0.06096383517073617
1724,0.08874261629610454
1725,-0.06838173263996802
1726,-0.016292032463026324
1727,0.04270115018115381
1728,-0.0008011446347440315
1729,-0.0079589162343599
1730,-0.059158141993097255
1731,-0.04854180771813875
1732,0.01194929318940495
1733,-0.029243749821796037
1734,-0.04902569011376747
1735,0.015586763270778582
1736,-0.008283660109390401
1737,0.15284470550929333
1738,0.0625732215470526
1739,-0.07840154451953991
1740,-0.007881804218062467
1741,0.06446351892088402
1742,-0.007344959972624207
1743,0.1221241452922009
1744,0.019693239892433597
1745,-0.061740028591982465
1746,0.025524203142305996
1747,0.02456809856784399
1748,-0.0001318780242302553
1749,0.004040046890386428
1750,-0.0022923039546579927
1751,-0.0678819071106151
1752,0.049927536359489676
1753,-0.034070981595164175
1754,-0.030453736592527487
1755,0.0149907207434947
1756,-0.014937904621858742
1757,-0.0015574928320293536
1758,0.00349972250008151
1759,0.0017670895531799065
1760,-0.002248704705622194
1761,0.015121041136822637
1762,-0.02680765925322794
1763,-0.00471404726623275
1764,-0.03789028866315904
1765,-0.049387441250057076
1766,-0.017651820737066243
1767,-0.026409050869460375
1768,-0.03927944468704698
1769,0.049846760522864665
1770,-0.04041972136990613
1771,-0.052422219964752485
1772,0.008807796801487803
1773,0.0008681659398828214
1774,0.0007528633109153699
1775,0.017509869879949434
1776,-0.08059233173904637
1777,0.03940060623663121
1778,-0.07308212938567112
1779,-0.018313648527405784
1780,0.01966901580800008
1781,-0.049732625387884324
1782,-0.004183307626600783
1783,0.030780694157430375
1784,0.01353815765465553
1785,-0.022561381476392375
1786,-0.044510223124555104
1787,0.003916727627365218
1788,0.019713357506194726
1789,-0.014718324414870476
1790,0.022061088419971037
1791,0.01371984661330253
1792,0.024199881554378046
1793,-0.002402486632525699
1794,-0.047866407072070634
1795,0.027971518084270067
1796,0.09971662378697639
1797,-0.0008484821645274787
1798,-0.03527363948498844
1799,0.016062204982943813
1800,0.014137697173419716
1801,0.00840876237285077
1802,0.007972727627091503
1803,0.02606740652476762
1804,0.00044678023372080755
1805,-0.01666886866571082
1806,0.010981518843457874
1807,0.012056250008074065
1808,-0.008635255423230194
1809,-0.028824315395485783
1810,0.06443064239178004
1811,0.007683874226655653
1812,0.0006956623243024876
1813,0.01624722469390869
1814,-0.028744319232426808
1815,0.00429827892238254
1816,0.04339385547791891
1817,-0.002828425395181006
1818,0.019401045032923163
1819,-0.01668249640096189
1820,-0.015749490446975493
1821,0.023876257459978855
1822,-0.04208191544325297
1823,0.008794747241556558
1824,0.020843008257737515
1825,-0.0038254813887323063
1826,-0.00885314591407221
1827,-0.01028676180141273
1828,-0.01708148717608277
1829,0.039666681877118366
1830,0.006149367969826454
1831,0.02909747993643261
