,hr+acc_XAp0,hr+acc_XAp1,hr+acc_XAp2,hr+acc_XCond1,hr+acc_XCond2,hr+acc_XDist,hr+acc_XFuzz1,hr+acc_XFuzz2,hr+acc_XK2_1,hr+acc_XK2_2,hr+acc_XPermEn,hr+acc_XSamp0,hr+acc_XSamp1,hr+acc_XSamp2,hr+acc_XSpec
0,,0.0,0.0,0.6569370794096843,0.623380576969348,0.6808743559514964,0.19213716766242903,0.2049140229735861,,,0.5915533975974677,inf,,,0.2455703474769611
1,,0.0,0.0,0.2678618456678791,0.2291261472089115,0.7480193773398748,0.426603154053337,0.4525067564638591,,,0.581717464821069,inf,,,0.32107543639586544
2,,0.0,0.0,0.5008738957057348,0.4387270260880174,0.7792529089732149,0.8843049426914139,0.6588665510929478,,,0.5202020156036558,inf,,,0.27263717720870634
3,,0.0,0.0,0.6714368734506903,0.5958945056547379,0.846869090338951,0.8925294360339834,0.8271453192579378,,,0.6008849035917525,inf,,,0.2756895818429832
4,,0.0,0.0,0.3942958891531497,0.3416164557150702,0.7231525709570137,0.6546406704132284,0.6492784248871749,,,0.6284777104787076,inf,,,0.2391538249216767
5,,0.0,0.0,0.5712664110151673,0.5195622090858211,0.7478148913204976,0.8063508311592963,0.8571725906439004,,,0.6333676938231112,inf,,,0.24245786336075387
6,,0.0,0.0,1.0641796819704061,0.9598926838466384,0.8785654461709707,0.9372980633301464,0.738486306205227,,,0.5978297680564633,inf,,,0.23789996009777273
7,,0.0,0.0,0.9597703248741662,0.8821911768482148,0.8616101745498638,0.6845731756602808,0.626740286721504,,,0.5947193981915972,inf,,,0.24313626472821231
8,,0.0,0.0,0.4498081895482792,0.4220413332073884,0.5639679574893681,0.3056829953771756,0.2762007624594915,,,0.6038851895711802,inf,,,0.25634882176157403
9,,0.0,0.0,1.0653176461095955,0.9192906298102366,0.9330957434416306,0.6589124005609538,0.6645677228801754,,,0.6038851895711802,inf,,,0.23515679503492035
10,,0.0,0.0,1.414289071072021,1.2079100922989479,0.9047628453866633,1.2351414079549623,0.9832528422841311,,,0.5978297680564633,inf,,,0.20754984588744155
11,,0.0,0.0,1.4551254711807313,1.3079220098169733,0.8668190657023356,1.5635586071041996,1.571125996029066,,,0.6425374456860184,inf,,,0.18073464947895335
12,,0.0,0.0,1.3382657463746481,1.1862132843958244,0.8449397613878604,1.3434978094637828,1.3414006986083815,,,0.6038851895711802,inf,,,0.1904189516499256
13,,0.0,0.0,1.0762769627847266,0.9350377728404252,0.7555645679298739,0.9290797432281553,0.6893683725119794,,,0.6038851895711802,inf,,,0.2224209788221316
14,,0.0,0.0,0.7267268381016705,0.5915668412830245,0.7163608497794344,0.6248189755400836,0.6115429939673146,,,0.5947193981915972,inf,,,0.24947355977184957
15,,0.0,0.0,0.9501635785139498,0.865683058491178,0.8390741064440983,0.852638128874155,0.7123819678572149,,,0.581717464821069,inf,,,0.22375633707336792
16,,0.0,0.0,1.2156738178555164,1.179113290214004,0.8436297993717867,1.206191622110017,0.9623330474956122,,,0.5915533975974677,inf,,,0.24797192576219432
17,,0.0,0.0,1.3441500077702238,1.3104536990714084,0.9034918549896713,1.7072010580200665,1.5173317871504044,,,0.6468212168108125,inf,,,0.2258549607384116
18,,0.0,0.0,1.2078231393320362,1.1307666162400947,0.8714992090962187,1.9843997189018538,1.807625728243082,,,0.6333676938231112,inf,,,0.20519782917855423
19,,0.0,0.0,1.4618562504907346,1.4085753621326704,0.8409740516740715,1.9026577901551318,2.1205530037156954,,,0.5978297680564633,inf,,,0.19062132664314932
20,,0.0,0.0,1.461248248258962,1.3978879992979432,0.8410591795685124,1.8084833461937126,1.6595316426424678,,,0.5783247308855777,inf,,,0.18441307989736677
21,,0.0,0.0,1.307323275231451,1.171742581247536,0.9092836011981207,1.87010663929933,1.7489018417104256,,,0.5604843169999094,inf,,,0.21249020321397344
22,,0.0,0.0,1.180978650601862,1.024647308135443,0.8819802251611956,2.116546379705479,1.9445395833875274,,,0.6008849035917525,inf,,,0.2256474487773094
23,,0.0,0.0,0.8185382533918449,0.7445403118206633,0.7997804237213081,1.717684560277291,1.4490537338467417,,,0.5915533975974677,inf,,,0.24408931138619053
24,,0.0,0.0,1.385563280539196,1.336352150415317,0.9320579711574968,1.5467184866873056,1.455741992413931,,,0.6153451465759925,inf,,,0.2131175218656775
25,,0.0,0.0,1.0998767970868548,1.0238620893393666,0.8621693398367759,1.595380509333203,1.398419207107033,,,0.581717464821069,inf,,,0.2318248128320293
26,,0.0,0.0,0.881669634339922,0.8634275043861069,0.8601660332203956,1.7741030146322776,1.903534135021624,,,0.5915533975974677,inf,,,0.1997588298802604
27,,0.0,0.0,1.2775040464624776,1.1145951344796976,0.82553132636519,0.6916936020786633,0.47839068259433104,,,0.5783247308855777,inf,,,0.21847400664582392
28,,0.0,0.0,0.14257358439717902,0.11218575958581935,0.6946805140060797,0.15415180193981648,0.18963363493673224,,,0.6008849035917525,inf,,,0.25572960363021996
29,,0.0,0.0,0.45548278024141226,0.3997856974384141,0.7625251967387112,0.24159983430132165,0.20852167532359217,,,0.552929491858785,inf,,,0.24160602557709465
30,,0.0,0.0,0.8165829616250986,0.7920817038337549,0.7212592316250808,0.3676569154817973,0.30630046146087986,,,0.5567373465730988,inf,,,0.2330168272148091
31,,0.0,0.0,1.2084712828228106,1.0647211935146401,0.9134866209118481,1.0190747034069871,0.7455784677173898,,,0.5883313578629602,inf,,,0.21462325170307073
32,,0.0,0.0,1.3105752066918115,1.244990593643173,0.895738218427138,1.671946316423533,1.5610904817954758,,,0.6097226960127671,inf,,,0.2058492288642854
33,,0.0,0.0,1.2256493326233924,1.0834786977490976,0.8231501942170832,1.289824492932103,1.1842937735334416,,,0.6357360191111145,inf,,,0.21704346201205305
34,,0.0,0.0,1.0867775413732097,0.9828994694112723,0.807726407052945,0.8048981260061817,0.7377613045161109,,,0.6008849035917525,inf,,,0.214054671866474
35,,0.0,0.0,1.1451335253025736,1.1161846031544598,0.8247734832490975,0.5122420507655225,0.40256037356783514,,,0.5783247308855777,inf,,,0.23394421522268352
36,,0.0,0.0,0.9880930595959784,0.9623328119023716,0.794906585015285,0.37545167940427954,0.2786099248008063,,,0.5978297680564633,inf,,,0.24598613999403715
37,,0.0,0.0,0.6101214697313198,0.5153975404932472,0.8303639162701074,0.6491597027358705,0.545673623824941,,,0.6125606311107803,inf,,,0.26642409139482603
38,,0.0,0.0,0.6696729850470199,0.5925133127242563,0.8046482026810456,0.6381264995294368,0.6666129173557155,,,0.6153451465759925,inf,,,0.26439973417534474
39,,0.0,0.0,1.0967554158941972,0.9957862863966955,0.8530663539890032,0.40488603282498187,0.5221938007928753,,,0.6125606311107803,inf,,,0.21774659868729893
40,,0.0,0.0,0.5340364457187066,0.490386293288409,0.8812414955032665,0.248112389870378,0.31731054511217993,,,0.6180765742263259,inf,,,0.2523215359445067
41,,0.0,0.0,0.7194199817691547,0.6936091787617192,0.8332663984163676,0.3549121682151998,0.37848222786416796,,,0.5641709578113449,inf,,,0.26560122359102284
42,,0.0,0.0,0.956717559376976,0.8935293230440815,0.8841831462157909,0.3316195919672214,0.31127238457473905,,,0.552929491858785,inf,,,0.24947205060303054
43,,0.0,0.0,0.5348765586853528,0.4207803376233626,0.7518686584737448,0.40711261534417664,0.28876777661938086,,,0.6153451465759925,inf,,,0.28498367187060386
44,,0.0,0.0,0.9345971683947643,0.75721747770402,0.9404130398878331,0.7120375174903419,0.5534801161190239,,,0.581717464821069,inf,,,0.23402546079889905
45,,0.0,0.0,1.1715050051558396,1.1382693835687039,0.957337723599187,1.106528837102533,0.9735158167472691,,,0.552929491858785,inf,,,0.23766220961394624
46,,0.0,0.0,1.1095267799011903,0.9966239985804335,0.931987779526787,0.8733462545837352,0.6118672228972138,,,0.6333676938231112,inf,,,0.20881759447721185
47,,0.0,0.0,1.049409398014284,0.8748631503923869,0.8383878878634676,0.6083693082075439,0.31924815340179125,,,0.585052858160615,inf,,,0.24962315757135328
48,,0.0,0.0,0.6484202508495032,0.5913174709258608,0.7380669032952112,0.22578312542430345,0.16505129912568833,,,0.585052858160615,inf,,,0.290534069531375
49,,0.0,0.0,0.3067472034318899,0.24746734489492583,0.5884482468132702,0.11533757391354107,0.07900436562096691,,,0.5783247308855777,inf,,,0.2981304727815776
50,,0.0,0.0,0.19680269520187346,0.17214774139795172,0.7886278426328143,0.06909541770034579,0.06742742367343384,,,0.6008849035917525,inf,,,0.281358596888267
51,,0.0,0.0,0.21741154249979316,0.16933787570024228,0.6487268850909282,0.07515587473627215,0.07570436391848091,,,0.5883313578629602,inf,,,0.30607286488098245
52,,0.0,0.0,0.2026936958102423,0.1744638041387275,0.6101085794385107,0.08923138707078239,0.06285492354900966,,,0.6008849035917525,inf,,,0.30711578212031526
53,,0.0,0.0,0.2444673364541365,0.20729933305395457,0.6068857465467226,0.06949760135839593,0.058954915828017554,,,0.6008849035917525,inf,,,0.27878532631142694
54,,0.0,0.0,0.28753177437928934,0.26224561028234394,0.7158526156147303,0.06899580611375758,0.06852279870002197,,,0.585052858160615,inf,,,0.24786826616903454
55,,0.0,0.0,0.2444673364541365,0.18694643040345163,0.8776302248584935,0.0643853320899627,0.09079616873122917,,,0.5978297680564633,inf,,,0.24900679340405382
56,,0.0,0.0,0.3524322278694498,0.3093102002900449,0.7615205169728523,0.10055165299956319,0.1451551492553737,,,0.5713653840954815,inf,,,0.2522231383538591
57,,0.0,0.0,0.7787787566504643,0.63688867250952,0.843775046435608,0.3371469172178204,0.3523399322996959,,,0.6333676938231112,inf,,,0.2428806913632109
58,,0.0,0.0,0.7620471723859279,0.7620466555206327,0.6411523259307694,0.28351508147433835,0.20702281130106065,,,0.5883313578629602,inf,,,0.2429917482175823
59,,0.0,0.0,0.22226326193366597,0.1928435748925904,0.6728497051757041,0.08124400228642442,0.08068388419727084,,,0.5978297680564633,inf,,,0.29826659810752876
60,,0.0,0.0,0.1740656785227582,0.15067196441766187,0.8251393780661957,0.08039282039248628,0.0965301862238253,,,0.5567373465730988,inf,,,0.3028302223674849
61,,0.0,0.0,0.25072527410623685,0.21079404128215257,0.7740491355288515,0.06443606944958996,0.07407372050357948,,,0.5978297680564633,inf,,,0.2756391917466827
62,,0.0,0.0,0.3300669804009198,0.2914837975086803,0.7492262752355313,0.07460395919661462,0.06657028975623866,,,0.5883313578629602,inf,,,0.26555234448744
63,,0.0,0.0,0.23127557662796056,0.17920345145683625,0.7568194127656809,0.07752418911237907,0.0672200209548661,,,0.5947193981915972,inf,,,0.25047223987431083
64,,0.0,0.0,0.25254393576411527,0.2183760139027252,0.775888188948534,0.07906413872012535,0.08075824795191977,,,0.6038851895711802,inf,,,0.2553009081342387
65,,0.0,0.0,0.3034089062470924,0.2630398891678004,0.6459471728564844,0.12995547607646155,0.12352528726005135,,,0.5713653840954815,inf,,,0.2943138209359425
66,,0.0,0.0,0.3253926555460111,0.26773045892671227,0.6755866071678841,0.09962758416918567,0.06977073022368387,,,0.581717464821069,inf,,,0.2885468199650979
67,,0.0,0.0,0.27951915233958313,0.20703906899877897,0.7029970143925387,0.12268266364663893,0.12234688647805819,,,0.6068309995095971,inf,,,0.3231570461574067
68,,0.0,0.0,0.29840716303958675,0.2558493282139006,0.7151267176861863,0.1276210546108706,0.1442218795852592,,,0.5748741956352443,inf,,,0.3145505854901246
69,,0.0,0.0,0.11539037784936122,0.0908039854841313,0.825199310352095,0.043892761170474116,0.05062097208266309,,,0.6125606311107803,inf,,,0.28381651314909045
70,,0.0,0.0,0.2516420137489525,0.21428880559374386,0.8429980270231543,0.07192555707724592,0.07519148219271939,,,0.6180765742263259,inf,,,0.2533116748247733
71,,0.0,0.0,0.4442382197994685,0.3867877140589086,0.7005724749087673,0.08083925024109313,0.07914506289486045,,,0.62595550513784,inf,,,0.24797143270600364
72,,0.0,0.0,0.3003896726702448,0.2082493730067853,0.764647540226516,0.03708453219326055,0.047313152906043696,,,0.6233814453054027,inf,,,0.21612244918552714
73,,0.0,0.0,0.11826719857387902,0.08764833406732779,0.7014219002786549,0.019243015176759547,0.022271793189762537,,,0.581717464821069,inf,,,0.2363963753491766
74,,0.0,0.0,0.1934275347400857,0.12450135238337924,0.7570517305095879,0.039280169447747273,0.049370645748950656,,,0.6447042257417027,inf,,,0.24813731180638945
75,,0.0,0.0,0.15530386776307528,0.11658712940676776,0.8269409247611216,0.03893990172508437,0.04258778671531415,,,0.585052858160615,inf,,,0.26126997928034335
76,,0.0,0.0,0.6671464995154313,0.4858387559229464,0.8994877404520495,0.018360097277176343,0.03396104913979384,,,0.5783247308855777,inf,,,0.21268066999267674
77,,0.0,0.0,0.1792080277878048,0.14685147517730446,0.7357982226648541,0.11841178270872736,0.14781454540182853,,,0.6233814453054027,inf,,,0.32670571514610636
78,,0.0,0.0,0.7744686463075737,0.5920788342856034,0.8303886138118828,0.3903812813352959,0.3774645151603345,,,0.6284777104787076,inf,,,0.29173804357034333
79,,0.0,0.0,0.3530348314993323,0.20421116374637838,0.8081475335040699,0.204203930855073,0.27502999943818707,,,0.5748741956352443,inf,,,0.36502915777831696
80,,0.0,0.0,0.38315386259734413,0.30695573474895715,0.5933263492048713,0.13959141788652496,0.07767899512398826,,,0.6357360191111145,inf,,,0.3545547082772833
81,,0.0,0.0,0.19517169521930086,0.18466264193047474,0.5869135731281907,0.08867750129142336,0.08763760395329594,,,0.6425374456860184,inf,,,0.3830148356687156
82,,0.0,0.0,0.10234807851457901,0.08026760538320665,0.6503944834335466,0.02621224013845766,0.03361463924098791,,,0.6207552362147116,inf,,,0.33280203093575783
83,,0.0,0.0,0.06698765724152846,0.05572291718025284,0.6566756246839472,0.026001550550539366,0.033302911940087956,,,0.6425374456860184,inf,,,0.3010977638773475
84,,0.0,0.0,1.5468111541221985,1.5106674281107475,0.7437214769407953,0.016200377135918615,0.031230137107078556,,,0.6528756675646988,inf,,,0.16833993570213188
85,,0.0,0.0,1.6014518018054522,1.6008567874970796,0.9258651817697402,0.013372955134208222,0.029491170945007875,,,0.648888643467878,inf,,,0.16954307935069912
86,,0.0,0.0,0.06698765724152846,0.05322524907889885,0.7964951372560082,0.02928609805581987,0.048482682348014214,,,0.6403206450210053,inf,,,0.2225768894890404
87,,0.0,0.0,0.04466961139416602,0.030853732794983678,0.8681330758725178,0.023290737230023433,0.031508697464917176,,,0.648888643467878,inf,,,0.24127064324813727
88,,0.0,0.0,1.5489640451804934,1.4460464754131435,0.8238839937440414,0.012852828864022656,0.03189063011381021,,,0.648888643467878,inf,,,0.18568991708088473
89,,0.0,0.0,1.541544117827315,1.4197712761356802,0.910560508648631,0.012494082904344407,0.02944958080232634,,,0.6668815377411301,inf,,,0.16343448322260118
90,,0.0,0.0,1.572798450971977,1.3571181395488234,0.9556069171044976,0.011262180702749263,0.023553897093749068,,,0.62595550513784,inf,,,0.18277231095680138
91,,0.0,0.0,1.488688254018533,1.4229741727398173,0.9509119608894812,0.01643989900322987,0.033100375281500664,,,0.6652988471865258,inf,,,0.19282285064781549
92,,0.0,0.0,1.1815492119427817,1.1393786725401296,0.9427776117208709,0.02006468144530397,0.04143703971635687,,,0.6403206450210053,inf,,,0.17698239446902697
93,,0.0,0.0,1.131376847681691,1.0606376970865696,0.8903461210384451,0.014040491212683604,0.02681748744205511,,,0.6584896970785714,inf,,,0.19434019522912072
94,,0.0,0.0,0.08467349851939517,0.05933340675330971,0.7567016429824284,0.031121771056781575,0.05673442694381062,,,0.648888643467878,inf,,,0.221702929571284
95,,0.0,0.0,0.1963043554646035,0.14891230352214785,0.7314778725746386,0.07387263157182072,0.09423390834483963,,,0.6602640781246099,inf,,,0.33912217294744823
96,,0.0,0.0,0.20443785628945746,0.15575810532220555,0.5957441984881953,0.08230135858898655,0.10504161043472848,,,0.6125606311107803,inf,,,0.3222787265935536
97,,0.0,0.0,0.24617879408116716,0.2293408780385967,0.7440078500357162,0.08109097642341549,0.10363059837492766,,,0.6097226960127671,inf,,,0.25583392980375863
98,,0.0,0.0,0.10696905971831198,0.0870054545515794,0.7194688486459939,0.061190167514585316,0.0906388915380204,,,0.6425374456860184,inf,,,0.34296898901187617
99,,0.0,0.0,0.1405401224257846,0.10004925370249433,0.7049840883183329,0.05462294606561514,0.0849353388306956,,,0.6602640781246099,inf,,,0.36323292151670145
100,,0.0,0.0,0.10060391803536387,0.08026374710388001,0.8561225750990521,0.027490533974464035,0.03569262720313031,,,0.6547956803312163,inf,,,0.2593680922622332
101,,0.0,0.0,0.022340379843483554,0.014069813577326158,0.8893757305981307,0.020520084488034707,0.03739279430265944,,,0.62595550513784,inf,,,0.29439978909411163
102,,0.0,0.0,0.022340379843483554,0.020376722678998465,0.843941109753393,0.016585655370115086,0.02545816943252111,,,0.6309483474627791,inf,,,0.30144028294024927
103,,0.0,0.0,1.1516030304029783,0.978640390689591,0.9599605388780236,0.00749897680662212,0.016469086485798964,,,0.6509067234006624,inf,,,0.17489477458552466
104,,0.0,0.0,1.2312514310659046,1.1201046305903328,0.9190795726045321,0.004606023938520264,0.00978778503992921,,,0.6447042257417027,inf,,,0.16372003216452935
105,,0.0,0.0,0.06236667603779547,0.044192542279467305,0.9173316267414815,0.02601485327874396,0.037523036742106296,,,0.648888643467878,inf,,,0.244523667043228
106,,0.0,0.0,0.04466961139416602,0.03642324016652639,0.7618140144960374,0.02359132318953974,0.028806861979490835,,,0.6309483474627791,inf,,,0.2602320568678268
107,,0.0,0.0,0.15992484896680823,0.13810140531104217,0.6406378571941986,0.04748407760120609,0.04637890472329974,,,0.6309483474627791,inf,,,0.37238728967059576
108,,0.0,0.0,0.14228428290499973,0.09740667079662475,0.5424241166137383,0.04326452246684562,0.01997827426468536,,,0.6357360191111145,inf,,,0.3922334572778184
109,,0.0,0.0,1.3704849817946636,1.2896641101844983,0.9609498840765889,0.004995318073372168,0.015279334621947452,,,0.6125606311107803,inf,,,0.1703443528181235
110,,0.0,0.0,1.5493278011249771,1.1578548932729242,0.964809092338705,0.002566330586737069,0.006151213039854741,,,0.6097226960127671,inf,,,0.18667059295184568
111,,0.0,0.0,1.633176007736156,1.25940870135729,0.8914948624441102,0.006589479803245054,0.018360330318897056,,,0.6125606311107803,inf,,,0.1732218481557462
112,,0.0,0.0,1.34448109123699,1.2740497984245367,0.9320436140542481,0.002040525844893437,0.004121272425275914,,,0.6284777104787076,inf,,,0.20717719422729464
113,,0.0,0.0,1.6989452908106355,1.3343580002784112,0.9039186874498584,0.003928121783541179,0.008618659358035838,,,0.6447042257417027,inf,,,0.16954617304154887
114,,0.0,0.0,0.06698765724152846,0.042650353313042386,0.8826436595831855,0.018652942250421238,0.02468187439481109,,,0.6447042257417027,inf,,,0.22149281543257707
115,,0.0,0.0,0.106969059718312,0.09122640395941653,0.7625353928938089,0.016932232057855608,0.02505059258465183,,,0.6233814453054027,inf,,,0.20624553938404633
116,,0.0,0.0,0.48156596428488374,0.4432952102034188,0.654272328945556,0.011792329648043694,0.018487925646178894,,,0.6309483474627791,inf,,,0.1928162648353503
117,,0.0,0.0,1.0123404523258601,0.8495605265372624,0.9108612842952992,0.0058087685813383435,0.011375675856068062,,,0.5915533975974677,inf,,,0.18318206210997504
118,,0.0,0.0,0.6243065868005319,0.5755124350601573,0.908052465704061,0.00658100626418205,0.020314572035003267,,,0.5113665138247345,inf,,,0.2512000894277471
119,,0.0,0.0,0.2920994119318466,0.258066338288022,0.899283195352427,0.029489405114748957,0.06355733579167397,,,0.6333676938231112,inf,,,0.29426708067774887
120,,0.0,0.0,0.27009206368965855,0.24012025300567802,0.8696538362776601,0.014880550332762416,0.03266160876136406,,,0.6008849035917525,inf,,,0.23002449349541773
121,,0.0,0.0,0.06236667603779548,0.04814228022287655,0.7015732635267452,0.024910717887797553,0.038365567250392835,,,0.6038851895711802,inf,,,0.3404368090305451
122,,0.0,0.0,0.102348078514579,0.0841685070960153,0.6765694353427657,0.029125907408869733,0.044620322704381404,,,0.6284777104787076,inf,,,0.34578612991039553
123,,0.0,0.0,0.5414812084507413,0.49571442685501166,0.8889549838000045,0.019308111172457537,0.04437392955669616,,,0.6284777104787076,inf,,,0.2576840858533263
124,,0.0,0.0,0.28409675553504915,0.25264006563024927,0.8183277950439678,0.017761675045125103,0.029704031273131367,,,0.6008849035917525,inf,,,0.27902075880926525
125,,0.0,0.0,0.14696382737077213,0.12509890993910677,0.9332570612854797,0.03261556384582759,0.06724172392398989,,,0.5567373465730988,inf,,,0.2630510238998199
126,,0.0,0.0,0.48927156591193327,0.3593028998807509,0.8562719143149001,0.31620154048869664,0.34702405202831693,,,0.6153451465759925,inf,,,0.28538205393804617
127,,0.0,0.0,0.5740644785895339,0.39724747273885236,0.7171537384673462,0.23121782538821795,0.123383749585976,,,0.5915533975974677,inf,,,0.29629931693501643
128,,0.0,0.0,0.47820822957194253,0.4677708067216349,0.937144715730004,0.0044275463989109105,0.010787548587293253,,,0.5713653840954815,inf,,,0.24810415057161203
129,,0.0,0.0,0.49831637476483376,0.4788075499064852,0.911332510826047,0.005666699487035539,0.013460014629276798,,,0.6233814453054027,inf,,,0.2502026354386056
130,,0.0,0.0,0.1515848085745051,0.11647891312838092,0.768047962095283,0.03720761141269153,0.06486406815778557,,,0.6038851895711802,inf,,,0.2861852202371184
131,,0.0,0.0,0.08467349851939517,0.06143359159524768,0.7719983415651461,0.02855895839048979,0.02933997761049638,,,0.5978297680564633,inf,,,0.24481724901751525
132,,0.0,0.0,1.4706360495266022,1.2455901324833152,0.9427914238896465,0.017715634441373283,0.04382145480997371,,,0.6068309995095971,inf,,,0.18820882738962438
133,,0.0,0.0,0.2619748448837403,0.2547992470300386,0.9489082102371026,0.03263465805166807,0.06500713462614488,,,0.6038851895711802,inf,,,0.22322162693824932
134,,0.0,0.0,0.31347238570933617,0.236948553195222,0.856750046304794,0.0195856904423411,0.02724280834318246,,,0.6153451465759925,inf,,,0.22642044036731007
135,,0.0,0.0,0.37423311764638073,0.3316517283898025,0.7356666898111573,0.1998510965231979,0.16357568779213075,,,0.5915533975974677,inf,,,0.3055949931141367
136,,0.0,0.0,0.5860554106432109,0.5290910673660024,0.8199784109426779,0.3901125101046947,0.3387748359673621,,,0.5915533975974677,inf,,,0.27072119065503514
137,,0.0,0.0,0.7160085090239896,0.7029286545521414,0.8315620040640668,0.38884354807803684,0.3531801550170648,,,0.5978297680564633,inf,,,0.2512665996211811
138,,0.0,0.0,0.35248946034816026,0.257598520198401,0.6373419301655076,0.3756601063970271,0.3151801140119313,,,0.5490601803369085,inf,,,0.3133290688751905
139,,0.0,0.0,0.2933224123996716,0.260563203182487,0.416202104813425,0.22217978828577506,0.1448111948008443,,,0.6153451465759925,inf,,,0.32386244811568715
140,,0.0,0.0,0.08467349851939515,0.07131320941360117,0.5714508037139636,0.033484482558525215,0.03788685676285646,,,0.6528756675646988,inf,,,0.35379979391859473
141,,0.0,0.0,0.08005251731566218,0.05962450404797309,0.7832359462602884,0.015082547728147922,0.02539909102128589,,,0.6180765742263259,inf,,,0.2203369740891003
142,,0.0,0.0,1.249312637004055,1.1598477279366277,0.8265130509196118,0.0070622156675495765,0.013933729683374791,,,0.6284777104787076,inf,,,0.1756393716258174
143,,0.0,0.0,0.913682238841558,0.8899776421136151,0.8984415728005679,0.0062207421823490235,0.012910003069742715,,,0.6309483474627791,inf,,,0.17959263319902266
144,,0.0,0.0,0.06698765724152846,0.04607631742583555,0.569511818693097,0.024111499797153498,0.02796502744355905,,,0.6180765742263259,inf,,,0.3824920163699594
145,,0.0,0.0,0.04466961139416602,0.03343268123674966,0.6505137542435302,0.020483439908098724,0.014313102746242038,,,0.675384900321601,inf,,,0.3636295235579495
146,,0.0,0.0,0.15181554680464496,0.13545333456297248,0.6229240858490672,0.06101474979439481,0.07893568947595374,,,0.6357360191111145,inf,,,0.3646083242466571
147,,0.0,0.0,1.3357400002337179,1.1966327815143993,0.948259599678168,0.008512308931745271,0.02372871379220274,,,0.6403206450210053,inf,,,0.1986158966339778
148,,0.0,0.0,0.08467349851939517,0.044418641314331195,0.7498464357904183,0.022792029780714273,0.03738218684509573,,,0.6309483474627791,inf,,,0.34562762439998174
149,,0.0,0.0,0.16280166969132606,0.1317744200687101,0.7789569140442657,0.05778609641879428,0.08789938823567883,,,0.5783247308855777,inf,,,0.3605217718836695
150,,0.0,0.0,0.08467349851939515,0.049850263327090014,0.8138448607059804,0.030485984432626095,0.04291371933633169,,,0.6038851895711802,inf,,,0.33223979722791386
151,,0.0,0.0,0.08467349851939515,0.06851096170583319,0.7582011799137813,0.025716787555000994,0.02452431558421643,,,0.6333676938231112,inf,,,0.31218585925915254
152,,0.0,0.0,0.06236667603779548,0.04182764909851385,0.7391893432278318,0.02327898040755426,0.039449744554391354,,,0.6233814453054027,inf,,,0.3345530713264137
153,,0.0,0.0,0.06236667603779547,0.040083001311490084,0.8029577938124144,0.01815841198814399,0.027094290889369235,,,0.62595550513784,inf,,,0.3477910904277252
154,,0.0,0.0,1.3321263339092415,1.074303445413835,0.9563738303688224,0.006535967641116959,0.012894790806384338,,,0.6528756675646988,inf,,,0.17624417653214844
155,,0.0,0.0,0.2602724759225059,0.22489475978584267,0.7248252766614328,0.11224278922653881,0.10853176787075118,,,0.6403206450210053,inf,,,0.3429267562948014
156,,0.0,0.0,0.5173010016847941,0.4815087564578144,0.6885887538873912,0.2319216136927327,0.19106256889827675,,,0.581717464821069,inf,,,0.33059570335738325
157,,0.0,0.0,0.6714192834992404,0.5777051393751294,0.7473357338057605,0.42982179500471007,0.2833584137473124,,,0.6068309995095971,inf,,,0.2823147078236668
158,,0.0,0.0,0.545260486910819,0.47807667930489745,0.6108995455004722,0.6620930520930013,0.4564332113874662,,,0.6097226960127671,inf,,,0.2936744944317249
159,,0.0,0.0,0.9539383056068138,0.923811520725035,0.8408191548571271,1.1935676883558977,0.8974138027791034,,,0.6097226960127671,inf,,,0.2414349895259836
160,,0.0,0.0,1.014717181829135,0.9539073707618397,0.8247947331044221,1.727743856553083,1.840679931686957,,,0.6584896970785714,inf,,,0.23220823997490359
161,,0.0,0.0,1.168864066505972,1.1050094694321724,0.8553820913522496,1.4845940659903252,1.5346328577482238,,,0.6284777104787076,inf,,,0.2320611215145164
162,,0.0,0.0,1.0853835606161621,1.0185679881487204,0.9026935213170326,1.3809792788468283,1.2861462762305689,,,0.6357360191111145,inf,,,0.22116178894992106
163,,0.0,0.0,0.6855884109768048,0.654382120308006,0.7564891550214149,1.4937098062884064,1.5532918419807316,,,0.6207552362147116,inf,,,0.26455572578952086
164,,0.0,0.0,0.9088977968778781,0.8489065501290347,0.8378340799603364,1.2178430750586418,1.2260814887879046,,,0.6097226960127671,inf,,,0.23906748472219866
165,,0.0,0.0,0.7778700131206416,0.7305699091946587,0.8854093734562752,1.2308567870113007,1.2101087253750593,,,0.6425374456860184,inf,,,0.2891934291014863
166,,0.0,0.0,1.1664669891137611,1.134857581691921,0.8548836111572866,1.4388191304263107,1.1826223692942905,,,0.62595550513784,inf,,,0.2462957931041972
167,,0.0,0.0,1.150975314769844,1.0954604660513902,0.9286036279626858,1.690065021805916,1.6425847425128333,,,0.6333676938231112,inf,,,0.24682840388023058
168,,0.0,0.0,0.9949605209032557,0.9672217836234616,0.9175633749871908,1.5642236986384932,1.411408798590056,,,0.6233814453054027,inf,,,0.22192017156450355
169,,0.0,0.0,1.2099090760357087,1.183033455667322,0.884076655074424,1.2494740435954281,1.250437128874809,,,0.6509067234006624,inf,,,0.22800314764810303
170,,0.0,0.0,1.0320569002802464,0.9757746435661102,0.8858450948696749,1.3913541750079008,1.3437202599230722,,,0.6180765742263259,inf,,,0.25293180707154495
171,,0.0,0.0,1.4747683302746772,1.3535764268722388,0.9110182244647056,1.6712878662626898,1.443052447618259,,,0.6509067234006624,inf,,,0.2358870941026256
172,,0.0,0.0,1.6632597748046694,1.5722330636732795,0.8357475006553421,2.0025830305073744,2.2175545546246975,,,0.6509067234006624,inf,,,0.19251632966947416
173,,0.0,0.0,1.6711529464622294,1.4885323450924857,0.8316834672706747,1.7879507128616408,1.5347169598134547,,,0.6068309995095971,inf,,,0.20212864422431523
174,,0.0,0.0,1.1540125883124952,1.1375643860434597,0.9017928512015818,1.476390135484546,1.2380846780677865,,,0.6008849035917525,inf,,,0.2650995461630767
175,,0.0,0.0,0.8312242242840707,0.8158514073860662,0.8807224118428075,1.2847299843545719,1.076793145033501,,,0.6180765742263259,inf,,,0.2989982578779879
176,,0.0,0.0,1.151769105375181,1.0365367556113048,0.8748424872494669,1.5191411042029905,1.0868549022348568,,,0.6425374456860184,inf,,,0.22952166607633187
177,,0.0,0.0,1.29393001317225,1.2410988941762264,0.8748441432442416,1.5579569416755943,1.1849077050735901,,,0.6097226960127671,inf,,,0.2352347870960397
178,,0.0,0.0,1.1135559983632546,1.0150794348789711,0.8835025151977538,0.9972722580100882,0.6663120797813727,,,0.648888643467878,inf,,,0.2686324630476739
179,,0.0,0.0,0.9949155317875731,0.8826405959582341,0.818140043146177,0.829884246922153,0.6023480156624236,,,0.5883313578629602,inf,,,0.26775408258884564
180,,0.0,0.0,0.8391563412240682,0.7810178469828191,0.8476429893715578,1.3833589441149694,1.26249914697176,,,0.6357360191111145,inf,,,0.25437049048612304
181,,0.0,0.0,0.6796562706497078,0.6509850256272479,0.8651704361962264,1.154456807687375,1.1053497480689394,,,0.6333676938231112,inf,,,0.25085379982217004
182,,0.0,0.0,0.49813944728562887,0.4486754526918568,0.8508504205124695,1.1062973381811572,1.0470576607599078,,,0.6284777104787076,inf,,,0.2698738582945357
183,,0.0,0.0,0.6149614421597035,0.5792462004051904,0.846716251341249,0.9638937544624954,0.9077436627844246,,,0.6547956803312163,inf,,,0.260113577811044
184,,0.0,0.0,0.564514422549,0.5156852811731026,0.8866845429985515,0.9095415957207813,1.0008720863412344,,,0.6309483474627791,inf,,,0.2550754449580482
185,,0.0,0.0,0.3629345687299664,0.33472656300217696,0.8452508147875543,0.6944004375836966,0.5761480827847829,,,0.6403206450210053,inf,,,0.277181101436463
186,,0.0,0.0,0.2718374830618747,0.2388511742136452,0.7871359640938806,0.4541946101657324,0.3853905747040186,,,0.6097226960127671,inf,,,0.2818590878226225
187,,0.0,0.0,0.49517197430885435,0.4213777350059821,0.8834222343218169,0.6655365323876913,0.5363952371655303,,,0.6309483474627791,inf,,,0.2658380999643668
188,,0.0,0.0,0.2299005062057301,0.20083030038350777,0.7020317046845307,3.0451837449648074,0.6490250492301395,,,0.6509067234006624,inf,,,0.25661781897313896
189,,0.0,0.0,0.3681733900675466,0.32932799838852556,0.7780525405422349,2.796923803756487,0.4478391728881763,,,0.6233814453054027,inf,,,0.2671473745795601
190,,0.0,0.0,0.5138434563254526,0.45291373756261344,0.8413210293015742,0.7241512194453887,0.6002147918827455,,,0.6008849035917525,inf,,,0.23373300164311242
191,,0.0,0.0,0.7507248987198856,0.6829924813424426,0.8464031877030063,0.4139919561091685,0.4001235035420112,,,0.6180765742263259,inf,,,0.2446793386733507
192,,0.0,0.0,0.4720868534239917,0.42664850054083997,0.7803929689010689,0.6107574358306725,0.5418098267526503,,,0.6652988471865258,inf,,,0.268562230615474
193,,0.0,0.0,0.8345946771430108,0.7706363649137956,0.7651451045236427,0.7667748474563917,0.7125977831876918,,,0.6425374456860184,inf,,,0.2714886660735491
194,,0.0,0.0,0.5903618360640117,0.4938557581134746,0.8541897381752797,0.7208540753592138,0.6782386178905371,,,0.6233814453054027,inf,,,0.25713361166015897
195,,0.0,0.0,0.5865443318575454,0.5337068460741294,0.8771860362571516,0.3712249387575774,0.3423723245008151,,,0.62595550513784,inf,,,0.26693934624783333
196,,0.0,0.0,0.8359109531606579,0.7369366630201676,0.8366336979112592,0.6385663619119392,0.524223372076388,,,0.6153451465759925,inf,,,0.22804520491449135
197,,0.0,0.0,0.5255908848276468,0.47919024071088157,0.8083728339904155,0.296357775832625,0.23617498235117368,,,0.581717464821069,inf,,,0.25818494807987363
198,,0.0,0.0,0.316300716912178,0.2726412126974156,0.7903559550088862,0.1688856363321288,0.18835608305033832,,,0.5947193981915972,inf,,,0.29139933573827154
199,,0.0,0.0,0.34757161183154694,0.3168572974397269,0.8771351809742377,0.3844674706354976,0.4529266988537459,,,0.6233814453054027,inf,,,0.2850700831365571
200,,0.0,0.0,0.5636944896508324,0.5024640877736976,0.8040699971032554,0.524760455216039,0.5466126678571677,,,0.5915533975974677,inf,,,0.26960200246455
201,,0.0,0.0,1.2560438617553198,1.1085542367599368,0.8635021262716782,1.0007688480274475,0.8101047635056076,,,0.581717464821069,inf,,,0.22008047323453822
202,,0.0,0.0,1.2578069744600346,1.2218877443532818,0.8318368993239137,1.8107410942855566,1.1427194542675478,,,0.6309483474627791,inf,,,0.23290149995318735
203,,0.0,0.0,1.0232154485827019,1.0017349846016608,0.7728321320694378,1.7744659916020118,1.5046709950803667,,,0.648888643467878,inf,,,0.2291533813506859
204,,0.0,0.0,0.7193393687793496,0.6825405249372589,0.8174433940959988,1.1031326385612443,0.8381197749051257,,,0.5915533975974677,inf,,,0.273322200801382
205,,0.0,0.0,0.9088072632104633,0.8928971015532021,0.7957401655570653,0.862393010887272,0.5311900849242049,,,0.6068309995095971,inf,,,0.2994562150281516
206,,0.0,0.0,1.0594994380282303,0.9751401311520231,0.8701615772019059,1.02023486049774,0.7029271547808582,,,0.6309483474627791,inf,,,0.24293279924417763
207,,0.0,0.0,1.280903624279591,1.2394611243626044,0.8890530111357983,1.773662143287112,1.8281480200793967,,,0.6207552362147116,inf,,,0.2234310588540824
208,,0.0,0.0,1.5192880689761432,1.3413090964799887,0.7852511078542607,1.859973780036505,1.737489795007716,,,0.6097226960127671,inf,,,0.208907974722066
209,,0.0,0.0,1.4892965831456821,1.314710660604321,0.917494329181448,1.6262277635336626,1.5967913771911924,,,0.6153451465759925,inf,,,0.20317285826562823
210,,0.0,0.0,1.3958991796336828,1.3334234115727899,0.8831262428018165,2.1174073238145876,1.878375902450549,,,0.5915533975974677,inf,,,0.20263554239028606
211,,0.0,0.0,1.0881697139099282,1.0252545719648096,0.9484903555119965,2.099051000295152,1.6329161991681262,,,0.6509067234006624,inf,,,0.21379298191496668
212,,0.0,0.0,1.051122271388533,1.0238203647757236,0.7862496870941381,1.9239211021059708,1.23872438641351,,,0.6207552362147116,inf,,,0.28376106321525196
213,,0.0,0.0,1.3658692539242434,1.3375079410921114,0.8535115401493362,1.808857673382423,1.5628984314907743,,,0.6180765742263259,inf,,,0.3311724175517958
214,,0.0,0.0,1.2886476225804055,1.244421715966403,0.900991234512019,1.977948715250581,1.5274013472641348,,,0.6153451465759925,inf,,,0.2822414574351774
215,,0.0,0.0,1.3827395443965453,1.294146695793492,0.894568797474589,1.73146037408982,1.2990567943441134,,,0.6125606311107803,inf,,,0.24740716421262116
216,,0.0,0.0,0.9831820588044196,0.8836390629013657,0.937316490599947,1.5305965671762267,1.3586159812514087,,,0.6333676938231112,inf,,,0.31326527590938724
217,,0.0,0.0,1.280416970486841,1.1734738288268245,0.9315039806999053,1.482717950298141,1.2327274451565362,,,0.5947193981915972,inf,,,0.28524863946339263
218,,0.0,0.0,1.3772870741437397,1.3254961062756532,0.9214028588501377,1.9435908655050722,1.5796153932599482,,,0.5978297680564633,inf,,,0.24533476525240874
219,,0.0,0.0,1.151843038675494,1.1056674489652414,0.77497653005093,1.3445409598336457,0.9753822876023863,,,0.6357360191111145,inf,,,0.23214783579574072
220,,0.0,0.0,0.7317057530641304,0.6895140310555361,0.7999637514936097,0.9672774519824702,0.8872072163616417,,,0.6284777104787076,inf,,,0.3424652345093873
221,,0.0,0.0,0.3272526373273481,0.27542107667219135,0.8207515366899578,1.0031316150757665,0.8262014298708169,,,0.585052858160615,inf,,,0.4204778458950925
222,,0.0,0.0,0.8578971204073876,0.7916794780078434,0.7817748922957731,0.8601332236037821,0.83067070456413,,,0.6333676938231112,inf,,,0.23611090915205557
223,,0.0,0.0,1.179512076055162,1.1058436098212672,0.8407231459697583,0.8268581529546054,0.9096886119600486,,,0.6068309995095971,inf,,,0.2612370533321655
224,,0.0,0.0,0.8872591890247233,0.830739557019869,0.8807861613493868,0.9939452795178033,0.8503451624223297,,,0.6509067234006624,inf,,,0.2715602208024876
225,,0.0,0.0,0.9720340739740454,0.8880122024574487,0.8647838837403928,0.934420443246411,0.7381037344090458,,,0.585052858160615,inf,,,0.24672626084698765
226,,0.0,0.0,1.0165225974384018,0.955324275755817,0.8471614599821428,0.9575821380606719,0.6963666875372805,,,0.6284777104787076,inf,,,0.30718734430585654
227,,0.0,0.0,0.8971308194506206,0.8563439799031285,0.8618627133891733,0.9056943202607591,0.6705791166157107,,,0.5978297680564633,inf,,,0.31949472126641704
228,,0.0,0.0,0.594091361629429,0.5493660341411538,0.8814015534040964,0.9351343811393806,0.8842947559675277,,,0.6008849035917525,inf,,,0.3020693090532581
229,,0.0,0.0,0.9442072210337562,0.86146873811331,0.8438549623694197,1.0697407850008243,0.913883313163965,,,0.5947193981915972,inf,,,0.2743468776740503
230,,0.0,0.0,1.0816023977270772,1.0043137717272157,0.813857393273574,1.3214831176693842,1.1132255229367816,,,0.6153451465759925,inf,,,0.32718185785166287
231,,0.0,0.0,0.9963320992025815,0.9580199227471686,0.852483434559544,1.366023751278512,1.0743650610408457,,,0.6125606311107803,inf,,,0.2970271246832423
232,,0.0,0.0,1.0201095832119924,0.9959033466668517,0.9067017731782828,1.176362068785885,1.1570415952343651,,,0.5490601803369085,inf,,,0.3016380223917117
233,,0.0,0.0,0.8794861526626665,0.810263547897615,0.9094088236204956,1.0716575809262492,0.8498940581963164,,,0.5677978065141052,inf,,,0.34896499780712376
234,,0.0,0.0,1.0554440709447985,0.995946319373235,0.8210987314961604,1.224776454718232,0.8966109680825014,,,0.6038851895711802,inf,,,0.3582738274187044
235,,0.0,0.0,0.9900268017227245,0.9068068981670493,0.8736132975673347,1.5861681891956876,1.1710243070094817,,,0.62595550513784,inf,,,0.38445476614197593
236,,0.0,0.0,0.8094119186621176,0.775993126386996,0.6988865139670983,0.898458597329296,0.7760829112163756,,,0.581717464821069,inf,,,0.3331320596092773
237,,0.0,0.0,0.9340060353117992,0.8323301324475557,0.891875150701333,1.4158484382411554,1.288047398759465,,,0.5915533975974677,inf,,,0.3133255152825313
238,,0.0,0.0,0.5848834723871832,0.37189171950409194,0.5752016283763435,0.8692973914899048,0.7213462716891827,,,0.6233814453054027,inf,,,0.28140132699637443
239,,0.0,0.0,0.9281599962493158,0.8911452937858787,0.7868137530711754,0.7794360008595269,0.8398811609347622,,,0.6380535849069913,inf,,,0.2281196382664405
240,,0.0,0.0,0.6649423468505367,0.5803131125508468,0.7920665488836167,0.9769458956774821,1.069313506643951,,,0.6153451465759925,inf,,,0.3067787886891617
241,,0.0,0.0,0.9485974371696774,0.8999138426078783,0.9218855270466382,1.1832090163249134,1.2874048293226934,,,0.6403206450210053,inf,,,0.28437513993017166
242,,0.0,0.0,0.896736385447225,0.8835655159226278,0.7568832880076204,1.2272252372765864,1.0852956407815637,,,0.5947193981915972,inf,,,0.31001434799208555
243,,0.0,0.0,0.6622248542899503,0.4980308189547737,0.8929449249254414,0.9139083922530374,0.9041412724605783,,,0.6068309995095971,inf,,,0.3382955111922427
244,,0.0,0.0,1.0151167845094453,0.9077415468293691,0.9212898916106642,0.7915274270594163,0.611878328138349,,,0.6097226960127671,inf,,,0.24325685186728846
245,,0.0,0.0,1.055250393655491,0.9807407565887638,0.8890185841151895,0.6904304746079513,0.5960385180350506,,,0.6038851895711802,inf,,,0.26856657823898555
246,,0.0,0.0,0.5640025227321126,0.5254153824110627,0.8560641300680182,0.5832589336468506,0.662028134473182,,,0.6038851895711802,inf,,,0.2985464421405694
247,,0.0,0.0,0.6495331430563368,0.6173517405283256,0.7011691034019806,0.8264661881637869,0.7477333501783583,,,0.5883313578629602,inf,,,0.27901095168801143
248,,0.0,0.0,0.5444200139486567,0.5128498803840125,0.8356044797331349,1.1487361765771942,1.0636899006594969,,,0.581717464821069,inf,,,0.3605430173804403
249,,0.0,0.0,0.7295426621150451,0.70619834030322,0.8483345944997748,0.8479603952882219,0.7520597957874539,,,0.6380535849069913,inf,,,0.35427446147780534
250,,0.0,0.0,0.8241839263545693,0.7655596775357322,0.8344272477041,1.4371699107294988,1.1686807086372877,,,0.6447042257417027,inf,,,0.34788350431242787
251,,0.0,0.0,1.0778568936041528,1.060711368613884,0.8883681295179537,1.7530484269714597,1.6156250760490363,,,0.6068309995095971,inf,,,0.30279117859388327
252,,0.0,0.0,1.3354123964186675,1.2783063543799902,0.8882830371145465,1.2482147981597842,0.8982283847977737,,,0.5883313578629602,inf,,,0.27015776753562715
253,,0.0,0.0,1.0123666391893194,0.763540145700356,0.8678110071011021,0.708611628735266,0.607175267595603,,,0.6008849035917525,inf,,,0.28365685803321133
254,,0.0,0.0,0.5476743501739578,0.47317557159576573,0.8410571502991718,0.3445291107286085,0.39806866650690315,,,0.6284777104787076,inf,,,0.3145106213563251
255,,0.0,0.0,0.27979550255740415,0.1912792691732624,0.7554320281837887,0.2835862551193951,0.25171442086600954,,,0.6125606311107803,inf,,,0.3656270953422507
256,,0.0,0.0,0.27979550255740415,0.2411015294980142,0.7563459247783375,0.440953373052573,0.4293327603523708,,,0.6125606311107803,inf,,,0.36448364427164026
257,,0.0,0.0,0.545016228705453,0.4653369583979854,0.8631719784128945,0.8735057194184876,0.796797023461422,,,0.6207552362147116,inf,,,0.44249896378415066
258,,0.0,0.0,0.5823041684572484,0.5063944589760603,0.8940666069156179,1.1181422490260855,1.0172892314884436,,,0.6403206450210053,inf,,,0.33008924358795727
259,,0.0,0.0,0.9543742853877948,0.9134344543665606,0.8680377693872999,1.4473002098798804,1.1053028677413153,,,0.6357360191111145,inf,,,0.2783571957295842
260,,0.0,0.0,1.01694799247734,0.9722019256584898,0.9207500341523095,2.0026315362781446,1.5116160150561124,,,0.5783247308855777,inf,,,0.24273468309600923
261,,0.0,0.0,1.0595832645204977,0.9819125205652305,0.8899697012628655,1.4623704853141584,1.2484343614627538,,,0.6097226960127671,inf,,,0.25729093175844553
262,,0.0,0.0,0.9690529617460145,0.9315976289034623,0.8277109697939954,1.1274980357845592,1.1017507046022195,,,0.5604843169999094,inf,,,0.2969360573134815
263,,0.0,0.0,0.737975265887471,0.70918162070535,0.8430175300685024,1.181487663645565,1.126378059025415,,,0.5641709578113449,inf,,,0.2815383420129731
264,,0.0,0.0,0.8178836893029126,0.8021380969573363,0.8264771930463831,1.4761260414197983,1.1690709557133259,,,0.6425374456860184,inf,,,0.30829459911357454
265,,0.0,0.0,0.6797591490895795,0.645758704561127,0.7851407144233415,0.6914546211909027,0.5709830497091115,,,0.585052858160615,inf,,,0.3233823236222039
266,,0.0,0.0,0.5163601813023971,0.44605671492553933,0.8830329482347704,0.5845985903757998,0.42003478269519945,,,0.5915533975974677,inf,,,0.3295811841089716
267,,0.0,0.0,0.47232732259712823,0.4293854211412855,0.7954108119760027,1.0190681246845235,1.0390708792197463,,,0.6180765742263259,inf,,,0.3151453224722375
268,,0.0,0.0,0.8884907159508246,0.7409023363851462,0.7899567915183578,0.7659084645367127,0.6265612370523701,,,0.6153451465759925,inf,,,0.26541074515220564
269,,0.0,0.0,1.0157616668972358,0.9523167034391119,0.8672023021741828,1.0860174832791802,0.8735056585760361,,,0.6180765742263259,inf,,,0.2504072862584509
270,,0.0,0.0,0.9704986520412721,0.9637961721216287,0.7576356421173353,0.6932427297696534,0.4975352013730744,,,0.62595550513784,inf,,,0.23862246463249154
271,,0.0,0.0,0.7168839069494306,0.6459430602849796,0.8381086669630577,0.6440948487636855,0.5745804512210975,,,0.5947193981915972,inf,,,0.37906664360773784
272,,0.0,0.0,0.5416019008897159,0.5104102633090115,0.8130402018894536,1.1244921226346,1.2222119864788965,,,0.6207552362147116,inf,,,0.3296152654100447
273,,0.0,0.0,0.40550066947838453,0.3541392409211716,0.901078189801539,1.1004098023088114,1.1781640526453974,,,0.6333676938231112,inf,,,0.3400480337123952
274,,0.0,0.0,0.8187646649733744,0.6387255411207269,0.8290492152486538,1.1414882349798439,0.9343945446435453,,,0.6333676938231112,inf,,,0.27955083735724345
275,,0.0,0.0,0.9436501278083537,0.9091511854591839,0.8927665813524678,1.5218344955660734,1.3315352715223512,,,0.6447042257417027,inf,,,0.295780421608605
276,,0.0,0.0,0.9577076527428772,0.8822896938203098,0.8654819821749278,1.2648601245278697,1.1976667214683563,,,0.6180765742263259,inf,,,0.2614599960698469
277,,0.0,0.0,1.0978358330610651,1.0799586728653598,0.8585728571985844,1.2460550711373455,0.9991977235131295,,,0.6180765742263259,inf,,,0.24055906928299087
278,,0.0,0.0,0.7797726915682863,0.6919644556474878,0.7204301949063312,0.8244452853884745,0.5628777454292051,,,0.552929491858785,inf,,,0.25759062396863186
279,,0.0,0.0,0.34900113938972993,0.23491617385209435,0.9378559997404211,0.28212275555613964,0.4680268156294275,,,0.45235697871908603,inf,,,0.3287255691103841
280,,0.0,0.0,1.1714567518460488,1.0903417287787405,0.8415180387400081,0.7510754331094187,0.38054277906711387,,,0.5641709578113449,inf,,,0.22121508983139648
281,,0.0,0.0,1.140045918881329,0.9337783625353661,0.8369272030757623,0.867586426254245,0.5338890624779412,,,0.5490601803369085,inf,,,0.2747263189546846
282,,0.0,0.0,0.6713197971446075,0.4970857280876931,0.922957353321486,0.5253483577830654,0.5672037340870254,,,0.41861278947482794,inf,,,0.36691154664652104
283,,0.0,0.0,0.45669322233660925,0.3950680326391008,0.8895765935945567,0.6059826173440934,0.5098840536109746,,,0.4928685327679205,inf,,,0.4183292463608133
284,,0.0,0.0,0.38368854097900307,0.3410629458944544,0.759587798927426,0.5271464250445711,0.4591921812051225,,,0.5370774965580548,inf,,,0.45159466890373245
285,,0.0,0.0,0.6884339835841622,0.6151090072387776,0.826205891041489,0.9889722135996152,0.8390877414595579,,,0.6097226960127671,inf,,,0.3366315491851676
286,,0.0,0.0,0.9810135453841433,0.8918776111067412,0.7531709602276939,1.0185770392483735,0.7741165714342331,,,0.6180765742263259,inf,,,0.2461703483683061
287,,0.0,0.0,0.9536148617830804,0.7815643220593075,0.9194223648821472,0.7107302455939463,0.740684715096398,,,0.5947193981915972,inf,,,0.2581311139251861
288,,0.0,0.0,0.388458916892572,0.32182698310551366,0.5541309526793881,0.21920689979687624,0.20169366800977098,,,0.6333676938231112,inf,,,0.33504219481731984
289,,0.0,0.0,0.2424924377447815,0.21972014244393345,0.6156055830905699,0.24329802089745434,0.16718474050940638,,,0.6566669596287297,inf,,,0.41462062168829295
290,,0.0,0.0,0.40991439065305546,0.36679221368044174,0.6680234797814171,0.5801295951888581,0.5002370719966022,,,0.581717464821069,inf,,,0.34084971291498356
291,,0.0,0.0,0.5661965599669324,0.5156294210234932,0.9042915811932501,0.987553922658677,1.109179352060103,,,0.6008849035917525,inf,,,0.3344570870229586
292,,0.0,0.0,1.0692463148160058,1.0462208988225803,0.7393926148328551,1.1336301530507915,0.9036974915236968,,,0.5947193981915972,inf,,,0.2896453955144111
293,,0.0,0.0,1.0082915544776956,0.9259121890248808,0.8947328346495742,0.9451432012748557,0.6966441503180457,,,0.6068309995095971,inf,,,0.2955248057432372
294,,0.0,0.0,0.6744122132559023,0.53949306538816,0.8049903147060223,0.8509112157440983,0.787608586859406,,,0.5783247308855777,inf,,,0.31917199502509186
295,,0.0,0.0,0.25717791297430465,0.20539380881348124,0.8072279338107268,0.9505042301813892,0.9244664234171558,,,0.6309483474627791,inf,,,0.3507094539370028
296,,0.0,0.0,0.600985002009917,0.5652205243257399,0.6213654745119801,0.17975982699457782,0.12578606551460303,,,0.6038851895711802,inf,,,0.24254208736133145
297,,0.0,0.0,0.3861507561239234,0.2939760467140065,0.7805940363984142,0.7023507896949995,0.49900484871717254,,,0.5978297680564633,inf,,,0.36293501168196896
298,,0.0,0.0,0.4926759155881092,0.4047394746000818,0.8236778016514361,0.6197897485680651,0.5753934916146988,,,0.5978297680564633,inf,,,0.30441102284793725
299,,0.0,0.0,0.5863647470755398,0.563766153601236,0.8667581831297557,0.8353677569733601,0.7704540237424048,,,0.6068309995095971,inf,,,0.39329610333462056
300,,0.0,0.0,0.7264950249373998,0.7051346495331641,0.773339999834215,0.8509118628102492,0.7057662889972942,,,0.5713653840954815,inf,,,0.3886344974239152
301,,0.0,0.0,0.5646353960595011,0.47370754559283895,0.824827145699762,0.7409112457582299,0.680066658440933,,,0.6153451465759925,inf,,,0.41452631475616347
302,,0.0,0.0,0.5825202188040983,0.5479550488846544,0.8765773197237038,1.000678873610729,0.9601928048779456,,,0.5947193981915972,inf,,,0.3823569473551105
303,,0.0,0.0,0.885954218065144,0.7863565175650631,0.9025601372769879,1.0009553255370076,0.8567361743673416,,,0.5947193981915972,inf,,,0.2810812981817464
304,,0.0,0.0,0.9340712468853333,0.8995995234054617,0.8765820939081562,1.2512605378798125,1.1007505243553517,,,0.6468212168108125,inf,,,0.29592597725632636
305,,0.0,0.0,0.7451799896323044,0.6543835442958649,0.8934289768830551,1.297937283988805,1.112963004387524,,,0.6180765742263259,inf,,,0.30407973574356817
306,,0.0,0.0,0.8315207101870646,0.7555862270356645,0.9290438995991419,1.4234732262026413,1.1538122548697092,,,0.6068309995095971,inf,,,0.3249850876973654
307,,0.0,0.0,0.8598772272116717,0.8229659771628353,0.8402066821051152,1.239168099096675,0.9578253941250645,,,0.62595550513784,inf,,,0.2782781273651526
308,,0.0,0.0,0.6774407681781361,0.6419538757068838,0.8848636150014301,0.9433250529340952,0.8209296570844663,,,0.5915533975974677,inf,,,0.3017883166402759
309,,0.0,0.0,0.49390021940774514,0.449693865496481,0.80711667685897,0.8387750374905114,0.7823173694417107,,,0.5883313578629602,inf,,,0.3029758735467378
310,,0.0,0.0,0.6502593386486296,0.6097141220232903,0.85155170876182,0.9655113735003246,0.9296098762989577,,,0.6207552362147116,inf,,,0.33450414401152534
311,,0.0,0.0,0.7194713240991855,0.6664420049321732,0.7659268395193735,1.210768185683393,1.2186406827222183,,,0.5915533975974677,inf,,,0.3560600016393386
312,,0.0,0.0,0.6464433598413963,0.590203775977802,0.8201757892602859,0.8954386789665085,0.7779127038492374,,,0.6309483474627791,inf,,,0.3565796895043774
313,,0.0,0.0,0.5457460161670281,0.4754963189784839,0.8140214192161656,0.7278753087441497,0.644508141645006,,,0.6008849035917525,inf,,,0.4076291857956903
314,,0.0,0.0,0.2415905157296187,0.20233570332045753,0.7725493134246728,0.5810296787426521,0.5154366068446682,,,0.5748741956352443,inf,,,0.35575963407716266
315,,0.0,0.0,0.21938644120914816,0.17847834304813728,0.7621344970520137,0.7674349516769051,0.7732102679737787,,,0.585052858160615,inf,,,0.3283028729253179
316,,0.0,0.0,0.22976106386191675,0.20179868011177327,0.8709716736402545,0.5794331678551553,0.6054945438866809,,,0.6447042257417027,inf,,,0.35376898520187267
317,,0.0,0.0,0.35715499755301844,0.23797001362259002,0.7623369440370588,0.8895129700007051,0.6026323492963856,,,0.6233814453054027,inf,,,0.37900957540455615
318,,0.0,0.0,0.858003545602494,0.7705265257267587,0.8208687465532655,0.8600065840385984,0.7677578245760162,,,0.6097226960127671,inf,,,0.3034015892937363
319,,0.0,0.0,0.6801526315004365,0.5451485475840578,0.8520924571581863,0.9614509127282356,0.7627664051051128,,,0.6207552362147116,inf,,,0.29859119661907996
320,,0.0,0.0,0.4911262845086877,0.44707670776300124,0.77158271737456,0.6505290496581129,0.6065719847264943,,,0.5748741956352443,inf,,,0.3002891254583433
321,,0.0,0.0,0.6827183256959408,0.6441182394642013,0.7744500063267898,0.8924659329194021,0.8104310937070263,,,0.5677978065141052,inf,,,0.3327088317944002
322,,0.0,0.0,0.6417978950867363,0.6204312497709672,0.8073918441441067,0.750032495352381,0.6605508933428448,,,0.6097226960127671,inf,,,0.2788285317791351
323,,0.0,0.0,0.40441227352251846,0.3784309722170225,0.8140994998439359,0.8937694698046194,0.9004160082077918,,,0.6097226960127671,inf,,,0.35104670873643623
324,,0.0,0.0,0.970381006680195,0.9041069344883477,0.7984031035334277,1.3323903988329946,1.1488952104305203,,,0.6097226960127671,inf,,,0.3272584158560911
325,,0.0,0.0,1.1417670695193018,1.0567747716133291,0.7786733181766036,1.3543631680002914,1.0688779305714728,,,0.5783247308855777,inf,,,0.2846124212158449
326,,0.0,0.0,0.778480121001618,0.6376049657683016,0.8728258707187556,0.8087031438035139,0.6559941092898957,,,0.5677978065141052,inf,,,0.30354543271615975
327,,0.0,0.0,0.6314358629185979,0.5758075060742167,0.8970546561043846,0.37584668062218896,0.4052377126118582,,,0.5113665138247345,inf,,,0.3637507310548986
328,,0.0,0.0,0.8183971729329421,0.7797397139965837,0.8328412130452695,1.0320630945722655,0.9587434812268922,,,0.6153451465759925,inf,,,0.29547686121600153
329,,0.0,0.0,0.43278893714454436,0.37571476715498603,0.7325603020929768,0.6383414602414548,0.6482749718065869,,,0.6447042257417027,inf,,,0.2866849929277698
330,,0.0,0.0,0.17287203109334173,0.14465230385995173,0.7350002963815208,0.3421313470608283,0.38976330891260197,,,0.6008849035917525,inf,,,0.29562655185699227
331,,0.0,0.0,0.17293301827745555,0.14795392961740877,0.8719740078348649,0.3592442038587108,0.4197691508859918,,,0.5883313578629602,inf,,,0.3362432987136941
332,,0.0,0.0,0.10234807851457903,0.07838882486406017,0.8539484645885346,0.5328277847893896,0.5814415074264108,,,0.6038851895711802,inf,,,0.2930852381849795
333,,0.0,0.0,1.3639699286954015,1.3113717757177676,0.7799180091444672,0.6068656446179876,0.6675358152899217,,,0.6153451465759925,inf,,,0.20260259827105315
334,,0.0,0.0,0.1683719286747565,0.15653479657740818,0.7669330432713676,0.32541185869211525,0.34836617693512884,,,0.6233814453054027,inf,,,0.2118031739502643
335,,0.0,0.0,0.3145290872414563,0.26496017201266236,0.8184432907230864,0.6037540069144383,0.5478642760442431,,,0.6403206450210053,inf,,,0.27392157371425113
336,,0.0,0.0,0.3841344399225931,0.30051246438984863,0.9076398659532595,0.3954459486813125,0.6087522287459612,,,0.5783247308855777,inf,,,0.29582455601475055
337,,0.0,0.0,0.5762469682705729,0.5200301844145495,0.9179559870494827,1.0101597111955232,1.029591166831036,,,0.5883313578629602,inf,,,0.3244060964900113
338,,0.0,0.0,0.32537507335967497,0.27091985314737443,0.801186680898615,0.7133996984694402,0.6953771397733118,,,0.6097226960127671,inf,,,0.3207482274324205
339,,0.0,0.0,0.2728722042917192,0.23953933090274848,0.806515427725546,0.8017876477314638,0.824339281956548,,,0.6425374456860184,inf,,,0.3517894882143255
340,,0.0,0.0,0.24333467620883387,0.20112162556677285,0.8497345125555702,0.8342676833754128,0.8711193268036123,,,0.5978297680564633,inf,,,0.35169199666775525
341,,0.0,0.0,0.27102786057904715,0.2436360347389482,0.6884497705036184,0.7376222419364957,0.6404232158917765,,,0.6468212168108125,inf,,,0.3453035071998209
342,,0.0,0.0,0.252469434585452,0.23461515388919738,0.708637987773987,0.8346654522825983,0.8612080404969034,,,0.6125606311107803,inf,,,0.35948067468575856
343,,0.0,0.0,0.17868665972649117,0.15218842555978282,0.8679728692441989,0.8068355057707977,0.8445996817933319,,,0.6357360191111145,inf,,,0.31487051647100417
344,,0.0,0.0,0.49698127085248656,0.4604891878416023,0.7643243486138869,1.0556325638010928,1.1276735329148329,,,0.6180765742263259,inf,,,0.32701303573615764
345,,0.0,0.0,0.669505506315927,0.6432506514256193,0.6663696351150992,0.936561763544674,0.9589539509996561,,,0.5641709578113449,inf,,,0.3210539066787471
346,,0.0,0.0,0.559394496514466,0.5094238087854012,0.7177385260418578,0.7512836796503385,0.7707030710321652,,,0.6233814453054027,inf,,,0.26814278701364974
347,,0.0,0.0,0.38270527544353644,0.34286159773764063,0.848322204800393,0.7118007691741378,0.7557917870233496,,,0.6233814453054027,inf,,,0.3079981491863583
348,,0.0,0.0,0.21103373620254545,0.17747017909895765,0.8270299930162094,0.9739529127461334,0.7398996072569342,,,0.5641709578113449,inf,,,0.49904208083680307
349,,0.0,0.0,0.8340430760507033,0.6913361121730514,0.7787091085080735,0.6845587613408155,0.514683558461806,,,0.5883313578629602,inf,,,0.26682556425124704
350,,0.0,0.0,1.043967712233689,0.9769068842853368,0.869056166676635,0.6503762357807592,0.4871665239232714,,,0.552929491858785,inf,,,0.25809915638217845
351,,0.0,0.0,0.2977514594186032,0.282174863251041,0.6360552697941727,0.6534695665887669,0.42710142673323936,,,0.6403206450210053,inf,,,0.3027660014357794
352,,0.0,0.0,0.6801896914665415,0.669049321757698,0.3807420402504343,0.3515327505146131,0.21084099065533324,,,0.585052858160615,inf,,,0.2848892613011214
353,,0.0,0.0,0.5571666210109487,0.5346542677578777,0.7140759836976641,0.8023077293286555,0.7380397829248252,,,0.5947193981915972,inf,,,0.28962816923165513
354,,0.0,0.0,0.4120965493914725,0.3580716803353741,0.7268679060535408,0.1313784345398508,0.09083275949978747,,,0.5641709578113449,inf,,,0.2715666836667153
355,,0.0,0.0,0.22203252370352614,0.22215782285177282,0.45735417847733906,0.15390771114739504,0.09333304424579103,,,0.5883313578629602,inf,,,0.31188550722963115
356,,0.0,0.0,0.2400665695721527,0.21655961174073346,0.8019216562935496,0.4078133439508619,0.4976408930281362,,,0.5748741956352443,inf,,,0.4440148287234604
357,,0.0,0.0,0.28295640516323756,0.2250700635181204,0.7597332527668313,0.14203320503337394,0.1662838715490394,,,0.5567373465730988,inf,,,0.3746943493078597
358,,0.0,0.0,0.20264667687343146,0.19098203313444473,0.4631167091910058,0.0662734105888644,0.10937295166227404,,,0.4066654671944331,inf,,,0.3987913424106031
359,,0.0,0.0,0.1908056509083984,0.17604165677436845,0.4356973865703274,0.05301950774712896,0.11882661572435224,,,0.4066654671944331,inf,,,0.3850942240325892
360,,0.0,0.0,0.13300420363711613,0.1190474877686614,0.8122926989861008,0.14739605394252944,0.23623279227254082,,,0.38804190201132227,inf,,,0.44159158386220404
361,,0.0,0.0,0.9192712029774391,0.6552870215677924,0.913083732872189,0.47468428587985567,0.4600427234210068,,,0.5567373465730988,inf,,,0.2804722642513085
362,,0.0,0.0,0.9148870206572779,0.7518791509482536,0.9107197923541144,0.7103983284387875,0.535264460900305,,,0.5329562494928909,inf,,,0.25738180530991106
363,,0.0,0.0,0.6547399095123759,0.5053173603781249,0.5458028445860257,0.19034797970201056,0.03312701510170654,,,0.4928685327679205,inf,,,0.2910909702470864
364,,0.0,0.0,0.42483113528528826,0.3176815808068211,0.8043474887111439,0.0373119280915643,0.0439133893339781,,,0.468121228110369,inf,,,0.29720990664675884
365,,0.0,0.0,0.858974045931274,0.777172093716002,0.8506762438025284,0.42894594217477805,0.3610868123754905,,,0.5604843169999094,inf,,,0.2711436584641787
366,,0.0,0.0,0.22028836322431097,0.17155252061456872,0.7180917785260487,0.3549639754791168,0.36109888617032365,,,0.5978297680564633,inf,,,0.41725188178196015
367,,0.0,0.0,0.2257515828920963,0.16440933671345023,0.8340852952571424,0.6755224841937089,0.5615139766527635,,,0.581717464821069,inf,,,0.5076995590098458
368,,0.0,0.0,1.624215816606664,1.5687397810719956,0.6367110488828097,0.5169144660371361,0.44110793830257566,,,0.6425374456860184,inf,,,0.2453380937564103
369,,0.0,0.0,1.4250015033183687,1.3883228186393686,0.7189649646793261,0.6990526062131853,0.760186493869961,,,0.6207552362147116,inf,,,0.2179464013525444
370,,0.0,0.0,1.427159910436871,1.3759342732653261,0.7568043687820071,0.69760887376683,0.6581849849240072,,,0.6357360191111145,inf,,,0.19236709155957513
371,,0.0,0.0,1.3106889898850624,1.2743061797086606,0.8360838477109815,0.6812295823590375,0.5882325460725779,,,0.6357360191111145,inf,,,0.19558885202648102
372,,0.0,0.0,1.471404370851499,1.4051889938227708,0.7302173284205644,0.5975811530089872,0.6395687724001063,,,0.6403206450210053,inf,,,0.20242106443250932
373,,0.0,0.0,1.6185857793836256,1.494561969708675,0.6990607466750053,0.28921882126868803,0.2853714171458736,,,0.6207552362147116,inf,,,0.21892221940455459
374,,0.0,0.0,0.2257515828920963,0.17950220212414422,0.8569299692179267,0.6173082968656666,0.5731046456576099,,,0.6357360191111145,inf,,,0.372572634285954
375,,0.0,0.0,0.24734415717865432,0.18695322461261632,0.8365394146994858,0.3134874648037244,0.27576323238490674,,,0.6468212168108125,inf,,,0.34369177941071105
376,,0.0,0.0,0.09598293683163088,0.08016760454272114,0.7546674420918491,0.4601064997433318,0.4233054185898267,,,0.6309483474627791,inf,,,0.3519359920485934
377,,0.0,0.0,0.2619748448837403,0.2307055094861626,0.7597487736728225,0.42552856268300165,0.37807776478639465,,,0.5883313578629602,inf,,,0.3588320445741873
378,,0.0,0.0,0.08467349851939517,0.07521926290515388,0.8571056221467945,0.6178009596749258,0.5514924179025812,,,0.5641709578113449,inf,,,0.4311338980118934
379,,0.0,0.0,0.08467349851939515,0.07208427928626934,0.7468063503039184,0.6207792274113174,0.5892832521508204,,,0.6284777104787076,inf,,,0.3639564786725588
380,,0.0,0.0,1.6667156853966882,1.6355199396992095,0.9198401166223591,0.5145495920435352,0.5208681761697975,,,0.6333676938231112,inf,,,0.21700952251459735
381,,0.0,0.0,1.5907665138437197,1.5194875457259038,0.7882054433453434,0.5978488639392636,0.656716653080422,,,0.6068309995095971,inf,,,0.2152921212562252
382,,0.0,0.0,0.022340379843483554,0.021286587661373795,0.7713816345339177,0.4714335499458053,0.39720422673318045,,,0.581717464821069,inf,,,0.2627713280601996
383,,0.0,0.0,0.06236667603779547,0.05042221780842605,0.8948327981024119,0.6361388172261864,0.6868582004323177,,,0.6357360191111145,inf,,,0.2548485249199227
384,,0.0,0.0,1.6287687031781326,1.6056003551811489,0.5308094640374467,0.09871455874054864,0.10718104238508076,,,0.5883313578629602,inf,,,0.20946625277296602
385,,0.0,0.0,0.08929447972312814,0.06461844389391753,0.8021494778995314,0.6051368463588296,0.6057559582556987,,,0.6619902821573977,inf,,,0.333690718334677
386,,0.0,0.0,0.17868665972649117,0.15543730579310044,0.8428361551803942,0.49014035828894476,0.42714096494948395,,,0.6333676938231112,inf,,,0.3772954971668998
387,,0.0,0.0,0.1330423204975338,0.10527038255974956,0.7320305116823429,0.6354114389163567,0.5465846184944552,,,0.6207552362147116,inf,,,0.38479073878798437
388,,0.0,0.0,0.122888179777612,0.0933649359274849,0.7646282925245396,0.593576097803382,0.6509555870312516,,,0.6097226960127671,inf,,,0.30010760355057464
389,,0.0,0.0,0.14690526410873272,0.1230848602097795,0.7433044666485503,0.6050206376413135,0.6496820798128214,,,0.6068309995095971,inf,,,0.34889350921860524
390,,0.0,0.0,0.1581806884875931,0.14943837681199787,0.7161890580793043,0.5732496357170338,0.48914215923648974,,,0.6153451465759925,inf,,,0.28544503333667115
391,,0.0,0.0,0.17755399948118852,0.15343828056126516,0.8477329819068654,0.585007946487703,0.5511467331781786,,,0.6425374456860184,inf,,,0.3813626805776543
392,,0.0,0.0,0.10060391803536387,0.08711294603738004,0.638763171460397,0.35463333979589834,0.22160842453489538,,,0.6333676938231112,inf,,,0.3366448797658495
393,,0.0,0.0,0.04466961139416602,0.035835827300995625,0.831692831037304,0.38581138248950186,0.4970395027448302,,,0.6153451465759925,inf,,,0.3974877138792734
394,,0.0,0.0,0.06698765724152846,0.06199827531310624,0.801129533516732,0.4449029379595693,0.34739488650233313,,,0.6447042257417027,inf,,,0.44147150450527517
395,,0.0,0.0,0.10060391803536387,0.08635457863635504,0.7460498820998226,0.28387343953275235,0.34141737945221434,,,0.6584896970785714,inf,,,0.4461683587162544
396,,0.0,0.0,0.06236667603779547,0.0522065737810646,0.7642378364433602,0.6953835096954344,0.7473626509879702,,,0.62595550513784,inf,,,0.3087423461802071
397,,0.0,0.0,0.28922259120732874,0.22191236098651979,0.8340074888140507,0.6636298168184758,0.6357483468830539,,,0.6309483474627791,inf,,,0.4144280674829122
398,,0.0,0.0,0.2703566767940242,0.224011294560003,0.8299480235521274,0.6981210516574478,0.6267198003864635,,,0.62595550513784,inf,,,0.4220336344985218
399,,0.0,0.0,0.25082195422869397,0.2292878126967582,0.6709743994703694,0.47598642449623185,0.4197448514721726,,,0.6509067234006624,inf,,,0.3974060387727413
400,,0.0,0.0,0.06236667603779547,0.04689875831450726,0.7719250251791727,0.534790729466961,0.5348545734032735,,,0.6447042257417027,inf,,,0.3039318315484036
401,,0.0,0.0,0.08467349851939517,0.07735578859338214,0.7091048313127148,0.4896391533561348,0.4326084003588011,,,0.648888643467878,inf,,,0.31539344874188563
402,,0.0,0.0,1.5273551808594037,1.5005031775579112,0.8840680888769265,0.7634355684114036,0.735780462433863,,,0.6380535849069913,inf,,,0.23163970096406739
403,,0.0,0.0,1.6759108569722523,1.554183581077039,0.820527044303304,0.7594399102718395,0.6878884000495572,,,0.6425374456860184,inf,,,0.21261984695161787
404,,0.0,0.0,1.5866116770095928,1.5344653545676983,0.7949050597851628,0.6590114058238297,0.7421142709326042,,,0.6684167106117298,inf,,,0.21614722880935835
405,,0.0,0.0,1.4276571931589832,1.3481687914097131,0.7676888024541328,0.5371670066514586,0.5643035953717169,,,0.6233814453054027,inf,,,0.22190173667639368
406,,0.0,0.0,0.06236667603779547,0.054895415472558017,0.8143311613270734,0.619493750755514,0.6920519867050866,,,0.6068309995095971,inf,,,0.2971698136694309
407,,0.0,0.0,0.06236667603779547,0.042347509933972925,0.7722677287800204,0.571122229346833,0.48626427302479125,,,0.6125606311107803,inf,,,0.2726753376155053
408,,0.0,0.0,0.06698765724152846,0.061514784219381655,0.8023960583583755,0.44973769144728387,0.30991029979437024,,,0.6468212168108125,inf,,,0.3547171627101871
409,,0.0,0.0,0.10696905971831198,0.08005534874874157,0.7270416735217429,0.44228180597704037,0.2971947114540417,,,0.6333676938231112,inf,,,0.34902707814553313
410,,0.0,0.0,0.1330423204975338,0.10954462841808033,0.7095385275480932,0.1678253984030477,0.29553967021131633,,,0.6207552362147116,inf,,,0.2750746012116332
411,,0.0,0.0,0.19517169521930086,0.15636716546731136,0.9058594044112344,0.5897543566007398,0.6136632941611391,,,0.6125606311107803,inf,,,0.40854537601641194
412,,0.0,0.0,0.15992484896680823,0.13849916479185054,0.8271123693709993,0.5477682116894301,0.48116547280754207,,,0.5883313578629602,inf,,,0.30399069784118354
413,,0.0,0.0,0.19168337426087054,0.17439083577176137,0.713560177407861,0.3604111703715697,0.24751584451531095,,,0.6602640781246099,inf,,,0.342718324294118
414,,0.0,0.0,0.19517169521930086,0.17742064566042648,0.7072164870923516,0.4969745744233804,0.3463116299635573,,,0.6207552362147116,inf,,,0.422123623033678
415,,0.0,0.0,0.30262405835824796,0.25775684631071805,0.6614816713912023,0.16559721263054394,0.2106747417015709,,,0.6309483474627791,inf,,,0.38802765399102496
416,,0.0,0.0,0.22226326193366597,0.20124943721690866,0.7411414824014924,0.37182791086620653,0.31297999560610046,,,0.6068309995095971,inf,,,0.405666981499289
417,,0.0,0.0,0.1645458301705412,0.1464256197625591,0.8827077121595315,0.883679715269939,0.9656020953741434,,,0.6284777104787076,inf,,,0.5282412691406074
418,,0.0,0.0,0.6575635610199358,0.576244211541603,0.7695765121879004,0.42911156825008706,0.5199743777606751,,,0.6380535849069913,inf,,,0.2873802868692554
419,,0.0,0.0,0.8525148843772148,0.7211625572973901,0.7770520607227656,0.6242558811129904,0.31412082639275973,,,0.6468212168108125,inf,,,0.2550899416959146
420,,0.0,0.0,0.3414335063956875,0.3187795225103204,0.6052453788669997,0.20398503879342858,0.17717706280971562,,,0.6233814453054027,inf,,,0.40181859035718637
421,,0.0,0.0,0.3119796848695354,0.2164105476326632,0.7964042747918169,0.7522533660650457,0.491444555304276,,,0.6097226960127671,inf,,,0.4950808965457989
422,,0.0,0.0,0.36168600738119283,0.3423205824568945,0.5864404934194082,0.13200870350430774,0.1287438564334146,,,0.6284777104787076,inf,,,0.31673461969291106
423,,0.0,0.0,0.6375163186702465,0.5060714393189393,0.84132390104749,0.28262914402441164,0.3761329726083459,,,0.6233814453054027,inf,,,0.2988474986225483
424,,0.0,0.0,0.3070312853132055,0.2686120902375785,0.6853302819115691,0.5107012653946442,0.4222387355497629,,,0.6309483474627791,inf,,,0.5149016621391175
425,,0.0,0.0,0.327190159676402,0.2511919813142153,0.7660625281806044,0.7728288212211514,0.64769135052379,,,0.6333676938231112,inf,,,0.44431398077909673
426,,0.0,0.0,1.7147502746484393,1.6638531558227654,0.8562705991682318,0.6133541310975903,0.695326558904494,,,0.6207552362147116,inf,,,0.21652190034699165
427,,0.0,0.0,0.102348078514579,0.0902720878105748,0.7238108661034273,0.3580115901361618,0.3045035034109903,,,0.6380535849069913,inf,,,0.5680651518217691
428,,0.0,0.0,0.1330423204975338,0.09122143947155943,0.8430221979589316,0.34343275652786204,0.32088603747532096,,,0.6284777104787076,inf,,,0.5342247676471542
429,,0.0,0.0,0.1330423204975338,0.11755091548207759,0.7352271172740502,0.4398558574885455,0.4232515482940659,,,0.6284777104787076,inf,,,0.5127124642963993
430,,0.0,0.0,1.5199922867363889,1.4129051687271101,0.7215936620290911,0.42516965339767926,0.4532180787826716,,,0.6038851895711802,inf,,,0.20574337165672377
431,,0.0,0.0,1.4679264690128488,1.2737917038412891,0.7785783672244067,0.5916710182022219,0.5874139279457662,,,0.6566669596287297,inf,,,0.22969529837181463
432,,0.0,0.0,1.390023588095843,1.2297152203754966,0.5975151253032468,0.40571313547802074,0.27815862328940066,,,0.663668482632973,inf,,,0.2524820519568881
433,,0.0,0.0,0.526713098819789,0.5087947347428787,0.779425783659926,0.5051825423117821,0.6005005209065881,,,0.6357360191111145,inf,,,0.2852586640585316
434,,0.0,0.0,0.11826719857387902,0.10840625411038944,0.6231658964754943,0.3573576319037013,0.3069586136297134,,,0.6233814453054027,inf,,,0.3521860804376647
435,,0.0,0.0,0.08467349851939517,0.07044297101040917,0.8333004224493625,0.6569378666696668,0.7322408913867391,,,0.6284777104787076,inf,,,0.5017267673832492
436,,0.0,0.0,0.08467349851939517,0.07252973918668919,0.712177751366162,0.5830729545419395,0.5867449297253547,,,0.6068309995095971,inf,,,0.42413200700043074
437,,0.0,0.0,1.1921730516878324,1.1377948741074568,0.6966753809262917,0.6174259605573259,0.6679360967912675,,,0.62595550513784,inf,,,0.25154523583956573
438,,0.0,0.0,1.5050890022405687,1.449527724786801,0.6581005496389154,0.46786285560849356,0.438827692099712,,,0.6180765742263259,inf,,,0.2484105867189613
439,,0.0,0.0,0.04466961139416602,0.03367965129828628,0.8214779770452463,0.5567756958361706,0.44793815820363647,,,0.6380535849069913,inf,,,0.3917185980755296
440,,0.0,0.0,0.04466961139416602,0.039764277714598416,0.8653295956569326,0.6490674705371098,0.651396277850319,,,0.6153451465759925,inf,,,0.3656649892887524
441,,0.0,0.0,0.12925332146056012,0.10789735321436157,0.8292029712772303,0.5830806778159447,0.6372145494191469,,,0.6153451465759925,inf,,,0.33926320228260853
442,,0.0,0.0,0.37637937235216695,0.34484609913912284,0.819431009518125,1.0383179132258733,1.1384632531264374,,,0.6153451465759925,inf,,,0.40248731332549553
443,,0.0,0.0,0.6146738933329988,0.6049548389528345,0.7136004823121653,1.0319429188070497,0.8702901928574804,,,0.6207552362147116,inf,,,0.39653251738352197
444,,0.0,0.0,0.4662309170417072,0.4538595569655335,0.5570914201668342,0.8477436926722405,0.7689841126451904,,,0.6309483474627791,inf,,,0.42514619690848193
445,,0.0,0.0,0.1359191412220516,0.1298401804744842,0.48938075903058365,0.30488101622893327,0.19520143215194147,,,0.5947193981915972,inf,,,0.50390540709537
446,,0.0,0.0,0.1645458301705412,0.1401938467558799,0.7216253835081692,0.040678576347289136,0.036856966853865636,,,0.5915533975974677,inf,,,0.31691779800762176
447,,0.0,0.0,0.06698765724152846,0.049233208638293544,0.7787351333561401,0.019203958074533387,0.025982310087238725,,,0.6357360191111145,inf,,,0.35237741764824404
448,,0.0,0.0,0.06698765724152846,0.039836605312828885,0.4552184654995573,0.016826519707172548,0.013684801295376959,,,0.6180765742263259,inf,,,0.3595718895280353
449,,0.0,0.0,0.07830835683644703,0.06755868323188491,0.9564776724777563,0.004484940038335471,0.007890045494312749,,,0.6207552362147116,inf,,,0.1978352630096219
450,,0.0,0.0,0.08467349851939517,0.05910739454588303,0.5471728377341778,0.0286629269470871,0.02683569642982946,,,0.6207552362147116,inf,,,0.4221718363026434
451,,0.0,0.0,0.12463234025682715,0.09985686763798655,0.4308286351932627,0.03589340223482998,0.020018942026907974,,,0.5978297680564633,inf,,,0.3887365911124948
452,,0.0,0.0,0.1740656785227582,0.1375387299455408,0.55746751752567,0.06012065489203217,0.03894120139714248,,,0.5947193981915972,inf,,,0.3610783655050485
453,,0.0,0.0,0.1914526360307307,0.14853040504464438,0.619998196124257,0.029577203684903366,0.027799332196235798,,,0.6380535849069913,inf,,,0.2827837597668338
454,,0.0,0.0,0.1774930122970747,0.14873451823791597,0.8486221010870302,0.03752584577171625,0.05142520489504701,,,0.6125606311107803,inf,,,0.2493461334331913
455,,0.0,0.0,0.40359173185227826,0.334667390822289,0.8380489859043773,0.10373293295970268,0.09178755239138213,,,0.6309483474627791,inf,,,0.31030873744225534
456,,0.0,0.0,0.36515361463131607,0.31953383524290135,0.7514635554447107,0.08066897505594921,0.06723081829563808,,,0.5158180382284114,inf,,,0.3175406058342154
457,,0.0,0.0,0.10060391803536387,0.07801862548859012,0.7809875058330706,0.015204313441801141,0.018049373408203354,,,0.552929491858785,inf,,,0.3950864469510694
458,,0.0,0.0,0.04466961139416602,0.036888566261433185,0.8855634373671797,0.015290727569599767,0.01847587974727971,,,0.5748741956352443,inf,,,0.4208446019781929
459,,0.0,0.0,0.06236667603779547,0.0492891297561466,0.8677493952355788,0.0403038178254358,0.05714818382714495,,,0.6038851895711802,inf,,,0.32188632103564263
460,,0.0,0.0,0.04466961139416602,0.035630783005102216,0.7696694598190648,0.05515198789784031,0.062126915925834,,,0.6207552362147116,inf,,,0.26851407510444314
461,,0.0,0.0,0.6631419935012869,0.613230251860008,0.7808273748313144,0.09630298251485674,0.1377816353804435,,,0.6125606311107803,inf,,,0.21296293368253832
462,,0.0,0.0,0.7003038241418642,0.6670922493592212,0.8354384665758274,0.11882031506007973,0.18338732040609843,,,0.5947193981915972,inf,,,0.20036269675675283
463,,0.0,0.0,0.343984268632239,0.31475582806968705,0.7671837510875047,0.09637634890338273,0.13233371821863396,,,0.5978297680564633,inf,,,0.2310118385722438
464,,0.0,0.0,0.33784396182401943,0.308548195722195,0.6715123384739136,0.09191135401845812,0.10546441864167333,,,0.581717464821069,inf,,,0.2681930951155455
465,,0.0,0.0,0.4675271888168237,0.4025651565764583,0.8579127818174159,0.05273270532306199,0.06801866748035199,,,0.6038851895711802,inf,,,0.24652760270872295
466,,0.0,0.0,0.15181554680464496,0.11085003703929741,0.6085081069144403,0.08144295859851748,0.09518707226336369,,,0.6068309995095971,inf,,,0.3300590143841733
467,,0.0,0.0,0.15643652800837793,0.12425885273869378,0.5603689640915914,0.04944402786564969,0.04877549551639764,,,0.6153451465759925,inf,,,0.32819464341644844
468,,0.0,0.0,0.3178906021178207,0.276799063712269,0.7299637164965863,0.03321155313867402,0.043238048998481125,,,0.5947193981915972,inf,,,0.2266666307447821
469,,0.0,0.0,0.610082579198778,0.5594522863633661,0.9534189616656247,0.2799523696819933,0.4251264833371863,,,0.5604843169999094,inf,,,0.27577738070611346
470,,0.0,0.0,0.6119101638134015,0.5682331841054634,0.7526324687184719,0.16228831723153028,0.16735459131919253,,,0.6068309995095971,inf,,,0.2365144417638193
471,,0.0,0.0,0.3730879460480517,0.322158302199179,0.5539912984013666,0.09211783850724073,0.08151393651276394,,,0.5883313578629602,inf,,,0.26681012123236725
472,,0.0,0.0,0.6707612591479917,0.6051328145646099,0.8018030350957535,0.20283634551184365,0.16919589209372404,,,0.6233814453054027,inf,,,0.2463043014051321
473,,0.0,0.0,0.7415823880165195,0.5807403004406039,0.5487218439091343,0.4659668768276291,0.3909086588685681,,,0.6008849035917525,inf,,,0.2757559161332837
474,,0.0,0.0,1.0980004457755843,1.0583123119695235,0.9076522521133015,0.8883397038627757,0.8484142421016688,,,0.5329562494928909,inf,,,0.23382541671623466
475,,0.0,0.0,1.4266115471056153,1.3283000619693148,0.9184434748713505,1.1833114933561537,1.0817586168400495,,,0.5978297680564633,inf,,,0.22397348388880994
476,,0.0,0.0,1.383334147831839,1.3424749608972835,0.9350228390320502,1.1936294881217329,1.1309716330883846,,,0.6068309995095971,inf,,,0.22168043421319727
477,,0.0,0.0,1.223015518177728,1.0725482486871964,0.9441451802878866,1.1819420359510473,1.0410682138091152,,,0.5713653840954815,inf,,,0.2074676188721974
478,,0.0,0.0,1.3022115402452483,1.2432543964522194,0.9038168083507659,1.0379490097050486,0.6777040496061393,,,0.581717464821069,inf,,,0.21758844872835606
479,,0.0,0.0,0.8443620590047924,0.5701717348071395,0.7365158079307452,0.31181045216512826,0.12361609146355618,,,0.5978297680564633,inf,,,0.24451774145680757
480,,0.0,0.0,0.122888179777612,0.09711380516710143,0.8364604837095334,0.025070078987965604,0.03060214921905735,,,0.6180765742263259,inf,,,0.2346818894154051
481,,0.0,0.0,0.9046186359866639,0.8541520794408463,0.8075958615037792,0.37954236609363284,0.2855129280096964,,,0.6008849035917525,inf,,,0.24614358586591387
482,,0.0,0.0,1.1508195045597212,1.0782448093943229,0.8288643754558436,1.0613873610034235,0.8340176835738806,,,0.6008849035917525,inf,,,0.21804785749924935
483,,0.0,0.0,1.2373344326376636,1.1971120753761302,0.9040009989133101,1.2180160460968001,0.9766701119399106,,,0.5978297680564633,inf,,,0.21394140039627182
