,bvp+hr_XAp0,bvp+hr_XAp1,bvp+hr_XAp2,bvp+hr_XCond1,bvp+hr_XCond2,bvp+hr_XDist,bvp+hr_XFuzz1,bvp+hr_XFuzz2,bvp+hr_XK2_1,bvp+hr_XK2_2,bvp+hr_XPermEn,bvp+hr_XSamp0,bvp+hr_XSamp1,bvp+hr_XSamp2,bvp+hr_XSpec
0,,0.0,0.0,1.158210960056244,1.1295388851369936,0.47791099270346704,2.8384209672898044,4.075149169708567,,,0.5915533975974677,inf,,,0.7722021082824422
1,5.703782474656202,-0.7414917217053063,0.0,1.6548718641560853,1.6595771107768251,0.660636886643111,3.074532453327985,3.314360209390741,,,0.648888643467878,7.7440033031827555,inf,,0.5472764308358481
2,4.932422108563426,-4.225441606336002,0.0,1.489074324339193,1.4559662049638746,0.8189915772529633,4.848805224114785,18.787398890700267,,,0.6380535849069913,4.913811109460716,inf,,0.8024816179771421
3,5.703782474656201,-2.5857147218441447,0.0,1.544563455253372,1.4307214242847675,0.7022978051585379,2.681039176087,1.9746811622393619,,,0.6447042257417027,6.49491006357635,inf,,0.7980135625198368
4,4.344800217765829,-3.72204551988606,0.0,1.4702251035152087,1.449554303450635,0.7042870574436846,2.9323049827787915,2.8312632279140617,,,0.6509067234006624,4.4692804652954425,inf,,0.6352322139187581
5,4.220372004100341,-4.144111889406151,-0.07626011469418979,1.5720384138310863,1.5378210849204244,0.6760689669066987,3.190084468455639,1.5262504184190782,,,0.6447042257417027,4.123430143117197,5.897840445075314,inf,0.6365608739177161
6,5.703782474656204,-2.2625003816136275,0.0,1.6552910311010849,1.6011525429946112,0.6642830024290648,2.9976550993846685,1.665032938626772,,,0.6619902821573977,6.628441456200873,inf,,0.8200295772538523
7,5.703782474656199,-1.311869969170926,0.0,1.6626514787433786,1.6417821955210028,0.5662120923665975,2.6597319261513217,1.8236627566639187,,,0.648888643467878,7.173458444715143,inf,,0.7486034251562599
8,,0.0,0.0,1.4384761655244962,1.4431813362733377,0.4377815200864765,2.1202255247367754,1.8110209580411456,,,0.5915533975974677,inf,,,0.7045687222253575
9,5.410182862213696,-2.290310745003798,0.0,1.657285982199245,1.6336870636021579,0.7397070507060738,3.72299035459895,5.125008253529813,,,0.6602640781246099,6.15006957728462,inf,,0.7530701736785465
10,4.764178003116955,-4.764178003116955,0.0,1.6921154664440512,1.5940118710308742,0.7871591415432775,4.421332781916128,15.9323275839288,,,0.6403206450210053,4.5210333067818915,inf,,0.7315572683429065
11,4.878387409144145,-3.984016384134385,0.0,1.6550627553952622,1.585628962345189,0.7786631524642815,3.410063309698858,4.832360395157171,,,0.6309483474627791,5.002336491281561,inf,,0.4639018089382541
12,4.792854049799505,-4.696996968803515,0.0,1.7396982595409618,1.7226993675792015,0.7689428241895132,4.622804332543119,10.693322334938852,,,0.6403206450210053,4.683732508491193,inf,,0.6509100630524595
13,,0.0,0.0,1.2920173031526674,1.2588070773939122,0.5797095862064988,2.7295698200617973,3.3559172316336667,,,0.5287703885177266,inf,,,0.6620784711666906
14,5.703782474656201,-0.4753152062213501,0.0,1.1835340366127074,1.163712012586333,0.6317538957225557,3.1940421434780366,3.028211158551235,,,0.62595550513784,8.1886891244442,inf,,0.6905946687827265
15,5.463302840584383,-1.7846789279242319,0.0,1.674100277535881,1.6365644208409418,0.7411442181147576,3.936969623154725,3.037518791238976,,,0.6233814453054027,6.524763026726031,inf,,0.7995769244356355
16,4.882350118376659,-3.905880094701327,0.0,1.4724429734263287,1.4340255452936161,0.7557918528853257,3.969838960431314,4.087324516326907,,,0.6153451465759925,4.866534950122499,inf,,0.7551810803307503
17,4.559840441365621,-4.103856397229059,0.0,1.6250750972386836,1.62069742471487,0.6729096043798648,3.9787976245491743,4.811717727804684,,,0.6566669596287297,4.522055279277585,inf,,0.8066749905108641
18,3.6070630531930297,-0.003772633892562549,-3.603290419300467,1.6374716618865206,1.6323070506337773,0.8068783282199904,4.122119766338938,18.9431717283316,2.719355682264511,,0.6528756675646988,3.551632749593788,2.6141851846589717,inf,0.7950088579897944
19,4.734913269902732,-4.687564137203705,0.0,1.5099551129939401,1.4915262931166666,0.7299750820046943,4.716662710808303,9.152504086255568,,,0.6180765742263259,4.697041839859974,inf,,0.8308891761853895
20,5.547519043547883,-2.3669414585804303,0.0,1.5142822380216256,1.5216963228091613,0.7504507331294262,4.561072164358236,9.58399597331584,,,0.648888643467878,6.271766512262141,inf,,0.7736778466922668
21,5.566487564373231,-4.434635092950675,0.0,1.7210741430790952,1.7258758481130108,0.8227366675473479,4.71853120840271,43.775606781283045,,,0.6528756675646988,5.744604469176456,inf,,0.7290914344827685
22,5.608782607269813,-3.6831005787738436,0.0,1.7435249326776756,1.7247080504619807,0.8229139114088649,4.557000025515363,32.54519058711458,,,0.6584896970785714,5.995918897457362,inf,,0.5581066389072159
23,4.775798179363247,-1.7988839808934896,0.0,1.6321207460316014,1.607821810624843,0.7645829395318796,3.800050867163167,4.293467291761106,,,0.6380535849069913,5.633013403767994,inf,,0.6424407881022143
24,5.199220864546033,-4.78328319538235,0.0,1.7507938060575752,1.7113595534615547,0.8242838026634907,4.424779347916653,12.896355754796502,,,0.6468212168108125,5.194958853560883,inf,,0.742783742506031
25,4.843241123521137,-3.8423046246601023,0.0,1.5527998278871005,1.5308270915143918,0.7289071075800393,4.405060529601191,3.732119166643562,,,0.6566669596287297,4.990832666800076,inf,,0.7482917836399214
26,4.46534697925251,-3.3405102875132098,-1.1248366917392998,1.6375350897582863,1.6281691081673426,0.7102026743084747,4.139949286902393,27.290769581595328,3.010256678673565,,0.6509067234006624,4.365278777372659,2.964748728034024,inf,0.8371757784733727
27,,0.0,0.0,1.2097104608685216,1.1567278871888262,0.6192169681893153,3.7262931921118887,9.054889833355046,,,0.5677978065141052,inf,,,0.6295026364263342
28,,0.0,0.0,1.7563267715729072,1.754664403667132,0.7620922386924388,3.7478190124600563,3.4236395863701707,,,0.6125606311107803,inf,,,0.7307551046671364
29,,0.0,0.0,1.41147515878838,1.4073899206772058,0.657516539204094,4.010312181528884,12.428747023754646,,,0.585052858160615,inf,,,0.6633987334085689
30,5.7037824746562,-5.7037824746562,0.0,1.7332360661857171,1.7111451612633666,0.7238411484345354,5.0778887302520594,9.654832779669832,,,0.6233814453054027,5.703782474656201,inf,,0.6692396249283079
31,5.302068992416236,-4.3133254260873395,-0.2287803440825694,1.6514582077979174,1.6447260615308252,0.7481952601834637,3.765041550727508,4.379005674988383,4.090044882096039,,0.6528756675646988,5.364932115630021,3.5577261838943812,inf,0.7506952924656758
32,4.3266718100479755,-3.5640706631060777,-0.7626011469418978,1.6997622616177614,1.6740214472081414,0.7827676528434468,3.8423392644083108,21.464429901875338,,,0.6207552362147116,4.294422840605314,3.4242626545931514,inf,0.47359167558663595
33,5.217782727367044,-4.539470972809328,0.0,1.628882146251401,1.636079291012608,0.7425332426224384,4.333998369195433,26.347508983528915,,,0.6528756675646988,5.311740386880177,inf,,0.8425189950429763
34,5.703782474656201,-3.2511560105540345,0.0,1.4894012230850415,1.4909267125706591,0.7840781491816335,3.8871291574860627,4.201858285895623,,,0.6309483474627791,6.2659013928097425,inf,,0.6819405516764245
35,5.703782474656203,-4.582038587973816,0.0,1.6976478325724962,1.669674657856147,0.5770756195765273,4.080046822436212,16.581528851721576,,,0.6357360191111145,5.922768015821747,inf,,0.5312837111170534
36,,0.0,0.0,1.5740849115067999,1.5497335817012434,0.6651915934053056,3.6078933774493027,5.252722755633818,,,0.62595550513784,inf,,,0.6988284697405833
37,5.307541116859745,-4.104498463704869,0.0,1.4916391942330018,1.4626795770969494,0.7585359633984561,3.986502538124189,8.367576421635897,,,0.6425374456860184,5.480638923341991,inf,,0.6037577273033243
38,,0.0,0.0,1.6917069339402255,1.6785130831678914,0.80885310121383,3.6581600522905893,3.422145027697781,,,0.6357360191111145,inf,,,0.933365454640897
39,5.667868112969158,-3.6463284860101584,0.0,1.4863274036752032,1.4641663584624527,0.5639454817990928,3.8135351360877072,3.2428551036158546,,,0.648888643467878,6.094358970270615,inf,,0.5867221612082532
40,4.404118430109798,-4.404118430109798,0.0,1.5654952857107192,1.542693616443143,0.7338778695426585,4.436109981429546,4.733616592055417,,,0.6447042257417027,4.295237504601491,inf,,0.6113808848314342
41,4.488525745094447,-4.488525745094447,0.0,1.597004264492236,1.533965243596356,0.7780211602417604,4.082947106658504,5.397179427997643,,,0.6528756675646988,4.42470219784346,inf,,0.4578753450143276
42,5.7037824746562045,-2.41460124760446,0.0,1.6966993890354427,1.6293689168117018,0.6938176460638519,4.06860891647796,14.144060097320578,,,0.6180765742263259,6.563377862853811,inf,,0.7378865236070782
43,5.703782474656201,-0.6084034639633281,0.0,1.1963399889002213,1.1138152663919128,0.7354294209391606,4.7749452312678935,14.78673865550396,,,0.6333676938231112,7.941829046512676,inf,,0.7087374425913497
44,5.287717680930305,-4.952828894471386,0.0,1.7479196631687095,1.708224383463725,0.7273030078930415,3.0526413275361985,1.9499007440291019,,,0.6333676938231112,5.20502943212448,inf,,0.6860374787554082
45,5.703782474656199,-1.0076682371892618,0.0,1.7567424038472272,1.7535171302207557,0.7692428871333821,3.1591118524192052,2.022611415395851,,,0.6509067234006624,7.43727303576028,inf,,0.5455077043395318
46,5.576705491553542,-1.1153410983107086,0.0,1.643794338565496,1.5198308834580607,0.7780449921921557,2.7017147925132514,1.6160910944450673,,,0.6425374456860184,7.144885072271086,inf,,0.8470039034477642
47,5.703782474656203,-0.43728998972364225,0.0,1.3778777885663407,1.2992228665963197,0.6711083753004102,2.4581339951809844,2.7453428637847725,,,0.5713653840954815,8.272070733383252,inf,,0.7159730528294768
48,5.703782474656199,-1.1407564949312399,0.0,1.3806922249851301,1.3354003915320023,0.6574887136933911,3.6214919535999868,31.24928970462134,,,0.6038851895711802,7.313220387090301,inf,,0.7700077081802089
49,,0.0,0.0,1.6048339885134975,1.5809945102459833,0.7927157598293265,4.5936179266967505,44.69828296911648,,,0.5713653840954815,inf,,,0.9440776718321499
50,,0.0,0.0,1.6504779341874996,1.6140386811035023,0.6456311163551608,5.301514784765391,18.030718879872065,,,0.6233814453054027,inf,,,0.8136927360029826
51,5.703782474656203,-4.3348746807387135,0.0,1.4248549787662546,1.367256287744765,0.8264350889708493,3.594984243615365,34.30134490225955,,,0.6284777104787076,5.978219320357962,inf,,0.8415829031606858
52,,0.0,0.0,1.472843556310767,1.4449294423863712,0.6530484605480442,4.20012842107687,8.438788816943362,,,0.585052858160615,inf,,,0.6955040030195819
53,,0.0,0.0,1.5886299264797212,1.5588423692990732,0.5704542805550634,3.9620609557772024,5.341324428355323,,,0.5451288209179292,inf,,,0.7023112007865082
54,,0.0,0.0,1.3456912842516813,1.3099992868803096,0.6748427149761481,3.7532886640281147,2.457796948902471,,,0.5978297680564633,inf,,,0.8980514393006988
55,,0.0,0.0,1.690275608427306,1.6149339344213487,0.7199469134642245,4.94262207544624,15.2245988309645,,,0.6602640781246099,inf,,,0.9149098275473061
56,5.703782474656203,-4.201786422996736,0.0,1.304835736417748,1.3208590026189029,0.6134185459571622,5.130383023843035,14.25531495198154,,,0.6125606311107803,6.009402247794649,inf,,0.7665805447657266
57,4.7546259458654605,-4.7546259458654605,0.0,1.5908518408047496,1.575565058317115,0.740983413641316,4.7050895462772235,52.07225346290052,,,0.6284777104787076,4.735532003851334,inf,,0.5101889919733813
58,,0.0,0.0,1.539074033959475,1.4940983783070707,0.6964910084613826,3.5796971401093467,7.387139402664431,,,0.6566669596287297,inf,,,0.796152374357813
59,,0.0,0.0,1.6416397856729894,1.625882193516123,0.743269134535401,3.9154678635529474,32.0376197405802,,,0.6468212168108125,inf,,,0.7507082157409912
60,,0.0,0.0,1.6611428363194896,1.6398314066823316,0.7118435320263177,3.223594481545273,5.297371198311444,,,0.6008849035917525,inf,,,0.6773124256461655
61,5.022187747105587,-5.022187747105587,0.0,1.710221986211378,1.6840024808987173,0.6055987254919125,3.722506201214887,1.8531643069884187,,,0.6380535849069913,5.019003543766773,inf,,0.5205946486502521
62,,0.0,0.0,1.692620607597083,1.6287848026318783,0.6764042267026019,3.9440190403284983,5.14006904760051,,,0.6233814453054027,inf,,,0.9284213283122366
63,,0.0,0.0,1.6954788803694782,1.6741828846833144,0.5220066228047341,3.74016698944885,4.448825560252027,,,0.6333676938231112,inf,,,0.8875913272514387
64,,0.0,0.0,1.741106954679216,1.7272494102157536,0.5135018947703388,4.017200380458339,6.246455713056596,,,0.62595550513784,inf,,,0.6395135935106692
65,5.703782474656202,-3.954622515761633,0.0,1.4775474671224156,1.4709026796010312,0.4571973869677906,3.3808928432875804,3.510393556421889,,,0.6425374456860184,6.070026869611084,inf,,0.5461727886619525
66,,0.0,0.0,1.621171398563089,1.6246973016892394,0.5681322863772262,4.122632770645869,22.826674644594508,,,0.585052858160615,inf,,,0.9465192787130644
67,5.703782474656202,-0.2661765154839561,0.0,1.1712721952525533,1.1453547206235914,0.5789509768919034,3.848338738794743,6.859345633607088,,,0.6528756675646988,8.768507619697143,inf,,0.5627528359737666
68,,0.0,0.0,1.4053921771543234,1.39515061301751,0.6894081768381392,3.4560022110822306,3.4457628550456603,,,0.6602640781246099,inf,,,0.9207032656084027
69,,0.0,0.0,1.6724797449848268,1.6593795290751139,0.6613373377155849,3.4504837533871093,2.9820011236836312,,,0.6699045166045591,inf,,,0.8940031848005214
70,,0.0,0.0,1.524277426246636,1.5050362354183582,0.6667308165933842,3.537325286491201,2.986801166176818,,,0.6425374456860184,inf,,,0.8334541080769096
71,,0.0,0.0,1.3252418616960422,1.279520363534536,0.7189259174109901,4.066467019472896,29.82117907470903,,,0.5947193981915972,inf,,,0.8257192963321783
72,,0.0,0.0,1.6589075290012032,1.6310767153904144,0.9297301697894019,4.068497792716687,3.67821102837424,,,0.62595550513784,inf,,,0.86775591477731
73,,0.0,0.0,1.4090536174980597,1.3962698041517723,0.910960281339344,3.5533061265959565,30.06675897778581,,,0.6180765742263259,inf,,,0.8890987523555691
74,,0.0,0.0,1.4054161675664065,1.4032378155050644,0.6253810382036765,3.8067895209755336,13.458220632996833,,,0.6180765742263259,inf,,,0.9221827150710425
75,,0.0,0.0,1.6063535017512272,1.57764507362493,0.9275983019259618,4.8753726356685405,33.75704388500771,,,0.6008849035917525,inf,,,0.9024441920846311
76,,0.0,0.0,1.7333770550594094,1.7213166273979863,0.8741707848779964,3.4386782551235466,6.313484362504529,,,0.6097226960127671,inf,,,0.9105520281093354
77,,0.0,0.0,1.2253686551330438,1.2109564824269214,0.7046915167624804,4.2338383743581325,30.006829074559956,,,0.6403206450210053,inf,,,0.8768996536116094
78,5.278542991851671,-0.8503594579611076,-0.3813005734709489,1.5146708514356133,1.3284149722235667,0.6951139199257508,1.4299340495250152,0.6851928929176843,1.836374961084576,,0.6447042257417027,6.620073206530356,1.791759469228055,inf,0.6224015720728373
79,5.538163236823295,-4.172082971740216,0.0,1.6835210719945652,1.5910046380727043,0.5402393312273017,1.0212295517431147,0.5810304122541756,,,0.6547956803312163,5.772775346143153,inf,,0.8603123938954621
80,,0.0,0.0,1.5918900580907185,1.5654128555351337,0.8413409281605365,4.667146057738512,79.3765910182862,,,0.6425374456860184,inf,,,0.8437677820450729
81,,0.0,0.0,1.0443746019062259,1.0235025607424255,0.7844339417126369,4.04356974409028,16.286323559526927,,,0.6180765742263259,inf,,,0.8925611919549106
82,,0.0,0.0,1.6864888250226604,1.6661096407493823,0.8073479757303458,4.0898550773796485,23.536574984169178,,,0.581717464821069,inf,,,0.9206160997065644
83,,0.0,0.0,1.7016951070654422,1.6673632541533534,0.8483954266878727,3.739207529725965,18.56081683922242,,,0.5713653840954815,inf,,,0.8918114552262556
84,,0.0,0.0,1.2733068887140164,1.274574883211377,0.8944858155836406,3.846817414416564,2.7841687475094608,,,0.5947193981915972,inf,,,0.9345412964269255
85,,0.0,0.0,1.7027008671425123,1.7186802287171703,0.856364086603739,3.4284013450984943,18.7754385402115,,,0.6125606311107803,inf,,,0.904872781218175
86,,0.0,0.0,1.5669093946547903,1.560483562839364,0.8023950964741692,3.4131551460706278,45.945425882602066,,,0.5947193981915972,inf,,,0.6528484083569076
87,,0.0,0.0,1.770075568873515,1.7642896477396197,0.8773763558799019,3.586016325467975,35.5361961162911,,,0.6233814453054027,inf,,,0.9028235107635163
88,,0.0,0.0,1.4063593768722176,1.3897479264785313,0.9032056884073005,3.1615320060143492,6.723690500399841,,,0.585052858160615,inf,,,0.8921218326505759
89,,0.0,0.0,1.6602588967537621,1.6451940160399872,0.9328032714184518,3.2805094487269373,3.392745703723044,,,0.5883313578629602,inf,,,0.9144163499026421
90,,0.0,0.0,1.7531359715718764,1.7230655863828732,0.9320649333627914,3.1944561936758085,3.703414048024393,,,0.5567373465730988,inf,,,0.9013973185950289
91,,0.0,0.0,1.7091586068308493,1.6846770619756377,0.9282804377073646,3.3183809749464093,8.759356733452323,,,0.585052858160615,inf,,,0.9044979125464354
92,,0.0,0.0,1.6657336294994134,1.6364984433125103,0.9104246656039456,2.5885631402422296,2.55164031395428,,,0.5713653840954815,inf,,,0.9195406186320375
93,,0.0,0.0,1.6082598041925003,1.587653734439786,0.9318419415953829,2.934133186565681,8.860103818262678,,,0.5022576003740722,inf,,,0.9024146844468942
94,,0.0,0.0,1.3234417820277309,1.325736997016275,0.6967431316948631,2.747944906571636,6.6696464862894125,,,0.541134803179459,inf,,,0.9292726727114738
95,,0.0,0.0,1.5243094457304107,1.4951529298834396,0.5582262332671922,2.5436964766205463,3.2673472606741543,,,0.581717464821069,inf,,,0.943813995245196
96,,0.0,0.0,1.3144026090407013,1.3241375449518973,0.7751183609571198,3.660929138668787,13.862588986432199,,,0.5883313578629602,inf,,,0.9271096393447044
97,,0.0,0.0,1.551888627643005,1.53143421681695,0.8957781795323034,3.823299017309014,27.16853814626149,,,0.5947193981915972,inf,,,0.9180017871324343
98,,0.0,0.0,1.614518063604853,1.5617176448675556,0.8635092427941914,2.830882382169843,10.16522534045265,,,0.5604843169999094,inf,,,0.9441541692143742
99,,0.0,0.0,1.6136335637401626,1.5984427967669974,0.570626402844331,3.0119439889695268,6.125058151028508,,,0.5490601803369085,inf,,,0.9501855978539844
100,,0.0,0.0,1.7208905824222744,1.7136252197584023,0.9574451018088107,3.4448422493074813,7.677869872399993,,,0.49759852643134905,inf,,,0.8974149843100757
101,,0.0,0.0,1.5596673866242137,1.5384901800010893,0.7532748965182348,3.6014507346309883,9.509674263478342,,,0.5202020156036558,inf,,,0.8916047261904945
102,,0.0,0.0,1.4094150115757695,1.3688860825500888,0.9393301480927282,3.1679606840572094,5.288866803025529,,,0.4732203808476458,inf,,,0.8688498498913431
103,,0.0,0.0,1.7248825584477498,1.6874629907386638,0.937764938856231,3.2177288437731435,54.724767984775575,,,0.5713653840954815,inf,,,0.8701006817115065
104,,0.0,0.0,1.5899959840765283,1.5822374268423647,0.9218003153518647,3.141776672649464,34.62474513655344,,,0.5748741956352443,inf,,,0.8422647978042742
105,,0.0,0.0,1.775394624926508,1.7570914352127878,0.8176541742646436,2.9988883658753394,25.179843900333896,,,0.5978297680564633,inf,,,0.895328174023694
106,,0.0,0.0,1.6846958148084619,1.665728608651792,0.9168188656356808,2.4321721039531856,3.6731988259065074,,,0.524519217297268,inf,,,0.8900035197172388
107,,0.0,0.0,1.651304743523034,1.6168865643691908,0.4731015342334481,2.701358826373847,2.6676414884121735,,,0.5451288209179292,inf,,,0.9574768436902199
108,,0.0,0.0,1.5925970593605305,1.596036598621229,0.9089484582705986,2.9521212422732255,9.714260542046144,,,0.5287703885177266,inf,,,0.8853750573915427
109,,0.0,0.0,1.7522436191776176,1.7114334542751892,0.9124548256488112,3.1380733912455385,9.061141853383244,,,0.5287703885177266,inf,,,0.8893534245541098
110,,0.0,0.0,1.7552408592577575,1.7267429366680915,0.9541486356701775,2.887474163140842,10.768487920059643,,,0.4880666971167561,inf,,,0.8766147883706995
111,,0.0,0.0,1.5814446686639867,1.5629751733486748,0.903052953660913,3.487692985022616,10.802958769060238,,,0.524519217297268,inf,,,0.8863451294451453
112,,0.0,0.0,1.7724538450042713,1.7456579614340122,0.9650936481453783,3.2942488755673716,10.335312988220572,,,0.3480560589391537,inf,,,0.8242637464162917
113,,0.0,0.0,1.6322787398367253,1.6176873012600874,0.944254366814132,3.3249930174264812,3.42440144788712,,,0.41861278947482794,inf,,,0.8489581430548508
114,,0.0,0.0,1.6870906363863054,1.6024879844467979,0.873461439339529,2.957850235074215,9.221159959961426,,,0.4928685327679205,inf,,,0.8970317417490489
115,,0.0,0.0,1.3749845309308535,1.3652006857539543,0.9400691550033853,3.521684061254756,5.808257068174479,,,0.5113665138247345,inf,,,0.8534801463796808
116,,0.0,0.0,1.5030482505094787,1.4964611157837704,0.9365850540628572,3.709849042155464,4.322934050736691,,,0.43586655696697996,inf,,,0.8513567819285534
117,,0.0,0.0,1.6051787754592695,1.6032032380316308,0.8900332994245439,3.2111918219735056,9.306329094826179,,,0.45235697871908603,inf,,,0.8548617883929951
118,,0.0,0.0,1.594077740515583,1.5823176462909658,0.9493282908419607,3.263391695295336,4.070049219159462,,,0.5329562494928909,inf,,,0.8414380368803795
119,,0.0,0.0,1.6099208783661678,1.5697678127298837,0.8335692980211507,3.344902817668245,1.6223208757336867,,,0.5287703885177266,inf,,,0.9180447480450925
120,,0.0,0.0,1.4645937769137523,1.4207820054830398,0.963788571432956,2.6897653642653627,6.359856027114159,,,0.47824363442641393,inf,,,0.8820174211302789
121,,0.0,0.0,1.46266449843133,1.3852691459214834,0.8351243093845595,4.356567554491485,14.150433436229857,,,0.45235697871908603,inf,,,0.8733301788029796
122,,0.0,0.0,1.4608798882812328,1.4413150998232604,0.8786290913892143,3.289354669793228,19.908557382652795,,,0.5202020156036558,inf,,,0.8594494625196056
123,5.703782474656199,-1.3498951856686336,0.0,1.6968498555819662,1.6686205868198625,0.7629883267224754,3.109030781944612,10.815299045531729,,,0.49759852643134905,7.144885072271086,inf,,0.8946459133911919
124,,0.0,0.0,1.4569774282497667,1.444906504029377,0.8355178332138911,2.381378809693325,2.575179172507309,,,0.4880666971167561,inf,,,0.8078231092982159
125,5.7037824746562,-2.718802979586122,0.0,1.6798920776491209,1.6938721952467024,0.7217680058740862,3.783951164245697,2.513680258997986,,,0.524519217297268,6.444720319052495,inf,,0.882546844206989
126,5.703782474656201,-0.874579979447284,0.0,1.6555617651184205,1.651259926965123,0.7798194914340693,2.605184296395493,2.3016021529081105,,,0.62595550513784,7.578923552823307,inf,,0.9421530483045725
127,,0.0,0.0,1.3280920872293567,1.346708389241307,0.9397690506125533,5.675619752716661,64.54195214949706,,,0.49759852643134905,inf,,,0.901380146463301
128,,0.0,0.0,1.7000188325732304,1.678512228736484,0.9511417449299439,4.3387640649610235,91.12755424909605,,,0.4880666971167561,inf,,,0.8821192991210194
129,,0.0,0.0,1.6860646107454376,1.6490146435623343,0.9611635539763038,3.6593986145549917,29.063859986807692,,,0.5022576003740722,inf,,,0.8897313000660146
130,,0.0,0.0,1.3571047332367796,1.3361329157778319,0.8174846108302208,3.952915995978345,11.533279102743464,,,0.5451288209179292,inf,,,0.9342149104300356
131,,0.0,0.0,1.6213522753658585,1.5734573688192184,0.8868751891789419,4.245287321691877,17.977225713125456,,,0.5113665138247345,inf,,,0.8856911949615082
132,,0.0,0.0,1.7429101159696032,1.7301492567703793,0.7967983628474589,3.7152031731761155,2.780941864706928,,,0.5158180382284114,inf,,,0.9019590231729324
133,,0.0,0.0,1.6965103758050646,1.6897044494277902,0.7976384074308004,4.110987097342264,24.524175915428113,,,0.5490601803369085,inf,,,0.8110621386081647
134,,0.0,0.0,1.7093793589578268,1.6697071161070405,0.9487385016270046,4.183076002683815,112.04734360304835,,,0.41268473150466,inf,,,0.8687006548261537
135,,0.0,0.0,1.4771316323641943,1.4529454479748123,0.7188814141743326,3.6271284670755306,10.069358856662287,,,0.6008849035917525,inf,,,0.844773838588837
136,,0.0,0.0,1.4582949630600508,1.4442717408458123,0.6118530457298315,3.7496205506594484,6.713704149459941,,,0.5370774965580548,inf,,,0.9049556849011957
137,,0.0,0.0,1.6588328958191867,1.6881585797176688,0.8507970238037041,2.9961276501109415,3.537539466528644,,,0.5490601803369085,inf,,,0.9010713706817011
138,,0.0,0.0,1.4234548933114322,1.3801612520555255,0.7656611060550258,3.1865081379696307,3.121489520472145,,,0.5490601803369085,inf,,,0.917276615932328
139,,0.0,0.0,1.425712563925488,1.4308789219941804,0.6079985516159948,2.5391721795327213,3.375873512870089,,,0.4576907132971797,inf,,,0.9262808679950449
140,,0.0,0.0,1.6238002579710988,1.6157109904487563,0.6625792355913818,2.044445485235187,2.4476704727460574,,,0.5113665138247345,inf,,,0.9296707564682505
141,,0.0,0.0,1.7350318978749981,1.6989266213757768,0.9455764622889503,1.9392558038428587,2.8867453921498187,,,0.44144624493110796,inf,,,0.8870145777908786
142,,0.0,0.0,1.4818278829027052,1.4586992359237994,0.9522064575007646,2.0346660838970756,2.7527902263278046,,,0.38804190201132227,inf,,,0.8852093448123185
143,,0.0,0.0,1.671965700493225,1.668263806544837,0.9540629741798602,2.2794697967792272,2.8362655251248947,,,0.4576907132971797,inf,,,0.8738868848385319
144,,0.0,0.0,1.2052229366604523,1.1963851459336274,0.7497759466295467,2.3396229389876466,2.347873688556379,,,0.4732203808476458,inf,,,0.9238470214115839
145,,0.0,0.0,1.6849867912603336,1.6846073359377545,0.9464728091343663,2.890529031196889,6.281766275221804,,,0.38804190201132227,inf,,,0.8753645120611782
146,5.703782474656201,-0.6084034639633281,0.0,1.3682794119990842,1.3454963283914785,0.6715249789403687,2.456297913154088,2.353433724707034,,,0.4732203808476458,7.941829046512676,inf,,0.790370468740543
147,,0.0,0.0,1.70299967886068,1.6495777414663266,0.9476036930378882,1.9145498472252631,3.2316741124227697,,,0.4880666971167561,inf,,,0.8389728295661567
148,,0.0,0.0,1.5173310731175218,1.468269183187133,0.6813351894982512,2.2911385757417118,2.6898572178684605,,,0.5451288209179292,inf,,,0.9356268333141968
149,,0.0,0.0,1.546582539719406,1.4996409030617543,0.4968985266470775,1.7600701744420897,1.924572179319484,,,0.5202020156036558,inf,,,0.9500497343376976
150,,0.0,0.0,1.6182517297085441,1.6060744747170708,0.4898414309622301,1.7225088436644165,2.591326719653517,,,0.5113665138247345,inf,,,0.8332361177685426
151,,0.0,0.0,1.5920129836014023,1.5844967742159086,0.8979257486245608,1.5950119908015703,1.8291972272181338,,,0.4302020962658841,inf,,,0.8607424254238599
152,,0.0,0.0,1.6246497954266654,1.5686248956950122,0.5963428387678902,1.8803463147375197,1.944379743334526,,,0.5022576003740722,inf,,,0.847033233479261
153,,0.0,0.0,1.6056957581021465,1.5589917962106299,0.9030796685224741,2.0344847851933747,2.4901291272807473,,,0.5370774965580548,inf,,,0.9064057066979093
154,,0.0,0.0,1.7299149350176277,1.693137617518643,0.8772727184634866,2.255155473058724,2.81752870847752,,,0.5783247308855777,inf,,,0.8952387803607531
155,5.703782474656203,-3.9356099075127795,0.0,1.6576843985827954,1.5946828832902833,0.6312922693447852,2.3875893943549245,2.8070612153531496,,,0.5604843169999094,6.074846156047033,inf,,0.7117406685503614
156,5.703782474656201,-0.15210086599083203,0.0,0.9512863726586434,0.9184811374235429,0.5712523582106795,2.4848663044484147,1.8031723691579562,,,0.5947193981915972,9.328123407632566,inf,,0.715692607911387
157,,0.0,0.0,1.3326364841757534,1.2787559034631504,0.6564864514785791,2.192945388877273,1.6621926435888352,,,0.5158180382284114,inf,,,0.6883406001004407
158,,0.0,0.0,1.3091060382609971,1.2767555792942427,0.6657874275521363,3.1275801286782494,2.671881184806892,,,0.6357360191111145,inf,,,0.8105139962328355
159,,0.0,0.0,1.7336272359001728,1.7101244354853191,0.6786804106286658,3.61225779352708,3.8206102441248717,,,0.6602640781246099,inf,,,0.7852168485015644
160,,0.0,0.0,1.6707559493627637,1.680647123458587,0.7752967514595577,3.1204029105900832,3.087315793866024,,,0.6097226960127671,inf,,,0.8945543609237586
161,,0.0,0.0,1.5904643878385234,1.599040273147523,0.7700539660775723,3.1321490802429475,2.601627266023891,,,0.6447042257417027,inf,,,0.9315505271127565
162,,0.0,0.0,1.712426405972877,1.7093772010167962,0.72277093752231,2.5920625782951685,2.312904431450608,,,0.6309483474627791,inf,,,0.9252537373070963
163,,0.0,0.0,1.5387936471372168,1.517791387344213,0.7573965883501249,3.2753927960356433,2.5640646964759974,,,0.6153451465759925,inf,,,0.9206396957619701
164,,0.0,0.0,1.6994992996442655,1.704109194311665,0.8251246857972595,2.979917887293807,2.7740446774876526,,,0.6284777104787076,inf,,,0.9428560533037541
165,,0.0,0.0,1.6486682272258224,1.591965122755312,0.8366397388371867,3.351788582469933,3.3849045591512366,,,0.648888643467878,inf,,,0.9360518367879167
166,,0.0,0.0,1.4667350636783614,1.4339417518922457,0.7265409303157354,3.373399910794062,3.251995492296743,,,0.6528756675646988,inf,,,0.9174817804836662
167,,0.0,0.0,1.7453067032294438,1.722074919440556,0.8227088540590028,3.6113945491972683,3.33208706663927,,,0.6425374456860184,inf,,,0.8877799376917355
168,,0.0,0.0,1.411302828215633,1.4207034189854342,0.7419365723095706,2.9578137405030214,2.400378033647878,,,0.6008849035917525,inf,,,0.8595300123426153
169,,0.0,0.0,1.4056674270978413,1.371748510064623,0.8024028401915595,2.762252164171823,2.915476930634308,,,0.6284777104787076,inf,,,0.9411326265876603
170,,0.0,0.0,1.7041936256716754,1.7002965254670566,0.7502355231856388,2.951135791959728,2.9471840632957167,,,0.6309483474627791,inf,,,0.9248060438020114
171,,0.0,0.0,1.6289549826412018,1.6222812302617262,0.7847399643948428,3.373304559022546,3.3261124117417893,,,0.6309483474627791,inf,,,0.9337439019142078
172,,0.0,0.0,1.4313604379636322,1.4007667194447226,0.7552105553296539,3.4150299328110862,3.828459567820298,,,0.6357360191111145,inf,,,0.9439190655650374
173,,0.0,0.0,1.4357954379752091,1.437786931881705,0.7537730307206949,3.3044020297600887,2.6703210964708357,,,0.6403206450210053,inf,,,0.8741343012543439
174,5.703782474656201,-1.0647060619358242,0.0,1.6802519541984475,1.667603730580793,0.7633878234894232,3.6379384242501027,3.5659958311567244,,,0.6509067234006624,7.382213258577253,inf,,0.9187139530347813
175,,0.0,0.0,1.6313620750885518,1.5973225086260412,0.8092065820493184,3.4054583983030002,3.731802665440822,,,0.648888643467878,inf,,,0.9364592136851725
176,,0.0,0.0,1.6644562035429153,1.6646071453065707,0.7994289210966957,3.8402404791721114,4.2883529927825705,,,0.6447042257417027,inf,,,0.9226239452108329
177,5.703782474656201,-1.8442230001388384,0.0,1.6164861182496066,1.6068676339773313,0.7832610607529793,3.5815818755144977,4.08726774834724,,,0.6038851895711802,6.832853970809019,inf,,0.9142920898343653
178,,0.0,0.0,1.3436581465214776,1.3213830404846494,0.7944281249485323,2.972160262030714,4.360077610754729,,,0.6309483474627791,inf,,,0.9000703441583806
179,5.703782474656202,-0.7414917217053063,0.0,1.2866113411996285,1.2536301916276391,0.7057921450001384,3.1432505354823776,3.784911923692374,,,0.6233814453054027,7.7440033031827555,inf,,0.9134582563872233
180,5.703782474656204,-2.2625003816136275,0.0,1.4688209904244962,1.4708986915197253,0.8472190451226859,3.395907120621157,3.659719110409714,,,0.6207552362147116,6.628441456200873,inf,,0.8861055444583887
181,,0.0,0.0,1.2335298583121206,1.2040236533408348,0.7638061142271674,2.8550686673302685,2.966278165117373,,,0.6125606311107803,inf,,,0.8785252700943159
182,,0.0,0.0,1.506563685790016,1.510457057028184,0.7852067305350181,2.9817462422817647,3.5833286188183004,,,0.5978297680564633,inf,,,0.8697523179481939
183,,0.0,0.0,1.6644938477767426,1.6092304298552778,0.6907991651742096,2.763973284727334,2.2940352223042724,,,0.6403206450210053,inf,,,0.9301986754517096
184,,0.0,0.0,1.4031915266336434,1.3743655310222664,0.6518248874414283,2.6409946384655796,2.615787431597984,,,0.6125606311107803,inf,,,0.9477679134508439
185,,0.0,0.0,1.4258570738176002,1.390883176247233,0.6773458289151706,2.1179414499684777,1.8152571658662646,,,0.6380535849069913,inf,,,0.9330342003368163
186,,0.0,0.0,1.5220864798863145,1.5138554593035725,0.6956253220125401,1.861107998878815,1.4105461556290222,,,0.6380535849069913,inf,,,0.9296251185181081
187,,0.0,0.0,1.6874763986027328,1.6562683236979403,0.8723622041862237,2.324209748624196,1.8391021583021465,,,0.6380535849069913,inf,,,0.9257650138123218
188,,0.0,0.0,1.425327716983272,1.4182194195440592,0.7128590662604035,3.927246755390714,2.38628138890544,,,0.6180765742263259,inf,,,0.8738268511455511
189,5.703782474656201,-0.22815129898624803,0.0,1.6166987666737045,1.5920795849217286,0.627622629508557,3.9968508834108714,2.0776450683437453,,,0.5947193981915972,8.922658299524402,inf,,0.7106494952086181
190,,0.0,0.0,1.679803568459344,1.6831200206770878,0.6445362864492337,2.5877466877707587,1.9704206864383869,,,0.6333676938231112,inf,,,0.7748329707052931
191,,0.0,0.0,1.5905488226165903,1.5692895020973785,0.8262687804349903,1.903281858286579,1.5566469261450246,,,0.6403206450210053,inf,,,0.882028661787348
192,,0.0,0.0,1.4311265921448038,1.404678477493505,0.7511170041059193,2.1110196158746604,2.1003149050590837,,,0.6125606311107803,inf,,,0.9201646829882814
193,,0.0,0.0,1.2551806572901092,1.251287392583249,0.6779879505943049,2.3396228660109615,1.9319155683321285,,,0.6468212168108125,inf,,,0.9267438134021126
194,5.703782474656202,-0.7224791134564522,0.0,1.4883243265827402,1.462907416926017,0.6216064517964638,2.2398264986821195,1.585433369678909,,,0.6180765742263259,7.769978789586016,inf,,0.7149833171811767
195,5.703782474656201,-3.0610299280654947,0.0,1.6513954950972203,1.665157575396998,0.6994704768914675,2.386824656982248,2.1982929759012717,,,0.648888643467878,6.326160584327939,inf,,0.5757102203821548
196,,0.0,0.0,1.503400338094355,1.4760079787871518,0.6587616808153136,2.0487630101047065,1.2852154261692434,,,0.6468212168108125,inf,,,0.9386160638531098
197,5.703782474656203,-1.7871851753922767,0.0,1.7522136137604853,1.655671639027133,0.6500220980696466,1.9408537465202471,1.497379748913303,,,0.6425374456860184,6.864270167042398,inf,,0.8433755446441666
198,,0.0,0.0,1.6009869292711667,1.5881766932948895,0.6529082536581696,1.5420926726388269,1.2473640578233758,,,0.6403206450210053,inf,,,0.9036231792569839
199,,0.0,0.0,1.6811504620102573,1.6754987726057287,0.6707419346464053,1.867834502744269,1.4064592295957852,,,0.648888643467878,inf,,,0.8196214448595589
200,5.010635294096255,-0.2004254117638502,0.0,1.534775226250638,1.5050079389573086,0.7242898952602354,2.5950817070962615,2.0073762237082198,,,0.6380535849069913,8.229511118964457,inf,,0.7512177381024676
201,4.995495668143968,-4.579204362465304,0.0,1.6518210500550357,1.6448648729805564,0.7970024684648243,3.431996106483974,1.9707405488742817,,,0.6425374456860184,4.929055307103833,inf,,0.6576597643127219
202,5.703782474656202,-0.34222694847937213,0.0,1.050371890520431,1.0290202160064486,0.6864895239715376,3.3562145812557542,2.524083549318429,,,0.6357360191111145,8.517193191416238,inf,,0.896718432687765
203,,0.0,0.0,1.3424747607103755,1.321459980457259,0.6263756300640034,3.377702484546403,2.637993102122839,,,0.5978297680564633,inf,,,0.8459264401454221
204,,0.0,0.0,1.6010353003722835,1.6052474435239592,0.7112871545908447,2.558514368736476,1.5890337222671786,,,0.6403206450210053,inf,,,0.8274839658791177
205,,0.0,0.0,1.2348531020672946,1.0810795382466711,0.7781982255968982,0.9412534707758685,0.5447848811611378,,,0.6509067234006624,inf,,,0.9254528150062542
206,,0.0,0.0,1.6507044630047598,1.6175570148778742,0.8235090626993332,1.3171224075594337,0.5387971683762722,,,0.6652988471865258,inf,,,0.9063475890339493
207,,0.0,0.0,1.4819041595648466,1.4623250368183265,0.7872789781013657,3.270591632452297,3.397493127648847,,,0.6468212168108125,inf,,,0.8806663868598605
208,,0.0,0.0,1.3187344466192525,1.3176938792983341,0.595680803773302,2.206853856492959,1.5238207158930521,,,0.6153451465759925,inf,,,0.89180695790337
209,,0.0,0.0,1.6982303758957582,1.60128814168311,0.7582283410696478,1.7648327015978256,1.6265979784734004,,,0.6180765742263259,inf,,,0.9284749943041267
210,5.69411065353211,-4.080779301698012,0.0,1.5739185584473372,1.5301821057385598,0.7582777812973057,3.577114568850903,2.8510869518476305,,,0.6233814453054027,6.023069886523313,inf,,0.736499463358901
211,5.703782474656203,-1.7871851753922767,0.0,1.6109974413167407,1.5069248340032744,0.7686002989850252,2.3525613862782246,1.2137604778587558,,,0.6068309995095971,6.864270167042398,inf,,0.8258628232872185
212,,0.0,0.0,0.9014144377919096,0.8875714709431549,0.7410562927874479,1.6212726146999492,0.648057916264567,,,0.6566669596287297,inf,,,0.8739174697003608
213,5.7037824746562,-1.42594561866405,0.0,1.3226080693222646,1.319942782537004,0.7990369671302343,2.818505792255423,1.668819361193485,,,0.6357360191111145,7.090076835776092,inf,,0.915387935049624
214,,0.0,0.0,1.4779235335111776,1.4546222606140937,0.8760638092960137,3.7104743878469475,3.9470630076743642,,,0.6403206450210053,inf,,,0.9356578492691645
215,,0.0,0.0,1.697825672557273,1.6702890187273522,0.8325238204980082,3.341576695301735,3.4192739824339715,,,0.6468212168108125,inf,,,0.9138882093517595
216,,0.0,0.0,1.7669730515336863,1.716999372844446,0.8594513421125659,2.3114271543491105,1.0844287066936835,,,0.6468212168108125,inf,,,0.9344032276942617
217,5.199310303211597,-1.2998275758028992,0.0,1.6053528698820365,1.52212197601231,0.7295449813593129,1.3811725164511788,0.7146099901961547,,,0.6528756675646988,6.54003049885682,inf,,0.872266692245359
218,,0.0,0.0,1.7442536525389185,1.7143969663608516,0.7328642718058374,2.8323286919706283,1.5255053823794817,,,0.6233814453054027,inf,,,0.8496743050266273
219,,0.0,0.0,1.4484886996840636,1.4085021151684345,0.5295788164287496,1.609013161036485,0.867397562432451,,,0.6652988471865258,inf,,,0.8183122201239431
220,,0.0,0.0,1.431141703510702,1.4164736557390907,0.7484432162325843,1.9639893672140187,1.570794897946836,,,0.6380535849069913,inf,,,0.9495128172577695
221,,0.0,0.0,1.564342284995157,1.558947302054758,0.8318797102686407,1.7477316669283556,1.0735094612492935,,,0.6097226960127671,inf,,,0.9372256242973825
222,,0.0,0.0,1.462963738578895,1.4599265745391212,0.6708020022327874,2.0199062880197203,1.4716976236599972,,,0.6233814453054027,inf,,,0.9451819505376107
223,,0.0,0.0,1.5003159762987843,1.5305122936554698,0.7979515345168735,1.2901605012029949,0.9161952323596829,,,0.6333676938231112,inf,,,0.9374661813347609
224,,0.0,0.0,1.6143114903450064,1.5848017631083235,0.8147482814418783,2.877363475850043,2.8700836890717647,,,0.6566669596287297,inf,,,0.8982522632462943
225,,0.0,0.0,1.6299690500230337,1.6306599945538653,0.7580647362658287,1.0871586540332077,0.7080142622340353,,,0.6528756675646988,inf,,,0.9257571346324222
226,,0.0,0.0,1.5249660305549513,1.4924659039426194,0.8414424166221786,2.7352129997753654,1.7851674219440965,,,0.6333676938231112,inf,,,0.856221972092829
227,,0.0,0.0,1.5471064071212532,1.4258398129696777,0.7728582659341452,0.856987532172712,0.4447287063296892,,,0.6468212168108125,inf,,,0.837402600045833
228,5.703782474656201,-0.22815129898624803,0.0,1.699920154405045,1.6627402416172141,0.8163194168418618,0.9653731301875667,0.7957009126562017,,,0.6309483474627791,8.922658299524402,inf,,0.8473489451967939
229,5.703782474656201,-0.6464286804610362,0.0,1.5830673466383494,1.5188715789887166,0.689434612243987,2.5856824267417897,1.415995977263686,,,0.6284777104787076,7.881204424696241,inf,,0.8099467210420056
230,,0.0,0.0,1.2595497513291591,1.2432189311178068,0.7903273603921227,1.652315669978279,0.8499625373477016,,,0.6425374456860184,inf,,,0.8752716552093687
231,5.703782474656201,-0.13308825774197802,0.0,1.5126879635378194,1.4929557322053864,0.8063665403607538,2.0080633803724504,1.0120415717822748,,,0.648888643467878,9.461654800257088,inf,,0.907504340000144
232,,0.0,0.0,1.6180929241540187,1.5745693060538655,0.7721013936856407,1.6735073553143758,1.1963720772988136,,,0.6425374456860184,inf,,,0.8601828527837294
233,,0.0,0.0,1.7021688034935993,1.6822445898033218,0.7972690919294971,1.3890416975403768,0.7641241707573727,,,0.6584896970785714,inf,,,0.9224286627847639
234,5.703782474656199,-1.1597691031800939,0.0,1.3547762494047153,1.311071478376998,0.814959537922545,1.8529675075667447,0.8722101195002312,,,0.648888643467878,7.2966910851390905,inf,,0.9218528571038541
235,,0.0,0.0,1.1820048203193878,1.1652587476065366,0.8145893981781729,1.0899094554709965,0.7782634288673047,,,0.6403206450210053,inf,,,0.9278714849576433
236,,0.0,0.0,1.2280886020477686,1.2307468608007663,0.6727666850459825,1.484315506509585,0.7331375557004016,,,0.6509067234006624,inf,,,0.8634784535150174
237,5.703782474656201,-0.6274160722121821,0.0,1.66692968958442,1.523975448415548,0.8149208956147914,1.791051526309726,1.2621230947180844,,,0.6528756675646988,7.911057387845922,inf,,0.9051145596036493
238,,0.0,0.0,1.0331626486334615,0.9644892174751899,0.5379890384511484,1.354997354984807,1.0617303278618007,,,0.5883313578629602,inf,,,0.9545959213055033
239,,0.0,0.0,1.4260559642016728,1.387768859038663,0.7601231266257067,1.5169470397806537,1.1851124154999158,,,0.6125606311107803,inf,,,0.9535244129871778
240,,0.0,0.0,1.6490984014907075,1.6504128873463826,0.6854385542423502,1.6134688249155689,1.2579130586158032,,,0.6528756675646988,inf,,,0.9380333789294276
241,,0.0,0.0,1.6580037836216597,1.6420870362146942,0.8404359399659587,1.546720099782125,1.3441393060139077,,,0.648888643467878,inf,,,0.9225087017373411
242,,0.0,0.0,1.5302310833549873,1.520037469294998,0.7662423989991496,1.1038076159768262,1.0511915640854088,,,0.6309483474627791,inf,,,0.8969888061775848
243,,0.0,0.0,1.6919314909069785,1.596691555757592,0.7411243011005418,1.6440349897005708,1.1356210251885033,,,0.6528756675646988,inf,,,0.9140264607280133
244,,0.0,0.0,1.7483797361735824,1.72121651540416,0.7116327826756756,1.6407351868625857,0.6287005549585323,,,0.6425374456860184,inf,,,0.9174556669639382
245,,0.0,0.0,1.7309116127777033,1.678570981753844,0.7021912205912829,0.9453716582742874,0.5684118193780341,,,0.6425374456860184,inf,,,0.7055444159599435
246,,0.0,0.0,1.7720247749502667,1.7626583279296224,0.7589419777005195,2.7730421357911936,1.504085553989003,,,0.6468212168108125,inf,,,0.5936573974338543
247,,0.0,0.0,1.345574466595616,1.3481320549379536,0.6894587912913447,2.3514950854661625,1.2501756625354195,,,0.6403206450210053,inf,,,0.9334175440793827
248,,0.0,0.0,1.6352697591934127,1.6070469439995225,0.7812758804706482,2.2287090223256807,1.6884874723125858,,,0.6207552362147116,inf,,,0.9277108770395404
249,5.703782474656202,-0.24716390723510206,0.0,1.638866240031585,1.6376465815854186,0.7787797715067818,1.795441635726667,1.1304542426042614,,,0.6528756675646988,8.842615591850866,inf,,0.8940414907126217
250,,0.0,0.0,1.3268119446150373,1.2975618467063799,0.8443990429820505,3.1836082712189624,2.816011648722553,,,0.6008849035917525,inf,,,0.9289569807517247
251,5.703782474656199,-1.4829834434106117,0.0,1.5040779848611097,1.4706753367840573,0.8135667064842466,4.090421579521549,2.2175518424987857,,,0.6380535849069913,7.05085612262281,inf,,0.9131340598589284
252,5.010635294096257,-0.3674465882337255,0.0,1.669818668630961,1.6091964514802217,0.8116197243381017,3.1452049411409906,0.8445067566222999,,,0.6425374456860184,7.623375315394141,inf,,0.7917033629011324
253,,0.0,0.0,1.6170806322886593,1.605481117540615,0.8445063838904836,0.26197537306656243,0.472948611708503,,,0.6547956803312163,inf,,,0.9413520482178854
254,,0.0,0.0,1.5387260759279897,1.4246657633307251,0.8232871724351154,0.8030784742076679,0.5710898085337297,,,0.648888643467878,inf,,,0.9552660087275751
255,,0.0,0.0,1.5330262370074086,1.4684015840339069,0.6640146778496252,0.6371381784441976,0.4011579813150732,,,0.6357360191111145,inf,,,0.9533401368262376
256,,0.0,0.0,1.5142555638396549,1.488361328133687,0.8308787709347588,0.49368563893211037,0.5771878576353946,,,0.62595550513784,inf,,,0.8679914997092643
257,,0.0,0.0,1.6980201875720775,1.678972094464106,0.8118524370214639,1.6243014324469378,1.088200373387006,,,0.6425374456860184,inf,,,0.9351101487323961
258,,0.0,0.0,1.7451211082162135,1.7231297005588646,0.7313267669991178,2.4179390491537918,1.869411139069272,,,0.6425374456860184,inf,,,0.830456542295201
259,,0.0,0.0,1.6121730160010763,1.5405342224247818,0.7869415832125238,2.9214384122904,2.374431976687223,,,0.6380535849069913,inf,,,0.9168895775041968
260,,0.0,0.0,1.6944495368581383,1.6913055901088347,0.7565211843816803,2.512854727799856,1.5685546877722016,,,0.6528756675646988,inf,,,0.9192584956849847
261,,0.0,0.0,1.6565611072214428,1.5725788558753948,0.8791639140487474,1.999437511766257,1.2898696768848745,,,0.6357360191111145,inf,,,0.9180069711076537
262,5.703782474656202,-0.2661765154839561,0.0,1.5090873998498253,1.4977990077378491,0.7147017827903972,1.5838791337295954,1.1254109438617699,,,0.6509067234006624,8.768507619697143,inf,,0.8670070085721931
263,,0.0,0.0,1.6947867718825649,1.6894657786200902,0.7318050028689116,1.6905933012747059,1.1580856278943468,,,0.6380535849069913,inf,,,0.7782532708422975
264,,0.0,0.0,1.4885374803706906,1.430685939520745,0.733545066359084,1.8021449650769026,1.4640554078980477,,,0.6068309995095971,inf,,,0.9331691375595901
265,,0.0,0.0,1.3758336105272533,1.3211335778178825,0.7392151110352922,1.083670414891662,0.6644765567403803,,,0.6468212168108125,inf,,,0.9439940381680559
266,,0.0,0.0,1.6364590629301428,1.5163869385986246,0.8634999518617964,0.6211083273838264,0.5204919567421489,,,0.6566669596287297,inf,,,0.9217156852142505
267,,0.0,0.0,1.7006315392928697,1.698770081194671,0.6364457085105821,2.15747917103006,1.9289769840732927,,,0.6153451465759925,inf,,,0.8394582867570082
268,,0.0,0.0,1.3781330995570507,1.3012440286853943,0.7279903762127925,3.1982641618390732,2.0647967494785573,,,0.6425374456860184,inf,,,0.7842652533216877
269,,0.0,0.0,1.4687330218118533,1.435876165698194,0.7244781632249849,1.7115192196659403,0.8482762272843163,,,0.6528756675646988,inf,,,0.8691221041724869
270,,0.0,0.0,1.3857743828917974,1.3228140837321707,0.5612848766198805,0.4773821218522504,0.5091039748513747,,,0.6207552362147116,inf,,,0.950451577213957
271,5.703782474656201,-0.9126051959449921,0.0,1.4771778506226476,1.3998181478134712,0.699826978255904,1.292329069494471,0.8395755612524336,,,0.6357360191111145,7.536363938404511,inf,,0.7902293123585958
272,,0.0,0.0,1.5069579390714818,1.4593596560459787,0.7739446696442406,2.77442935883883,2.4434281552473824,,,0.6333676938231112,inf,,,0.9406473047250471
273,5.703782474656203,-0.4182773814747882,0.0,1.7624899252230244,1.7361013044954223,0.8421886331207379,2.7173194055434093,2.403740188846442,,,0.6403206450210053,8.316522495954086,inf,,0.8432233911263557
274,,0.0,0.0,1.4692637537520783,1.4727881133478276,0.754250506807847,3.1884914735018652,3.3571337779922352,,,0.62595550513784,inf,,,0.8903392684792123
275,,0.0,0.0,1.3139099262011569,1.2922869341984853,0.8698127831916258,3.1522571103423713,1.8652037881806756,,,0.6207552362147116,inf,,,0.9167932142505195
276,,0.0,0.0,1.52881505454115,1.485850399322339,0.7939444782963151,2.072628346157632,1.132956778157173,,,0.6528756675646988,inf,,,0.7909072819929449
277,,0.0,0.0,1.1760439756514611,1.1631166239739381,0.7178368632484565,2.3371155715953504,1.4525467073380485,,,0.6509067234006624,inf,,,0.8615200433840211
278,,0.0,0.0,1.310583784898435,1.2429485477236033,0.7178219208091591,0.8921025800091629,0.5834761325719688,,,0.6380535849069913,inf,,,0.9557084347774104
279,,0.0,0.0,1.7205995838613684,1.7105754974205074,0.9534291608656827,0.21871301863820886,0.5210596624066361,,,0.6468212168108125,inf,,,0.9250851356322898
280,,0.0,0.0,1.6842128214167464,1.668958431495275,0.6770647179379705,3.027314781910821,2.288729007961427,,,0.6447042257417027,inf,,,0.6670688682847181
281,5.703782474656202,-0.49432781447020413,0.0,1.368890818292761,1.2112749665623532,0.7324528944867753,0.6593361214146236,0.4688106928351208,,,0.6509067234006624,8.14946841129092,inf,,0.9516339208469246
282,5.703782474656202,-0.7224791134564522,0.0,1.774820559421954,1.7374220140899435,0.8693257765154074,0.7618466328108551,0.6397071689656292,,,0.6619902821573977,7.769978789586016,inf,,0.7981146943466199
283,5.703782474656201,-0.7795169382030142,0.0,1.6296357387490645,1.545876683760915,0.8045172926122374,0.717679180619933,0.5715422653537255,,,0.6357360191111145,7.693992882608094,inf,,0.9376755446998921
284,,0.0,0.0,1.4291904739678174,1.394817640442072,0.8129596926698984,1.186181352195331,0.7343602404882137,,,0.6333676938231112,inf,,,0.9431325624175667
285,,0.0,0.0,1.4122590973894749,1.3296624233255452,0.777683478361946,3.0126995661180707,2.5964370044729845,,,0.5883313578629602,inf,,,0.9178164161300991
286,5.703782474656201,-0.4753152062213501,0.0,1.6298093898124628,1.6086507819253888,0.7155934954871344,3.3988027039099378,2.134735440428153,,,0.6403206450210053,8.1886891244442,inf,,0.8990838444160755
287,5.7037824746562,-0.893592587696138,0.0,1.6406731523785998,1.5171738252467064,0.7534955190841673,1.0528862487901838,0.5951801744954943,,,0.6602640781246099,7.557417347602343,inf,,0.7922334183395782
288,,0.0,0.0,1.0617972064761463,0.9378953631054391,0.5420586091237463,0.3519369347917698,0.2673258649271667,,,0.5883313578629602,inf,,,0.959436905570202
289,,0.0,0.0,1.1843923767316822,1.1884604894621047,0.43517658270380827,0.6847294265031497,0.34721626952760154,,,0.6068309995095971,inf,,,0.8246266355632298
290,,0.0,0.0,1.371128095809945,1.3600686520818523,0.7171385995472515,1.9245972110299479,1.6296216323845656,,,0.6333676938231112,inf,,,0.9401658407168024
291,,0.0,0.0,1.728979200114297,1.7102544475099566,0.8499085239276564,1.3868685136799364,1.1846141844303164,,,0.6468212168108125,inf,,,0.9468441234182133
292,,0.0,0.0,1.3591410462505467,1.2992403016723737,0.7584656037374203,2.664581954785112,1.207632834257876,,,0.6309483474627791,inf,,,0.9502110267921532
293,5.703782474656203,-0.3992647732259342,0.0,1.6498797575235655,1.545029188158473,0.7962834451971069,0.8952244534057917,0.5918904793751822,,,0.6447042257417027,8.36304251158898,inf,,0.9415771664226846
294,,0.0,0.0,1.4190459642385767,1.31411647905118,0.7561994264071396,1.664355321346946,0.9470481877707075,,,0.6233814453054027,inf,,,0.8029218209274818
295,,0.0,0.0,1.4279153016780117,1.4131881404562887,0.8151429737689646,2.6649996354581793,2.5419092013968907,,,0.62595550513784,inf,,,0.9420757965212129
296,,0.0,0.0,0.7592839123321784,0.7414529944892986,0.4934796053826062,0.3328161261251127,0.18600755646498962,,,0.5783247308855777,inf,,,0.9493149619763835
297,,0.0,0.0,1.340789312863923,1.2964362425851348,0.749762613341688,1.6234234055262298,0.8163794181567554,,,0.6425374456860184,inf,,,0.9251449006925964
298,,0.0,0.0,1.4731448033340802,1.3924212457331238,0.6838878763464541,1.0400904506865996,0.6753846801611476,,,0.648888643467878,inf,,,0.768826714772889
299,,0.0,0.0,1.581311017971092,1.562474613190335,0.7987263344693893,1.5919483876678973,0.8816865950330599,,,0.663668482632973,inf,,,0.8704306156149342
300,5.703782474656201,-0.7795169382030142,0.0,1.0311475167314965,0.9788550451807908,0.8063031843631917,2.065497360359689,0.9062212773693172,,,0.6619902821573977,7.693992882608094,inf,,0.9231684875569801
301,,0.0,0.0,1.5581438408008697,1.5011203185188224,0.8569421693844744,1.648857262296484,0.865529354332798,,,0.6309483474627791,inf,,,0.9312526213828479
302,5.703782474656201,-1.0647060619358242,0.0,1.5891267997535468,1.5280907851289938,0.796473571103831,2.9076381785506054,2.0207114019964116,,,0.6309483474627791,7.382213258577253,inf,,0.9327710907458352
303,,0.0,0.0,1.6209443417793878,1.5961404544326898,0.798276384766978,2.0675062346904896,0.9635990416398283,,,0.6284777104787076,inf,,,0.8732222633064034
304,,0.0,0.0,1.5192003112949255,1.4875583524303007,0.763051355434138,1.610448479882993,0.9242132345856195,,,0.6309483474627791,inf,,,0.9123606329132524
305,5.142422789900651,-0.6685149626870848,0.0,1.6605906674202968,1.6282472309026743,0.7025953944677585,2.719597378420972,1.7590922417305204,,,0.6403206450210053,7.144885072271086,inf,,0.9425362233671706
306,5.703782474656202,-0.49432781447020413,0.0,1.7060211444222806,1.7098599384017104,0.8836731508773921,2.9034529055656497,1.5038000008516392,,,0.6425374456860184,8.14946841129092,inf,,0.9193936413294089
307,,0.0,0.0,1.6031932694907507,1.5958080887385244,0.7828966659059121,2.521580425027996,2.0438095966825034,,,0.6566669596287297,inf,,,0.9224072942385189
308,,0.0,0.0,1.6515165781479142,1.6626111053129966,0.7143131699045153,1.832868066522483,1.1111890247184382,,,0.6233814453054027,inf,,,0.9487903113461755
309,,0.0,0.0,1.4102318601518462,1.398440777549144,0.75435434164272,1.6813293371153168,0.9961018914327409,,,0.6038851895711802,inf,,,0.9537836309060956
310,,0.0,0.0,1.6272444006025402,1.6209650606389032,0.7493171189377648,2.2759210119010316,1.5376495765531866,,,0.6566669596287297,inf,,,0.950145952246516
311,,0.0,0.0,1.5465555184596023,1.5398947623179786,0.7237864643607093,2.134477352443593,1.5624514119893917,,,0.6602640781246099,inf,,,0.8835777249524515
312,5.703782474656201,-0.17111347423968604,0.0,1.5141812113028843,1.4475586103931841,0.7517338501681454,1.7208395809741897,1.0761217818745603,,,0.6468212168108125,9.210340371976182,inf,,0.9399471930520855
313,5.703782474656201,-0.20913869073739402,0.0,1.5742335940040404,1.5669082339174614,0.7480141727073137,1.3689612012025776,0.8823170110919318,,,0.6357360191111145,9.009669676514031,inf,,0.9009129843531412
314,,0.0,0.0,1.5810786024870054,1.5639567064843936,0.654350360339669,2.432200656013214,1.8871901838161929,,,0.6403206450210053,inf,,,0.8211100023248226
315,,0.0,0.0,1.3293884352598204,1.3291008242233084,0.6882962808218841,2.839786229341762,2.593709358734092,,,0.6097226960127671,inf,,,0.9265717614116775
316,,0.0,0.0,1.4276291664762086,1.4051950532795472,0.7417104144092649,2.1136468591021393,1.9901756531795827,,,0.648888643467878,inf,,,0.9179889750036246
317,,0.0,0.0,1.254605027473607,1.2354820116428813,0.8036985694165707,2.375596149457281,1.6039911368475077,,,0.6233814453054027,inf,,,0.94596376876172
318,5.703782474656201,-0.019012608248854004,0.0,1.4111364841183605,1.3849132592819342,0.7599287198040717,2.249581679416181,1.1413677120243921,,,0.6425374456860184,11.407564949312402,inf,,0.865782108303591
319,,0.0,0.0,1.606114822293161,1.5858652049920041,0.7639438457753696,1.8126612527706194,1.2518801488184514,,,0.6584896970785714,inf,,,0.9200452122266868
320,5.703782474656201,-0.20913869073739402,0.0,1.436844332920696,1.395999583586086,0.6541219001182692,1.8517025666444755,1.2688588163421597,,,0.6207552362147116,9.009669676514031,inf,,0.8338893639375696
321,,0.0,0.0,1.5400287040947638,1.5224183437245242,0.7308915119044274,0.9876052139353645,0.7279863943366721,,,0.6547956803312163,inf,,,0.9486681232136249
322,,0.0,0.0,1.4054359952635693,1.3736812816898634,0.7522922048618159,1.4541070050357596,1.113822909031145,,,0.6284777104787076,inf,,,0.9540494952889242
323,,0.0,0.0,1.622824340752157,1.599314100734144,0.7608345456454346,1.8956393570799612,1.402055827346379,,,0.6309483474627791,inf,,,0.9370034391981823
324,,0.0,0.0,1.4950559504557828,1.4629248845500638,0.8118376033036141,2.8764182133057927,1.8254835573046653,,,0.6403206450210053,inf,,,0.9430794571080401
325,,0.0,0.0,1.362587743226645,1.3011811659708339,0.7784907788003567,2.2659462736560942,1.0935611924745836,,,0.6584896970785714,inf,,,0.8716373352407446
326,5.568974901014464,-0.7239667371318803,0.0,1.5993390537635148,1.490572228525971,0.6795256853844933,1.323683992222554,0.7116770732326512,,,0.6153451465759925,7.515744651201776,inf,,0.7388337953214181
327,5.030503288039704,-3.286595481519273,0.0,1.525503458725939,1.4138868772054758,0.7079954152737072,1.1664137608913203,0.4792199519414171,,,0.6509067234006624,5.367310238034988,inf,,0.6908255069993938
328,5.703782474656201,-0.05703782474656201,0.0,1.5968378252067046,1.5922570010830166,0.6645145977196945,2.5233157683925507,1.4832385519502997,,,0.6547956803312163,10.308952660644293,inf,,0.8076661888486356
329,,0.0,0.0,1.2806473476573879,1.2443345506110306,0.6936957310047458,1.0582509697950753,0.9403809382349209,,,0.6233814453054027,inf,,,0.9187597913427373
330,,0.0,0.0,1.4257509938776853,1.3895178927239142,0.7324021768684822,2.0337632990086596,1.7575888310514318,,,0.6333676938231112,inf,,,0.949891912000353
331,,0.0,0.0,1.549271364957332,1.5375845385210383,0.8043788867430887,1.0498900752415283,0.8729413889333326,,,0.6468212168108125,inf,,,0.8974050396435514
332,,0.0,0.0,1.6247832527284602,1.6289174345424742,0.7900758001091216,1.2810240553124506,1.1502297387782767,,,0.6309483474627791,inf,,,0.7778977370594221
333,,0.0,0.0,1.3021236082053422,1.2921720699429982,0.7452358631403501,1.9740716081224257,1.742191864022188,,,0.6233814453054027,inf,,,0.9388418977977435
334,,0.0,0.0,1.27752626478819,1.2638651894193997,0.6932547243293259,1.871653650871906,1.6530848348314895,,,0.6333676938231112,inf,,,0.6542792588688932
335,,0.0,0.0,1.3680255119311746,1.351607128164553,0.7220541321759989,1.9300904861459007,1.6672659325861392,,,0.5978297680564633,inf,,,0.9213078361163309
336,,0.0,0.0,1.7069873111309117,1.6718998747270182,0.7972487619827473,2.4927743110667375,2.0988088866298886,,,0.6619902821573977,inf,,,0.8638832683028672
337,,0.0,0.0,1.3002130833694165,1.2947831679397548,0.7584573400570764,3.2676018591774056,2.9484544483090005,,,0.6333676938231112,inf,,,0.9203942280882459
338,,0.0,0.0,1.4612615409746759,1.4566287063078396,0.80353217533568,2.878681101784624,2.424235129912211,,,0.6038851895711802,inf,,,0.874534254243478
339,,0.0,0.0,1.3967575673917971,1.306352421315449,0.8058246545141495,3.3730135031970305,3.6851143072498727,,,0.5783247308855777,inf,,,0.8409181696752533
340,,0.0,0.0,1.3694039396378053,1.372178934015775,0.8415233407929982,2.891744114660441,2.309650151897471,,,0.585052858160615,inf,,,0.9143393707166375
341,,0.0,0.0,1.027755315717962,1.000658495584117,0.7562270755016475,3.261432715154351,2.3632948936909415,,,0.5915533975974677,inf,,,0.8466988548989228
342,,0.0,0.0,1.1758596589792756,1.1572701932385745,0.8264225504535766,4.208475449873363,4.2549079605543705,,,0.6008849035917525,inf,,,0.85203235333341
343,4.971761907197886,-2.867049366484114,0.0,1.4303587653675591,1.412302510667812,0.684248408046659,3.2983908406103315,2.7012016830589096,,,0.5915533975974677,5.451727579847571,inf,,0.7366272826163397
344,5.368772869575556,-2.5591150678310153,0.0,1.4128145733389375,1.3240039646429247,0.7307837531897572,4.510641241602187,3.7957167286659805,,,0.6566669596287297,5.9870299500401165,inf,,0.614192304899726
345,5.498246642115834,-1.741111436670014,0.0,1.4609515378012299,1.4195671968892163,0.6743134347766442,3.6265764603650683,2.132360687854976,,,0.6602640781246099,6.587283383707366,inf,,0.8908496211546679
346,5.703782474656202,-3.7264712167753853,0.0,1.3985332665437757,1.3797788992811801,0.679550641617736,3.482443318402807,3.0400266867498997,,,0.6528756675646988,6.129450290081885,inf,,0.6017857114741625
347,,0.0,0.0,1.2801160857793752,1.272510824415842,0.7641616388369246,1.6691863263350357,1.4622550914229138,,,0.6425374456860184,inf,,,0.9385133840437648
348,5.035668774266077,-0.687625951490753,-0.28360447740404054,1.6803439930380093,1.6692031489396462,0.7524002081372141,2.475967346449774,1.6109364277701506,2.0727637391488067,,0.6207552362147116,6.555534685392785,2.018816919863401,2.833213344056216,0.8689580232200026
349,5.703782474656201,-0.07605043299541601,0.0,1.1041160951788436,1.0735671384023269,0.7030057750473546,3.8000153758337434,1.5915455051317098,,,0.6652988471865258,10.021270588192511,inf,,0.6975531118948066
350,,0.0,0.0,1.577890474610536,1.4816327945522634,0.7099610092306033,2.5582316763777575,1.4567380588408545,,,0.6619902821573977,inf,,,0.8137805741696791
351,,0.0,0.0,0.907705104985621,0.8577539783464176,0.582474298268146,2.006111819161068,1.2174010135636921,,,0.5978297680564633,inf,,,0.7687621059150272
352,5.703782474656201,-0.7985295464518681,0.0,0.6643364892659493,0.6279034491574027,0.44277987290529996,3.027050383529286,2.3700924375112313,,,0.5641709578113449,7.669895331029034,inf,,0.7838186300455152
353,,0.0,0.0,0.8777764004015162,0.8522696624367182,0.6989909001587966,2.5826754533625373,2.5049167895175595,,,0.6068309995095971,inf,,,0.746198356228229
354,,0.0,0.0,1.5039907316314738,1.370196854431607,0.4025110209589455,1.8562515861417483,1.7153073961162575,,,0.5604843169999094,inf,,,0.6247396085093156
355,,0.0,0.0,0.26399153511107604,0.2604493983802297,0.4166060499577635,0.3308887972040047,0.1708655533021276,,,0.5978297680564633,inf,,,0.8223339729422485
356,,0.0,0.0,1.2810115783764224,1.2524374577248267,0.8060414068147054,0.46191653139502126,0.5966098466200709,,,0.5947193981915972,inf,,,0.9074908358874397
357,5.703782474656202,-0.7224791134564522,0.0,1.3996788516356704,1.353600906728915,0.6736919204963342,1.2027258392958131,0.31562145296970656,,,0.581717464821069,7.769978789586016,inf,,0.8825446073696699
358,,0.0,0.0,1.0660049445824014,1.0278891642337944,0.5179847332285479,0.12579755921552652,0.19696288183913735,,,0.5567373465730988,inf,,,0.9372523328478602
359,,0.0,0.0,0.780731590092163,0.7810454966341532,0.43930284121616936,0.12736481748891787,0.21701222577274534,,,0.62595550513784,inf,,,0.9127812545607152
360,,0.0,0.0,1.5164343346948108,1.5223687373754093,0.7972807456104893,0.20728155966656225,0.33011922356610945,,,0.6233814453054027,inf,,,0.9389795423825228
361,5.623803953822361,-1.9495853706584185,0.0,1.727154972756224,1.7163190054996516,0.7608549151717231,2.00988637952654,0.6815015053786988,,,0.6403206450210053,6.653974758206037,inf,,0.7499114876446492
362,5.703782474656201,-2.7378155878349766,0.0,1.6120689703676532,1.5319286459087982,0.6967768545687966,0.7320288523658597,0.4765882073105896,,,0.648888643467878,6.437751649736401,inf,,0.6308238068384264
363,,0.0,0.0,1.4591875575428874,1.4595597564287097,0.8256199062229767,0.06816967372334343,0.0882290969612004,,,0.5451288209179292,inf,,,0.9502137234022793
364,,0.0,0.0,1.47002089075671,1.2839295073117953,0.7139594407028074,0.6599070820992584,0.15399776854610192,,,0.5604843169999094,inf,,,0.8353091193302579
365,,0.0,0.0,1.27667013219381,1.235080418783852,0.7133011434493737,0.8914137233262406,0.40940742069734537,,,0.5947193981915972,inf,,,0.8912695272703555
366,,0.0,0.0,1.3239502128013205,1.2842508817983163,0.6935570174974958,1.1098898010339855,0.5753594602808172,,,0.6038851895711802,inf,,,0.8330454014654131
367,,0.0,0.0,1.1971833175714695,1.122770782070826,0.8750159938314118,1.358949877919812,0.7800611123531984,,,0.5915533975974677,inf,,,0.8667455819152807
368,,0.0,0.0,1.1068885252645535,1.0542244342571525,0.8071798193673252,2.600982360562011,1.606480697383322,,,0.5915533975974677,inf,,,0.8904919228584829
369,,0.0,0.0,1.2316558714598347,1.186598667375015,0.8456257318715894,2.410704047835928,1.3528006610492,,,0.6233814453054027,inf,,,0.8864268467206727
370,,0.0,0.0,1.2869917817191558,1.2759797654017115,0.8728394128211757,3.0065050977079473,3.5774447258336894,,,0.581717464821069,inf,,,0.8812024763261024
371,,0.0,0.0,1.4427231585817553,1.4201289185826926,0.9437337043905838,2.857247971149441,2.3785513620735608,,,0.5677978065141052,inf,,,0.911211871275845
372,,0.0,0.0,1.2676347531788412,1.2108392080183887,0.8376769659017722,2.665505833135812,1.3499275680533338,,,0.6038851895711802,inf,,,0.8664926100486999
373,,0.0,0.0,1.127562902688977,1.0990612741755599,0.8739697124234149,1.1858347390125303,0.5206322592553039,,,0.6284777104787076,inf,,,0.8862271721757145
374,,0.0,0.0,1.525976373655018,1.4764792198839327,0.77354941283656,3.3218089797257644,4.741181444479447,,,0.5915533975974677,inf,,,0.9118297604832547
375,,0.0,0.0,1.5072160268817412,1.4182373236201067,0.8905391305329301,1.509875116357778,0.655816612951206,,,0.6125606311107803,inf,,,0.8881970977717939
376,,0.0,0.0,1.3240181365875692,1.2994395783274397,0.915251515206644,2.3210665248326054,1.0988382212671648,,,0.62595550513784,inf,,,0.8999416561833703
377,,0.0,0.0,1.2584021202576405,1.2022373020660861,0.7708641848480678,1.6651388939307306,0.6696667849148239,,,0.5883313578629602,inf,,,0.912278623226379
378,5.703782474656203,-0.3992647732259342,0.0,1.3985714457007017,1.3841542918767158,0.6198867307803825,1.5969791676335112,0.8592448420645251,,,0.5978297680564633,8.36304251158898,inf,,0.9240070005193395
379,,0.0,0.0,1.2762592492603742,1.2197031387080577,0.8792234993729705,2.0580289652307795,0.958314024626683,,,0.6333676938231112,inf,,,0.8918891320372363
380,,0.0,0.0,1.5136707768408868,1.4936160424544664,0.9372807000710089,2.470915469136517,2.0519231233486606,,,0.6357360191111145,inf,,,0.9064410646608947
381,,0.0,0.0,1.3287749782490925,1.2927858807864387,0.8906986686617488,1.8855613790398407,0.9953960756626563,,,0.6180765742263259,inf,,,0.9051460296471523
382,,0.0,0.0,1.0436785051740325,1.041196302071863,0.7544354863883714,1.822382478177728,0.8189444536182013,,,0.6153451465759925,inf,,,0.9369349508220871
383,,0.0,0.0,1.5173641007939247,1.4858942430018918,0.8877999644072986,2.200601432902754,1.449166465076682,,,0.6068309995095971,inf,,,0.8926139632488811
384,,0.0,0.0,1.0207316550087742,1.0123667310107525,0.8388303089621979,1.5618013498265675,0.5998767553442759,,,0.6008849035917525,inf,,,0.9113540738333803
385,,0.0,0.0,1.3538054353886524,1.3290770597778496,0.8546257585461909,2.796502555224178,1.8461012261171659,,,0.6097226960127671,inf,,,0.9038197204856618
386,,0.0,0.0,1.4461153523155634,1.4277217608789887,0.7710440567784976,2.2657571446794194,1.0642562364266506,,,0.6357360191111145,inf,,,0.9576238661509628
387,,0.0,0.0,1.3374407060866027,1.3136331422230683,0.9056194330521378,3.1840482773512093,2.3571044125282556,,,0.6619902821573977,inf,,,0.8897339484679613
388,,0.0,0.0,1.2367952835072256,1.236257568228089,0.8378800317516488,2.8207064726155986,1.5400699464850884,,,0.6468212168108125,inf,,,0.9184251299382519
389,,0.0,0.0,1.3299309183887504,1.280157855681028,0.8853654238095272,2.891100206038916,1.5214547941670182,,,0.6333676938231112,inf,,,0.9132141736237451
390,,0.0,0.0,0.9912142498954355,0.9436061057403176,0.7720243635381663,3.840517322268011,3.407348263117019,,,0.6233814453054027,inf,,,0.8635639667716233
391,,0.0,0.0,1.1626502742090106,1.132909331889619,0.8183477895297714,3.2963476762011856,1.841798720226453,,,0.6207552362147116,inf,,,0.8318181989216125
392,,0.0,0.0,1.1243253341819002,1.018317344077789,0.787134655445881,1.1481781450318083,0.33007121625156577,,,0.5641709578113449,inf,,,0.7785917200854421
393,,0.0,0.0,1.6936824854082273,1.402350561369147,0.9304648543733259,1.7711912982924014,0.704736388179801,,,0.648888643467878,inf,,,0.7697746161209871
394,,0.0,0.0,1.3105145794236783,1.0995909033198348,0.9201780187293536,1.971129732050988,0.5386264114399097,,,0.6233814453054027,inf,,,0.808432980927327
395,,0.0,0.0,1.292636280315059,1.2229072837812456,0.8450169306648864,1.1360005738140408,0.5159039736416327,,,0.6333676938231112,inf,,,0.8720767675807847
396,,0.0,0.0,1.4326714081173821,1.3663147202855217,0.8483959887544833,2.4509767945108343,1.3637566509253252,,,0.585052858160615,inf,,,0.8974276654349966
397,5.703782474656199,-2.56670211359529,0.0,1.4756408939708117,1.4753411835673462,0.7162232996899965,2.996765313116962,2.1318329679296038,,,0.6180765742263259,6.502290170873972,inf,,0.6800214276602349
398,,0.0,0.0,1.4714205597046006,1.4355551988992248,0.9372023660381275,3.451082734359924,2.8516367499880886,,,0.6447042257417027,inf,,,0.8576397513395827
399,,0.0,0.0,1.3164999024722586,1.2321287069456124,0.9329263819936562,3.7325102505157295,1.8447455883514108,,,0.6425374456860184,inf,,,0.7808313292576459
400,,0.0,0.0,1.4032879761354073,1.3446764896604346,0.8669422257518103,3.7244133501247685,2.4174006527681446,,,0.6309483474627791,inf,,,0.914386950055189
401,,0.0,0.0,1.2609237144856182,1.173829698434544,0.8799819193769112,1.370440301138342,0.5743873270088053,,,0.5068466436745385,inf,,,0.8197024726851684
402,,0.0,0.0,1.428556892269778,1.3231883296342766,0.9314158398735525,2.024485326712992,0.9962891572073476,,,0.5748741956352443,inf,,,0.8510081083372717
403,,0.0,0.0,1.4734128573531433,1.3941034804347858,0.9473056568186772,2.179144782951933,1.0103121992085131,,,0.5451288209179292,inf,,,0.8465115586594039
404,,0.0,0.0,1.3948967558877248,1.3865023281178914,0.9280589650564774,2.5541941725151798,1.6888346848875435,,,0.5915533975974677,inf,,,0.8674425879257384
405,,0.0,0.0,1.371041535633827,1.3210887019466306,0.8842689300625559,2.0399805331364576,1.0465678957690705,,,0.585052858160615,inf,,,0.8781635900448138
406,,0.0,0.0,1.2973797077500182,1.2848701762919283,0.9058289458015097,3.0231956189333826,1.8158037151372453,,,0.6153451465759925,inf,,,0.8963752350180781
407,,0.0,0.0,1.3135290752369544,1.2700309704864543,0.9097379233003545,2.3408230690008653,0.8824036641598996,,,0.6652988471865258,inf,,,0.8779498951897904
408,,0.0,0.0,1.366465707798168,1.3253110545147473,0.911093294972053,2.5167638734783635,1.0336362115902231,,,0.6233814453054027,inf,,,0.8600087351317491
409,,0.0,0.0,1.1318826206312682,1.116634037041581,0.7941433576806634,4.406183734911057,4.377415777001605,,,0.6380535849069913,inf,,,0.8398527442063155
410,,0.0,0.0,1.1623551692975655,1.1229943686186172,0.7475505276621708,3.0099581303151157,2.2048237043651926,,,0.6893362020498699,inf,,,0.8695632927426616
411,,0.0,0.0,1.6527560737436366,1.5410110325748816,0.8520121844663248,2.319112238801905,1.2533234261260415,,,0.6790044388599258,inf,,,0.9176097184012345
412,,0.0,0.0,1.4203859690121823,1.3826499195272106,0.8877648881112984,2.3377375939293383,1.1091260761095332,,,0.6447042257417027,inf,,,0.8702468304389168
413,,0.0,0.0,1.2323685638238076,1.2382872784900179,0.7273270065051529,1.9102439272294414,0.7594457279151965,,,0.6668815377411301,inf,,,0.9254720360432621
414,,0.0,0.0,1.2285579022416826,1.059821942745441,0.7685401145152553,1.3868309293346714,0.7160622553895346,,,0.62595550513784,inf,,,0.8131735542674589
415,,0.0,0.0,1.1497311647305932,1.0981407151143985,0.650290804163866,1.089085409673774,0.6974338000093228,,,0.6584896970785714,inf,,,0.953383487785939
416,,0.0,0.0,1.2785334358353582,1.1506272881227222,0.9032944334355242,1.7118315830291473,0.5400389358241044,,,0.6403206450210053,inf,,,0.8839312822402629
417,,0.0,0.0,1.4103301408725653,1.2396694918125444,0.9406463851579767,2.195288185904677,1.1520203822556283,,,0.6425374456860184,inf,,,0.8577326479441189
418,,0.0,0.0,1.4049557334252623,1.388501376051042,0.7678629323311507,0.4741427848017415,0.6164723687564674,,,0.6425374456860184,inf,,,0.9501350767425266
419,,0.0,0.0,1.4542091701758508,1.4277690549452324,0.7766548411852896,0.6691292222247913,0.3859687623760105,,,0.6180765742263259,inf,,,0.894349884860994
420,,0.0,0.0,0.7672883667982863,0.7035765479571956,0.681754530037949,1.352014971491058,0.24496677691367608,,,0.6068309995095971,inf,,,0.8452063897680971
421,,0.0,0.0,1.3921570834223382,1.3889222431616757,0.8252773690968157,3.282035812079857,5.415010252020245,,,0.6333676938231112,inf,,,0.8883148359918243
422,,0.0,0.0,0.6435762586394265,0.5844200603061162,0.6064838669350681,2.0956921732849336,1.3858065173573757,,,0.6668815377411301,inf,,,0.8878804389604329
423,,0.0,0.0,1.6175288815481323,1.3800234076796862,0.7844540082862119,2.050424620877227,1.3243160868008377,,,0.6602640781246099,inf,,,0.8665660692592639
424,4.981275087405219,-2.175156788166946,0.0,1.0316703437493957,1.0356661078027904,0.6562521573383503,1.8200588419519534,0.6383645313857167,,,0.6380535849069913,5.772775346143153,inf,,0.9129228282326901
425,,0.0,0.0,1.2744792381869146,1.215559580379072,0.8722546385318641,3.0586051757269073,1.920124442256459,,,0.6309483474627791,inf,,,0.9145433710580821
426,,0.0,0.0,1.4225463954932676,1.396996405394616,0.9268056793770248,1.7275401511841184,1.0395580159162259,,,0.6447042257417027,inf,,,0.8904092915158616
427,,0.0,0.0,1.394829231949268,1.371367152636933,0.8057464649872992,2.8101321383578095,1.128310276689941,,,0.6233814453054027,inf,,,0.9228902301329864
428,,0.0,0.0,1.4973950287707332,1.3664305304239452,0.8760512330897728,1.9618411032003782,0.7285932087970162,,,0.6566669596287297,inf,,,0.8888723224595324
429,,0.0,0.0,1.3519892840557075,1.3137035517614999,0.8954686995063006,2.5596927855096236,1.4437893472278622,,,0.6125606311107803,inf,,,0.8833069373054383
430,,0.0,0.0,1.3116525771370464,1.2329733453238325,0.8298675756077657,1.2874751713542127,0.7515070919844717,,,0.6038851895711802,inf,,,0.8772431963398966
431,,0.0,0.0,1.4831756079967622,1.343182155683106,0.8705942078027616,1.1048291667625993,0.7237775080859732,,,0.5748741956352443,inf,,,0.8521215305731981
432,,0.0,0.0,1.0155728779590034,1.000615913387883,0.702948470462106,0.9556144866494172,0.4160589861618822,,,0.5883313578629602,inf,,,0.8786323164855482
433,,0.0,0.0,1.4560088149625763,1.3853015234238086,0.8660314357294937,1.252290319885152,0.8359326286980235,,,0.6468212168108125,inf,,,0.8733819164791541
434,5.703782474656202,-3.4602947012914287,0.0,1.0631017505013012,1.0534903230801265,0.7578003562324782,1.8022684543603689,0.6483944858689821,,,0.6207552362147116,6.203558262235607,inf,,0.9496878452896151
435,,0.0,0.0,1.3865594694126473,1.3694250182247214,0.7748507007741118,3.1762277086495447,2.1596408833749017,,,0.6447042257417027,inf,,,0.9221115404863639
436,,0.0,0.0,1.275065276381351,1.2292404860517498,0.8568156502463229,1.963242674814413,0.8258391837757633,,,0.6566669596287297,inf,,,0.8976067517085453
437,,0.0,0.0,1.1182019196462945,1.0440802012675943,0.9222924148225062,2.2400084113218544,1.0434792951798366,,,0.6180765742263259,inf,,,0.8624428920973176
438,,0.0,0.0,1.1215319291143606,1.0708135751351755,0.8289272122444901,1.2613224678770467,0.5766523138688271,,,0.6207552362147116,inf,,,0.8525884986874019
439,,0.0,0.0,1.4395423454148624,1.429267268218488,0.8827198442511671,2.129086263438571,0.8520584905341586,,,0.6153451465759925,inf,,,0.8572688362171768
440,,0.0,0.0,1.4486902239935144,1.4271584523861705,0.9381986168870743,2.593403606682976,1.3134067071816329,,,0.6153451465759925,inf,,,0.8963358274340953
441,,0.0,0.0,1.4239203886022664,1.3626672741134294,0.868889871873643,2.4867512821578437,1.1260388261891001,,,0.6403206450210053,inf,,,0.9074119854794503
442,,0.0,0.0,1.3550748242848951,1.3417408437118015,0.737198305286453,2.474330610822419,1.7626860616659514,,,0.6468212168108125,inf,,,0.8815524972375962
443,5.703782474656201,-0.6464286804610362,0.0,1.1390200242766082,1.1156990807402243,0.7746257937870309,2.281300314169196,1.5471225661694716,,,0.6309483474627791,7.881204424696241,inf,,0.8902440424282163
444,,0.0,0.0,0.8643713205684511,0.8545264647652552,0.733467376947887,3.529314309539351,2.0574444675468837,,,0.6207552362147116,inf,,,0.8903386786369236
445,,0.0,0.0,0.5352171607276706,0.48793678352708014,0.7790622901827293,4.637295417330617,8.584207027469741,,,0.6380535849069913,inf,,,0.8424249477478783
446,,0.0,0.0,1.3781670403534372,1.3868124251494454,0.8905938069581606,3.7826351889998273,3.9462411790652134,,,0.6180765742263259,inf,,,0.8265598482288149
447,,0.0,0.0,1.577448272483061,1.5693649371601648,0.5164416614503156,3.7733168964711075,59.20284156820218,,,0.6097226960127671,inf,,,0.9192710498881449
448,,0.0,0.0,1.6177220924567561,1.6094461986979696,0.9251778692599094,3.814755159471632,30.797661177647683,,,0.6038851895711802,inf,,,0.8424845967402592
449,,0.0,0.0,1.7653920738667463,1.7446204697707204,0.9500236275869796,3.703429524486904,64.4703629026122,,,0.6284777104787076,inf,,,0.8583761525770838
450,,0.0,0.0,1.1903594657223406,1.1264959008544777,0.5281501340187614,3.83583025242531,53.286310543404745,,,0.6284777104787076,inf,,,0.7512155911539984
451,,0.0,0.0,1.6955284264929862,1.6830347017530545,0.7480866391711891,4.480126405990131,39.884073189105415,,,0.6153451465759925,inf,,,0.9114448600586598
452,,0.0,0.0,1.6846816815460046,1.63111698846993,0.8746086023711531,4.04904193325929,31.863716111367825,,,0.6380535849069913,inf,,,0.8904346362692787
453,,0.0,0.0,1.3016758706243161,1.2833965522973114,0.9207727049309838,4.317035814461818,8.556176678849038,,,0.6008849035917525,inf,,,0.8734390794486739
454,,0.0,0.0,1.6604280018316728,1.64861794329599,0.6365674763276378,4.030028544964335,17.82372083021684,,,0.6425374456860184,inf,,,0.9163457830517986
455,,0.0,0.0,1.5995165018282178,1.5926238715415582,0.5604542222324377,4.656241577873636,76.61085850250078,,,0.6684167106117298,inf,,,0.7760143697842476
456,,0.0,0.0,1.3717922389032573,1.3455031447289647,0.8273227279715551,3.9918813543563614,32.893500853003644,,,0.6652988471865258,inf,,,0.8667998837380777
457,,0.0,0.0,1.7200807284360244,1.684457577448521,0.9352763081988105,3.7808729631544793,2.5615351944600406,,,0.62595550513784,inf,,,0.8382831392858525
458,,0.0,0.0,1.7051617273551942,1.70408809152313,0.6323921614156279,4.217894723799658,8.641086929769212,,,0.6380535849069913,inf,,,0.7285827329512546
459,,0.0,0.0,1.6710111054709582,1.636231483454182,0.5582231826324062,4.167038320313619,2.2629178830243504,,,0.6207552362147116,inf,,,0.7778805418833261
460,,0.0,0.0,1.3867885875196644,1.3764228663417506,0.8713149604886676,4.400295306261759,4.597941420735467,,,0.552929491858785,inf,,,0.8964302397874895
461,,0.0,0.0,1.4113703665666903,1.382481506781143,0.6586856921319031,4.2612375600462595,4.782637231239649,,,0.62595550513784,inf,,,0.9315474642790321
462,,0.0,0.0,1.605646224230442,1.5852127230278308,0.7464944412228275,4.350942667735757,2.289748515059264,,,0.6068309995095971,inf,,,0.914688074254214
463,5.703782474656201,-5.399580742674537,0.0,1.6509105119540373,1.5661780945954276,0.7419190896057791,4.370678839698246,19.124803157292593,,,0.6284777104787076,5.7585907111511965,inf,,0.8626849261655429
464,,0.0,0.0,1.35590548999398,1.296492591551541,0.8211106136844377,3.8727875872977275,1.8444733696596107,,,0.6309483474627791,inf,,,0.9132686069099228
465,,0.0,0.0,1.5976508509847493,1.5019764111275682,0.9452552194844261,4.254163750326761,3.4578197532858876,,,0.6284777104787076,inf,,,0.8707155590850536
466,,0.0,0.0,1.4095107961918294,1.3938000380579945,0.6693773671792301,3.503301969404502,1.822557236290065,,,0.5370774965580548,inf,,,0.8097965445727465
467,,0.0,0.0,1.6226420291177295,1.570828536502447,0.9168213533423266,2.8320730940371766,1.6260461119235985,,,0.5287703885177266,inf,,,0.9055078036992571
468,,0.0,0.0,1.5544009571865474,1.498122667037637,0.7874608702423209,3.6647053551102595,11.807022795893731,,,0.6333676938231112,inf,,,0.8945653073415919
469,5.200338732986344,-1.6467739321123422,0.0,1.730564662869722,1.7469216896951187,0.6656256963204239,2.98427232713003,1.633944758222583,,,0.6380535849069913,6.307698521488204,inf,,0.7993245529229148
470,,0.0,0.0,1.098182496484045,1.0484921021437654,0.7955213951731923,3.7606061878406125,2.254928386037319,,,0.6008849035917525,inf,,,0.8109681962353901
471,5.703782474656201,-5.1714294436882895,0.0,1.549515758785314,1.4796909192947056,0.4648206391337161,4.159426638234135,3.14712935809022,,,0.41268473150466,5.801762883016405,inf,,0.6574053230682478
472,,0.0,0.0,1.6484346698741101,1.6213085045826023,0.7651358777626006,4.081542192330718,12.373079964375908,,,0.6333676938231112,inf,,,0.9151098921846545
473,,0.0,0.0,0.4832032875615162,0.4674876252024876,0.6247589289839294,3.486266133402994,3.689312434827927,,,0.6097226960127671,inf,,,0.8839226086759893
474,,0.0,0.0,1.6321316633173328,1.599391386299645,0.7669924589277495,2.7741757960814266,2.154445517056537,,,0.6509067234006624,inf,,,0.9549635121161608
475,5.703782474656199,-1.0076682371892618,0.0,1.746670805475179,1.6997902581498359,0.7718315325706113,3.013575918079192,3.2476221841245243,,,0.6447042257417027,7.43727303576028,inf,,0.753427454224125
476,5.285120462310785,-4.683244222317207,-0.038130057347094896,1.7091663412161755,1.6657454816750532,0.7777112794231983,3.4849169780029627,1.6269185013026375,,,0.663668482632973,5.250585963726847,5.4638318050256105,inf,0.7829443422912697
477,5.703782474656203,-0.43728998972364225,0.0,1.763254549047377,1.7226551477801095,0.6975084839132742,2.9680872332978523,1.7921742799536147,,,0.6284777104787076,8.272070733383252,inf,,0.7983642293832037
478,5.703782474656201,-0.22815129898624803,0.0,1.7043350706099683,1.6874320182491869,0.6840682075252711,3.141158905757176,4.779770774424485,,,0.6447042257417027,8.922658299524402,inf,,0.7421691305827968
479,,0.0,0.0,1.6388855782099851,1.6142104591242343,0.8542455322939151,2.8258776691253753,4.60954717689836,,,0.49759852643134905,inf,,,0.9002577419105213
480,,0.0,0.0,1.5727541605634539,1.5626306014117581,0.7572788090718319,3.390008830370495,15.135394164652432,,,0.5113665138247345,inf,,,0.8905413597589846
481,,0.0,0.0,1.5132014639715048,1.5132586607010639,0.7095571598989523,2.323902782445863,1.9860567721727675,,,0.6233814453054027,inf,,,0.9234911411713652
482,5.703782474656203,-4.068698165254758,0.0,1.2669468169906122,1.2332647107280001,0.7152953766492729,2.971608117287115,2.3817290222359273,,,0.6468212168108125,6.041588934290551,inf,,0.8589332019265845
483,5.703782474656201,-2.775840804332684,0.0,1.3981072205506782,1.367004215282824,0.8060321433309114,2.6648405504931563,2.0215073445870995,,,0.6357360191111145,6.4239583276040655,inf,,0.7578455560648847
