,acc+hr_XAp0,acc+hr_XAp1,acc+hr_XAp2,acc+hr_XCond1,acc+hr_XCond2,acc+hr_XDist,acc+hr_XFuzz1,acc+hr_XFuzz2,acc+hr_XK2_1,acc+hr_XK2_2,acc+hr_XPermEn,acc+hr_XSamp0,acc+hr_XSamp1,acc+hr_XSamp2,acc+hr_XSpec
0,,0.0,0.0,1.158210960056244,1.134679935228839,0.6808743559514964,0.19213716766242903,0.2049140229735861,,,0.5158180382284114,inf,,,0.24557034747696105
1,,0.0,0.0,1.6548718641560853,1.6392529993385878,0.7480193773398748,0.4266031540533368,0.452506756463859,,,0.5677978065141052,inf,,,0.32107543639586544
2,,0.0,0.0,1.489074324339193,1.4466914632941448,0.7792529089732149,0.8843049426914142,0.6588665510929478,,,0.552929491858785,inf,,,0.2726371772087059
3,,0.0,0.0,1.544563455253372,1.4835731971541306,0.846869090338951,0.8925294360339835,0.8271453192579376,,,0.5883313578629602,inf,,,0.27568958184298303
4,,0.0,0.0,1.4702251035152087,1.4426506850789107,0.7231525709570137,0.6546406704132286,0.6492784248871749,,,0.5677978065141052,inf,,,0.23915382492167656
5,,0.0,0.0,1.5720384138310863,1.5270060252538467,0.7478148913204976,0.8063508311592963,0.8571725906439001,,,0.5978297680564633,inf,,,0.24245786336075334
6,,0.0,0.0,1.6552910311010849,1.5549447753048558,0.8785654461709707,0.9372980633301464,0.738486306205227,,,0.5915533975974677,inf,,,0.23789996009777323
7,,0.0,0.0,1.6626514787433786,1.5944440794356833,0.8616101745498638,0.6845731756602812,0.6267402867215037,,,0.5748741956352443,inf,,,0.2431362647282125
8,,0.0,0.0,1.4384761655244962,1.4271871087832089,0.5639679574893681,0.3056829953771754,0.2762007624594915,,,0.5113665138247345,inf,,,0.2563488217615741
9,,0.0,0.0,1.657285982199245,1.5132321936868516,0.9330957434416306,0.6589124005609538,0.6645677228801758,,,0.585052858160615,inf,,,0.2351567950349207
10,,0.0,0.0,1.6921154664440512,1.4903669275938456,0.9047628453866633,1.2351414079549623,0.9832528422841309,,,0.5883313578629602,inf,,,0.20754984588744135
11,,0.0,0.0,1.6550627553952622,1.507859294031504,0.8668190657023356,1.5635586071041996,1.5711259960290656,,,0.6153451465759925,inf,,,0.18073464947895382
12,,0.0,0.0,1.7396982595409618,1.5903220143165806,0.8449397613878604,1.343497809463783,1.3414006986083817,,,0.5883313578629602,inf,,,0.19041895164992492
13,,0.0,0.0,1.2920173031526674,1.1529355166120459,0.7555645679298739,0.9290797432281553,0.6893683725119798,,,0.5329562494928909,inf,,,0.2224209788221317
14,,0.0,0.0,1.1835340366127074,1.0559874931025783,0.7163608497794344,0.6248189755400834,0.6115429939673144,,,0.5370774965580548,inf,,,0.24947355977184948
15,,0.0,0.0,1.674100277535881,1.608924736153694,0.8390741064440983,0.852638128874155,0.7123819678572149,,,0.5641709578113449,inf,,,0.22375633707336745
16,,0.0,0.0,1.4724429734263287,1.4401619317109973,0.8436297993717867,1.206191622110017,0.9623330474956122,,,0.5604843169999094,inf,,,0.24797192576219387
17,,0.0,0.0,1.6250750972386836,1.5969972903292382,0.9034918549896713,1.7072010580200667,1.5173317871504044,,,0.6038851895711802,inf,,,0.22585496073841121
18,,0.0,0.0,1.6374716618865206,1.5647116240201244,0.8714992090962187,1.9843997189018536,1.8076257282430819,,,0.5978297680564633,inf,,,0.2051978291785538
19,,0.0,0.0,1.5099551129939401,1.4577965314276178,0.8409740516740715,1.9026577901551318,2.1205530037156954,,,0.5883313578629602,inf,,,0.1906213266431495
20,,0.0,0.0,1.5142822380216256,1.4519826688558601,0.8410591795685124,1.8084833461937122,1.6595316426424678,,,0.585052858160615,inf,,,0.1844130798973668
21,,0.0,0.0,1.7210741430790952,1.5896309577736571,0.9092836011981207,1.87010663929933,1.7489018417104252,,,0.5677978065141052,inf,,,0.2124902032139738
22,,0.0,0.0,1.7435249326776756,1.5871935902112566,0.8819802251611956,2.116546379705479,1.9445395833875274,,,0.5883313578629602,inf,,,0.2256474487773094
23,,0.0,0.0,1.6321207460316014,1.5662586293868173,0.7997804237213081,1.717684560277291,1.4490537338467417,,,0.5883313578629602,inf,,,0.24408931138619025
24,,0.0,0.0,1.7507938060575752,1.707669851359003,0.9320579711574968,1.5467184866873058,1.4557419924139314,,,0.6097226960127671,inf,,,0.21311752186567795
25,,0.0,0.0,1.5527998278871005,1.4828240938836164,0.8621693398367759,1.595380509333203,1.3984192071070336,,,0.5915533975974677,inf,,,0.23182481283202927
26,,0.0,0.0,1.6375350897582863,1.631890717394777,0.8601660332203956,1.7741030146322778,1.9035341350216242,,,0.5883313578629602,inf,,,0.19975882988026006
27,,0.0,0.0,1.2097104608685216,1.045671655792509,0.82553132636519,0.6916936020786633,0.47839068259433104,,,0.5068466436745385,inf,,,0.2184740066458239
28,,0.0,0.0,1.7563267715729072,1.7366973013427192,0.6946805140060797,0.15415180193981634,0.18963363493673224,,,0.5490601803369085,inf,,,0.25572960363021935
29,,0.0,0.0,1.41147515878838,1.381271206079968,0.7625251967387112,0.24159983430132165,0.20852167532359217,,,0.49759852643134905,inf,,,0.24160602557709532
30,,0.0,0.0,1.7332360661857171,1.7423454222282628,0.7212592316250808,0.36765691548179713,0.3063004614608801,,,0.541134803179459,inf,,,0.23301682721480854
31,,0.0,0.0,1.6514582077979174,1.5195211031557503,0.9134866209118481,1.0190747034069871,0.7455784677173896,,,0.5978297680564633,inf,,,0.21462325170307148
32,,0.0,0.0,1.6997622616177614,1.638069519118383,0.895738218427138,1.671946316423533,1.5610904817954758,,,0.5641709578113449,inf,,,0.2058492288642852
33,,0.0,0.0,1.628882146251401,1.4920879488921468,0.8231501942170832,1.2898244929321032,1.1842937735334418,,,0.5883313578629602,inf,,,0.21704346201205388
34,,0.0,0.0,1.4894012230850415,1.3922335458183013,0.807726407052945,0.804898126006182,0.7377613045161108,,,0.552929491858785,inf,,,0.21405467186647348
35,,0.0,0.0,1.6976478325724962,1.683432625284914,0.8247734832490975,0.5122420507655223,0.40256037356783514,,,0.5329562494928909,inf,,,0.23394421522268413
36,,0.0,0.0,1.5740849115067999,1.5600445008514099,0.794906585015285,0.37545167940427937,0.27860992480080615,,,0.5370774965580548,inf,,,0.2459861399940369
37,,0.0,0.0,1.4916391942330018,1.4174840118999685,0.8303639162701074,0.6491597027358708,0.5456736238249412,,,0.581717464821069,inf,,,0.2664240913948259
38,,0.0,0.0,1.6917069339402255,1.6349879405953271,0.8046482026810456,0.6381264995294366,0.666612917355715,,,0.585052858160615,inf,,,0.26439973417534524
39,,0.0,0.0,1.4863274036752032,1.3918511406407188,0.8530663539890032,0.40488603282498203,0.5221938007928755,,,0.5947193981915972,inf,,,0.21774659868729956
40,,0.0,0.0,1.5654952857107192,1.5424743100802623,0.8812414955032665,0.248112389870378,0.31731054511218004,,,0.5641709578113449,inf,,,0.25232153594450685
41,,0.0,0.0,1.597004264492236,1.5945957090240832,0.8332663984163676,0.3549121682151998,0.37848222786416763,,,0.5677978065141052,inf,,,0.2656012235910228
42,,0.0,0.0,1.6966993890354427,1.6507773953945786,0.8841831462157909,0.33161959196722113,0.31127238457473905,,,0.5677978065141052,inf,,,0.24947205060303115
43,,0.0,0.0,1.1963399889002213,1.0954730364425285,0.7518686584737448,0.40711261534417664,0.28876777661938025,,,0.581717464821069,inf,,,0.284983671870604
44,,0.0,0.0,1.7479196631687095,1.581384272408285,0.9404130398878331,0.7120375174903416,0.5534801161190239,,,0.5783247308855777,inf,,,0.23402546079889924
45,,0.0,0.0,1.7567424038472272,1.737162321562891,0.957337723599187,1.106528837102533,0.9735158167472693,,,0.5713653840954815,inf,,,0.23766220961394585
46,,0.0,0.0,1.643794338565496,1.5380151246935967,0.931987779526787,0.8733462545837353,0.6118672228972136,,,0.6068309995095971,inf,,,0.20881759447721157
47,,0.0,0.0,1.3778777885663407,1.2077111194851382,0.8383878878634676,0.6083693082075439,0.3192481534017916,,,0.552929491858785,inf,,,0.24962315757135328
48,,0.0,0.0,1.3806922249851301,1.330912164802844,0.7380669032952112,0.22578312542430345,0.16505129912568833,,,0.524519217297268,inf,,,0.29053406953137506
49,,0.0,0.0,1.6048339885134975,1.5715158656781658,0.5884482468132702,0.11533757391354095,0.07900436562096691,,,0.4732203808476458,inf,,,0.29813047278157756
50,,0.0,0.0,1.6504779341874996,1.645205316903386,0.7886278426328143,0.06909541770034579,0.06742742367343398,,,0.5202020156036558,inf,,,0.28135859688826687
51,,0.0,0.0,1.4248549787662546,1.39288055778359,0.6487268850909282,0.07515587473627215,0.07570436391848064,,,0.524519217297268,inf,,,0.306072864880983
52,,0.0,0.0,1.472843556310767,1.4615489961125925,0.6101085794385107,0.08923138707078239,0.06285492354900966,,,0.4576907132971797,inf,,,0.3071157821203156
53,,0.0,0.0,1.5886299264797212,1.5828257168468032,0.6068857465467226,0.06949760135839593,0.058954915828017554,,,0.41268473150466,inf,,,0.2787853263114267
54,,0.0,0.0,1.3456912842516813,1.3309867152534602,0.7158526156147303,0.06899580611375733,0.06852279870002222,,,0.4302020962658841,inf,,,0.24786826616903487
55,,0.0,0.0,1.690275608427306,1.6520321460029304,0.8776302248584935,0.0643853320899627,0.09079616873122906,,,0.524519217297268,inf,,,0.24900679340405343
56,,0.0,0.0,1.304835736417748,1.2744124222856539,0.7615205169728523,0.10055165299956331,0.14515514925537382,,,0.5158180382284114,inf,,,0.25222313835385984
57,,0.0,0.0,1.5908518408047496,1.454375577224834,0.843775046435608,0.33714691721782025,0.35233993229969607,,,0.5947193981915972,inf,,,0.24288069136321155
58,,0.0,0.0,1.539074033959475,1.5675645020185438,0.6411523259307694,0.2835150814743385,0.20702281130106076,,,0.541134803179459,inf,,,0.24299174821758254
59,,0.0,0.0,1.6416397856729894,1.631145118948438,0.6728497051757041,0.08124400228642442,0.08068388419727071,,,0.5370774965580548,inf,,,0.29826659810752887
60,,0.0,0.0,1.6611428363194896,1.6823614369482953,0.8251393780661957,0.08039282039248628,0.09653018622382506,,,0.5022576003740722,inf,,,0.3028302223674853
61,,0.0,0.0,1.710221986211378,1.6994806876293969,0.7740491355288515,0.06443606944958985,0.07407372050357926,,,0.5113665138247345,inf,,,0.2756391917466826
62,,0.0,0.0,1.692620607597083,1.6812884972487672,0.7492262752355313,0.07460395919661475,0.06657028975623877,,,0.4732203808476458,inf,,,0.2655523444874403
63,,0.0,0.0,1.6954788803694782,1.6775714989523227,0.7568194127656809,0.07752418911237907,0.06722002095486575,,,0.5022576003740722,inf,,,0.2504722398743112
64,,0.0,0.0,1.741106954679216,1.751595923385279,0.775888188948534,0.07906413872012559,0.08075824795191977,,,0.5068466436745385,inf,,,0.2553009081342394
65,,0.0,0.0,1.4775474671224156,1.4528336308547949,0.6459471728564844,0.12995547607646166,0.12352528726005135,,,0.5287703885177266,inf,,,0.2943138209359429
66,,0.0,0.0,1.621171398563089,1.5980633017575787,0.6755866071678841,0.09962758416918567,0.06977073022368385,,,0.47824363442641393,inf,,,0.2885468199650973
67,,0.0,0.0,1.1712721952525533,1.1225721930560952,0.7029970143925387,0.12268266364663868,0.12234688647805805,,,0.5783247308855777,inf,,,0.3231570461574066
68,,0.0,0.0,1.4053921771543234,1.3702142424227355,0.7151267176861863,0.1276210546108706,0.14422187958525887,,,0.5713653840954815,inf,,,0.3145505854901247
69,,0.0,0.0,1.6724797449848268,1.6686545441814031,0.825199310352095,0.04389276117047388,0.05062097208266321,,,0.585052858160615,inf,,,0.28381651314909073
70,,0.0,0.0,1.524277426246636,1.4996505722164042,0.8429980270231543,0.07192555707724592,0.07519148219271939,,,0.5329562494928909,inf,,,0.253311674824773
71,,0.0,0.0,1.3252418616960422,1.3000948228250235,0.7005724749087673,0.08083925024109301,0.07914506289486031,,,0.524519217297268,inf,,,0.24797143270600353
72,,0.0,0.0,1.6589075290012032,1.5848808007554898,0.764647540226516,0.03708453219326067,0.04731315290604345,,,0.524519217297268,inf,,,0.21612244918552753
73,,0.0,0.0,1.4090536174980597,1.3870399957843362,0.7014219002786549,0.019243015176759772,0.022271793189762305,,,0.5158180382284114,inf,,,0.23639637534917654
74,,0.0,0.0,1.4054161675664065,1.3526498336473842,0.7570517305095879,0.039280169447747273,0.04937064574895043,,,0.5158180382284114,inf,,,0.2481373118063895
75,,0.0,0.0,1.6063535017512272,1.591820923961389,0.8269409247611216,0.03893990172508414,0.04258778671531415,,,0.5370774965580548,inf,,,0.2612699792803431
76,,0.0,0.0,1.7333770550594094,1.5769480244296175,0.8994877404520495,0.018360097277176343,0.03396104913979384,,,0.49759852643134905,inf,,,0.21268066999267682
77,,0.0,0.0,1.2253686551330438,1.1999865067048452,0.7357982226648541,0.11841178270872749,0.14781454540182853,,,0.5713653840954815,inf,,,0.32670571514610597
78,,0.0,0.0,1.5146708514356133,1.3347483800974034,0.8303886138118828,0.39038128133529604,0.37746451516033436,,,0.6207552362147116,inf,,,0.2917380435703434
79,,0.0,0.0,1.6835210719945652,1.5391323583765955,0.8081475335040699,0.204203930855073,0.27502999943818685,,,0.5947193981915972,inf,,,0.3650291577783173
80,,0.0,0.0,1.5918900580907185,1.5318084128489098,0.5933263492048713,0.1395914178865247,0.07767899512398838,,,0.5978297680564633,inf,,,0.3545547082772837
81,,0.0,0.0,1.0443746019062259,1.0395269013286463,0.5869135731281907,0.08867750129142324,0.0876376039532957,,,0.6309483474627791,inf,,,0.3830148356687152
82,,0.0,0.0,1.6864888250226604,1.6696888210463152,0.6503944834335466,0.02621224013845766,0.03361463924098815,,,0.5604843169999094,inf,,,0.33280203093575783
83,,0.0,0.0,1.7016951070654422,1.7067774415024057,0.6566756246839472,0.02600155055053914,0.03330291194008772,,,0.5783247308855777,inf,,,0.3010977638773476
84,,0.0,0.0,1.2733068887140164,1.2326047582790962,0.7437214769407953,0.016200377135918615,0.031230137107078323,,,0.6008849035917525,inf,,,0.16833993570213168
85,,0.0,0.0,1.7027008671425123,1.703793337256425,0.9258651817697402,0.013372955134207998,0.029491170945007528,,,0.5883313578629602,inf,,,0.16954307935069896
86,,0.0,0.0,1.5669093946547903,1.5681462038662932,0.7964951372560082,0.02928609805581987,0.04848268234801457,,,0.6068309995095971,inf,,,0.22257688948904025
87,,0.0,0.0,1.770075568873515,1.7677623966575284,0.8681330758725178,0.023290737230023433,0.031508697464917176,,,0.6008849035917525,inf,,,0.2412706432481372
88,,0.0,0.0,1.4063593768722176,1.3029664582105058,0.8238839937440414,0.01285282886402243,0.031890630113810554,,,0.6038851895711802,inf,,,0.18568991708088453
89,,0.0,0.0,1.6602588967537621,1.540464634710902,0.910560508648631,0.012494082904344296,0.02944958080232611,,,0.585052858160615,inf,,,0.16343448322260098
90,,0.0,0.0,1.7531359715718764,1.5392590353547222,0.9556069171044976,0.0112621807027496,0.02355389709374918,,,0.5783247308855777,inf,,,0.1827723109568012
91,,0.0,0.0,1.7091586068308493,1.6449143279042155,0.9509119608894812,0.01643989900322987,0.033100375281500775,,,0.6068309995095971,inf,,,0.19282285064781526
92,,0.0,0.0,1.6657336294994134,1.6284049342723281,0.9427776117208709,0.02006468144530386,0.04143703971635734,,,0.5978297680564633,inf,,,0.1769823944690269
93,,0.0,0.0,1.6082598041925003,1.5422894831624878,0.8903461210384451,0.014040491212683604,0.02681748744205533,,,0.5978297680564633,inf,,,0.19434019522912066
94,,0.0,0.0,1.3234417820277309,1.3063601454850344,0.7567016429824284,0.031121771056781575,0.05673442694381013,,,0.5677978065141052,inf,,,0.22170292957128357
95,,0.0,0.0,1.5243094457304107,1.4946241283248325,0.7314778725746386,0.07387263157182072,0.09423390834483975,,,0.5978297680564633,inf,,,0.3391221729474479
96,,0.0,0.0,1.3144026090407013,1.2694227405826206,0.5957441984881953,0.08230135858898667,0.10504161043472848,,,0.5713653840954815,inf,,,0.3222787265935535
97,,0.0,0.0,1.551888627643005,1.5655172743835444,0.7440078500357162,0.08109097642341562,0.10363059837492743,,,0.5978297680564633,inf,,,0.25583392980375863
98,,0.0,0.0,1.614518063604853,1.609629948476986,0.7194688486459939,0.061190167514585316,0.09063889153802002,,,0.6207552362147116,inf,,,0.34296898901187617
99,,0.0,0.0,1.6136335637401626,1.5878736294300162,0.7049840883183329,0.05462294606561491,0.0849353388306956,,,0.6180765742263259,inf,,,0.3632329215167008
100,,0.0,0.0,1.7208905824222744,1.7167532781346597,0.8561225750990521,0.027490533974464035,0.03569262720313007,,,0.5978297680564633,inf,,,0.2593680922622333
101,,0.0,0.0,1.5596673866242137,1.556521243713992,0.8893757305981307,0.020520084488034822,0.037392794302659675,,,0.581717464821069,inf,,,0.29439978909411124
102,,0.0,0.0,1.4094150115757695,1.4120749365170586,0.843941109753393,0.016585655370115422,0.02545816943252099,,,0.5490601803369085,inf,,,0.3014402829402489
103,,0.0,0.0,1.7248825584477498,1.5614745775351087,0.9599605388780236,0.00749897680662212,0.01646908648579896,,,0.5748741956352443,inf,,,0.174894774585525
104,,0.0,0.0,1.5899959840765283,1.4848282594844673,0.9190795726045321,0.004606023938520041,0.009787785039929211,,,0.5748741956352443,inf,,,0.1637200321645294
105,,0.0,0.0,1.775394624926508,1.7629305843311422,0.9173316267414815,0.02601485327874396,0.0375230367421063,,,0.6233814453054027,inf,,,0.2445236670432278
106,,0.0,0.0,1.6846958148084619,1.687382951603584,0.7618140144960374,0.02359132318953974,0.028806861979490717,,,0.6068309995095971,inf,,,0.26023205686782774
107,,0.0,0.0,1.651304743523034,1.6493663651280182,0.6406378571941986,0.04748407760120621,0.04637890472329951,,,0.6125606311107803,inf,,,0.3723872896705957
108,,0.0,0.0,1.5925970593605305,1.552553823173674,0.5424241166137383,0.043264522466845846,0.01997827426468559,,,0.6068309995095971,inf,,,0.3922334572778183
109,,0.0,0.0,1.7522436191776176,1.6765128627325594,0.9609498840765889,0.004995318073371945,0.015279334621947112,,,0.585052858160615,inf,,,0.1703443528181237
110,,0.0,0.0,1.7552408592577575,1.366513458847475,0.964809092338705,0.002566330586737069,0.00615121303985463,,,0.5113665138247345,inf,,,0.1866705929518455
111,,0.0,0.0,1.5814446686639867,1.206642735503677,0.8914948624441102,0.006589479803245278,0.01836033031889728,,,0.5783247308855777,inf,,,0.1732218481557464
112,,0.0,0.0,1.7724538450042713,1.7063022797294916,0.9320436140542481,0.0020405258448932145,0.0041212724252758,,,0.41861278947482794,inf,,,0.20717719422729428
113,,0.0,0.0,1.6322787398367253,1.2674692274679205,0.9039186874498584,0.003928121783541402,0.008618659358035616,,,0.49759852643134905,inf,,,0.16954617304154893
114,,0.0,0.0,1.6870906363863054,1.678954362249267,0.8826436595831855,0.018652942250421238,0.02468187439481121,,,0.552929491858785,inf,,,0.22149281543257762
115,,0.0,0.0,1.3749845309308535,1.3719220298840835,0.7625353928938089,0.016932232057855608,0.025050592584651487,,,0.5713653840954815,inf,,,0.20624553938404613
116,,0.0,0.0,1.5030482505094787,1.4783972602443418,0.654272328945556,0.011792329648043694,0.01848792564617912,,,0.4732203808476458,inf,,,0.19281626483535047
117,,0.0,0.0,1.6051787754592695,1.4542556161333404,0.9108612842952992,0.005808768581338455,0.011375675856068173,,,0.44144624493110796,inf,,,0.18318206210997495
118,,0.0,0.0,1.594077740515583,1.5517487297999757,0.908052465704061,0.00658100626418205,0.020314572035002927,,,0.4576907132971797,inf,,,0.2512000894277461
119,,0.0,0.0,1.6099208783661678,1.615422448715373,0.899283195352427,0.029489405114748957,0.06355733579167361,,,0.5604843169999094,inf,,,0.29426708067774926
120,,0.0,0.0,1.4645937769137523,1.4465669833620127,0.8696538362776601,0.014880550332762529,0.03266160876136406,,,0.5490601803369085,inf,,,0.23002449349541773
121,,0.0,0.0,1.46266449843133,1.4531077620243897,0.7015732635267452,0.024910717887797328,0.038365567250392835,,,0.5287703885177266,inf,,,0.3404368090305452
122,,0.0,0.0,1.4608798882812328,1.4562856349603357,0.6765694353427657,0.029125907408869504,0.04462032270438093,,,0.5641709578113449,inf,,,0.34578612991039526
123,,0.0,0.0,1.6968498555819662,1.6664879892813196,0.8889549838000045,0.019308111172457308,0.04437392955669639,,,0.552929491858785,inf,,,0.25768408585332603
124,,0.0,0.0,1.4569774282497667,1.4411591473144967,0.8183277950439678,0.017761675045125214,0.029704031273131253,,,0.5068466436745385,inf,,,0.2790207588092653
125,,0.0,0.0,1.6798920776491209,1.6835759643887613,0.9332570612854797,0.03261556384582747,0.06724172392398967,,,0.5490601803369085,inf,,,0.26305102389981966
126,,0.0,0.0,1.6555617651184205,1.537256001079303,0.8562719143149001,0.31620154048869675,0.34702405202831693,,,0.6038851895711802,inf,,,0.2853820539380462
127,,0.0,0.0,1.3280920872293567,1.1638422081893394,0.7171537384673462,0.23121782538821795,0.12338374958597617,,,0.524519217297268,inf,,,0.2962993169350163
128,,0.0,0.0,1.7000188325732304,1.7262357278129614,0.937144715730004,0.0044275463989109105,0.0107875485872937,,,0.4880666971167561,inf,,,0.24810415057161164
129,,0.0,0.0,1.6860646107454376,1.6982290721799052,0.911332510826047,0.0056666994870353165,0.013460014629276682,,,0.5329562494928909,inf,,,0.2502026354386057
130,,0.0,0.0,1.3571047332367796,1.3340540370372782,0.768047962095283,0.03720761141269153,0.06486406815778557,,,0.5202020156036558,inf,,,0.2861852202371185
131,,0.0,0.0,1.6213522753658585,1.608356893620688,0.7719983415651461,0.028558958390489903,0.029339977610496615,,,0.5158180382284114,inf,,,0.24481724901751514
132,,0.0,0.0,1.7429101159696032,1.5205869395907463,0.9427914238896465,0.017715634441373397,0.0438214548099736,,,0.5158180382284114,inf,,,0.1882088273896244
133,,0.0,0.0,1.6965103758050646,1.7084619183636476,0.9489082102371026,0.03263465805166818,0.06500713462614535,,,0.524519217297268,inf,,,0.223221626938249
134,,0.0,0.0,1.7093793589578268,1.6421615729320358,0.856750046304794,0.019585690442341326,0.02724280834318246,,,0.44144624493110796,inf,,,0.22642044036731038
135,,0.0,0.0,1.4771316323641943,1.4455792282547943,0.7356666898111573,0.19985109652319766,0.16357568779213058,,,0.581717464821069,inf,,,0.305594993114137
136,,0.0,0.0,1.4582949630600508,1.418775410831179,0.8199784109426779,0.39011251010469505,0.3387748359673623,,,0.5158180382284114,inf,,,0.27072119065503514
137,,0.0,0.0,1.6588328958191867,1.6677522770392268,0.8315620040640668,0.38884354807803667,0.353180155017065,,,0.5022576003740722,inf,,,0.25126659962118086
138,,0.0,0.0,1.4234548933114322,1.3499832618209382,0.6373419301655076,0.37566010639702696,0.3151801140119313,,,0.552929491858785,inf,,,0.3133290688751905
139,,0.0,0.0,1.425712563925488,1.400502622385142,0.416202104813425,0.2221797882857752,0.1448111948008443,,,0.5604843169999094,inf,,,0.3238624481156869
140,,0.0,0.0,1.6238002579710988,1.6309616589913276,0.5714508037139636,0.033484482558525215,0.03788685676285646,,,0.6125606311107803,inf,,,0.35379979391859484
141,,0.0,0.0,1.7350318978749981,1.7256370804777046,0.7832359462602884,0.015082547728147922,0.025399091021286003,,,0.5677978065141052,inf,,,0.22033697408910075
142,,0.0,0.0,1.4818278829027052,1.3954631771139265,0.8265130509196118,0.007062215667549688,0.013933729683374228,,,0.5068466436745385,inf,,,0.1756393716258173
143,,0.0,0.0,1.671965700493225,1.6608991614594768,0.8984415728005679,0.0062207421823490235,0.012910003069742715,,,0.5329562494928909,inf,,,0.17959263319902266
144,,0.0,0.0,1.2052229366604523,1.1956939496389487,0.569511818693097,0.024111499797153498,0.027965027443559286,,,0.5748741956352443,inf,,,0.3824920163699598
145,,0.0,0.0,1.6849867912603336,1.6846853089686917,0.6505137542435302,0.020483439908098384,0.014313102746241698,,,0.5451288209179292,inf,,,0.363629523557949
146,,0.0,0.0,1.3682794119990842,1.3600269588587082,0.6229240858490672,0.06101474979439457,0.07893568947595361,,,0.6008849035917525,inf,,,0.36460832424665707
147,,0.0,0.0,1.70299967886068,1.5675650569276312,0.948259599678168,0.008512308931745271,0.02372871379220308,,,0.5783247308855777,inf,,,0.1986158966339782
148,,0.0,0.0,1.5173310731175218,1.4866272664097788,0.7498464357904183,0.022792029780714273,0.03738218684509549,,,0.5978297680564633,inf,,,0.3456276243999816
149,,0.0,0.0,1.546582539719406,1.5340057016971642,0.7789569140442657,0.05778609641879428,0.08789938823567911,,,0.5604843169999094,inf,,,0.36052177188366924
150,,0.0,0.0,1.6182517297085441,1.5936523493908334,0.8138448607059804,0.030485984432626095,0.042913719336331695,,,0.5451288209179292,inf,,,0.3322397972279136
151,,0.0,0.0,1.5920129836014023,1.585899376688387,0.7582011799137813,0.025716787555000994,0.0245243155842162,,,0.5567373465730988,inf,,,0.31218585925915276
152,,0.0,0.0,1.6246497954266654,1.6093183788853467,0.7391893432278318,0.02327898040755426,0.03944974455439135,,,0.5947193981915972,inf,,,0.3345530713264137
153,,0.0,0.0,1.6056957581021465,1.5885565136493889,0.8029577938124144,0.0181584119881441,0.02709429088936889,,,0.5748741956352443,inf,,,0.3477910904277248
154,,0.0,0.0,1.7299149350176277,1.4760699325333053,0.9563738303688224,0.006535967641116959,0.012894790806384223,,,0.585052858160615,inf,,,0.1762441765321484
155,,0.0,0.0,1.6576843985827954,1.6455968811571369,0.7248252766614328,0.11224278922653906,0.10853176787075144,,,0.5451288209179292,inf,,,0.3429267562948017
156,,0.0,0.0,0.9512863726586434,0.9212805990446481,0.6885887538873912,0.231921613692733,0.19106256889827694,,,0.5604843169999094,inf,,,0.3305957033573831
157,,0.0,0.0,1.3326364841757534,1.2521466840651725,0.7473357338057605,0.4298217950047099,0.2833584137473121,,,0.4066654671944331,inf,,,0.282314707823667
158,,0.0,0.0,1.3091060382609971,1.2521068380064115,0.6108995455004722,0.6620930520930013,0.4564332113874664,,,0.5783247308855777,inf,,,0.2936744944317249
159,,0.0,0.0,1.7336272359001728,1.72169319272524,0.8408191548571271,1.1935676883558977,0.897413802779103,,,0.62595550513784,inf,,,0.2414349895259836
160,,0.0,0.0,1.6707559493627637,1.614319730079026,0.8247947331044221,1.727743856553083,1.8406799316869569,,,0.6038851895711802,inf,,,0.23220823997490322
161,,0.0,0.0,1.5904643878385234,1.5308257939780492,0.8553820913522496,1.4845940659903254,1.5346328577482238,,,0.5604843169999094,inf,,,0.23206112151451666
162,,0.0,0.0,1.712426405972877,1.6581516904125702,0.9026935213170326,1.3809792788468285,1.2861462762305687,,,0.6207552362147116,inf,,,0.22116178894992103
163,,0.0,0.0,1.5387936471372168,1.5274954786454948,0.7564891550214149,1.4937098062884064,1.5532918419807316,,,0.6008849035917525,inf,,,0.2645557257895214
164,,0.0,0.0,1.6994992996442655,1.6474140679230864,0.8378340799603364,1.2178430750586415,1.2260814887879046,,,0.5915533975974677,inf,,,0.23906748472219846
165,,0.0,0.0,1.6486682272258224,1.6158814268682606,0.8854093734562752,1.230856787011301,1.21010872537506,,,0.5947193981915972,inf,,,0.28919342910148654
166,,0.0,0.0,1.4667350636783614,1.438128337002167,0.8548836111572866,1.4388191304263107,1.1826223692942903,,,0.5713653840954815,inf,,,0.24629579310419697
167,,0.0,0.0,1.7453067032294438,1.6937540637673878,0.9286036279626858,1.6900650218059161,1.6425847425128333,,,0.5947193981915972,inf,,,0.2468284038802304
168,,0.0,0.0,1.411302828215633,1.3932787447731276,0.9175633749871908,1.5642236986384932,1.4114087985900556,,,0.585052858160615,inf,,,0.22192017156450372
169,,0.0,0.0,1.4056674270978413,1.383359501587572,0.884076655074424,1.2494740435954284,1.250437128874809,,,0.6207552362147116,inf,,,0.22800314764810345
170,,0.0,0.0,1.7041936256716754,1.659113647714064,0.8858450948696749,1.391354175007901,1.3437202599230724,,,0.6447042257417027,inf,,,0.2529318070715445
171,,0.0,0.0,1.6289549826412018,1.5098189012703174,0.9110182244647056,1.6712878662626895,1.443052447618259,,,0.6207552362147116,inf,,,0.23588709410262548
172,,0.0,0.0,1.4313604379636322,1.3387877312533034,0.8357475006553421,2.002583030507374,2.2175545546246975,,,0.6068309995095971,inf,,,0.19251632966947457
173,,0.0,0.0,1.4357954379752091,1.251605786548886,0.8316834672706747,1.7879507128616405,1.5347169598134545,,,0.6008849035917525,inf,,,0.20212864422431528
174,,0.0,0.0,1.6802519541984475,1.6778368016863716,0.9017928512015818,1.4763901354845457,1.2380846780677868,,,0.6403206450210053,inf,,,0.26509954616307646
175,,0.0,0.0,1.6313620750885518,1.6346591413759852,0.8807224118428075,1.284729984354572,1.076793145033501,,,0.6333676938231112,inf,,,0.29899825787798795
176,,0.0,0.0,1.6644562035429153,1.5560596817546084,0.8748424872494669,1.5191411042029905,1.0868549022348564,,,0.6547956803312163,inf,,,0.2295216660763316
177,,0.0,0.0,1.6164861182496066,1.567955747321281,0.8748441432442416,1.5579569416755943,1.1849077050735901,,,0.5947193981915972,inf,,,0.23523478709603987
178,,0.0,0.0,1.3436581465214776,1.246715597358249,0.8835025151977538,0.9972722580100881,0.6663120797813731,,,0.5947193981915972,inf,,,0.26863246304767385
179,,0.0,0.0,1.2866113411996285,1.1782256828291169,0.818140043146177,0.829884246922153,0.6023480156624235,,,0.6008849035917525,inf,,,0.26775408258884575
180,,0.0,0.0,1.4688209904244962,1.4211769070032543,0.8476429893715578,1.3833589441149694,1.2624991469717597,,,0.6038851895711802,inf,,,0.25437049048612304
181,,0.0,0.0,1.2335298583121206,1.2177823303351172,0.8651704361962264,1.1544568076873751,1.1053497480689396,,,0.6180765742263259,inf,,,0.2508537998221703
182,,0.0,0.0,1.506563685790016,1.4671839335812877,0.8508504205124695,1.1062973381811572,1.0470576607599078,,,0.5748741956352443,inf,,,0.2698738582945356
183,,0.0,0.0,1.6644938477767426,1.6532676954866266,0.846716251341249,0.9638937544624953,0.9077436627844245,,,0.6207552362147116,inf,,,0.2601135778110444
184,,0.0,0.0,1.4031915266336434,1.3627491562985927,0.8866845429985515,0.9095415957207813,1.0008720863412341,,,0.6038851895711802,inf,,,0.2550754449580483
185,,0.0,0.0,1.4258570738176002,1.4189075181915636,0.8452508147875543,0.6944004375836965,0.576148082784783,,,0.552929491858785,inf,,,0.2771811014364632
186,,0.0,0.0,1.5220864798863145,1.4974351643502481,0.7871359640938806,0.45419461016573226,0.3853905747040188,,,0.5641709578113449,inf,,,0.28185908782262276
187,,0.0,0.0,1.6874763986027328,1.6216308554618197,0.8834222343218169,0.6655365323876913,0.5363952371655303,,,0.6357360191111145,inf,,,0.2658380999643672
188,,0.0,0.0,1.425327716983272,1.4002422685303082,0.7020317046845307,3.0451837449648074,0.6490250492301399,,,0.648888643467878,inf,,,0.2566178189731393
189,,0.0,0.0,1.6166987666737045,1.6153091362928682,0.7780525405422349,2.796923803756487,0.44783917288817676,,,0.6509067234006624,inf,,,0.2671473745795599
190,,0.0,0.0,1.679803568459344,1.6421930519391823,0.8413210293015742,0.7241512194453887,0.6002147918827455,,,0.5978297680564633,inf,,,0.23373300164311214
191,,0.0,0.0,1.5905488226165903,1.5368134706374257,0.8464031877030063,0.41399195610916834,0.40012350354201104,,,0.6097226960127671,inf,,,0.24467933867335107
192,,0.0,0.0,1.4311265921448038,1.4080658331651377,0.7803929689010689,0.6107574358306725,0.5418098267526503,,,0.6233814453054027,inf,,,0.2685622306154735
193,,0.0,0.0,1.2551806572901092,1.2024379711981499,0.7651451045236427,0.7667748474563919,0.7125977831876924,,,0.6008849035917525,inf,,,0.27148866607354843
194,,0.0,0.0,1.4883243265827402,1.3978046652356613,0.8541897381752797,0.7208540753592136,0.6782386178905371,,,0.6097226960127671,inf,,,0.2571336116601588
195,,0.0,0.0,1.6513954950972203,1.6127560248236665,0.8771860362571516,0.3712249387575774,0.34237232450081534,,,0.585052858160615,inf,,,0.2669393462478335
196,,0.0,0.0,1.503400338094355,1.413325906419647,0.8366336979112592,0.6385663619119393,0.5242233720763882,,,0.581717464821069,inf,,,0.22804520491449162
197,,0.0,0.0,1.7522136137604853,1.7385229090819285,0.8083728339904155,0.296357775832625,0.23617498235117346,,,0.5677978065141052,inf,,,0.2581849480798736
198,,0.0,0.0,1.6009869292711667,1.5787388619290543,0.7903559550088862,0.1688856363321288,0.18835608305033832,,,0.5567373465730988,inf,,,0.2913993357382715
199,,0.0,0.0,1.6811504620102573,1.6904435131237983,0.8771351809742377,0.3844674706354976,0.4529266988537459,,,0.585052858160615,inf,,,0.2850700831365569
200,,0.0,0.0,1.534775226250638,1.4994403106828313,0.8040699971032554,0.5247604552160388,0.5466126678571677,,,0.5641709578113449,inf,,,0.2696020024645497
201,,0.0,0.0,1.6518210500550357,1.5109277115313156,0.8635021262716782,1.0007688480274475,0.8101047635056078,,,0.5567373465730988,inf,,,0.22008047323453733
202,,0.0,0.0,1.050371890520431,1.010303958734886,0.8318368993239137,1.8107410942855569,1.1427194542675483,,,0.6125606311107803,inf,,,0.23290149995318693
203,,0.0,0.0,1.3424747607103755,1.3273794829718883,0.7728321320694378,1.7744659916020118,1.5046709950803663,,,0.6097226960127671,inf,,,0.2291533813506859
204,,0.0,0.0,1.6010353003722835,1.5818703751620522,0.8174433940959988,1.1031326385612443,0.8381197749051255,,,0.6038851895711802,inf,,,0.2733222008013822
205,,0.0,0.0,1.2348531020672946,1.2276374961128818,0.7957401655570653,0.8623930108872723,0.5311900849242053,,,0.5947193981915972,inf,,,0.29945621502815184
206,,0.0,0.0,1.6507044630047598,1.5742278897949065,0.8701615772019059,1.0202348604977398,0.702927154780858,,,0.5915533975974677,inf,,,0.24293279924417713
207,,0.0,0.0,1.4819041595648466,1.4458216739221328,0.8890530111357983,1.773662143287112,1.8281480200793963,,,0.6357360191111145,inf,,,0.22343105885408288
208,,0.0,0.0,1.3187344466192525,1.1394184499740527,0.7852511078542607,1.859973780036505,1.737489795007716,,,0.6403206450210053,inf,,,0.20890797472206632
209,,0.0,0.0,1.6982303758957582,1.5271266832335655,0.917494329181448,1.6262277635336626,1.5967913771911924,,,0.5915533975974677,inf,,,0.20317285826562834
210,,0.0,0.0,1.5739185584473372,1.5144097800333398,0.8831262428018165,2.1174073238145876,1.878375902450549,,,0.6068309995095971,inf,,,0.20263554239028608
211,,0.0,0.0,1.6109974413167407,1.5498250584629787,0.9484903555119965,2.0990510002951526,1.6329161991681267,,,0.6180765742263259,inf,,,0.21379298191496657
212,,0.0,0.0,0.9014144377919096,0.8736135050671112,0.7862496870941381,1.9239211021059708,1.23872438641351,,,0.6097226960127671,inf,,,0.28376106321525146
213,,0.0,0.0,1.3226080693222646,1.2938141446441138,0.8535115401493362,1.808857673382423,1.5628984314907743,,,0.6309483474627791,inf,,,0.3311724175517962
214,,0.0,0.0,1.4779235335111776,1.438114064818893,0.900991234512019,1.977948715250581,1.5274013472641341,,,0.5915533975974677,inf,,,0.2822414574351771
215,,0.0,0.0,1.697825672557273,1.615534546517434,0.894568797474589,1.73146037408982,1.2990567943441134,,,0.62595550513784,inf,,,0.24740716421262124
216,,0.0,0.0,1.7669730515336863,1.68833114877008,0.937316490599947,1.530596567176227,1.358615981251409,,,0.62595550513784,inf,,,0.31326527590938713
217,,0.0,0.0,1.6053528698820365,1.5016590872159727,0.9315039806999053,1.4827179502981411,1.2327274451565362,,,0.5947193981915972,inf,,,0.2852486394633928
218,,0.0,0.0,1.7442536525389185,1.6985787943107524,0.9214028588501377,1.9435908655050722,1.5796153932599484,,,0.6284777104787076,inf,,,0.24533476525240838
219,,0.0,0.0,1.4484886996840636,1.406268385453926,0.77497653005093,1.3445409598336457,0.9753822876023868,,,0.5947193981915972,inf,,,0.2321478357957407
220,,0.0,0.0,1.431141703510702,1.3982757941747281,0.7999637514936097,0.9672774519824702,0.8872072163616417,,,0.581717464821069,inf,,,0.3424652345093874
221,,0.0,0.0,1.564342284995157,1.5290052529755709,0.8207515366899578,1.003131615075767,0.8262014298708175,,,0.6125606311107803,inf,,,0.4204778458950924
222,,0.0,0.0,1.462963738578895,1.4068305398155427,0.7817748922957731,0.860133223603782,0.83067070456413,,,0.6068309995095971,inf,,,0.23611090915205613
223,,0.0,0.0,1.5003159762987843,1.4298555490673257,0.8407231459697583,0.8268581529546056,0.9096886119600484,,,0.5978297680564633,inf,,,0.2612370533321656
224,,0.0,0.0,1.6143114903450064,1.5699093966954893,0.8807861613493868,0.9939452795178029,0.8503451624223295,,,0.6380535849069913,inf,,,0.27156022080248776
225,,0.0,0.0,1.6299690500230337,1.5634921112010776,0.8647838837403928,0.9344204432464114,0.7381037344090458,,,0.5677978065141052,inf,,,0.24672626084698795
226,,0.0,0.0,1.5249660305549513,1.4739365775346975,0.8471614599821428,0.9575821380606719,0.6963666875372805,,,0.6038851895711802,inf,,,0.30718734430585604
227,,0.0,0.0,1.5471064071212532,1.5236522499116454,0.8618627133891733,0.9056943202607589,0.6705791166157108,,,0.5978297680564633,inf,,,0.3194947212664169
228,,0.0,0.0,1.699920154405045,1.6773114027722822,0.8814015534040964,0.9351343811393803,0.8842947559675277,,,0.6403206450210053,inf,,,0.3020693090532578
229,,0.0,0.0,1.5830673466383494,1.5109765324779798,0.8438549623694197,1.0697407850008243,0.913883313163965,,,0.5915533975974677,inf,,,0.2743468776740505
230,,0.0,0.0,1.2595497513291591,1.18641323024668,0.813857393273574,1.3214831176693844,1.1132255229367816,,,0.5713653840954815,inf,,,0.32718185785166304
231,,0.0,0.0,1.5126879635378194,1.47953934572576,0.852483434559544,1.366023751278512,1.074365061040846,,,0.6068309995095971,inf,,,0.29702712468324227
232,,0.0,0.0,1.6180929241540187,1.6078396322308595,0.9067017731782828,1.176362068785885,1.1570415952343656,,,0.5978297680564633,inf,,,0.3016380223917119
233,,0.0,0.0,1.7021688034935993,1.649399851745167,0.9094088236204956,1.0716575809262492,0.8498940581963164,,,0.5451288209179292,inf,,,0.34896499780712353
234,,0.0,0.0,1.3547762494047153,1.298271819617751,0.8210987314961604,1.2247764547182323,0.8966109680825012,,,0.585052858160615,inf,,,0.3582738274187046
235,,0.0,0.0,1.1820048203193878,1.1026244771356457,0.8736132975673347,1.5861681891956876,1.1710243070094817,,,0.5947193981915972,inf,,,0.38445476614197593
236,,0.0,0.0,1.2280886020477686,1.2016477544957411,0.6988865139670983,0.898458597329296,0.7760829112163755,,,0.5915533975974677,inf,,,0.3331320596092773
237,,0.0,0.0,1.66692968958442,1.575026102110479,0.891875150701333,1.4158484382411556,1.288047398759465,,,0.5947193981915972,inf,,,0.3133255152825314
238,,0.0,0.0,1.0331626486334615,0.8261479514336544,0.5752016283763435,0.8692973914899048,0.7213462716891823,,,0.5677978065141052,inf,,,0.28140132699637477
239,,0.0,0.0,1.4260559642016728,1.397339527870775,0.7868137530711754,0.7794360008595266,0.8398811609347622,,,0.5783247308855777,inf,,,0.22811963826644047
240,,0.0,0.0,1.6490984014907075,1.590713328648089,0.7920665488836167,0.9769458956774825,1.069313506643951,,,0.6207552362147116,inf,,,0.30677878868916153
241,,0.0,0.0,1.6580037836216597,1.6258730038104074,0.9218855270466382,1.1832090163249134,1.287404829322693,,,0.5978297680564633,inf,,,0.2843751399301716
242,,0.0,0.0,1.5302310833549873,1.5339534057745976,0.7568832880076204,1.2272252372765862,1.0852956407815637,,,0.6207552362147116,inf,,,0.31001434799208516
243,,0.0,0.0,1.6919314909069785,1.5448992328487527,0.8929449249254414,0.9139083922530373,0.9041412724605785,,,0.6357360191111145,inf,,,0.33829551119224327
244,,0.0,0.0,1.7483797361735824,1.6532255476879085,0.9212898916106642,0.7915274270594161,0.6118783281383489,,,0.581717464821069,inf,,,0.24325685186728857
245,,0.0,0.0,1.7309116127777033,1.6721674041571613,0.8890185841151895,0.6904304746079515,0.5960385180350504,,,0.585052858160615,inf,,,0.2685665782389853
246,,0.0,0.0,1.7720247749502667,1.7737050430364887,0.8560641300680182,0.5832589336468501,0.6620281344731815,,,0.6038851895711802,inf,,,0.29854644214056986
247,,0.0,0.0,1.345574466595616,1.3249937527932598,0.7011691034019806,0.8264661881637869,0.7477333501783583,,,0.581717464821069,inf,,,0.2790109516880111
248,,0.0,0.0,1.6352697591934127,1.6218804547161811,0.8356044797331349,1.1487361765771942,1.0636899006594973,,,0.6207552362147116,inf,,,0.36054301738044015
249,,0.0,0.0,1.638866240031585,1.6579570185225312,0.8483345944997748,0.8479603952882218,0.7520597957874541,,,0.6233814453054027,inf,,,0.354274461477805
250,,0.0,0.0,1.3268119446150373,1.2698631225237351,0.8344272477041,1.4371699107294988,1.1686807086372877,,,0.6125606311107803,inf,,,0.3478835043124274
251,,0.0,0.0,1.5040779848611097,1.4926154077542675,0.8883681295179537,1.7530484269714597,1.6156250760490365,,,0.6153451465759925,inf,,,0.30279117859388316
252,,0.0,0.0,1.669818668630961,1.620515439610571,0.8882830371145465,1.2482147981597842,0.8982283847977739,,,0.5947193981915972,inf,,,0.2701577675356275
253,,0.0,0.0,1.6170806322886593,1.3783327053513512,0.8678110071011021,0.7086116287352656,0.607175267595603,,,0.6008849035917525,inf,,,0.28365685803321083
254,,0.0,0.0,1.5387260759279897,1.4708343088548246,0.8410571502991718,0.34452911072860865,0.39806866650690303,,,0.5883313578629602,inf,,,0.31451062135632507
255,,0.0,0.0,1.5330262370074086,1.4695746183122669,0.7554320281837887,0.2835862551193953,0.2517144208660093,,,0.6068309995095971,inf,,,0.3656270953422508
256,,0.0,0.0,1.5142555638396549,1.5002507920059098,0.7563459247783375,0.440953373052573,0.4293327603523703,,,0.5604843169999094,inf,,,0.36448364427164015
257,,0.0,0.0,1.6980201875720775,1.6260276103237212,0.8631719784128945,0.8735057194184876,0.796797023461422,,,0.6068309995095971,inf,,,0.44249896378415043
258,,0.0,0.0,1.7451211082162135,1.6924677375302049,0.8940666069156179,1.1181422490260855,1.0172892314884436,,,0.5915533975974677,inf,,,0.33008924358795744
259,,0.0,0.0,1.6121730160010763,1.5821964971567306,0.8680377693872999,1.4473002098798804,1.1053028677413155,,,0.6038851895711802,inf,,,0.27835719572958423
260,,0.0,0.0,1.6944495368581383,1.6632535009269045,0.9207500341523095,2.0026315362781446,1.5116160150561122,,,0.6068309995095971,inf,,,0.24273468309600904
261,,0.0,0.0,1.6565611072214428,1.590829920120195,0.8899697012628655,1.4623704853141584,1.248434361462754,,,0.5978297680564633,inf,,,0.25729093175844575
262,,0.0,0.0,1.5090873998498253,1.4770324113883113,0.8277109697939954,1.1274980357845592,1.10175070460222,,,0.5783247308855777,inf,,,0.2969360573134815
263,,0.0,0.0,1.6947867718825649,1.6787506134470456,0.8430175300685024,1.181487663645565,1.1263780590254149,,,0.5915533975974677,inf,,,0.2815383420129732
264,,0.0,0.0,1.4885374803706906,1.4884404764833628,0.8264771930463831,1.4761260414197983,1.1690709557133259,,,0.6233814453054027,inf,,,0.30829459911357493
265,,0.0,0.0,1.3758336105272533,1.3464736624083853,0.7851407144233415,0.6914546211909027,0.5709830497091113,,,0.585052858160615,inf,,,0.32338232362220365
266,,0.0,0.0,1.6364590629301428,1.5773565853695624,0.8830329482347704,0.5845985903757993,0.42003478269519945,,,0.5677978065141052,inf,,,0.3295811841089721
267,,0.0,0.0,1.7006315392928697,1.6863500695599276,0.7954108119760027,1.0190681246845235,1.0390708792197465,,,0.6403206450210053,inf,,,0.31514532247223787
268,,0.0,0.0,1.3781330995570507,1.2387054263848098,0.7899567915183578,0.7659084645367122,0.6265612370523699,,,0.5713653840954815,inf,,,0.2654107451522056
269,,0.0,0.0,1.4687330218118533,1.4143474854520217,0.8672023021741828,1.0860174832791802,0.8735056585760363,,,0.5978297680564633,inf,,,0.2504072862584508
270,,0.0,0.0,1.3857743828917974,1.3887616700253325,0.7576356421173353,0.6932427297696534,0.4975352013730744,,,0.5883313578629602,inf,,,0.2386224646324915
271,,0.0,0.0,1.4771778506226476,1.4239771959772383,0.8381086669630577,0.6440948487636855,0.5745804512210979,,,0.5915533975974677,inf,,,0.3790666436077379
272,,0.0,0.0,1.5069579390714818,1.5079448360968364,0.8130402018894536,1.1244921226346,1.2222119864788963,,,0.6309483474627791,inf,,,0.329615265410045
273,,0.0,0.0,1.7624899252230244,1.7382682817807042,0.901078189801539,1.1004098023088111,1.1781640526453976,,,0.6153451465759925,inf,,,0.3400480337123954
274,,0.0,0.0,1.4692637537520783,1.2957296207872173,0.8290492152486538,1.1414882349798439,0.9343945446435453,,,0.6566669596287297,inf,,,0.27955083735724373
275,,0.0,0.0,1.3139099262011569,1.2855819804918682,0.8927665813524678,1.5218344955660734,1.331535271522351,,,0.6447042257417027,inf,,,0.2957804216086046
276,,0.0,0.0,1.52881505454115,1.4610118609758929,0.8654819821749278,1.2648601245278697,1.1976667214683563,,,0.6097226960127671,inf,,,0.2614599960698463
277,,0.0,0.0,1.1760439756514611,1.1594702844989295,0.8585728571985844,1.2460550711373455,0.9991977235131295,,,0.5748741956352443,inf,,,0.24055906928299087
278,,0.0,0.0,1.310583784898435,1.228083659910938,0.7204301949063312,0.8244452853884746,0.5628777454292053,,,0.5158180382284114,inf,,,0.2575906239686318
279,,0.0,0.0,1.7205995838613684,1.615658607953544,0.9378559997404211,0.28212275555613964,0.46802681562942716,,,0.4576907132971797,inf,,,0.32872556911038436
280,,0.0,0.0,1.6842128214167464,1.615062106639421,0.8415180387400081,0.7510754331094185,0.38054277906711387,,,0.5604843169999094,inf,,,0.22121508983139618
281,,0.0,0.0,1.368890818292761,1.164148894609541,0.8369272030757623,0.867586426254245,0.5338890624779412,,,0.5202020156036558,inf,,,0.2747263189546844
282,,0.0,0.0,1.774820559421954,1.6079431621135554,0.922957353321486,0.5253483577830654,0.5672037340870258,,,0.40055318934786044,inf,,,0.3669115466465211
283,,0.0,0.0,1.6296357387490645,1.583649782603723,0.8895765935945567,0.6059826173440934,0.5098840536109746,,,0.48319206230712763,inf,,,0.418329246360814
284,,0.0,0.0,1.4291904739678174,1.4005049046564528,0.759587798927426,0.5271464250445711,0.4591921812051225,,,0.48319206230712763,inf,,,0.45159466890373257
285,,0.0,0.0,1.4122590973894749,1.353410623320197,0.826205891041489,0.9889722135996152,0.8390877414595579,,,0.6153451465759925,inf,,,0.33663154918516774
286,,0.0,0.0,1.6298093898124628,1.5449987611645837,0.7531709602276939,1.0185770392483735,0.7741165714342331,,,0.5947193981915972,inf,,,0.24617034836830576
287,,0.0,0.0,1.6406731523785998,1.4754931955607824,0.9194223648821472,0.7107302455939463,0.740684715096398,,,0.6038851895711802,inf,,,0.2581311139251862
288,,0.0,0.0,1.0617972064761463,0.9996541946196452,0.5541309526793881,0.21920689979687638,0.20169366800977098,,,0.524519217297268,inf,,,0.33504219481732006
289,,0.0,0.0,1.1843923767316822,1.1773184137472825,0.6156055830905699,0.24329802089745434,0.16718474050940665,,,0.5713653840954815,inf,,,0.4146206216882927
290,,0.0,0.0,1.371128095809945,1.331209964521188,0.6680234797814171,0.5801295951888579,0.500237071996602,,,0.6097226960127671,inf,,,0.34084971291498395
291,,0.0,0.0,1.728979200114297,1.7016677139738055,0.9042915811932501,0.9875539226586769,1.1091793520601034,,,0.6097226960127671,inf,,,0.33445708702295834
292,,0.0,0.0,1.3591410462505467,1.3390145775714666,0.7393926148328551,1.1336301530507915,0.9036974915236975,,,0.5783247308855777,inf,,,0.28964539551441104
293,,0.0,0.0,1.6498797575235655,1.5803321561316686,0.8947328346495742,0.9451432012748556,0.6966441503180457,,,0.585052858160615,inf,,,0.2955248057432371
294,,0.0,0.0,1.4190459642385767,1.306465828900315,0.8049903147060223,0.8509112157440986,0.7876085868594057,,,0.5915533975974677,inf,,,0.31917199502509175
295,,0.0,0.0,1.4279153016780117,1.3839361134418797,0.8072279338107268,0.9505042301813892,0.9244664234171559,,,0.5713653840954815,inf,,,0.35070945393700287
296,,0.0,0.0,0.7592839123321784,0.7256300867856317,0.6213654745119801,0.17975982699457782,0.12578606551460336,,,0.5490601803369085,inf,,,0.24254208736133145
297,,0.0,0.0,1.340789312863923,1.258160989021406,0.7805940363984142,0.7023507896949995,0.499004848717172,,,0.5713653840954815,inf,,,0.3629350116819689
298,,0.0,0.0,1.4731448033340802,1.414622428978432,0.8236778016514361,0.6197897485680651,0.575393491614699,,,0.5713653840954815,inf,,,0.3044110228479371
299,,0.0,0.0,1.581311017971092,1.5852443250540036,0.8667581831297557,0.8353677569733605,0.7704540237424046,,,0.6125606311107803,inf,,,0.3932961033346208
300,,0.0,0.0,1.0311475167314965,1.0148646828571621,0.773339999834215,0.8509118628102491,0.7057662889972938,,,0.581717464821069,inf,,,0.3886344974239153
301,,0.0,0.0,1.5581438408008697,1.4903978540448393,0.824827145699762,0.7409112457582299,0.6800666584409333,,,0.6153451465759925,inf,,,0.4145263147561629
302,,0.0,0.0,1.5891267997535468,1.5612723403737663,0.8765773197237038,1.000678873610729,0.9601928048779453,,,0.5883313578629602,inf,,,0.3823569473551107
303,,0.0,0.0,1.6209443417793878,1.5360464437535917,0.9025601372769879,1.0009553255370076,0.8567361743673416,,,0.5947193981915972,inf,,,0.28108129818174626
304,,0.0,0.0,1.5192003112949255,1.4925303086738484,0.8765820939081562,1.2512605378798127,1.100750524355352,,,0.6333676938231112,inf,,,0.29592597725632663
305,,0.0,0.0,1.6605906674202968,1.5819996977876967,0.8934289768830551,1.2979372839888048,1.1129630043875238,,,0.6038851895711802,inf,,,0.3040797357435685
306,,0.0,0.0,1.7060211444222806,1.6359166641657823,0.9290438995991419,1.423473226202641,1.1538122548697094,,,0.5883313578629602,inf,,,0.3249850876973651
307,,0.0,0.0,1.6031932694907507,1.581148340287496,0.8402066821051152,1.2391680990966747,0.9578253941250645,,,0.6038851895711802,inf,,,0.2782781273651526
308,,0.0,0.0,1.6515165781479142,1.6322642825094915,0.8848636150014301,0.9433250529340952,0.8209296570844663,,,0.6008849035917525,inf,,,0.3017883166402757
309,,0.0,0.0,1.4102318601518462,1.3782432614505034,0.80711667685897,0.8387750374905116,0.7823173694417107,,,0.5641709578113449,inf,,,0.3029758735467372
310,,0.0,0.0,1.6272444006025402,1.6127521189626393,0.85155170876182,0.9655113735003249,0.9296098762989577,,,0.5783247308855777,inf,,,0.33450414401152534
311,,0.0,0.0,1.5465555184596023,1.5017970412361945,0.7659268395193735,1.210768185683393,1.2186406827222185,,,0.5713653840954815,inf,,,0.3560600016393391
312,,0.0,0.0,1.5141812113028843,1.4752963844685199,0.8201757892602859,0.8954386789665085,0.7779127038492377,,,0.6008849035917525,inf,,,0.3565796895043774
313,,0.0,0.0,1.5742335940040404,1.514268772593866,0.8140214192161656,0.7278753087441495,0.6445081416450058,,,0.5329562494928909,inf,,,0.4076291857956903
314,,0.0,0.0,1.5810786024870054,1.5820084326805657,0.7725493134246728,0.5810296787426521,0.5154366068446682,,,0.6008849035917525,inf,,,0.35575963407716293
315,,0.0,0.0,1.3293884352598204,1.2995803570393163,0.7621344970520137,0.7674349516769051,0.7732102679737789,,,0.5947193981915972,inf,,,0.3283028729253179
316,,0.0,0.0,1.4276291664762086,1.4156383574275893,0.8709716736402545,0.5794331678551553,0.6054945438866811,,,0.62595550513784,inf,,,0.35376898520187267
317,,0.0,0.0,1.254605027473607,1.1593520443410608,0.7623369440370588,0.8895129700007051,0.6026323492963856,,,0.5783247308855777,inf,,,0.379009575404556
318,,0.0,0.0,1.4111364841183605,1.3273470171660644,0.8208687465532655,0.8600065840385984,0.7677578245760159,,,0.6180765742263259,inf,,,0.303401589293736
319,,0.0,0.0,1.606114822293161,1.4772838196487343,0.8520924571581863,0.9614509127282356,0.7627664051051132,,,0.5915533975974677,inf,,,0.29859119661908057
320,,0.0,0.0,1.436844332920696,1.3990995431644229,0.77158271737456,0.6505290496581129,0.6065719847264939,,,0.5713653840954815,inf,,,0.30028912545834285
321,,0.0,0.0,1.5400287040947638,1.5157171241696712,0.7744500063267898,0.8924659329194021,0.810431093707026,,,0.552929491858785,inf,,,0.33270883179439986
322,,0.0,0.0,1.4054359952635693,1.3917057309495682,0.8073918441441067,0.7500324953523807,0.6605508933428447,,,0.5915533975974677,inf,,,0.27882853177913464
323,,0.0,0.0,1.622824340752157,1.6130885336763898,0.8140994998439359,0.8937694698046195,0.900416008207792,,,0.6068309995095971,inf,,,0.35104670873643556
324,,0.0,0.0,1.4950559504557828,1.4375264606601956,0.7984031035334277,1.3323903988329946,1.1488952104305203,,,0.5947193981915972,inf,,,0.327258415856091
325,,0.0,0.0,1.362587743226645,1.2790675831453884,0.7786733181766036,1.3543631680002917,1.0688779305714728,,,0.581717464821069,inf,,,0.2846124212158445
326,,0.0,0.0,1.5993390537635148,1.4776172736279758,0.8728258707187556,0.8087031438035138,0.6559941092898959,,,0.5329562494928909,inf,,,0.3035454327161594
327,,0.0,0.0,1.525503458725939,1.4847762284783468,0.8970546561043846,0.37584668062218896,0.4052377126118584,,,0.524519217297268,inf,,,0.3637507310548988
328,,0.0,0.0,1.5968378252067046,1.5737491793158214,0.8328412130452695,1.0320630945722657,0.9587434812268918,,,0.5883313578629602,inf,,,0.2954768612160018
329,,0.0,0.0,1.2806473476573879,1.2461827352815054,0.7325603020929768,0.6383414602414546,0.6482749718065869,,,0.6284777104787076,inf,,,0.28668499292777
330,,0.0,0.0,1.4257509938776853,1.4058837930628576,0.7350002963815208,0.3421313470608283,0.3897633089126018,,,0.5947193981915972,inf,,,0.29562655185699194
331,,0.0,0.0,1.549271364957332,1.5334678652751512,0.8719740078348649,0.359244203858711,0.4197691508859918,,,0.5287703885177266,inf,,,0.3362432987136943
332,,0.0,0.0,1.6247832527284602,1.6160483508200807,0.8539484645885346,0.5328277847893899,0.581441507426411,,,0.5978297680564633,inf,,,0.2930852381849795
333,,0.0,0.0,1.3021236082053422,1.2491131464244418,0.7799180091444672,0.6068656446179875,0.6675358152899217,,,0.5915533975974677,inf,,,0.202602598271053
334,,0.0,0.0,1.27752626478819,1.273083494931598,0.7669330432713676,0.3254118586921154,0.34836617693512917,,,0.6233814453054027,inf,,,0.21180317395026418
335,,0.0,0.0,1.3680255119311746,1.3325032156982435,0.8184432907230864,0.6037540069144378,0.5478642760442429,,,0.5883313578629602,inf,,,0.27392157371425135
336,,0.0,0.0,1.7069873111309117,1.641003373880945,0.9076398659532595,0.39544594868131266,0.6087522287459615,,,0.6068309995095971,inf,,,0.2958245560147504
337,,0.0,0.0,1.3002130833694165,1.253649181048045,0.9179559870494827,1.0101597111955232,1.0295911668310367,,,0.5604843169999094,inf,,,0.3244060964900114
338,,0.0,0.0,1.4612615409746759,1.425737761889292,0.801186680898615,0.7133996984694403,0.6953771397733114,,,0.5748741956352443,inf,,,0.3207482274324199
339,,0.0,0.0,1.3967575673917971,1.3859024012648282,0.806515427725546,0.8017876477314636,0.8243392819565483,,,0.581717464821069,inf,,,0.35178948821432543
340,,0.0,0.0,1.3694039396378053,1.3422051458414639,0.8497345125555702,0.8342676833754128,0.8711193268036127,,,0.5287703885177266,inf,,,0.3516919966677552
341,,0.0,0.0,1.027755315717962,1.0154980389806416,0.6884497705036184,0.7376222419364957,0.6404232158917765,,,0.5883313578629602,inf,,,0.3453035071998213
342,,0.0,0.0,1.1758596589792756,1.1672392805269591,0.708637987773987,0.8346654522825981,0.8612080404969032,,,0.5748741956352443,inf,,,0.35948067468575856
343,,0.0,0.0,1.4303587653675591,1.4247217329615354,0.8679728692441989,0.8068355057707977,0.8445996817933321,,,0.5677978065141052,inf,,,0.3148705164710041
344,,0.0,0.0,1.4128145733389375,1.397691934052737,0.7643243486138869,1.055632563801093,1.127673532914833,,,0.6097226960127671,inf,,,0.32701303573615753
345,,0.0,0.0,1.4609515378012299,1.4505256035406278,0.6663696351150992,0.936561763544674,0.9589539509996562,,,0.581717464821069,inf,,,0.3210539066787471
346,,0.0,0.0,1.3985332665437757,1.3709396126821591,0.7177385260418578,0.7512836796503385,0.7707030710321654,,,0.581717464821069,inf,,,0.26814278701364974
347,,0.0,0.0,1.2801160857793752,1.2492465161768378,0.848322204800393,0.7118007691741378,0.7557917870233496,,,0.6008849035917525,inf,,,0.30799814918635854
348,,0.0,0.0,1.6803439930380093,1.6614735385027763,0.8270299930162094,0.973952912746133,0.7398996072569342,,,0.6207552362147116,inf,,,0.4990420808368033
349,,0.0,0.0,1.1041160951788436,0.9650101048895668,0.7787091085080735,0.6845587613408157,0.514683558461806,,,0.6068309995095971,inf,,,0.2668255642512471
350,,0.0,0.0,1.577890474610536,1.5197283593684654,0.869056166676635,0.6503762357807592,0.48716652392327187,,,0.5713653840954815,inf,,,0.2580991563821787
351,,0.0,0.0,0.907705104985621,0.8982280452737289,0.6360552697941727,0.6534695665887666,0.42710142673323914,,,0.552929491858785,inf,,,0.3027660014357793
352,,0.0,0.0,0.6643364892659493,0.6531961195571054,0.3807420402504343,0.35153275051461325,0.21084099065533324,,,0.4880666971167561,inf,,,0.2848892613011217
353,,0.0,0.0,0.8777764004015162,0.8606075434716215,0.7140759836976641,0.8023077293286552,0.7380397829248251,,,0.581717464821069,inf,,,0.28962816923165513
354,,0.0,0.0,1.5039907316314738,1.4645244516719087,0.7268679060535408,0.13137843453985104,0.09083275949978711,,,0.5068466436745385,inf,,,0.2715666836667155
355,,0.0,0.0,0.26399153511107604,0.2645364243733983,0.45735417847733906,0.15390771114739504,0.09333304424579075,,,0.5287703885177266,inf,,,0.3118855072296307
356,,0.0,0.0,1.2810115783764224,1.2713838873290602,0.8019216562935496,0.4078133439508622,0.4976408930281362,,,0.49759852643134905,inf,,,0.4440148287234598
357,,0.0,0.0,1.3996788516356704,1.3455149181454613,0.7597332527668313,0.14203320503337394,0.1662838715490394,,,0.5202020156036558,inf,,,0.3746943493078597
358,,0.0,0.0,1.0660049445824014,1.054340300843415,0.4631167091910058,0.06627341058886453,0.1093729516622739,,,0.30393309777884125,inf,,,0.3987913424106034
359,,0.0,0.0,0.780731590092163,0.7679340157554121,0.4356973865703274,0.05301950774712861,0.11882661572435238,,,0.34100769111774265,inf,,,0.3850942240325891
360,,0.0,0.0,1.5164343346948108,1.511700486366741,0.8122926989861008,0.14739605394252983,0.2362327922725407,,,0.35499006010413947,inf,,,0.441591583862204
361,,0.0,0.0,1.727154972756224,1.4685566831451036,0.913083732872189,0.47468428587985567,0.46004272342100644,,,0.5287703885177266,inf,,,0.2804722642513082
362,,0.0,0.0,1.6120689703676532,1.4560329201557327,0.9107197923541144,0.7103983284387873,0.535264460900305,,,0.5202020156036558,inf,,,0.2573818053099115
363,,0.0,0.0,1.4591875575428874,1.3285354535293483,0.5458028445860257,0.19034797970201056,0.033127015101706264,,,0.34100769111774265,inf,,,0.29109097024708624
364,,0.0,0.0,1.47002089075671,1.3698392679813856,0.8043474887111439,0.03731192809156419,0.04391338933397798,,,0.30393309777884125,inf,,,0.29720990664675845
365,,0.0,0.0,1.27667013219381,1.2018297814162475,0.8506762438025284,0.42894594217477805,0.3610868123754904,,,0.5451288209179292,inf,,,0.27114365846417804
366,,0.0,0.0,1.3239502128013205,1.2752143701915784,0.7180917785260487,0.3549639754791168,0.36109888617032393,,,0.541134803179459,inf,,,0.41725188178196027
367,,0.0,0.0,1.1971833175714695,1.148793494521882,0.8340852952571424,0.6755224841937086,0.5615139766527637,,,0.5713653840954815,inf,,,0.5076995590098455
368,,0.0,0.0,1.1068885252645535,1.0462392168164654,0.6367110488828097,0.5169144660371363,0.44110793830257566,,,0.5915533975974677,inf,,,0.24533809375641014
369,,0.0,0.0,1.2316558714598347,1.1930437304622492,0.7189649646793261,0.6990526062131852,0.7601864938699612,,,0.5883313578629602,inf,,,0.21794640135254406
370,,0.0,0.0,1.2869917817191558,1.2343644632604334,0.7568043687820071,0.69760887376683,0.6581849849240069,,,0.5947193981915972,inf,,,0.19236709155957496
371,,0.0,0.0,1.4427231585817553,1.4081008039879759,0.8360838477109815,0.6812295823590373,0.5882325460725777,,,0.552929491858785,inf,,,0.19558885202648138
372,,0.0,0.0,1.2676347531788412,1.1980232158555675,0.7302173284205644,0.5975811530089872,0.6395687724001063,,,0.6068309995095971,inf,,,0.20242106443250923
373,,0.0,0.0,1.127562902688977,0.9986288642470799,0.6990607466750053,0.28921882126868803,0.285371417145874,,,0.5370774965580548,inf,,,0.21892221940455422
374,,0.0,0.0,1.525976373655018,1.501397406066448,0.8569299692179267,0.6173082968656666,0.5731046456576098,,,0.6233814453054027,inf,,,0.3725726342859544
375,,0.0,0.0,1.5072160268817412,1.4804216775077856,0.8365394146994858,0.3134874648037244,0.27576323238490635,,,0.5915533975974677,inf,,,0.34369177941071105
376,,0.0,0.0,1.3240181365875692,1.3122962549645127,0.7546674420918491,0.46010649974333195,0.42330541858982657,,,0.62595550513784,inf,,,0.3519359920485939
377,,0.0,0.0,1.2584021202576405,1.2337756333625554,0.7597487736728225,0.42552856268300215,0.37807776478639493,,,0.524519217297268,inf,,,0.358832044574188
378,,0.0,0.0,1.3985714457007017,1.4066358493822113,0.8571056221467945,0.6178009596749258,0.551492417902581,,,0.5748741956352443,inf,,,0.43113389801189284
379,,0.0,0.0,1.2762592492603742,1.2795578400371281,0.7468063503039184,0.6207792274113174,0.5892832521508207,,,0.5947193981915972,inf,,,0.3639564786725588
380,,0.0,0.0,1.5136707768408868,1.479924282667479,0.9198401166223591,0.5145495920435352,0.5208681761697973,,,0.6008849035917525,inf,,,0.21700952251459646
381,,0.0,0.0,1.3287749782490925,1.2548760947753301,0.7882054433453434,0.5978488639392636,0.6567166530804216,,,0.5883313578629602,inf,,,0.21529212125622557
382,,0.0,0.0,1.0436785051740325,1.0460291734096911,0.7713816345339177,0.47143354994580544,0.39720422673318045,,,0.5567373465730988,inf,,,0.26277132806020015
383,,0.0,0.0,1.5173641007939247,1.5199696168121166,0.8948327981024119,0.6361388172261866,0.6868582004323177,,,0.5370774965580548,inf,,,0.25484852491992244
384,,0.0,0.0,1.0207316550087742,0.9955365168512255,0.5308094640374467,0.09871455874054864,0.10718104238508051,,,0.5068466436745385,inf,,,0.2094662527729659
385,,0.0,0.0,1.3538054353886524,1.3459895456349822,0.8021494778995314,0.6051368463588296,0.605755958255699,,,0.5748741956352443,inf,,,0.33369071833467684
386,,0.0,0.0,1.4461153523155634,1.4355402853080632,0.8428361551803942,0.49014035828894476,0.4271409649494845,,,0.6153451465759925,inf,,,0.3772954971668998
387,,0.0,0.0,1.3374407060866027,1.3176980907194122,0.7320305116823429,0.6354114389163567,0.5465846184944549,,,0.6180765742263259,inf,,,0.3847907387879848
388,,0.0,0.0,1.2367952835072256,1.2221241343734934,0.7646282925245396,0.593576097803382,0.6509555870312518,,,0.5677978065141052,inf,,,0.3001076035505747
389,,0.0,0.0,1.3299309183887504,1.3337144464229977,0.7433044666485503,0.6050206376413138,0.6496820798128214,,,0.5883313578629602,inf,,,0.34889350921860524
390,,0.0,0.0,0.9912142498954355,0.9908022738339186,0.7161890580793043,0.5732496357170338,0.4891421592364895,,,0.5713653840954815,inf,,,0.2854450333366711
391,,0.0,0.0,1.1626502742090106,1.154952826534551,0.8477329819068654,0.5850079464877032,0.5511467331781789,,,0.6180765742263259,inf,,,0.381362680577654
392,,0.0,0.0,1.1243253341819002,1.1176591716248931,0.638763171460397,0.35463333979589834,0.22160842453489554,,,0.5158180382284114,inf,,,0.33664487976584956
393,,0.0,0.0,1.6936824854082273,1.6958421204751506,0.831692831037304,0.38581138248950186,0.4970395027448302,,,0.6008849035917525,inf,,,0.39748771387927306
394,,0.0,0.0,1.3105145794236783,1.3179604667170777,0.801129533516732,0.4449029379595693,0.3473948865023333,,,0.5604843169999094,inf,,,0.4414715045052754
395,,0.0,0.0,1.292636280315059,1.2903072645388471,0.7460498820998226,0.28387343953275235,0.34141737945221434,,,0.6284777104787076,inf,,,0.4461683587162546
396,,0.0,0.0,1.4326714081173821,1.4270789883009165,0.7642378364433602,0.6953835096954344,0.74736265098797,,,0.5713653840954815,inf,,,0.30874234618020685
397,,0.0,0.0,1.4756408939708117,1.4201948467776375,0.8340074888140507,0.6636298168184758,0.6357483468830541,,,0.6068309995095971,inf,,,0.41442806748291217
398,,0.0,0.0,1.4714205597046006,1.4370858162996851,0.8299480235521274,0.6981210516574475,0.6267198003864634,,,0.6038851895711802,inf,,,0.42203363449852177
399,,0.0,0.0,1.3164999024722586,1.3020702805952797,0.6709743994703694,0.47598642449623163,0.41974485147217216,,,0.5915533975974677,inf,,,0.3974060387727409
400,,0.0,0.0,1.4032879761354073,1.3922897960791112,0.7719250251791727,0.5347907294669613,0.5348545734032735,,,0.552929491858785,inf,,,0.30393183154840336
401,,0.0,0.0,1.2609237144856182,1.2614476726660468,0.7091048313127148,0.48963915335613445,0.43260840035880105,,,0.5113665138247345,inf,,,0.31539344874188613
402,,0.0,0.0,1.428556892269778,1.4000582508251251,0.8840680888769265,0.7634355684114036,0.735780462433863,,,0.4880666971167561,inf,,,0.23163970096406758
403,,0.0,0.0,1.4734128573531433,1.349660601461739,0.820527044303304,0.7594399102718395,0.6878884000495573,,,0.5158180382284114,inf,,,0.21261984695161834
404,,0.0,0.0,1.3948967558877248,1.3401942344975395,0.7949050597851628,0.6590114058238297,0.742114270932604,,,0.5202020156036558,inf,,,0.21614722880935847
405,,0.0,0.0,1.371041535633827,1.2906095395924706,0.7676888024541328,0.5371670066514584,0.5643035953717169,,,0.5287703885177266,inf,,,0.22190173667639396
406,,0.0,0.0,1.2973797077500182,1.2940251572904882,0.8143311613270734,0.6194937507555138,0.6920519867050862,,,0.6233814453054027,inf,,,0.2971698136694309
407,,0.0,0.0,1.3135290752369544,1.2976804504637958,0.7722677287800204,0.5711222293468332,0.48626427302479147,,,0.5783247308855777,inf,,,0.2726753376155049
408,,0.0,0.0,1.366465707798168,1.3739876152815875,0.8023960583583755,0.44973769144728387,0.30991029979437024,,,0.5641709578113449,inf,,,0.3547171627101873
409,,0.0,0.0,1.1318826206312682,1.1152180452708274,0.7270416735217429,0.44228180597704037,0.2971947114540417,,,0.6153451465759925,inf,,,0.3490270781455328
410,,0.0,0.0,1.1623551692975655,1.1491506057061127,0.7095385275480932,0.16782539840304742,0.29553967021131633,,,0.6309483474627791,inf,,,0.2750746012116336
411,,0.0,0.0,1.6527560737436366,1.6285273877768909,0.9058594044112344,0.5897543566007398,0.6136632941611391,,,0.6153451465759925,inf,,,0.4085453760164121
412,,0.0,0.0,1.4203859690121823,1.4241695072381322,0.8271123693709993,0.5477682116894301,0.48116547280754207,,,0.62595550513784,inf,,,0.30399069784118354
413,,0.0,0.0,1.2323685638238076,1.2324207784940806,0.713560177407861,0.36041117037156956,0.24751584451531095,,,0.62595550513784,inf,,,0.34271832429411786
414,,0.0,0.0,1.2285579022416826,1.2280299561331816,0.7072164870923516,0.49697457442338056,0.3463116299635573,,,0.5883313578629602,inf,,,0.4221236230336775
415,,0.0,0.0,1.1497311647305932,1.118982404455936,0.6614816713912023,0.1655972126305437,0.2106747417015709,,,0.5783247308855777,inf,,,0.3880276539910247
416,,0.0,0.0,1.2785334358353582,1.2751241140169625,0.7411414824014924,0.37182791086620653,0.3129799956061006,,,0.5641709578113449,inf,,,0.4056669814992887
417,,0.0,0.0,1.4103301408725653,1.4005151592025968,0.8827077121595315,0.8836797152699388,0.9656020953741437,,,0.6207552362147116,inf,,,0.5282412691406076
418,,0.0,0.0,1.4049557334252623,1.3286189984296315,0.7695765121879004,0.4291115682500872,0.5199743777606751,,,0.6097226960127671,inf,,,0.2873802868692553
419,,0.0,0.0,1.4542091701758508,1.3368963764313275,0.7770520607227656,0.6242558811129904,0.3141208263927596,,,0.5947193981915972,inf,,,0.2550899416959147
420,,0.0,0.0,0.7672883667982863,0.746053899114261,0.6052453788669997,0.20398503879342858,0.17717706280971546,,,0.5783247308855777,inf,,,0.401818590357186
421,,0.0,0.0,1.3921570834223382,1.3037891288424848,0.7964042747918169,0.7522533660650458,0.491444555304276,,,0.581717464821069,inf,,,0.49508089654579895
422,,0.0,0.0,0.6435762586394265,0.6260901020568498,0.5864404934194082,0.13200870350430802,0.12874385643341435,,,0.6153451465759925,inf,,,0.31673461969291117
423,,0.0,0.0,1.6175288815481323,1.4958841278256036,0.84132390104749,0.28262914402441164,0.376132972608346,,,0.6153451465759925,inf,,,0.29884749862254856
424,,0.0,0.0,1.0316703437493957,0.99808207573001,0.6853302819115691,0.5107012653946442,0.4222387355497622,,,0.648888643467878,inf,,,0.5149016621391177
425,,0.0,0.0,1.2744792381869146,1.2047963203481313,0.7660625281806044,0.7728288212211515,0.64769135052379,,,0.5915533975974677,inf,,,0.44431398077909595
426,,0.0,0.0,1.4225463954932676,1.3697012508065591,0.8562705991682318,0.6133541310975902,0.6953265589044938,,,0.6333676938231112,inf,,,0.216521900346991
427,,0.0,0.0,1.394829231949268,1.4042945938025087,0.7238108661034273,0.3580115901361618,0.3045035034109899,,,0.6068309995095971,inf,,,0.5680651518217692
428,,0.0,0.0,1.4973950287707332,1.4601219901056697,0.8430221979589316,0.34343275652786187,0.3208860374753211,,,0.6038851895711802,inf,,,0.5342247676471539
429,,0.0,0.0,1.3519892840557075,1.3405610355854454,0.7352271172740502,0.43985585748854567,0.4232515482940661,,,0.541134803179459,inf,,,0.5127124642963989
430,,0.0,0.0,1.3116525771370464,1.1990097335384524,0.7215936620290911,0.42516965339767926,0.4532180787826713,,,0.5567373465730988,inf,,,0.20574337165672327
431,,0.0,0.0,1.4831756079967622,1.2891425037517619,0.7785783672244067,0.5916710182022219,0.5874139279457659,,,0.585052858160615,inf,,,0.2296952983718144
432,,0.0,0.0,1.0155728779590034,0.8527681721710786,0.5975151253032468,0.40571313547802057,0.2781586232894005,,,0.6038851895711802,inf,,,0.2524820519568878
433,,0.0,0.0,1.4560088149625763,1.4411881032728084,0.779425783659926,0.5051825423117822,0.6005005209065883,,,0.6068309995095971,inf,,,0.2852586640585319
434,,0.0,0.0,1.0631017505013012,1.0595397030506613,0.6231658964754943,0.3573576319037013,0.3069586136297134,,,0.5783247308855777,inf,,,0.35218608043766514
435,,0.0,0.0,1.3865594694126473,1.3896874215155715,0.8333004224493625,0.6569378666696671,0.7322408913867391,,,0.6207552362147116,inf,,,0.5017267673832494
436,,0.0,0.0,1.275065276381351,1.2708574622343918,0.712177751366162,0.5830729545419397,0.5867449297253547,,,0.585052858160615,inf,,,0.4241320070004305
437,,0.0,0.0,1.1182019196462945,1.0625908898652265,0.6966753809262917,0.6174259605573259,0.6679360967912678,,,0.5641709578113449,inf,,,0.2515452358395657
438,,0.0,0.0,1.1215319291143606,1.0659706516605933,0.6581005496389154,0.46786285560849356,0.4388276920997123,,,0.5915533975974677,inf,,,0.24841058671896155
439,,0.0,0.0,1.4395423454148624,1.4378515368791205,0.8214779770452463,0.5567756958361706,0.4479381582036367,,,0.6153451465759925,inf,,,0.3917185980755297
440,,0.0,0.0,1.4486902239935144,1.4531450277312759,0.8653295956569326,0.6490674705371098,0.651396277850319,,,0.5883313578629602,inf,,,0.36566498928875246
441,,0.0,0.0,1.4239203886022664,1.428457761698902,0.8292029712772303,0.5830806778159447,0.6372145494191469,,,0.5604843169999094,inf,,,0.3392632022826086
442,,0.0,0.0,1.3550748242848951,1.3398531419373967,0.819431009518125,1.0383179132258733,1.1384632531264371,,,0.6207552362147116,inf,,,0.4024873133254958
443,,0.0,0.0,1.1390200242766082,1.141535712951795,0.7136004823121653,1.03194291880705,0.8702901928574804,,,0.6068309995095971,inf,,,0.3965325173835216
444,,0.0,0.0,0.8643713205684511,0.8546542298491224,0.5570914201668342,0.8477436926722406,0.7689841126451904,,,0.6153451465759925,inf,,,0.4251461969084821
445,,0.0,0.0,0.5352171607276706,0.529138199980103,0.48938075903058365,0.30488101622893327,0.19520143215194125,,,0.5677978065141052,inf,,,0.5039054070953691
446,,0.0,0.0,1.3781670403534372,1.3619058650066624,0.7216253835081692,0.04067857634728902,0.03685696685386575,,,0.5113665138247345,inf,,,0.3169177980076209
447,,0.0,0.0,1.577448272483061,1.5747984300322413,0.7787351333561401,0.019203958074533158,0.02598231008723884,,,0.5287703885177266,inf,,,0.3523774176482439
448,,0.0,0.0,1.6177220924567561,1.6060783848802092,0.4552184654995573,0.016826519707172548,0.013684801295376959,,,0.5113665138247345,inf,,,0.3595718895280348
449,,0.0,0.0,1.7653920738667463,1.7771368498225881,0.9564776724777563,0.004484940038335359,0.007890045494312634,,,0.524519217297268,inf,,,0.1978352630096214
450,,0.0,0.0,1.1903594657223406,1.1721646015301816,0.5471728377341778,0.0286629269470871,0.02683569642982946,,,0.5158180382284114,inf,,,0.4221718363026432
451,,0.0,0.0,1.6955284264929862,1.7021708755988687,0.4308286351932627,0.03589340223482998,0.020018942026907738,,,0.5158180382284114,inf,,,0.3887365911124942
452,,0.0,0.0,1.6846816815460046,1.6632608929990198,0.55746751752567,0.06012065489203217,0.03894120139714247,,,0.5068466436745385,inf,,,0.36107836550504807
453,,0.0,0.0,1.3016758706243161,1.2735566160994776,0.619998196124257,0.029577203684903366,0.02779933219623591,,,0.4880666971167561,inf,,,0.2827837597668334
454,,0.0,0.0,1.6604280018316728,1.6514419742996422,0.8486221010870302,0.03752584577171625,0.05142520489504678,,,0.5567373465730988,inf,,,0.24934613343319112
455,,0.0,0.0,1.5995165018282178,1.5505242402978276,0.8380489859043773,0.10373293295970268,0.09178755239138213,,,0.581717464821069,inf,,,0.3103087374422552
456,,0.0,0.0,1.3717922389032573,1.3261724595148425,0.7514635554447107,0.08066897505594885,0.06723081829563808,,,0.5068466436745385,inf,,,0.31754060583421534
457,,0.0,0.0,1.7200807284360244,1.7136902039932573,0.7809875058330706,0.015204313441801141,0.018049373408203583,,,0.42445136339222655,inf,,,0.3950864469510696
458,,0.0,0.0,1.7051617273551942,1.7084506296622015,0.8855634373671797,0.015290727569599767,0.01847587974727971,,,0.4576907132971797,inf,,,0.4208446019781934
459,,0.0,0.0,1.6710111054709582,1.66329570728742,0.8677493952355788,0.040303817825435566,0.05714818382714484,,,0.44694259446804574,inf,,,0.3218863210356426
460,,0.0,0.0,1.3867885875196644,1.3866972189714373,0.7696694598190648,0.05515198789784031,0.062126915925834,,,0.45235697871908603,inf,,,0.26851407510444314
461,,0.0,0.0,1.4113703665666903,1.3764231923867194,0.7808273748313144,0.09630298251485686,0.13778163538044283,,,0.5329562494928909,inf,,,0.2129629336825388
462,,0.0,0.0,1.605646224230442,1.5814880734486851,0.8354384665758274,0.1188203150600796,0.1833873204060986,,,0.4928685327679205,inf,,,0.20036269675675314
463,,0.0,0.0,1.6509105119540373,1.6434641754468484,0.7671837510875047,0.09637634890338309,0.1323337182186342,,,0.49759852643134905,inf,,,0.23101183857224353
464,,0.0,0.0,1.35590548999398,1.3367903391738551,0.6715123384739136,0.09191135401845787,0.10546441864167333,,,0.4880666971167561,inf,,,0.2681930951155449
465,,0.0,0.0,1.5976508509847493,1.5703596074833148,0.8579127818174159,0.05273270532306211,0.06801866748035187,,,0.47824363442641393,inf,,,0.24652760270872265
466,,0.0,0.0,1.4095107961918294,1.381122238920354,0.6085081069144403,0.08144295859851748,0.09518707226336383,,,0.41268473150466,inf,,,0.3300590143841729
467,,0.0,0.0,1.6226420291177295,1.605126408859139,0.5603689640915914,0.04944402786564969,0.04877549551639777,,,0.42445136339222655,inf,,,0.32819464341644855
468,,0.0,0.0,1.5544009571865474,1.5215528211481204,0.7299637164965863,0.03321155313867425,0.043238048998481375,,,0.5158180382284114,inf,,,0.2266666307447823
469,,0.0,0.0,1.730564662869722,1.6986090714288258,0.9534189616656247,0.2799523696819934,0.4251264833371863,,,0.5567373465730988,inf,,,0.27577738070611313
470,,0.0,0.0,1.098182496484045,1.0609891478783824,0.7526324687184719,0.16228831723153028,0.16735459131919259,,,0.47824363442641393,inf,,,0.2365144417638194
471,,0.0,0.0,1.549515758785314,1.537800375361017,0.5539912984013666,0.09211783850724098,0.08151393651276358,,,0.27183033608702345,inf,,,0.2668101212323679
472,,0.0,0.0,1.6484346698741101,1.6056186048743377,0.8018030350957535,0.20283634551184337,0.16919589209372432,,,0.5329562494928909,inf,,,0.24630430140513163
473,,0.0,0.0,0.4832032875615162,0.31460982697195067,0.5487218439091343,0.4659668768276291,0.39090865886856796,,,0.5022576003740722,inf,,,0.2757559161332837
474,,0.0,0.0,1.6321316633173328,1.5995652790784958,0.9076522521133015,0.8883397038627757,0.8484142421016688,,,0.585052858160615,inf,,,0.23382541671623433
475,,0.0,0.0,1.746670805475179,1.650493048728009,0.9184434748713505,1.1833114933561537,1.081758616840049,,,0.6068309995095971,inf,,,0.22397348388881028
476,,0.0,0.0,1.7091663412161755,1.6748237981493075,0.9350228390320502,1.1936294881217326,1.130971633088385,,,0.5947193981915972,inf,,,0.22168043421319758
477,,0.0,0.0,1.763254549047377,1.6217912634046732,0.9441451802878866,1.1819420359510473,1.041068213809115,,,0.5677978065141052,inf,,,0.20746761887219753
478,,0.0,0.0,1.7043350706099683,1.6507395738884694,0.9038168083507659,1.0379490097050486,0.6777040496061395,,,0.5978297680564633,inf,,,0.21758844872835642
479,,0.0,0.0,1.6388855782099851,1.380585724396436,0.7365158079307452,0.31181045216512826,0.12361609146355584,,,0.524519217297268,inf,,,0.24451774145680752
480,,0.0,0.0,1.5727541605634539,1.5614784457608017,0.8364604837095334,0.02507007898796572,0.030602149219057125,,,0.5451288209179292,inf,,,0.23468188941540505
481,,0.0,0.0,1.5132014639715048,1.4688207357055356,0.8075958615037792,0.3795423660936327,0.28551292800969696,,,0.5783247308855777,inf,,,0.24614358586591426
482,,0.0,0.0,1.2669468169906122,1.1970817591152685,0.8288643754558436,1.0613873610034232,0.83401768357388,,,0.5783247308855777,inf,,,0.21804785749924924
483,,0.0,0.0,1.3981072205506782,1.3611003190474051,0.9040009989133101,1.2180160460968001,0.9766701119399106,,,0.581717464821069,inf,,,0.21394140039627138
