,tempbvp_correlation
0,-0.014734001115154815
1,0.0015736736774371407
2,0.0011773425617768868
3,0.009860729622975946
4,0.004997424413868813
5,0.005474318227314859
6,-0.024662582284868673
7,0.0018417290340647819
8,0.012860458126033595
9,0.0014461059147371684
10,0.02943513591743493
11,0.0387360779979214
12,0.01497218280399794
13,-0.016946102345026116
14,0.04650581594135154
15,0.0097722670560787
16,-0.007180622878034048
17,-0.02305039800881376
18,-0.012246120595752079
19,0.07352655424439479
20,-0.003613589545221992
21,0.022486665243431195
22,-0.004819246395129223
23,0.028855019170178714
24,-0.030348899185418443
25,0.02422610850985617
26,0.007070814034346345
27,-0.029702364626607778
28,-0.04076473401512818
29,-0.02877349883730192
30,-0.0012476925989866542
31,0.01754277817778485
32,0.0116051516843422
33,0.014429049437864442
34,-0.0026900430555440308
35,-0.04674146759050133
36,-0.04185251977151819
37,-0.014759626417066985
38,-0.022013987589677122
39,0.0009101989142375759
40,-0.02064067024363979
41,-0.01189453143783844
42,-0.0020245971825232074
43,0.0005631407668367106
44,0.025803803689938044
45,-0.0034878321136248237
46,-0.02400580085535772
47,0.0011178104283248592
48,-0.04957617005222334
49,0.0031058280229013307
50,0.027446887475541547
51,-0.0019844925362831932
52,0.012723124524133515
53,0.0008594649744163346
54,-0.048931662263390845
55,0.005998199440636896
56,0.017337020355439135
57,-0.017289512256856435
58,-0.011489087488093823
59,0.06324332244378418
60,0.016023623856130695
61,-0.012350372539220812
62,0.015506058873721319
63,-0.019459150330985362
64,-0.08699207009459314
65,-0.013528809095683478
66,-0.028597865715171464
67,0.009015078072381782
68,-0.01297217507967949
69,-0.006974854967927739
70,-0.08748584344058938
71,-0.044133761091072615
72,-0.016048442418033167
73,-0.04623748664448662
74,0.01625205599724488
75,0.06991807742062044
76,-0.017344575410031794
77,-0.047492051238538266
78,-0.03354258126030168
79,0.03289897639060517
80,0.049789110723267506
81,-0.10584972066666569
82,0.05158604749054707
83,-0.0007268687257105267
84,0.007687698508310157
85,0.0004665234379444077
86,-0.02265865411363222
87,-0.01664041662739019
88,-0.03819688494231944
89,-0.08312840164941766
90,0.06593357119117907
91,0.057921174707126086
92,-0.01303205227185818
93,-0.043071828907445285
94,0.03435139393759002
95,-0.151304785354123
96,-0.05034708675073667
97,0.022905612517927595
98,-0.02463701656074664
99,0.04407483428943574
100,-0.3563331165235395
101,-0.014410345233749929
102,0.01042153893165157
103,0.10682062398292694
104,-0.05172806547778546
105,0.1292553441008171
106,-0.026387163149719083
107,0.020168927577489018
108,0.07391956263245367
109,0.04934256996656951
110,-0.008989961231301219
111,0.012357231224813072
112,-0.02359810345604358
113,0.002830592414147615
114,-0.010296000712353395
115,-0.00899958142283314
116,0.006331763199653062
117,0.02085587311806844
118,-0.04349818221777864
119,0.035526796079188114
120,-0.008219716224292743
121,0.07175320984349415
122,0.05672774360079148
123,0.027918847204331666
124,0.05728547920886525
125,-0.028576617865815064
126,0.06180122513868465
127,0.008625754146467931
128,-0.08219055996292075
129,-0.03493577336747626
130,-0.00438748155956647
131,0.044039249765642934
132,0.00014492511887970855
133,-0.06237671592266763
134,-0.024301759309840486
135,-0.05653307276706829
136,0.04330179466626281
137,0.005591166844452367
138,0.03361043490687755
139,-0.03256814780845634
140,-0.009422202671308461
141,0.025143734638575548
142,0.021216753185946076
143,-0.00483634655576363
144,-0.01326345490812738
145,-0.030039282520620613
146,-0.005302298148862948
147,-0.0017278885780858554
148,-0.00038877530816026337
149,0.00403969714792436
150,-0.04296845223050866
151,-0.003683901859359907
152,-0.009256256794811174
153,-0.0037605368278875928
154,0.014664366087149005
155,0.07830782789351616
156,0.025066137442638692
157,0.03258124359099193
158,0.0038320902792812117
159,-0.011815520717697935
160,0.005956607631370076
161,-0.001274966642895538
162,-0.014106231905603043
163,-0.00016988223213649012
164,-0.0035949297042498106
165,0.01486515507136629
166,0.034622255859291094
167,-0.02802460238116363
168,-0.003448794437388055
169,0.00545018680212005
170,0.028504593072254513
171,0.009011106549625659
172,0.021709792010237355
173,-0.03485063392157018
174,0.0398061113949182
175,0.02980756037063933
176,0.004096727891305888
177,-0.00913803505080011
178,0.015577221563315813
179,0.007135553367254465
180,0.005566527655455035
181,0.08029996689777849
182,0.11251317582974081
183,-0.01843703072890985
184,-0.03943424833364171
185,0.0003577047724372783
186,-0.060142258113760276
187,-0.014904060924463605
188,-0.01330464017499183
189,-0.009302382153168455
190,-0.002510114785312184
191,0.027313394744817848
192,-0.006022381420484472
193,-0.027357114657541957
194,0.006405903074390835
195,0.019711930950042617
196,0.012112754466298106
197,0.015501599827812986
198,-0.020058184299486085
199,0.005804759799797808
200,0.00040102558509604356
201,-0.020997666307497557
202,-0.1466813941807182
203,-0.016452005716363818
204,-0.022938812146947197
205,0.024214712680991516
206,-0.003515570933217257
207,-0.022812068849941712
208,-0.04616658433150057
209,0.02079093437522808
210,-0.011145596361477973
211,-0.0063999245099675825
212,0.010822814527976838
213,0.01289849489391022
214,0.00471004760341697
215,-0.005542809759751634
216,-0.014146634108739266
217,-0.06520568699028881
218,0.020379308053995605
219,-0.027643484632592714
220,0.02167311463195972
221,-0.00030815905274123224
222,0.006292404138765785
223,0.003327947025409432
224,0.003970984426197549
225,0.005244696017821308
226,0.03384585247860085
227,-0.014885283363124224
228,0.04450575595280972
229,0.008057573641321305
230,-0.009767736760863715
231,-0.008047292428503664
232,-0.04529954310310791
233,-0.0011107449065136073
234,-0.09668718112208322
235,0.001955813277905165
236,-0.06956023124944184
237,0.004429678042555066
238,0.0009372658169069358
239,-0.007802917885292119
240,0.034784067494013846
241,0.040263654169395285
242,0.014375792700782004
243,0.058290221094822035
244,0.015399342278676932
245,-0.023673299144722115
246,-0.00022120215310563281
247,0.005557228329385178
248,0.00030741926531864674
249,0.018057212049137322
250,-0.004955351805366647
251,-0.01865716143101237
252,-0.01783937457157405
253,0.08307481025301214
254,-0.020066587622505523
255,0.018001230500290243
256,-0.07380792327417479
257,0.03370021544011054
258,-0.0007832158959679284
259,-0.0026888649653743035
260,-0.011652352632376094
261,0.05422872477631003
262,0.013777841934519785
263,-0.04170022781478335
264,-0.005184827130769872
265,0.0032127281130126233
266,0.0018913305295529378
267,-0.004733313146238189
268,0.003176746461938111
269,0.0038168805097718883
270,0.0013593798558730404
271,0.04573980662720826
272,-0.00872435641797797
273,-0.04358025293439378
274,-0.011960772858150028
275,0.04420067805650847
276,0.016257470901492703
277,0.049970699640448375
278,0.009101845882120714
279,-0.0015275090363015844
280,0.007184985288589113
281,-0.014946739416670152
282,0.009413310771858118
283,-0.020639601012098836
284,0.009556794371366778
285,0.008710812426585038
286,0.015089774239653773
287,0.011351512243586166
288,-0.010892666539012294
289,0.000486968354026813
290,-0.005290912460068912
291,-0.026679150413090342
292,-0.03232661016869623
293,-0.018286474351899507
294,-0.00941167142477862
295,0.0027025557128515097
296,0.05767921582917418
297,0.021923265266797994
298,-0.008140384761997112
299,-0.046680879307035746
300,-0.041991209420782494
301,-0.020662102801262704
302,-0.011550509300576913
303,-0.045343253792158034
304,-0.005082320330603135
305,0.014540316357391886
306,-0.03932169960083442
307,0.006841769366347451
308,0.056706415809012846
309,-0.01879299247112455
310,0.011055606335832626
311,-0.015841129153466423
312,-0.012156975075758433
313,0.016012176584130036
314,0.001856929603347039
315,-0.01652278781320887
316,0.07828446394708387
317,0.0006669078018994678
318,0.007798388402372987
319,-0.012970299114101295
320,-0.0009030136223719795
321,0.004574861818328727
322,0.01346450100405343
323,0.03999323180314458
324,0.0010712326662795982
325,-0.039811016533243274
326,0.012865382397473205
327,-0.09569177603022289
328,0.01720918262608446
329,-0.004971095191628802
330,0.09461067835534287
331,0.0002220174953763024
332,0.0026475613396625504
333,-0.011811715301345251
334,0.055716387005552495
335,0.03274629666974328
336,0.043057665252822126
337,0.030307304325793944
338,-0.030258323143722163
339,0.01717916469751455
340,-0.010417820266223602
341,0.016923787944730914
342,0.00964454530475071
343,-0.0180779365118537
344,0.03718825084596782
345,0.06505680981687048
346,-0.004478280827096888
347,-0.003190811918630001
348,0.10114750059374816
349,0.024777638898833176
350,-0.021337821999017386
351,0.05121492931524391
352,0.021006593005296382
353,-0.01473714739557818
354,0.01953201795009816
355,-0.00959063126769436
356,-0.0020687072981467004
357,0.0723159651672558
358,-0.0554455691147497
359,0.01998675540117783
360,0.04777990011835943
361,-0.08045625263742756
362,0.046385422081042633
363,0.01796066624598932
364,-0.041779270991582046
365,-0.08564146993314382
366,0.026120846712990805
367,0.02991904876038656
368,0.04027928757693797
369,0.04008147397641499
370,-0.05952247537884873
371,0.007640461620291424
372,0.032226384357116056
373,0.10934004237489371
374,0.12369659218874203
375,-0.045093636625184313
376,0.002703864834514031
377,-0.03372784540187499
378,0.010019144199253411
379,-0.021629846138418445
380,-0.030432359079199216
381,-0.08492127577079575
382,-0.05620256614836449
383,-0.06539909731083351
384,0.04420430336106681
385,0.013026535394438772
386,-0.036854050494418006
387,0.030231358416676953
388,0.07346361645143792
389,-0.0041793751649505115
390,0.07666397985492447
391,-0.034446922494092286
392,0.04278011745053073
393,0.028566387616770432
394,-0.06782907764694035
395,-0.01823695314445488
396,0.054281265779147166
397,-0.02381826280284857
398,0.037514607774119385
399,0.011048612368518163
400,0.009742134064136479
401,0.008524710418577811
402,0.08685931980310936
403,-0.017241979381202362
404,0.026148179809258622
405,0.013290499495915969
406,0.07804142728392464
407,0.01757034261924858
408,0.08598196165415503
409,-0.013738033974002223
410,-0.020653713969177857
411,-0.04007815354172702
412,0.040251480911836175
413,-0.030359105861688728
414,0.008333186657707646
415,0.028468139774389615
416,-0.046671096939583774
417,-0.05190020077845467
418,0.018204706992916656
419,0.07090395801849474
420,-0.03027272606552571
421,-0.006494617992666601
422,0.004630514799731399
423,-0.036534115856040564
424,0.02022173042036348
425,-0.002511386492811146
426,0.03283859683126506
427,0.04757073557117698
428,0.037184877915137145
429,0.023861034582784817
430,-0.031299809173584624
431,-0.013761752528059128
432,0.010864160312349517
433,0.030543861426651397
434,-0.004748616558264753
435,0.027521665023966264
436,0.009753938615058329
437,0.0313939327662979
438,-0.010181070535989456
439,0.0014604831083359804
440,-0.013823569362069684
441,-0.0038965179843359005
442,-0.031717050002861874
443,0.005362510666368041
444,0.01825947187782724
445,0.00874596389473624
446,0.020003297640515574
447,-0.00039236548948282546
448,0.0005637835805033278
449,0.01614506749300927
450,0.026673724860278303
451,-0.01749170832515593
452,0.00033437131440604035
453,-0.0014629307576767318
454,0.005440713361302962
455,0.004377548641938007
456,0.0037892285331497123
457,-0.014290720316549913
458,0.03075271922009151
459,0.014975597747999779
460,-0.007676898712226688
461,-0.020514683194739928
462,0.012322961831661402
463,-0.008374787402690416
464,-0.0082056400553511
465,0.01004287725334972
466,0.004844310468973021
467,0.019456724388468023
468,0.00895609727138759
469,0.036115875572491074
470,-0.043621705402736834
471,-0.010932118539345548
472,0.0023159662885599685
473,0.08787049746430456
474,0.01765737355473115
475,-0.049773460653086715
476,0.014619623090984472
477,0.06515920533778745
478,-0.017042333061980646
479,0.0075975561439452785
480,-0.021646145687217296
481,
482,-0.07090696875592482
483,0.04168456662071851
484,0.011238650889355868
485,-0.0037321540593576686
486,0.04210499734071413
487,0.02654529931498382
488,-0.012775579369179378
489,-0.003217432500035441
490,-0.025797389111466198
491,0.06649365240269779
492,0.0178626268438638
493,0.017551843667367464
494,0.010115265064216672
495,-0.035092852439096996
496,0.013209527479658712
497,0.018377214097467398
498,0.022546862459515944
499,0.01466398138508691
500,-0.0014472066522892666
501,0.003206460682937443
502,-0.002553357251688675
503,-0.012619913714585498
504,-0.03625848528026708
505,0.006984224970682501
506,0.004435388061166066
507,0.000431493819513774
508,0.011108674598239858
509,-0.003395616159051788
510,0.006765557473820019
511,0.014167847988521895
512,-0.004353911258925583
513,0.03312958741505188
514,0.048986789955929866
515,-0.06606252475160196
516,-0.0391222190159674
517,0.016403314535919793
518,0.016731013957515285
519,0.06128956387242833
520,-0.0061514375206600325
521,0.025665907765485673
522,0.005122006999348539
523,-0.008532236513121773
524,0.0021459073181593112
525,-0.014702143841263568
526,0.08085663027472899
527,-0.07501387691570802
528,-0.029995849908357537
529,-0.013305190338686471
530,0.0044611182523127055
531,0.019774960741826338
532,0.005527504625981481
533,-0.001924996255349206
534,0.02668133790654374
535,-0.009905823771929794
536,-0.008701294223561647
537,-0.0028382249241682197
538,0.014814120131731346
539,-0.018602504033372835
540,-0.018321678281292043
541,-0.0076819838946370345
542,-0.0005732514103494418
543,0.06181239308911212
544,-0.028668646157315375
545,-0.003441204987453756
546,0.08486360730686276
547,0.132014172544175
548,0.01419500450299765
549,0.013039214194031326
550,0.0013401593141609423
551,0.0005000306913231623
552,0.019469998836542983
553,-0.02826852435416575
554,-0.029944000336667755
555,0.03880042102996607
556,-0.011804325350466481
557,-0.031075461914556863
558,0.02284296799085482
559,-0.02669993899787397
560,0.037109566989935415
561,-0.01132902978628291
562,-0.0037274844681258754
563,0.007310739331086837
564,-0.015738975346401847
565,0.0015773182746607985
566,0.015790997244339532
567,-0.010395944390117609
568,0.022016500681796534
569,0.01259501351696615
570,-0.012024010298241634
571,0.007034526421640949
572,-0.006426797554028731
573,0.016712283322727225
574,-0.018383261543350956
575,0.01538512581818572
576,-0.029558569987673287
577,-0.018765527194672692
578,-0.036697276149535885
579,0.015500884460298422
580,-0.024440643142638916
581,0.037815433864524725
582,-0.023137965179862188
583,-0.015492914297866577
584,-0.0687333547213134
585,0.014785039120860726
586,0.030896146756384493
587,-0.011109093050750099
588,-0.07051486614640065
589,0.00045850527952070314
590,-0.01709315019979696
591,0.028599254327822975
592,0.0020414451952070712
593,0.01682625244544849
594,0.019202308451776826
595,-0.044505794132031616
596,0.021212724395076005
597,0.01430259495692184
598,-0.04723923233040204
599,0.019073412703529094
600,-0.030119117850885616
601,-0.07809936456644472
602,-0.0011359295354197079
603,-0.030929197618770693
604,-0.04976839882920569
605,0.04757494673855893
606,0.024973907836298288
607,-0.022711595017815625
608,0.0555134977896342
609,-0.02065556230459109
610,0.07952331538930163
611,-0.05081178507053991
612,-0.008654836086323382
613,-0.018769218416205775
614,0.08108095020495537
615,-0.02754874347646837
616,0.029811808443311615
617,-0.017154400387401996
618,0.010363539872213364
619,-0.027020219941756653
620,0.06745534847333567
621,0.021068879148823324
622,0.0025186696107570034
623,0.014829035489882408
624,0.04603991212175621
625,-0.05761079754192729
626,-0.01668396425780485
627,-0.03264240009471499
628,-0.017415758667460757
629,-0.03914532060442753
630,0.06665721830748589
631,0.008854953242762153
632,-0.06669985336555923
633,0.05584119216194737
634,-0.07181140666639614
635,-0.05185149437093069
636,0.06167643698889467
637,0.06837075609739145
638,-0.023492375919583124
639,0.011831440025201178
640,0.03632542839079773
641,0.031097908784756025
642,0.02610979792619667
643,-0.03555769405324101
644,0.010037662994381646
645,0.006909286215471509
646,0.05611657164201686
647,-0.04317728089013325
648,-0.06707256661640479
649,0.027918016588613898
650,-0.023155189599218397
651,-0.0452993048887352
652,-0.13160967462644024
653,0.01636965143768231
654,-0.02165496589471906
655,0.04770965074343378
656,-0.08977346852233785
657,-0.044931425564731065
658,-0.017921054676319468
659,-0.03288654720271452
660,0.005508002636878544
661,0.04015686841967682
662,0.014182036892111614
663,-0.013637196178921706
664,0.036517897688000525
665,-0.06351252625534197
666,0.05790020062415344
667,-0.04743195979179639
668,0.1429078270783397
669,-0.05366677261085768
670,-0.032975720438182504
671,0.018400818355155918
672,0.009650685005468436
673,0.04566863515028156
674,-0.04829537119786886
675,0.017867962675013855
676,-0.0242456846858031
677,0.05840980746825754
678,-0.09239014058732772
679,0.03141311528250614
680,-0.04495603785039095
681,-0.055640524463036266
682,0.047218282404970995
683,0.007367941387844569
684,0.018401678514925624
685,-0.018587588807215394
686,0.015268078817220521
687,-0.01083170175892055
688,0.002838386381018102
689,-0.023772919312958482
690,0.00458397062031563
691,-0.0025366474740991024
692,0.013087989854019724
693,-0.008683092566562186
694,0.010060143328176483
695,-0.005624721970296723
696,0.07134441784265344
697,-0.034868233565236925
698,0.015608807897891104
699,-0.0407080962049847
700,0.0024755203288049595
701,0.03268082487062396
702,0.028161694596615758
703,0.012237200747584567
704,0.019996673894575226
705,-0.006993795658280238
706,0.0033105930730343842
707,0.028949877576570648
708,-0.002886531081353216
709,-0.0029570174539566784
710,-0.035996218598017486
711,0.028831902269501303
712,-0.0839720661720549
713,-0.07471410357643596
714,0.12173318690591046
715,0.0228270661329377
716,-0.023999741704511645
717,-0.013639221394291681
718,0.024405063389428234
719,-0.03853096844953022
720,-0.0026006681890577785
721,0.0073339750347171705
722,0.02208192648093869
723,-0.04213827292906907
724,0.021360985991384057
725,-0.00038998881383823093
726,-0.01755646683360538
727,0.011667649842585032
728,-0.039494459689884985
729,0.012475926710236548
730,-0.02542460605680848
731,0.01582543897266022
732,0.015002324899698195
733,-0.021029328060034585
734,0.009088097467775133
735,0.018503058251511335
736,-0.015104298001893196
737,0.01004968686786453
738,0.03773608615627743
739,0.037527686341467734
740,0.026823645874338435
741,-0.04072365025181732
742,0.002762685621585866
743,-0.033781496255892524
744,-0.005119225997659493
745,0.017504107240169528
746,0.01681969596573258
747,-0.02567187765410047
748,0.005953029420883832
749,-0.005198104291000726
750,0.05010898315773041
751,-0.01598503735923419
752,0.05071591306746904
753,0.005664350723768754
754,0.030244115369463875
755,0.053952914691643795
756,-0.01396657207554869
757,0.0004931359003713353
758,0.03035282507916983
759,0.011780795775296197
760,0.007187534396186945
761,-0.0016802434092560623
762,0.06429493918284476
763,-0.0027082274001834594
764,0.0021130571902314224
765,-0.021094896897989074
766,0.04195136077519512
767,-0.027264279856167233
768,0.09775252176464794
769,0.004505882322217444
770,0.002479434881916377
771,0.021477908999799185
772,-0.04134536906500887
773,-0.012844274882278328
774,0.03584668928230182
775,0.017923862955141798
776,-0.04148813482972339
777,-0.0008281526648151561
778,0.028942152858690617
779,0.005823046477075331
780,-0.022788012731575633
781,-0.002830041975292772
782,0.17065589431947167
783,-0.011464907267689759
784,0.054483943138273205
785,0.03869355173164255
786,0.0017026012106215978
787,-0.0034758853869899056
788,0.03898922374551387
789,-0.0624206895794365
790,0.015791144865608963
791,0.015000441280124923
792,0.011607204331004527
793,0.08353980744826965
794,-0.022768302802064825
795,-0.04591631346005476
796,0.07697217523101202
797,0.03548389096436139
798,-0.04716685347327855
799,0.04690081519967242
800,-0.02227231439937352
801,0.01660009287305616
802,0.014800815051401232
803,-0.004282370758444589
804,0.03268271594271466
805,-0.003964231902579304
806,0.012223972863433507
807,0.021540480670572095
808,0.006090338098339725
809,0.02089529764527447
810,0.03179271232556752
811,-0.13285993179939382
812,0.09058656690252503
813,0.12398743212107435
814,0.014225915718297944
815,-0.024505195270124517
816,-0.023700139314841856
817,-0.012038410500137897
818,-0.004782465112175936
819,-0.006771732471457777
820,-0.0093074849441451
821,0.0010265852454846777
822,-0.003627598527002513
823,0.005330641333414012
824,0.009089681413084173
825,-0.013214329812323337
826,0.027609544890154106
827,0.003502064345094153
828,-0.018566470117003762
829,0.02903341428361996
830,0.015977196898279967
831,0.014896201048974173
832,0.017506054714336663
833,0.003498495998190243
834,0.03325649350629751
835,-0.019160052371825304
836,-0.01129273590902088
837,0.01594030505661596
838,-0.001581326705975147
839,0.002527839440022592
840,0.03123879474380547
841,0.0013652386189733597
842,0.0016683196184587785
843,0.029680430996603557
844,0.001461338531143912
845,-0.06636850334118859
846,0.021620448003528418
847,0.004291643094103632
848,-0.0611637841720421
849,-0.02455983930163599
850,0.022821060964556373
851,0.015918139216845834
852,-0.0034988020104587624
853,-0.019603329795350226
854,0.00923218802380218
855,0.005378299778405347
856,-0.0027366336487242306
857,-0.020637141832482928
858,0.035719922484511536
859,0.022816195849524514
860,-0.019064756410102784
861,-0.017853858625099393
862,-0.015927577799193626
863,0.06428059219173501
864,0.019858029140408323
865,-0.0028969272770298007
866,-0.013214447850623106
867,-0.03512432282321706
868,-0.02819578650041376
869,0.033530838214792864
870,-0.044384672144768864
871,0.003646202312678609
872,-0.0013401751670224068
873,-0.012691818512598164
874,0.006700236702703702
875,-0.011570586668030023
876,-0.06540822227115448
877,-0.05721841778973971
878,-0.012987449410805601
879,-0.009780446693106392
880,-0.01772196399490024
881,-0.11416786540401262
882,-0.1054234105418421
883,-0.003267642372886089
884,0.039917597666617545
885,-0.044080419355696676
886,0.0030588088313235028
887,0.0339480451956933
888,-0.09871128832219311
889,0.03130480092779973
890,-0.03595069674002048
891,-0.004858783383712003
892,-0.03518410258655516
893,-0.013061812229698374
894,-0.03634177595038475
895,-0.018316342743691226
896,0.08358130445268487
897,0.033902644785103964
898,0.02681520662791051
899,0.041440960767658686
900,-0.00727673694636123
901,-0.008749351413957785
902,-0.07756300192146384
903,-0.033549517961075775
904,-0.0074489468502568585
905,-0.061638918004463805
906,-0.02856955589735516
907,0.05646790823333462
908,-0.03202844394800155
909,-0.05991779577529781
910,0.10691465045054403
911,0.036451913717582426
912,0.07878273957566069
913,0.11594704753454532
914,0.0351755778993533
915,0.04084308237681897
916,-0.01159040498930595
917,0.04707197244639397
918,-0.0010965117149384172
919,0.006477065904864773
920,-0.007892453830970168
921,0.026282510253426268
922,0.009333746823257374
923,0.016965534686070163
924,-0.0361689264810749
925,0.012761629433850973
926,-0.018241770197886992
927,-0.07041980263244259
928,0.032446962609760995
929,-0.05128702842018851
930,-0.013948323490333035
931,-0.032329775900543097
932,-0.020032888399565667
933,0.0012354163601846168
934,0.006017190826767966
935,0.010488709116918236
936,-0.01369954277430988
937,-0.011053123390547273
938,-0.02254179271359416
939,-0.008023122455771964
940,0.027494794631881918
941,0.012151237522962953
942,-0.012776740533454706
943,-0.0060812226771760295
944,-0.04413751428136805
945,0.023521369346936823
946,-0.0933948684826298
947,0.04525254870962506
948,0.015131972557574683
949,0.06295484296173225
950,-0.02866777507729568
951,-0.01341485818868682
952,0.007869722865020419
953,0.3452313495747291
954,-0.4023853970091513
955,-0.009073269580080503
956,-0.0295838929233457
957,0.005600030524750134
958,0.015046542828753968
959,0.012650184217386921
960,-0.027184924148092857
961,0.06220044391441756
962,-0.01187027506200362
963,0.001227455474065622
964,-0.017637500312212503
965,-0.013731251568946017
966,0.02017281211595041
967,-0.008431031259166907
968,0.026641303436694182
969,0.004030458863788072
970,0.08393113417911363
971,0.03048392366451618
972,0.009783611198673601
973,0.011671080353581175
974,0.005275515212340605
975,-0.022875890398645272
976,0.010156795901731222
977,-0.03562110900879076
978,-0.015439831229816785
979,-0.001698523375735007
980,-0.010815799042040082
981,0.0012812635483763447
982,-0.00673288771635848
983,-0.015754611214847412
984,-0.03726594792012545
985,-0.02195005163272174
986,0.0017101491582462677
987,-0.0037239272127224422
988,-0.002313322840699066
989,0.0022053917472719337
990,0.052972315157240595
991,-0.044773272862267136
992,0.04118301697145962
993,-0.02144262827002538
994,-0.00597631361204444
995,-0.0036941566845106423
996,0.005156258326559907
997,-0.003320383153234246
998,-0.027569483309806946
999,-0.026215832484092032
1000,-0.012054902323470718
1001,0.0059020259460412
1002,0.003137091495263083
1003,-0.036654514807759705
1004,0.01781626749944752
1005,-0.007993899085255732
1006,0.06905409384782828
1007,0.005260371889455007
1008,0.019166589012862174
1009,0.09406114587188587
1010,0.023130836759116247
1011,0.005912492638705821
1012,-0.06368506429016871
1013,0.0201496514008305
1014,-0.0169901347831196
1015,0.003360311653258958
1016,0.009561501008112478
1017,-0.008748589995095257
1018,-0.03297521494821958
1019,0.030746515020265333
1020,0.01944800521575183
1021,0.00032486647318246916
1022,-0.017096801478755683
1023,0.01566254245825625
1024,-0.010545540416813031
1025,0.017496553949234606
1026,-0.03208756848100408
1027,-0.024457630390871187
1028,0.005221912107956079
1029,0.007833587257570563
1030,-0.035614412408109496
1031,0.019737183087371456
1032,-0.04182408497684388
1033,-0.020301970207927865
1034,0.010097805056687186
1035,-0.027749887779747944
1036,0.04311123643602953
1037,-0.03663355544495606
1038,0.0445926061785218
1039,-0.0012604188758749892
1040,-0.06315586361724757
1041,-0.009499667012757302
1042,0.026010047475615392
1043,0.03164392211992031
1044,0.06933083104299026
1045,-0.017000095010823977
1046,0.047108424083534564
1047,-0.020305983877689334
1048,-0.08265111129389327
1049,-0.011940474246077045
1050,0.018028718933800602
1051,0.046569773542261834
1052,0.012952848428556804
1053,-6.190321304110108e-05
1054,-0.03149268805668388
1055,0.01374571373983514
1056,0.050028402952041126
1057,0.013596348623058196
1058,0.1332554655402356
1059,-0.010528254819048285
1060,-0.002461526698794718
1061,0.04369568242589776
1062,-0.09054517602359834
1063,0.01587675763533109
1064,0.06436784915617068
1065,0.01396198213866184
1066,-0.013969491338410675
1067,-0.04941656799961498
1068,-0.0007635361836130114
1069,-0.005402149881324986
1070,-0.02756610712278019
1071,0.06763817289720182
1072,0.037852336730969015
1073,-0.003416183615097512
1074,-0.0018608266320930687
1075,-0.004893515446335981
1076,-0.008613562272444867
1077,0.008451792004103738
1078,-0.015264587270984111
1079,-0.07112487937029302
1080,0.0033332295839124926
1081,0.0026331550521384232
1082,0.006392680637688587
1083,-0.021951549867416025
1084,-0.010704944320577947
1085,-0.042544717300195205
1086,-0.02711529620520682
1087,0.008518736400405557
1088,-0.06281677886549893
1089,-0.036730408995662614
1090,0.005940004892114337
1091,0.10452682012153552
1092,-0.014746575430000106
1093,-0.012910533404094822
1094,-0.026084609058870636
1095,0.023224881536856486
1096,0.010265018884456608
1097,0.005522767310185332
1098,-0.001755294984779979
1099,-0.011884408670526753
1100,-0.015219154636789991
1101,-0.00920815548275636
1102,0.022874240604060993
1103,-0.008944562422502586
1104,-0.016019126375520627
1105,0.0006827365864311909
1106,0.012011110959717805
1107,0.011970208111456805
1108,0.008215025034752426
1109,-0.002869791300899379
1110,0.01645377583833816
1111,0.013574118823890766
1112,-0.01397716460996709
1113,-0.07302994872148123
1114,0.029201233254993453
1115,-0.06270015041838436
1116,0.08221153819365158
1117,-0.06540251304734165
1118,0.04456841682503424
1119,0.003618084590400985
1120,0.048555491438304135
1121,0.029236260136604807
1122,-0.016054186144790747
1123,-0.013060836790801602
1124,0.029461317043452097
1125,0.01779156649149263
1126,-0.05156794255132819
1127,-0.03515833877962224
1128,-0.0004952352951412968
1129,-0.013538350438676856
1130,0.0011954107588441256
1131,-0.006858418008242394
1132,0.012953546217509193
1133,0.06363265673040817
1134,-0.0192728862109933
1135,-0.02235308118881625
1136,-0.0006710284846099603
1137,0.029424468637797734
1138,-0.07686918688198624
1139,-0.00799928812468909
1140,0.011925516509275388
1141,0.11121676702503501
1142,-0.03735806929475877
1143,-0.07120549973662871
1144,-0.053301513532846984
1145,0.06649157845826924
1146,-0.0587795329351649
1147,-0.06565184917928579
1148,-0.015710112605012126
1149,-0.01543386162792885
1150,0.05205069822520332
1151,-0.01443229381860927
1152,0.014935699519940037
1153,-0.04924081776667953
1154,0.04902889728702614
1155,0.007947514840951067
1156,0.01769614183276871
1157,-0.02136360707539914
1158,-0.09035891669496093
1159,0.02614111486433901
1160,-0.006749086235025367
1161,-0.05727917030811823
1162,-0.05904257809372749
1163,-0.06551569743719474
1164,0.03598819330413963
1165,0.032280902362310404
1166,0.018271608595278696
1167,0.005385327764994063
1168,0.042654480126949945
1169,0.017471944496183847
1170,-0.0771374679295814
1171,0.00783266409456875
1172,-0.08680314985363631
1173,0.05794335581248533
1174,-0.05084595342688528
1175,-0.02911832117783158
1176,0.014652924431660296
1177,-0.058137406200972165
1178,-0.012455028890577632
1179,0.05887526459632493
1180,-0.02653540768370591
1181,0.09446602691514422
1182,0.046740754997887816
1183,0.046204374016887165
1184,0.01733487200330457
1185,0.049230643278637624
1186,0.049288707424609356
1187,-0.03489872952206664
1188,0.07813504600222457
1189,-0.05463575723767069
1190,0.046139563255376416
1191,-0.03792818536086912
1192,-0.029595984939904847
1193,-0.020848979202000108
1194,0.14362851891567943
1195,0.03191156260934369
1196,0.006031949973238068
1197,-0.017048418000190056
1198,-0.012107355169452182
1199,-0.015813659492211283
1200,0.07230022920077343
1201,-0.06667067446182859
1202,-0.048337946006910645
1203,-0.014287976180794658
1204,-0.006497283783653565
1205,-0.005986456075357795
1206,-0.027841587702987933
1207,0.033399594733034485
1208,-0.011503616004229604
1209,-0.018375462214517493
1210,0.004816186556954364
1211,0.03900584815162249
1212,0.0016632873494984394
1213,-0.04667159879570665
1214,0.04359979242815913
1215,-0.008406981158009025
1216,-0.02564080101990532
1217,-0.04324639765800436
1218,0.0021893541573956895
1219,0.020333524279845017
1220,-0.011621985348816097
1221,-0.0329149420047479
1222,-0.010530913635805389
1223,0.006161477356690811
1224,0.012941000279325912
1225,0.014097430387559607
1226,-0.00404366661838162
1227,0.07861732631557543
1228,-0.03682174011275829
1229,-0.021722904157643993
1230,-0.05071877681277229
1231,0.0060343380957888475
1232,0.01078644137237818
1233,-0.049177698334427325
1234,-0.05041193962973355
1235,0.000811777376439671
1236,0.009789808420408075
1237,-0.00899685513154843
1238,-0.023354393531321706
1239,0.012146519396446927
1240,0.006582021162644958
1241,0.013317812963547856
1242,0.000460142516195511
1243,0.010981054927422747
1244,0.0006254361627705405
1245,-0.011942636151805271
1246,0.00848194489691956
1247,0.0034255736752390347
1248,0.0023195115195312884
1249,-0.008312330198863417
1250,-0.014087501678431027
1251,-0.004672276303746249
1252,-0.006255609448802899
1253,-0.0038339294774713795
1254,0.0011626030456011387
1255,0.013782141417609509
1256,-0.02372054107249997
1257,-0.020047047793119176
1258,-0.018221012420628947
1259,-0.015710699242213425
1260,-0.010111579254176916
1261,0.004944585948720061
1262,0.019296885588897666
1263,0.006953975534750774
1264,0.0474941356944772
1265,0.016659105140870538
1266,0.00029960199294024373
1267,0.00925723359385477
1268,-0.0019547008854036052
1269,0.007651103032254795
1270,-0.013270785349860368
1271,0.013659535232593445
1272,-0.03220696151213186
1273,-0.008689460308362333
1274,0.00165752114079628
1275,-0.030117265171646267
1276,-0.00653842309943873
1277,0.008583994819323242
1278,-0.04590831575910646
1279,0.008039122082197736
1280,0.015140864814118074
1281,-0.0473477751172943
1282,-0.005873654737275299
1283,0.0005937129550712638
1284,0.0008296612378786659
1285,-0.07586881454540591
1286,-0.0047301030896182055
1287,-0.016282862129366332
1288,0.02392898725745323
1289,-0.02685997797997414
1290,0.04447929390451391
1291,0.025531879410429052
1292,-0.011149309200046758
1293,0.04354668131246937
1294,0.0038572471526926145
1295,-0.015361372534842037
1296,-0.001960809405371068
1297,0.024939175628180495
1298,-0.008637416571296522
1299,-0.0011862601613887756
1300,0.04968292123719986
1301,-0.014807722748823669
1302,0.018777706223284767
1303,-0.03280015873981861
1304,0.019305807049982904
1305,0.01109757903228088
1306,-0.024374714582264582
1307,0.0167510821851101
1308,0.07766876674941982
1309,0.036602759448437036
1310,0.04575873853028954
1311,-0.01629071544769306
1312,0.011611580346521766
1313,0.005588114797825139
1314,-0.003598848231438276
1315,0.011608714613450115
1316,0.022892220618812142
1317,0.007597269097400005
1318,0.060101814940113296
1319,0.023742752186721734
1320,-0.004450781782395505
1321,0.029897568052747753
1322,0.06810841485905358
1323,-0.016470751641899095
1324,0.012779389228150445
1325,0.02847249936111292
1326,-0.0016265802116200029
1327,-0.010329952805834526
1328,0.025775018077436606
1329,-0.009046653286139905
1330,-0.006836251936619549
1331,-0.061713226821181424
1332,-0.011657565835743572
1333,-0.009861461556702089
1334,0.04937580720871477
1335,0.0533732960604943
1336,0.022603152424253595
1337,0.007254728503132526
1338,-0.015750636617303096
1339,0.02027704345545486
1340,0.05857427162951978
1341,0.004652028328021681
1342,-0.013829082213561996
1343,0.04475859362657815
1344,-0.004795285474159197
1345,0.012937680253647728
1346,0.08104929125352639
1347,-0.0018462721724848649
1348,-0.0036480701298682284
1349,0.02481991047199687
1350,0.011570612379154587
1351,0.02421575527464193
1352,-0.023085536586318386
1353,0.0025463603234418533
1354,0.05054727026137464
1355,-0.07307011616458955
1356,0.06351635149163826
1357,-0.020059930075537403
1358,0.0066821712632089605
1359,0.06039484823513508
1360,-0.04350202543107521
1361,0.05914029685831038
1362,0.07575181997849545
1363,0.00036045218857928845
1364,0.07345946945243334
1365,-0.014139412848812921
1366,0.06315779257838554
1367,-0.020864796163002877
1368,-0.05014961719757575
1369,0.015598934364330717
1370,-0.04471081903848726
1371,-0.061525588991237876
1372,0.011987525942311271
1373,-0.0025044506693959996
1374,0.013654803428780756
1375,0.048804342265324624
1376,0.07808672306341928
1377,-0.0976423447308948
1378,-0.04190309894613836
1379,0.003670866921416157
1380,0.05243030297351634
1381,0.006719706827882278
1382,0.007220103705936134
1383,0.02005362712975188
1384,0.05419672707392183
1385,0.0603121976749096
1386,-0.0006353071931954173
1387,-0.022156586589566016
1388,0.001477674722215051
1389,0.015051285987194173
1390,-0.015449255459352199
1391,0.0066482838495783144
1392,0.030078507557376236
1393,-0.02223169414452995
1394,-0.0014018522253724979
1395,0.002977546183981239
1396,0.007241012210121939
1397,0.016151306943544788
1398,0.03811030994070467
1399,-0.0008780799183211205
1400,0.06639909264148579
1401,-0.02789499949395789
1402,0.04662984263707648
1403,0.027437042745947837
1404,0.005782805238544188
1405,-0.007459586105053326
1406,0.02082106669667633
1407,-0.0151017647461997
1408,-0.004805447915921323
1409,-0.011062635975568771
1410,-0.008826699188222627
1411,0.009142897639962278
1412,0.009636797051620878
1413,0.003444636780812959
1414,-0.0183331557295495
1415,0.006678470705117229
1416,0.00046253675789429115
1417,0.046211914393877535
1418,0.03111841174243715
1419,0.017002924142446568
1420,0.033795111944500876
1421,-0.014039839064671654
1422,-0.010967441849357464
1423,-0.008454149084015287
1424,-0.013818113727769124
1425,0.01997132439725207
1426,0.008241580929485796
1427,-0.1039765778778262
1428,-0.01572791132990736
1429,-0.052739897618980944
1430,0.002356192172662078
1431,-0.0284326454679968
1432,0.03468506062591943
1433,-0.006927233232878805
1434,0.006883028440243831
1435,-0.017257755305571713
1436,-0.0362604007858446
1437,-0.018516692896593166
1438,0.019074027268116085
1439,0.004570825184395245
1440,-0.016186133635871708
1441,-0.05876798166902464
1442,0.027820860648079097
1443,-0.03213784868004288
1444,-0.004525827489741691
1445,0.009565502168728555
1446,0.003533490531412078
1447,0.019210751448226593
1448,0.03181830056742659
1449,-0.02323506959442114
1450,0.005931833847746734
1451,-0.0018675119746915001
1452,0.009132194325245419
1453,0.010972064303908987
1454,-0.04145160463109819
1455,-0.011375592116615473
1456,0.016862086049828917
1457,0.1374336867884249
1458,-0.02460497707247368
1459,0.01985813983222188
1460,0.05211498877356817
1461,-0.009075971713610164
1462,0.010241535696778072
1463,0.004678230413439609
1464,-0.012938490749604578
1465,0.023749142884825703
1466,0.024359565809682328
1467,0.03217678102043035
1468,-0.06037960598421669
1469,-0.0032479518493441256
1470,0.0348998784583324
1471,0.02449382673384774
1472,0.011004709295780393
1473,-0.051528954108434034
1474,0.017375390466403615
1475,-0.02369761731408662
1476,-0.02932810296659989
1477,-0.02853198098529687
1478,-0.01282309669582419
1479,-0.00928712222321917
1480,-0.0338457261158301
1481,0.01955111768648563
1482,-0.025984878183496596
1483,-0.0376956042003391
1484,0.0157870845866718
1485,0.05635572437624322
1486,0.01667900921435148
1487,0.001203614654133894
1488,-0.0013425597350619
1489,-0.03917944382720621
1490,0.00936098417924333
1491,-0.009612017767088421
1492,-0.00237596807618675
1493,0.003602719007418856
1494,0.007677713770938088
1495,-0.0019276930277113337
1496,-0.006807915985534065
1497,-0.01613424659018538
1498,-0.024593006685622476
1499,0.013882533731171659
1500,-0.00603127372133103
1501,-6.187019558519984e-05
1502,-0.011189891403084863
1503,0.04877612445526041
1504,0.01123093423500009
1505,0.007970181863545622
1506,0.06014812356619829
1507,-0.009293847587117248
1508,-0.058859558799054516
1509,0.017422406046284263
1510,0.01154123500434986
1511,-0.015870921131649923
1512,0.017241329752558307
1513,-0.0005464679475555982
1514,-0.003182117101666247
1515,0.002042649418306037
1516,0.001939646104342428
1517,-0.0017350960117169226
1518,0.008230244463670874
1519,0.007101792642111911
1520,0.000320391429029466
1521,0.026460379918210635
1522,0.005403904081274919
1523,0.02693785896882774
1524,-0.008529420620115614
1525,0.02924357907449526
1526,-0.07584371479418407
1527,0.039462657798711394
1528,-0.002570267456779635
1529,0.041079754849627254
1530,-0.008511070378715414
1531,-0.02135647062610164
1532,-0.04479689185860437
1533,-0.008503931641642995
1534,0.033203130336574474
1535,-0.051297728259668766
1536,-0.004154487073450977
1537,-0.042055786170098294
1538,0.13918419501447796
1539,0.05073155841432422
1540,0.011685164427414647
1541,0.0794997295127792
1542,0.010259346190683517
1543,0.020226164571780947
1544,-0.02523376709863972
1545,0.04432739756453722
1546,-0.023231088896525313
1547,0.06098003298425969
1548,-0.06031376721450906
1549,0.021759725449354946
1550,-0.06337800125359437
1551,0.08707653055984681
1552,0.08424447676147478
1553,0.007580496172176044
1554,-0.06381549806008878
1555,0.10909543469572172
1556,-0.03629394612175685
1557,0.04193263339927304
1558,0.08720382422435627
1559,0.011595091086482646
1560,-0.015807965019578294
1561,-0.06316579212148214
1562,-0.013266845553173107
1563,0.004988820401132451
1564,-0.05843203631500342
1565,-0.020248486349729544
1566,0.09149033958119922
1567,0.05411116850126
1568,0.022834270562823545
1569,-0.005012801334966559
1570,-0.024752905184833574
1571,-0.0061728469860469455
1572,-0.007472917951179823
1573,-0.00998150375671745
1574,-0.010409927347576127
1575,-0.004900051208422171
1576,-0.02031640826331765
1577,0.008498146366893108
1578,0.020344961782845304
1579,0.009507129808334097
1580,0.02497682021459629
1581,0.018731275798226966
1582,0.00654233609945004
1583,0.004167090260868581
1584,-0.00968511939604287
1585,-0.028546791758445537
1586,-0.006304140954335302
1587,0.0032597073196273373
1588,-0.03822476438721118
1589,-0.0013603170187811537
1590,-0.001437319603873916
1591,0.034273004397641485
1592,-0.0030120851183469475
1593,-0.018260588893259544
1594,0.04776226208826294
1595,0.04369624848763203
1596,-0.029650769779957956
1597,0.025046357280805925
1598,-0.00996481114679467
1599,-0.018809636448556856
1600,0.03726295675419682
1601,-0.016808427514517978
1602,0.011190053103885643
1603,-0.011309016645132067
1604,0.054072978013728526
1605,-0.04852584149705401
1606,0.008383735235516445
1607,0.061999412807302805
1608,0.04335112179199551
1609,-0.014569613656589379
1610,-0.012680875600770735
1611,0.05093861419566009
1612,0.0466889693267825
1613,-0.006449235615480482
1614,0.005405271606108909
1615,0.0031853285461351803
1616,0.022482655034781182
1617,0.0026724903877262092
1618,0.04800310976146134
1619,-0.05417220042393323
1620,8.581067828233088e-05
1621,0.020766135299628646
1622,-0.00553622113400212
1623,0.006596483778608841
1624,-0.008020647245385745
1625,0.004400176527025329
1626,0.010599741673440008
1627,-0.005286505103716031
1628,-0.01862639802170363
1629,0.020880198096230578
1630,-0.027858774467449353
1631,0.007913658146067357
1632,0.00039310601588173424
1633,0.11767636509492672
1634,0.026792021526577094
1635,-0.02052204668342271
1636,0.004633135743891654
1637,-0.01743623661579137
1638,-0.008032464954245349
1639,0.006325261330463801
1640,0.033046704269601164
1641,0.032089174220144054
1642,0.020385911567026595
1643,0.019273463179451063
1644,0.012057774396907188
1645,0.053067655262686524
1646,0.00859098675510458
1647,-0.010491208999103484
1648,-0.024410094261130093
1649,-0.033956358814314885
1650,0.0037084046175422476
1651,-0.010435814323359369
1652,-0.00011905316065654974
1653,0.015579218265889016
1654,0.023991907476618134
1655,-0.03645733405022055
1656,0.011416232222525032
1657,0.007005609121450991
1658,0.030773456293914953
1659,-0.03195247269485194
1660,0.0007958642423172761
1661,-0.022779471763070536
1662,0.0077551909717339645
1663,0.045321810074143445
1664,-0.02570752552244201
1665,0.02099106567511693
1666,0.0002538435359770247
1667,-0.06006485422728654
1668,0.03461488349352999
1669,-0.010770187535194875
1670,0.0012070008921818485
1671,0.006229687007796925
1672,0.015817431568679523
1673,-0.0004750486758475412
1674,0.02018463063834441
1675,0.05716336816395877
1676,0.010405870101759486
1677,-0.017460035282201823
1678,0.010494244428177603
1679,0.014929932657115967
1680,-0.02916778198425212
1681,0.0795276626942271
1682,0.020905442622180786
1683,-0.017968901424920154
1684,-0.0008199583610245231
1685,0.003828297365749123
1686,0.0027439359175579314
1687,-0.003783212289514399
1688,0.010890393292142635
1689,0.0068367077054151005
1690,-0.01256440373247384
1691,0.013830359809373768
1692,-0.024393686739795264
1693,0.033749718029758506
1694,-0.054620252128251445
1695,-0.027905329428008857
1696,-0.017699315944560978
1697,0.013981542562280807
1698,0.012258730184446337
1699,0.01709003152822021
1700,-0.03954154990756082
1701,-0.02152560975781859
1702,0.06534982098175654
1703,0.05052710810117222
1704,0.0066790970663885
1705,-0.005662558286858028
1706,0.038148989913458095
1707,-0.03765578767399927
1708,-0.06189614912633178
1709,0.08402120612945915
1710,0.06723424838521468
1711,-0.01806248813002293
1712,-0.0225849341847693
1713,-0.05541114593472528
1714,0.13089754962062997
1715,-0.018705034053925162
1716,-0.005866369269424623
1717,0.026535067256290585
1718,0.008190569117204062
1719,0.038465583741675746
1720,0.06725018567467055
1721,0.001024828932706523
1722,-0.04458476880037224
1723,-0.15047104245417364
1724,0.0028155547937739325
1725,-0.0695497143686098
1726,0.0741834467470526
1727,0.0071942306224355235
1728,0.006517981945500614
1729,0.006598180591760149
1730,-0.06323537981328758
1731,-0.02571490255538381
1732,0.015758748412847457
1733,0.00510080418672979
1734,0.005448793472857663
1735,-0.04637346744665653
1736,-0.07977468378879184
1737,-0.07100837987921946
1738,-0.0020381619657177485
1739,-0.03840894532954266
1740,-0.0990915438543714
1741,0.005902712891374802
1742,-0.020750599872324874
1743,-0.05653899272022746
1744,0.04004761787996904
1745,0.010107074931860253
1746,0.06013249984957323
1747,0.04541716091759762
1748,0.026685265123369266
1749,-0.08417640895273935
1750,0.07086980856161008
1751,-0.02838497400703584
1752,0.025655914993798642
1753,0.002120430797669766
1754,-0.05244323887064705
1755,0.023261348949302933
1756,0.037104641984199514
1757,-0.0196817316325543
1758,0.02835285724580013
1759,-0.027784627844195595
1760,-0.0074493447267725554
1761,0.028697294045988576
1762,-0.029739543461858083
1763,-0.04038210403441244
1764,-0.0719983159628278
1765,-0.00798558237534025
1766,0.055913327671991364
1767,-0.025479157015681306
1768,-0.09939970614180432
1769,-0.070683335771498
1770,-0.08903910007183892
1771,0.014822216600951
1772,-0.05652196957261141
1773,3.453356146250989e-05
1774,-0.020991370740773396
1775,0.020407214262846172
1776,0.07262172091888344
1777,-0.012087922784428462
1778,0.007788295195716048
1779,-0.004114358317089064
1780,0.01657646393461748
1781,0.06284401496139101
1782,0.052265034355086046
1783,-0.017711558393737302
1784,0.003266020080622048
1785,0.006124751942657245
1786,-0.000573607913177893
1787,0.006658652878294014
1788,-0.042419680471975314
1789,-0.04938760296717067
1790,-0.0475925929751712
1791,-0.0013687620053801591
1792,0.0004840828350007209
1793,-0.12698621015367004
1794,0.044462360995339074
1795,-0.07348445625383987
1796,-0.033074840083887364
1797,0.0009180295875115969
1798,-0.05573309598525324
1799,0.041308808818217524
1800,0.0029663004807841766
1801,0.013826175397083808
1802,0.059841253866396146
1803,0.04525734625201504
1804,-0.0017448274965019299
1805,0.03148865756560886
1806,-0.007235472093671129
1807,-0.014574627517456912
1808,-0.059866515040865514
1809,-0.014644970498990653
1810,0.093457645754954
1811,0.0034185328137295882
1812,0.02870154760453142
1813,0.0034955097957883236
1814,-0.06584149827027816
1815,0.004431152688019508
1816,-0.029319777624171692
1817,0.0012229875939578367
1818,-0.003941767153627175
1819,0.0012454938693652765
1820,0.022880163627797993
1821,-0.0341009336982049
1822,-0.029962114596714728
1823,-0.00443222864259591
1824,0.0064691782291633705
1825,-0.0017209776485632312
1826,-0.02508884355419507
1827,0.024183568542985708
1828,0.003342993020176507
1829,-0.07699990159626591
1830,-0.029775754509907933
1831,0.02364716370194158
1832,-0.04551188141393531
1833,-0.023086617843900564
1834,0.007081551533816456
1835,0.00306059467582578
1836,0.04826090167169947
1837,-0.016572178292092433
1838,0.015305457138925047
1839,0.006679311124782889
1840,-0.010427576857441544
1841,0.0006897254351398589
1842,-0.007922186140531086
1843,-0.017920512178527564
1844,-0.0538869531642473
1845,0.0004270905173692051
1846,-0.00028123697532188134
1847,-0.08984940823060607
1848,0.02325088595205066
1849,0.00423785240107773
1850,0.006393896836263542
1851,-0.05367122306745726
1852,-0.007852610187260379
1853,0.007972504011366914
1854,0.007978779745633928
1855,-0.03022601944222088
1856,0.025113219236357794
1857,0.0284060005888991
1858,-0.008043608845851992
1859,0.034090738457390926
1860,0.016603864762684283
1861,0.04718897646484973
1862,0.0001958409131821813
1863,0.00832593797482757
1864,0.006680033021661214
1865,-0.008173416667768283
1866,0.018654365802870457
1867,0.00706926775665875
1868,0.004707090056947479
1869,0.06270259643138162
1870,0.006641568453655862
1871,0.0016874381151726974
1872,0.005380418841369359
1873,0.025125493901421325
1874,-0.030950538387298825
1875,0.02135978113023619
1876,0.018304481296969363
1877,-0.012875870647826622
1878,-0.031237940051482234
1879,0.020896213311439885
1880,-0.15391265183235045
1881,0.03506779518157087
1882,-0.01342783506159655
1883,0.017458323287580492
1884,-0.0926000025144054
1885,0.006245697592718067
1886,-0.01809103541403281
1887,0.018257979453715743
1888,0.005545200251241855
1889,0.026861329435981934
1890,-0.008960319876516376
1891,-0.034862221361114526
1892,-3.7280914747878657e-06
1893,0.04308676911238966
1894,-0.008332912162489336
1895,0.020633729044404556
1896,-0.013663031161782505
1897,-0.004816336963539128
1898,-0.010509184426161585
1899,0.06577840578936624
1900,0.033855497739281315
1901,0.004550069857834941
1902,-0.006368303690238849
1903,0.012379333261279608
1904,-0.04990409869180725
1905,0.025299237203524096
1906,0.03704842870633237
1907,0.035294170796663374
1908,-0.019394511540649834
1909,0.00293238290035794
1910,0.009131024772617041
1911,0.011525212833607417
1912,-0.02777497266215274
1913,0.003199079891805376
1914,-0.03236203818864436
1915,-0.04155420981446586
1916,0.016390798848418434
1917,0.0008855672564700487
1918,-0.021817823203635456
1919,0.0019166495727549735
1920,0.0038726493767482885
1921,-0.04546522022969299
1922,-0.028763048161106187
1923,-0.022310625217628024
1924,-0.03343350701754898
1925,-0.014079590682731338
1926,-0.007202940176804874
1927,-0.01547915025830924
1928,-0.03625384496292701
1929,-0.016597981070503233
1930,-0.025790481844186513
1931,0.04789214610036367
1932,0.057830469648089355
1933,0.041464157497100966
1934,0.030125187793800533
1935,0.02823038229546288
1936,-0.02354912198495308
1937,-0.013815530067259333
1938,0.05392373793074223
1939,0.0036731112504384093
1940,0.11199243369471544
1941,-0.031167664983055947
1942,-0.010712257455703696
1943,0.02234294397482646
1944,0.005544946338949507
1945,-0.0174271569011808
1946,-0.020746839892150006
1947,-0.02257363232544512
1948,0.011885682961907892
1949,-0.03305295001511934
1950,0.024047142801231176
1951,-0.045950237173700066
1952,0.046751636419385234
1953,0.010733414438891921
1954,0.0321968393984605
1955,0.005067609260412222
1956,-0.024685584828435945
1957,0.005981501719838898
1958,-0.03910406559689994
1959,0.013292297308270322
1960,-0.028846786479281135
1961,0.09935689380551328
1962,0.030608335660252093
1963,0.039393576061121004
1964,0.0709731002132426
1965,0.07067562792893385
1966,-0.03175181052843604
1967,-0.0514800054377636
1968,0.02545688939221944
1969,-0.013567705826148361
1970,0.03178193854461379
1971,0.03855750602972896
1972,0.02688851530935945
1973,-0.01314781577671243
1974,0.015360149978339442
1975,-0.012993696130707139
1976,-0.002645029657340497
1977,-0.026610131384479083
1978,-0.0486387450733436
1979,0.011010849961280985
1980,-0.04211714538328726
1981,-0.005751268024982375
1982,-0.009227006943056566
1983,0.010739775892314231
1984,0.054202987674920246
1985,-0.011100921408985642
1986,-0.03745724650800184
1987,-0.0491200646632178
1988,-0.07295379213098155
1989,0.009924226111956199
1990,0.05383937934346203
1991,0.005566444311340945
1992,-0.008453908450030191
1993,0.03440895337128417
1994,0.042583686148647014
1995,0.11139132676102564
1996,0.013418578627115992
1997,-0.004739290674698826
1998,0.06378494664220684
1999,0.07471915968175097
2000,0.029761822175510155
2001,-0.07696002130333808
2002,0.025204684514843617
2003,0.03956520195259132
2004,0.0055353223772698565
2005,-0.07182803498240072
2006,-0.0623291912924037
2007,-0.03272323259226143
2008,0.06526966198250485
2009,0.0025038104266751388
2010,-0.024415792110690917
2011,0.03534698818779332
2012,-0.05298362418778653
2013,0.012439300705434432
2014,-0.042992168081065665
2015,0.017802692579426623
2016,0.005923968732820218
2017,0.004621334363990639
2018,-0.010948384660832543
2019,-0.024707068402289194
2020,0.05181280770608524
2021,-0.010096824799020599
2022,0.04314831658953452
2023,0.053041136101564815
2024,-0.015592661898306744
2025,-0.03529830475177681
2026,0.022011123788583005
2027,0.000380153557176572
2028,-0.007717813179714323
2029,0.022426209783908968
2030,-0.05564775058601672
2031,0.02889856366647381
2032,-0.07505484410677472
2033,-0.002621038278115974
2034,0.006384297315548812
2035,0.0368595550827412
2036,0.036816084625140875
2037,-0.03506831869431497
2038,-0.03847221098043829
2039,0.03063622294507461
2040,0.03172530139517065
2041,0.01879137378196589
2042,-0.028454109482234383
2043,-0.0337792130415356
2044,-0.0652528457532233
2045,0.02297639456347473
2046,0.015444896863089658
2047,0.020462888914575105
2048,0.061905428156307105
2049,-0.07351336922806057
2050,0.033889404774939985
2051,-0.026930930133684874
2052,0.01082401023351944
2053,0.04530315944645535
2054,-0.02157836078605843
2055,0.01571577655208879
2056,0.007315302415944639
2057,0.007539978253696651
2058,0.020585547982436992
2059,-0.010199973267841776
2060,0.00990893241422643
2061,-0.005043129275510748
2062,-0.0073591907412447225
2063,-0.004365289502371411
2064,0.020729686196142204
2065,-0.04945339437321684
2066,0.03158447783941102
2067,0.03727918566732129
2068,0.021750239763790463
2069,0.019827927767986822
2070,-0.012812829516568439
2071,-0.04572558668346007
2072,-0.18032104780997113
2073,0.09085527009068348
2074,0.01381941310971387
2075,-0.014968359457291617
2076,-0.014386172807409482
2077,0.051031961461533125
2078,0.016621132734423442
2079,-0.025169457859898076
2080,0.023414742645647336
2081,-0.020979927757924687
2082,0.0027324089275741763
2083,0.010212507080332221
2084,0.002780526705933359
2085,-0.02293471703081123
2086,-0.01688261960820755
2087,-0.006165161411584509
2088,0.001255922256377017
2089,-0.016642448047070123
2090,0.04313635728901747
2091,-0.02988486664792749
2092,-0.013970079069787677
2093,-0.004251619320180699
2094,0.019353538806167594
2095,0.034000945485858865
2096,0.0037357313259757147
2097,0.01072271190229537
2098,0.005699400989894702
2099,-0.007425080433078112
2100,0.014522437401025145
2101,-0.007332352272906624
2102,-0.0039034665058234387
2103,0.054526308591411735
2104,-0.012017423235827664
2105,0.017111661739020973
2106,0.037623319665427514
2107,-0.030409547140721915
2108,0.00025394475753797395
2109,-0.031227419509686584
2110,0.0006976527999639196
2111,0.008098020800716015
2112,0.0019192591089742261
2113,-0.003789361535228596
2114,0.0037116785725119904
2115,-0.015814195586609264
2116,-0.028383355394936714
2117,0.016226055947098764
2118,0.0031734154477090315
2119,-0.02806558513891791
2120,0.005154458761241742
2121,0.001436800573670584
2122,-0.02274091488998932
2123,0.02628903832051644
2124,0.03170133523203475
2125,-0.01748318093881669
2126,0.033391849970079296
2127,-0.053846641132070744
2128,0.05109949218166653
2129,0.02659582382376333
2130,-0.032864107785762965
2131,-0.039898588933839324
2132,-0.035361227265924916
2133,0.030067225460556683
2134,-0.007910553727374914
2135,0.02483923985411832
2136,-0.016045731422752126
2137,-0.04694880028910304
2138,-0.00957253101127218
2139,-0.021328037645765123
2140,0.005424056105076
2141,-0.00506991026849788
2142,-0.01837947803949779
2143,-0.006210750100946832
2144,0.0048078098999790615
2145,0.02903775826977461
2146,0.006767499857238818
2147,0.035109285010129214
2148,0.0011554263769173337
2149,0.004220128890882495
2150,-0.012277212291156452
2151,0.006689266058982377
2152,0.0012626629750198072
2153,-0.012960937791386365
2154,0.024652204700170773
2155,0.02624955325005516
2156,0.020046035909604267
2157,0.027499130034486945
2158,-0.015862964556717294
2159,-0.032431254455413616
2160,-0.0016716278461373316
2161,0.004895864754195302
2162,-0.01339751125876671
2163,0.05121761033568629
2164,0.0028162523744299857
2165,-0.03449738435609871
2166,-0.004259737716042803
2167,-0.04420041880573363
2168,0.034841993442846816
2169,0.05461028634846031
2170,0.007342582952004662
2171,-0.004793549218197094
2172,-0.005220150427024986
2173,0.004986049394032861
2174,-0.00523837935843772
2175,0.011580107536688512
2176,0.02673272799871599
2177,0.03754042749183942
2178,-0.0008083560421690223
2179,-0.016758957069988752
2180,-0.0087966560094415
2181,-0.015928501604720965
2182,-0.046307809017411924
2183,0.009747963404316376
2184,0.0363887490090178
2185,0.007955465372043485
2186,-0.001875453396883062
2187,-0.021043795121564624
2188,-0.03855204615899774
2189,0.022122712187759172
2190,0.017911811112600637
2191,-0.005709745632510251
2192,-0.035249160929511
2193,0.008940238590861084
2194,-0.009431108150503352
2195,-0.019864669527281352
2196,0.03103334901806007
2197,0.01275364373105969
2198,0.03691746306432481
2199,0.026445331270201884
2200,0.011355895390124457
2201,-0.0392453819078075
2202,-0.010235223226054555
2203,-0.013826351697861288
2204,-0.048336482737345775
2205,0.019032532688766077
2206,0.009703053610399803
2207,0.0023679527866339706
2208,0.018998102972083125
2209,0.00927704598088348
2210,0.005621163351205536
2211,-0.017433764448591155
2212,-0.036201998116180904
2213,0.040131149802357234
2214,0.0011499626795202819
2215,-2.5617250747174386e-05
2216,-0.014536791595461734
2217,-0.008769855839605338
2218,-0.0016486988996446451
2219,-0.026819301939943207
2220,0.013389939891750687
2221,-0.02332510033958593
2222,-0.006143628391125568
2223,-0.008504479163626167
2224,-0.0256470927865843
2225,0.2808204322114932
2226,-0.012755897306600275
2227,-0.014704377992658103
2228,0.004679193026826611
2229,-0.10844254364498855
2230,0.533054761233349
2231,-0.08003097808468328
2232,0.008018823011638409
2233,0.030909236468279956
2234,-0.027177887960229505
2235,-0.01924233601901773
2236,-0.0438811402809416
2237,0.017639276956614793
2238,0.0063511829031080635
2239,-0.02695749918627349
2240,-0.055978752265963015
2241,-0.025700373798557795
2242,-0.04889423852592168
2243,0.02654165426051566
2244,-0.07720621414907332
2245,-0.07763917629372144
2246,0.019700209374842407
2247,0.025117482581731923
2248,0.05168571415011094
2249,0.03216936128448464
2250,-0.07369846895329835
2251,-0.022673227646989317
2252,-0.029340556005105763
2253,-0.03757339402782486
2254,-0.03098775556926976
2255,-0.01717808769484228
2256,0.07491064963869798
2257,0.033128642772610274
2258,-0.020692447169553266
2259,-0.007824116913667377
2260,-0.043044639557427225
2261,-0.009791043477937626
2262,-0.001456524579332025
2263,0.07209488616355156
2264,-0.011198977183152416
2265,-0.01007378794241901
2266,0.0014116538361672827
2267,0.03400835779393846
2268,0.07517371337489238
2269,-0.000642182385093632
2270,-0.06412578062593136
2271,0.010618186219079158
2272,0.14376946513959157
2273,-0.039668429240501034
2274,-0.059104416318000064
2275,0.03759661759845103
2276,-0.057547388256363546
2277,0.04737407453217034
2278,0.0016152788012800262
2279,0.06636001275548446
2280,-0.024401763920972944
2281,0.010147114497594282
2282,0.029892876189800886
2283,0.042797764360617975
2284,0.026269752584250797
2285,0.026320651473484568
2286,-0.09801036269408424
2287,0.012728158633526537
2288,0.04539138250169997
2289,0.0053300049411483755
2290,-0.026689395670193867
2291,0.03801980218116819
2292,-0.050979199771309866
2293,0.051616893199375326
2294,-0.016619905369602582
2295,-0.03259695700792982
2296,-0.06483127896189432
2297,-0.10455520009676852
2298,0.02873278307261824
2299,0.0322582729415148
2300,0.06434944268884736
2301,-0.05237942910353941
2302,0.0040399005021509934
2303,0.025048925131476718
2304,-0.0377423771604885
2305,0.03786162485936244
2306,-0.03883096824860509
2307,0.08166933723141853
2308,-0.0073183355919022195
2309,-0.016116490149166073
2310,-0.08498140688284395
2311,-0.01529402440359404
2312,-0.01005277502726819
2313,-0.034191031394171484
2314,0.053224981933882726
2315,-0.05926841967543794
2316,0.1570667896442097
2317,-0.042106433895685996
2318,-0.06919822225970838
2319,-0.03443233178902557
2320,-0.031969935298094554
2321,0.009673482960446143
2322,0.03858075135724739
2323,-0.02577964258815722
2324,-0.03415999356510922
2325,-0.023527151826947878
2326,-0.015574612051091716
2327,0.002602285691248516
2328,-0.022205396967809207
2329,0.06063210668462496
2330,-0.009390618099991806
2331,0.040742087454553176
2332,0.012914306212655357
2333,-0.00287750286032776
2334,0.03473596223783879
2335,0.0009173558046710782
2336,0.03168375314191554
2337,0.0333832731624189
2338,-0.08939402394183467
2339,0.00633275116703349
2340,0.002409393663020846
2341,-0.08567457524433862
2342,-0.02401126822428064
2343,-0.021653966211359545
2344,0.07553108723861142
2345,0.04588687133328459
2346,-0.009491853387838676
2347,0.0713110067970078
2348,0.00011825850831664234
2349,-0.05993274869159614
2350,0.029947105218688548
2351,-0.0972681700564917
2352,-0.022530242186554732
2353,0.018616267901808377
2354,-0.05981239962449857
2355,0.02777410765849114
2356,0.06453365848174032
2357,0.06172543485283011
2358,0.0006242704752445672
2359,-0.08274806281001987
2360,0.004589396555143846
2361,-0.011678629047457872
2362,-0.05817688132510942
2363,-0.051219208956158016
2364,0.0010763539082252569
2365,0.04538934614430549
2366,-0.041860852862308374
2367,0.0009798039491778312
2368,0.037037043649923905
2369,0.04135727770926797
2370,0.023471475755884173
2371,-0.0515843554135384
2372,0.014464594272148369
2373,0.01475148448070345
2374,-0.003020573245395633
2375,-0.013797485195850267
2376,-0.014883589107441083
2377,0.007177348116890508
2378,-0.02450099946369574
2379,-0.01878180059755209
2380,-0.010514365196185834
2381,-0.03253314584040463
2382,-0.036220552028030276
2383,-0.10441397169188062
2384,-0.03048918674570082
2385,0.006383574644137789
2386,-0.023215871718642544
2387,0.0031566643935775638
2388,-0.04634936320243746
2389,0.02920664765347481
2390,-0.024865026521807287
2391,0.007839349864710198
2392,-0.015916799800548352
2393,-0.01667571117299843
2394,0.028591753035808912
2395,-0.0008068657056688398
2396,0.05641971095919425
2397,-0.07615424916076186
2398,-0.01596210837923454
2399,-0.04398521532333169
2400,-0.011215343934346764
2401,0.016803395772894986
2402,-0.05447582883431727
2403,0.11663722321661021
2404,0.05307778030814981
2405,-0.041039993475101934
2406,0.02696486430679823
2407,0.033691196510200354
2408,-0.023985072340652107
2409,-0.033359136871191894
2410,-0.007005004188803513
2411,0.0037668903271041686
2412,0.02212090843925921
2413,0.006242009631497916
2414,0.032749717949907824
2415,0.004662678609931907
2416,-0.039381659413443244
2417,-0.0013131733776878662
2418,0.023455710334933887
2419,-0.004362380510531425
2420,-0.012595332214865439
2421,0.08096993143920145
2422,-0.0026794378426474408
2423,-0.014580778208922304
2424,0.0036450813595187556
2425,0.001295496382307687
2426,0.0457037293525117
2427,0.0008586848820334852
2428,0.008221148775223269
2429,0.010782098379376595
2430,0.01033937861147281
2431,-0.005974569359025266
2432,0.02746138801846688
2433,0.04143752310503503
2434,0.02040005300855803
2435,-0.07636847820291404
2436,-0.011028469552772459
2437,-0.0034818216163249325
2438,-0.06622372738353724
2439,0.010827256953485584
2440,-0.05938130331081065
2441,0.007861166700968774
2442,-0.02165226702880648
2443,-0.05157874067592721
2444,0.03477911581215034
2445,0.016336023925590568
2446,0.004133953963219459
2447,-0.0334386103795999
2448,0.0030705905462943897
2449,-0.03208514495685834
2450,0.007681714970020454
2451,0.027320135262648596
2452,-0.012263356255845433
2453,0.04769031945355631
2454,-0.020182128260482442
2455,-0.07333630761619597
2456,0.08818967918793671
2457,0.007403404114653778
2458,0.0055407873335132805
2459,-0.0435983128656563
2460,-0.008037471904614738
2461,0.004055583870754642
2462,-0.013289278517351006
2463,0.06876794948608729
2464,0.006307534534520538
2465,-0.05468613771622487
2466,-0.03205317201161768
2467,-0.06285279781618545
2468,-0.01784749133143249
2469,0.02791136979058721
2470,0.003703270788280086
2471,-0.012539860279989313
2472,0.028995991847665416
2473,0.006359789789562565
2474,-0.009513929864533957
2475,-0.004775595251303432
2476,0.024877512838051452
2477,-0.00019693758742528217
2478,0.011148960740389239
2479,-0.018354590663301387
2480,0.017430608094184244
2481,-0.034154032895142655
2482,0.039991032041868824
2483,-0.026917042773195964
2484,-0.02536336708555854
2485,0.011679387664817594
2486,0.011712582624722676
2487,-0.015658991902818182
2488,0.015148579223075394
2489,0.043220874660330276
2490,-0.01067869775843078
2491,-0.009444877542787713
2492,-0.062789223077501
2493,-0.057422090753827267
2494,-0.012432000228584573
2495,0.039247620396093134
2496,0.013396162507350528
2497,-0.025852875985329645
2498,0.009768703204822652
2499,-0.017901972484461095
2500,-0.060520145779135844
2501,0.06807902655449788
2502,-0.021583589453684604
2503,-0.033173997328407465
2504,0.031515387096072024
2505,0.022030806224818723
2506,-0.001564734347549955
2507,-0.02422081031944111
2508,-0.06733364964113213
2509,-0.006598876051178104
2510,-0.011021550507588374
2511,-0.0797411776312512
2512,0.003253310529243142
2513,0.010304783982855552
2514,0.012975125083532206
2515,0.011237121454914028
2516,-0.010299304125794568
2517,-0.04008765193758123
2518,0.02182879394486257
2519,-0.038405812398478484
2520,-0.007814893959536617
2521,-0.021696523095187128
2522,0.0037957784027126493
2523,0.00774117899427743
2524,0.010848401723703514
2525,0.04804502459567761
2526,-0.010371373526270843
2527,-0.08357857949566248
2528,0.04542355708429951
2529,-0.0005274073028830945
2530,0.0333546524941043
2531,-0.021822102148367727
2532,0.016762515692068006
2533,-0.023173026017861763
2534,0.06166748793949443
2535,-0.04899597590004468
2536,-0.040881037947817736
2537,-0.06995660089465629
2538,0.006290107986986578
2539,-0.009680321768873755
2540,0.018195552125218874
2541,-0.008818233779594295
2542,0.01790040361032355
2543,-0.028380551559253668
2544,0.015354458392494264
2545,0.038684254552745
2546,0.006347494799559261
2547,0.04625166166719296
2548,0.021298620878028533
2549,-0.034869205862391256
2550,-0.024250633476068217
2551,0.0544357933296193
2552,0.0739286761571312
2553,0.13675420287541176
2554,-0.05386150974218174
2555,-0.0011687087315516093
2556,-0.04040071726470401
2557,0.06154563747584824
2558,-0.030953264517756204
2559,0.06661504393616538
2560,-0.06909852790406149
2561,0.05363177027829461
2562,0.036041397078150746
2563,0.05620812805243602
2564,-0.013354618849188888
2565,0.025103029653703354
2566,0.055478500143867196
2567,0.007429632063474262
2568,-0.026547793675277823
2569,0.10127476502005897
2570,-0.033635565787993586
2571,-0.035936086657803866
2572,-0.041416259179089275
2573,0.011766438303903644
2574,-0.09126258081866666
2575,0.09791128128449596
2576,0.09578547682933479
2577,0.015958307136977636
2578,0.003980548399051964
2579,-0.0022982386581582763
2580,0.06067060827987479
2581,-0.014912256434051483
2582,0.08920991264230303
2583,-0.03935854554350738
2584,0.025783448071878472
2585,-0.05630885152590954
2586,0.07626663143130687
2587,0.012580232489627394
2588,0.05379804630312292
2589,0.0011156326414940283
2590,-0.039743416590849
2591,-0.06954492703726534
2592,0.07774986730004159
2593,0.0005227149937141469
2594,0.022844409259779194
2595,-0.04594853878379736
2596,-0.060625361481650326
2597,0.06609873170700842
2598,0.05428720673548556
2599,0.05001822322098734
2600,0.0017920838207775036
2601,-0.060631377341009714
2602,-0.04844622958982039
2603,0.005184738797793202
2604,-0.0012642933584393905
2605,-0.03976666666975731
2606,0.0692649345618849
2607,-0.04040958587463671
2608,0.06104323094625248
2609,-0.006949987581453322
2610,0.035581188620676246
2611,0.003042975423739442
2612,0.009007231151282569
2613,-0.06246125224523433
2614,0.012505306058957064
2615,0.006720323110961456
2616,-0.032594776425093314
2617,-0.1345593856567017
2618,0.05722161209974443
2619,-0.022752649288883407
2620,0.016123118518369076
2621,0.013409071178715953
2622,0.03643154855648636
2623,-0.11423966741804681
2624,0.0374118649305403
2625,-0.08712281908185646
2626,0.009333162735976742
2627,0.03066112536599503
2628,-0.06497177096940147
2629,-0.0025483914281113755
2630,-0.040275127294338936
2631,-0.056367670885764144
2632,-0.05125179932576808
2633,0.07242258660029509
2634,-0.030260348401155584
2635,0.033267692614775454
2636,-0.024631245958565473
2637,-0.015649262919761913
2638,-0.10011435742981756
2639,0.004456224713290177
2640,-0.0352895384410554
2641,-0.06350353711163272
2642,-0.023655608089647596
2643,-0.0008109943179552378
2644,-0.00870920174295491
2645,0.004959566361404573
2646,-0.0021967370190205853
2647,0.0062407885547796655
2648,0.006282697868394363
2649,-0.005407599135424494
2650,-0.0026808181982732006
2651,-0.037535834994731516
2652,0.07459341197015422
2653,0.014960358494965798
2654,-0.0065806520155265585
2655,-0.00683929341394956
2656,0.020314819844901005
2657,0.01799329542610255
2658,0.025324430053898492
2659,0.016266668569396712
2660,0.0030504347850537324
2661,0.017657095333418627
2662,-0.019195105873750836
2663,0.012873242251055525
2664,0.023106749007629667
2665,-0.04585785954698398
2666,0.004944554310514074
2667,0.006267106215244626
2668,0.026108428116639555
2669,0.02578029430795134
2670,0.018332281323958633
2671,-0.010401583366202814
2672,0.08306670067554364
2673,-0.005332133069837365
2674,-0.029213777840403153
2675,-0.025714026988971708
2676,-0.019334496984411493
2677,-0.005010987451974802
2678,-0.027545957735903442
2679,0.01564049733572743
2680,0.006485766637573205
2681,-0.009149393025550574
2682,-0.023967535654800597
2683,0.008741130096585106
2684,0.02784962768271456
2685,-0.015336072338674714
2686,0.0209129094008007
2687,0.011221678414145637
2688,-0.009730453139609524
2689,0.0066659581619461835
2690,-0.0023246280859799363
2691,-0.02766932110815197
2692,0.0004310220785714781
2693,0.05086823211692272
2694,-0.006301620524783694
2695,0.013280134102838119
2696,0.03375456711219294
2697,-0.028641884000705744
2698,-0.02368554411070088
2699,0.018804803013315198
2700,-0.0245703652720617
2701,0.0032237332353557886
2702,-0.010421745634788976
2703,-0.006047504905829001
2704,0.013731422595921701
2705,0.00399151425212674
2706,-0.033149622584191366
2707,0.032284924330474966
2708,-0.002468787600898479
2709,0.04499932983957305
2710,-0.03523323935181682
2711,0.0008458314865351763
2712,0.04800111755652372
2713,0.018165992066706712
2714,-0.006978158774764814
2715,0.004513318119206751
2716,0.004231929396084499
2717,0.0011493498838522982
2718,0.048434673394147365
2719,-0.031010284875052755
2720,-0.007389058072922815
2721,-0.008859960204507739
2722,-0.02937883622439559
2723,0.04309897106224883
2724,0.03783557009919028
2725,0.002239477257866088
2726,-0.0377848730137667
2727,0.0012325732947110503
2728,0.015229864114509495
2729,0.009865684512299109
2730,0.008878193161352974
2731,-0.0012595197882438946
2732,-0.001819509001186451
2733,-0.011798060127545936
2734,0.018374305236471156
2735,-0.01270175495216556
2736,-0.0004152567991340815
2737,0.03415939790231436
2738,-0.02375317299044623
2739,0.014749821345081671
2740,0.07221647349414118
2741,-0.01564788472362004
2742,-0.01482210994191806
2743,-0.05472075311288262
2744,-0.001248330739779313
2745,-0.00044021980921341307
2746,0.017876811842237824
2747,-0.011477870094716429
2748,-0.027004029305928247
2749,-0.00045700554739927247
2750,0.01483721696771068
2751,0.018570845758165415
2752,0.021937526211867644
2753,-0.0051671169200269845
2754,0.0053393574570160685
2755,0.02136168108918579
2756,0.004319456461863031
2757,0.0061239590983320075
2758,0.003181898742619978
2759,-0.0240103066666353
2760,0.003397769404700494
2761,0.03737654259935495
2762,0.012500050343000531
2763,0.03658494562033158
2764,-0.012414946705863152
2765,-0.01525362760320778
2766,-0.026210152706666597
2767,-0.018640165456831698
2768,-0.009597982476555194
2769,-0.021368591465152114
2770,0.01706260429735987
2771,0.032280059986864396
2772,0.03287902797086246
2773,0.010845665334713466
2774,0.009612572481561884
2775,-0.0031178023701007606
2776,-0.00783524503503619
2777,0.03128393977349385
2778,0.028275397980719468
2779,-0.02056818325270084
2780,0.012958058369977064
2781,-0.0015889826781551332
2782,-0.0031391398760512055
2783,0.01027983717047538
2784,-0.05900850762691903
2785,0.01994971113160784
2786,-0.0011932241375002225
2787,0.01188195106144264
2788,-0.027360834804988583
2789,0.055766928671797576
2790,0.018670780197707997
2791,-0.027175817424185917
2792,0.013211051598347697
2793,0.005134856058671933
2794,0.014985655047112656
2795,-0.011104335146351174
2796,0.002086343424600818
2797,0.02538420393741624
2798,0.023825662438026432
2799,-0.021938010395617064
2800,-0.013689400568938902
2801,-0.010305840684504132
2802,0.006350059289602529
2803,0.002542891345094268
2804,-0.015747255792247932
2805,-0.0006816469958233508
2806,0.011071367776700243
2807,-0.006722447408077604
2808,0.00827406152093626
2809,0.0054190128446478135
2810,0.0018058930864933112
2811,0.005410688253495794
2812,0.028708701745097303
2813,0.012303310786225211
2814,-0.043483779617187926
2815,-0.0016307749897453735
2816,-0.010923774201269063
2817,-0.012788664355661864
2818,0.00570299148140768
2819,-0.015993966207031377
2820,-0.0042806473896282275
2821,0.003812527695416517
2822,-0.01699436781336842
2823,0.00023776937256415477
2824,-0.02877303481080618
2825,0.0057476681778029694
2826,0.09078689323471238
2827,0.01634205408253266
2828,-0.00584662542503126
2829,0.01358778529971803
2830,-0.027037855571123384
2831,0.03575709368079041
2832,-0.05173050469439019
2833,-0.0007005121319736843
2834,-0.01772965906457601
2835,-0.02837983594630946
2836,0.06786094300231464
2837,0.001937278007515698
2838,-0.003715425526188378
2839,0.0013470403690451368
2840,0.06898601872084964
2841,0.015193115845193292
2842,0.01191832230548572
2843,-0.030085236355716465
2844,-0.015573016588671756
2845,-0.022276180717874856
2846,-0.07452477143765172
2847,-0.07116304417298665
2848,0.07805315298881342
2849,0.01985275571565923
2850,0.03230703829626268
2851,0.04775147335011477
2852,-0.019280285679944175
2853,0.0459227097565162
2854,0.028695574244999873
2855,0.017880179146260756
2856,-0.035266592285217606
2857,0.046478681798250016
2858,0.062064595911858256
2859,0.06371082889311445
2860,0.027654326117572643
2861,0.005523702840444756
2862,0.011395234291912653
2863,0.05331334022918129
2864,-0.050202534105398225
2865,-0.026807008338738312
2866,0.11230389437964233
2867,-0.01602198783345202
2868,-0.05634102556622605
2869,0.005616360310271717
2870,0.1200810564177058
2871,0.014428703015840792
2872,-0.03874500276295626
2873,0.044298770230742524
2874,-0.07492573270333429
2875,-0.0033768583910047316
2876,0.02872879434341172
2877,0.03432167700688717
2878,0.01880624290928805
2879,0.07129450320709578
2880,-0.13364369115004648
2881,-0.06452208894228334
2882,-0.0032605158179193367
2883,-0.008613733042127798
2884,0.052500732546196624
2885,0.03303047811299905
2886,0.0873039346735674
2887,0.04276788133325421
2888,0.07086873025372857
2889,0.09835482800182029
2890,-0.023686260732071144
2891,0.049768017056466794
2892,0.006904789117149116
2893,0.020429847145824204
2894,-0.012550965189204155
2895,-0.04669246577524066
2896,0.025410518742444092
2897,0.0161007353358978
2898,-0.03424140448170235
2899,-0.08655280151764377
2900,0.003489007700283195
2901,0.11665871325755858
2902,-0.01134286969874384
2903,-0.07097788849171324
2904,0.08277634863948372
2905,-0.04297302100152148
2906,-0.06381762745588603
2907,-0.011261237273261475
2908,-0.034317819901994964
2909,0.018414040663560238
2910,-0.056772021968955234
2911,-0.04185313810677675
2912,-0.0959237448772151
2913,-0.00849177000572535
2914,-0.017329066161257508
2915,0.0467098817191178
2916,0.0690867327164032
2917,-0.05505937951487736
2918,-0.06875189299126734
2919,-0.06009639111587217
2920,0.036804986202713864
2921,0.03377376363035964
2922,0.0564537162347124
2923,-0.03298129537563452
2924,0.06550417713533879
2925,0.08267966725815507
2926,0.025129028853236025
2927,-0.0065575875128213
2928,-0.019609399340148388
2929,0.0078097464345081415
2930,0.08073906933349825
2931,0.033731466995819935
2932,-0.13329109690841043
2933,0.012606201952198838
2934,-0.02756094152414921
2935,0.01548998598746945
2936,0.03373967256669527
2937,0.04963663473310303
2938,0.00014064665447038012
2939,0.03854278549497075
2940,0.07286181826274046
2941,0.052468307543138
2942,-0.036962831349318305
2943,-0.03637148809123895
2944,-0.10059139055517947
2945,0.04667098257045979
2946,0.1266330201210435
2947,0.06239313803939712
2948,-0.029976808877723585
2949,0.03623867623717061
2950,0.03268114055249416
2951,0.017956029507706847
2952,-0.06237204412184729
2953,-0.057540295978329256
2954,0.005820766906097926
2955,0.05266928754115041
2956,-0.08577504155386954
2957,-0.036693391301782737
2958,0.019829819301075684
2959,-0.06207018192384768
2960,0.057750598047703224
2961,0.0771049633681352
2962,0.04145044748075949
2963,-0.11064704721229332
2964,0.022567841952964417
2965,0.007323371768337258
2966,-0.022184145533978593
2967,0.07766032147972131
2968,-0.08222903638764213
2969,-0.02134744004144769
2970,0.024202807806328757
2971,0.04968557321921615
2972,0.027903212161789422
2973,0.020469303191626424
2974,-0.008744657885393619
2975,-0.005027860684510602
2976,-0.017264443419595307
2977,-0.008043200171032036
2978,-0.01929365552376561
2979,-0.04823703936624469
2980,0.008747311155172556
2981,0.009757346679797082
2982,0.02583319776579532
2983,-0.034165645036722786
2984,-0.031422223735206686
2985,0.009605969132894824
2986,0.04480209630336826
2987,0.02000688790076799
2988,-0.07044067813966223
2989,-0.016406435932513147
2990,-0.002061413087300813
2991,-0.059032010448681574
2992,-0.026524851559627704
2993,-0.012792761194244663
2994,-0.00954873274716828
2995,-0.05136255323174056
2996,-0.03113747171650562
2997,-0.0026685598469507184
2998,-0.006593375400137058
2999,0.015525652977732427
3000,-0.0700592316945795
3001,0.013993760830533768
3002,0.05983639864367089
3003,-0.027231783412696223
3004,-0.013095723838960826
3005,0.055903787207194786
3006,-0.009843285298300725
3007,-0.015010939076377796
3008,0.02818377538656259
3009,-0.01880446494794271
3010,-0.02402239805036826
3011,0.018201819526570434
3012,0.022504518902041602
3013,-0.0037995809169025234
3014,0.010118344470816809
3015,0.0630456737301158
3016,0.002115132927157032
3017,0.018861446814230513
3018,0.05911430101751257
3019,-0.0022638659653150955
3020,-0.005512787514552726
3021,-0.0023394807108606387
3022,0.013252631239793705
3023,0.01583091678058592
3024,-0.008364694396298354
3025,-0.03332275982620172
3026,0.003951549925566785
3027,-0.03287884563975752
3028,0.027135180165085118
3029,0.019997214497501168
3030,0.008340098172463728
3031,0.015770306642424514
3032,-0.012166574318049015
3033,0.024097470992635546
3034,-0.03818233923481557
3035,-0.011148931851039273
3036,-0.002805173753602641
3037,0.02024236424499554
3038,0.04030239902317012
3039,0.03645098693958846
3040,0.006505969611004714
3041,0.028373301760091334
3042,0.030318641507178758
3043,-0.04861818718971776
3044,-0.013232480544149368
3045,-0.024768872528529398
3046,0.03164879147021456
3047,0.028743466954872465
3048,0.00331669041075962
3049,0.050695189127774765
3050,0.06111382551114676
3051,-0.030910491946288712
3052,-0.0034073281138633504
3053,-0.004727488428997713
3054,-0.09909268084688784
3055,-0.0008731729451237659
3056,0.01598489717621053
3057,-0.041519065211948744
3058,0.02359888003980283
3059,-0.0186452047777395
3060,0.0042165208053660886
3061,0.022043740808409987
3062,-0.012661129520229252
3063,0.010638372621338576
3064,0.01350948370634974
3065,0.017357447694166694
3066,0.003324141419328607
3067,-0.028852060539007716
3068,0.08172600510794446
3069,0.031167128246769503
3070,-0.015516390527207661
3071,0.014526206689360903
3072,0.010213853815657913
3073,0.0014594620402718526
3074,0.0785527032431242
3075,0.002227077500506769
3076,0.021317626214501558
3077,-0.003313615893202475
3078,-0.03083919445548331
3079,0.0013149023227354904
3080,0.01823162131478788
3081,0.06810395776702027
3082,0.008857585994616073
3083,-0.056250361143557574
3084,-0.019308009972497917
3085,0.041806309729040224
3086,-0.04935582822809252
3087,0.0043598010047472165
3088,0.030712232798617418
3089,0.012476962011928504
3090,0.017193068976544938
3091,-0.029507828530921536
3092,0.006033368099682961
3093,-0.09262735861524007
3094,0.01483731457229627
3095,-0.023659249270612425
3096,0.04770465837669766
3097,-0.04467577456141163
3098,-0.004298210658744148
3099,-0.04772365914359977
3100,-0.0005495635433654408
3101,0.01017517326089034
3102,0.0017547174415035792
3103,-0.028002487809525897
3104,-0.04315757901719511
3105,0.010550730694074105
3106,0.008699062933268388
3107,-0.004041095729857134
3108,0.033445657523755626
3109,-0.001373131359742429
3110,-0.029153359158239633
3111,-0.03339169598551629
3112,-0.025452591761613987
3113,0.06730751262488877
3114,-0.004075202288762756
3115,-0.02295124196875623
3116,0.015531062740397979
3117,-0.01925756499365075
3118,-0.05504983671063431
3119,0.032599175563103044
3120,-0.0069877497107763845
3121,0.013415989839377853
3122,-0.0420946273759173
3123,-0.00116448944285616
3124,-0.05144942482495486
3125,0.007967762427099975
3126,0.06170591656091092
3127,0.020693435060681647
3128,0.03356029717275644
3129,-0.029673596550639215
3130,-0.014280303690445044
3131,-0.06284687903310279
3132,0.01728461449159265
3133,-0.005943630064691731
3134,-0.014219892694892695
3135,-0.0548824335750956
3136,-0.06689279554283949
3137,-0.05463783999629109
3138,-0.013694694353644201
3139,-0.006959188246443584
3140,-0.04691588279620503
3141,-0.06114949820400667
3142,0.020949424878396912
3143,0.02498843568808837
3144,-0.0012494573661090346
3145,9.38308733745628e-05
3146,-0.024814438852582617
3147,-0.030582721971505165
3148,0.022538444258895576
3149,-0.021673299987245542
3150,0.011188669514621044
3151,0.04907920301787289
3152,-0.02204113854935471
3153,0.015472735750038347
3154,0.060221499971986135
3155,0.020080468425459307
3156,-0.011761761831801741
3157,0.03327385218306687
3158,-0.039750414899741765
3159,0.00865119242388513
3160,0.04865694222877403
3161,-0.03155806981472422
3162,-0.0003674513149368869
3163,0.026843953918675344
3164,0.022412574689313063
3165,0.020999344817799602
3166,-0.04878700697155559
3167,0.06514680867786714
3168,-0.00483868824898816
3169,-0.08542510455737026
3170,0.06436276077556025
3171,-0.03228951275923701
3172,-0.035678380464947874
3173,0.009610419886558821
3174,0.024737609135152522
3175,0.005482978517221876
3176,-0.009398144955449142
3177,0.08349460463430168
3178,0.008290588466662054
3179,0.0006751549880474081
3180,-0.007698901434010807
3181,-0.016407956226560015
3182,0.03625384877090519
3183,-0.014231584201111876
3184,-0.003948556537501843
3185,-0.010126768964552349
3186,-0.014990856197049936
3187,-0.09065951483232149
3188,-0.03670799277332663
3189,0.0666315170023264
3190,-0.0891796064534646
3191,-0.06463872192734263
3192,0.02254207458075869
3193,0.022414288462809715
3194,0.02495706624358304
3195,-0.03835284088877502
3196,0.05183828728386512
3197,-0.014745660375745376
3198,-0.02956612731182065
3199,0.0672298537459096
3200,-0.0005940044551264247
3201,-0.006316674012096909
3202,0.034145178341622895
3203,-0.1638167506852713
3204,-0.07280490658680751
3205,-0.0519062195364914
3206,-0.026651806518449922
3207,-0.019351124606825646
3208,-0.029496648527009266
3209,-0.0009906970894621016
3210,0.03653014340639431
3211,0.016041512335375936
3212,0.012939189193136774
3213,0.030615864459370125
3214,0.04418291174333715
3215,0.05733414694663666
3216,0.04179078434707324
3217,0.010320536426904166
3218,-0.012386443727050458
3219,0.0158437605455589
3220,0.042142979651609826
3221,0.007068336497070078
3222,0.023251685497679607
3223,-0.010917677543271595
3224,-0.056255443186653896
3225,0.003451227324010836
3226,0.097977311481978
3227,-0.008603246457309007
3228,-0.030423005884104105
3229,-0.03858283692218349
3230,0.045431527693782656
3231,0.03629274947289214
3232,-0.05297112100714633
3233,-0.01984318542878881
3234,-0.008814828788183595
3235,-0.0015488482765559015
3236,-0.017180531700431465
3237,-0.03158558397220884
3238,-0.03204601988086097
3239,0.003206620054283989
3240,0.006999623046474306
3241,0.05425276337118598
3242,0.06538131480858433
3243,-0.0114390444026
3244,0.04681327910011628
3245,0.03506044713170328
3246,0.03292435550058692
3247,0.0400811433202857
3248,0.026689913662722893
3249,-0.012574501777195348
3250,-0.02351925051175472
3251,0.053878854924671316
3252,-0.0012630646151700134
3253,-0.005619186773299369
3254,0.034043511097327686
3255,-0.0150757564643478
3256,0.01972601998535977
3257,-0.002399602924315224
3258,0.001453094763781219
3259,0.002581526901632381
3260,0.010922526077102486
3261,0.006429506357860578
3262,0.01254438212043482
3263,0.02176537788418125
3264,-0.0035028685187282723
3265,-0.00621677120180955
3266,-0.01412633372142697
3267,0.05998171874595296
3268,0.0014487369266235
3269,0.01331973536979437
3270,-0.02069327024029667
3271,0.01411542503072566
3272,-0.016386827685471613
3273,0.004044949576833428
3274,-0.06795667042100768
3275,0.00839436444158586
3276,0.008049122815904723
3277,0.017979703698414132
3278,0.02747394794922165
3279,0.03363508722563968
3280,0.0005724439527543403
3281,-0.014202807963667937
3282,-0.01509253990848382
3283,0.03575549958052591
3284,0.005957979836261281
3285,0.0061200621314920975
3286,0.057914116802075845
3287,0.058768353097078486
3288,0.021762281674933177
3289,0.009730118149313918
3290,-0.024029470117216442
3291,0.022288633235959938
3292,-0.024196707452278053
3293,0.025409596729089573
3294,0.0028337111662991954
3295,-0.01667605852928936
3296,0.026957707098577116
3297,-0.013473488982780344
3298,0.010251946772009775
3299,0.015766406888550917
3300,-0.04289897860792178
3301,0.01607289287763585
3302,0.04256246859063657
3303,0.0014519385706865094
3304,-0.0070439219033699855
3305,-0.0050304043596983775
3306,0.007635372575640224
3307,-0.018478681561072068
3308,0.011837188942417089
3309,-0.0008538010347065864
3310,0.010881482686482528
3311,-0.0010556697082052366
3312,0.04164473374414468
3313,0.016451122819715783
3314,0.02327463152394979
3315,-0.010447105241769793
3316,0.002068120800506971
3317,-0.004640297141831678
3318,-0.032413143828740734
3319,-0.024907166586049922
3320,-0.003927254898973476
3321,0.019244916630214964
3322,0.010918152173686984
3323,0.020692477875682576
3324,0.0034614338801121714
3325,0.028998363524323806
3326,-0.026663276546623933
3327,-0.03590087073861369
3328,0.006279518003145706
3329,0.012135079052810919
3330,-0.007588569673603027
3331,-0.01578577474620101
3332,0.021432295709397236
3333,-0.005316658075183687
3334,0.026195733997321974
3335,0.005978754831450747
3336,0.025330805542720786
3337,0.0003040954782694184
3338,0.05119995850713695
3339,0.02409779663451249
3340,0.023428178903572683
3341,-0.004433121847173984
3342,0.00042261261754118724
3343,-0.007779641546349243
3344,-0.0054901713257976235
3345,0.03263753863124275
3346,-0.02350323295986887
3347,0.010364081772443726
3348,0.07508769366439873
3349,0.037389053636277106
3350,0.007617011613135643
3351,-0.014485113047847567
3352,0.0013772851691700625
3353,-0.013572107768212584
3354,0.01475348909885529
3355,-0.015781247684238758
3356,0.003355314611315527
3357,0.009997825872462745
3358,0.011289486407665451
3359,0.007895294043161975
3360,0.015081566955618247
3361,0.003113771312460705
3362,0.013437283874147509
3363,0.00271030940637826
3364,0.016924304114365414
3365,-0.01671632787406365
3366,-0.018107096395176856
3367,-0.017829573528746173
3368,0.01887995754259927
3369,-0.016818678868610524
3370,-0.01762652156303871
3371,-0.010600269127620835
3372,0.016965581987648075
3373,-0.021422657180360714
3374,0.03670175727731396
3375,0.005106788508538479
3376,-0.006016402278402518
3377,0.005784698875110047
3378,0.04429598569225621
3379,0.010519699377322438
3380,-0.02821256819531324
3381,-0.009346444849848784
3382,0.0005859216834580338
3383,-0.006125900730495591
3384,-0.00690222615241835
3385,0.04121133414698919
3386,-0.03933100350369982
3387,0.008874267928668
3388,-0.006249800535025904
3389,-0.010394180078617605
3390,-0.00014725838101042993
3391,-9.104557394936672e-05
3392,0.0006037075825627832
3393,0.009539673026109897
3394,-0.025524977290301957
3395,-0.0025670945345739643
3396,-0.005096641170359329
3397,0.058252837782148376
3398,0.02848171637993274
3399,-0.010950006573341185
3400,-0.06499977821029161
3401,0.047705324745670324
3402,0.009488880047063426
3403,0.00319414572773276
3404,-0.029970984013132265
3405,0.020134193762698326
3406,-0.03238759337879375
3407,-0.0825914998113501
3408,-0.0003841265055066332
3409,-0.0024089106596810977
3410,0.0013269721002091327
3411,0.03939594412118214
3412,-0.04056210701564675
3413,-0.014662151994645094
3414,0.08796563045783597
3415,-0.04084352364794949
3416,-0.0127442252550876
3417,0.05167166094942198
3418,0.07354442821872481
3419,0.02391647306805691
3420,-0.02918635411180019
3421,0.02055356453492793
3422,-0.0498987253041442
3423,-0.050808886880472935
3424,-0.03482337158569683
3425,0.09108244737748912
3426,0.05998141902778294
3427,0.026008166921795185
3428,0.03164267014852283
3429,-0.03453386348048686
3430,0.06222069516808311
3431,-0.024845509070794355
3432,-0.039000506781481065
3433,0.029552427845889115
3434,-0.02308561413653141
3435,0.04359213195093878
3436,0.03461003431748884
3437,0.002922874367144831
3438,-0.03483658388651634
3439,0.008971565231125857
3440,-0.0434257738454319
3441,0.0060254449250248645
3442,0.04614853582612756
3443,0.03951023106382354
3444,0.05412743591885139
3445,-0.022673220010830532
3446,-0.010884723411885011
3447,-0.0048987652976797335
3448,0.004343099270376985
3449,0.04402516525899048
3450,0.013240100409274915
3451,-0.055154318046308944
3452,-0.002858655815826658
3453,-0.017129563828720717
3454,0.1056259556810888
3455,-0.020512901992692113
3456,-0.013965781713577593
3457,-0.006887895964093164
3458,-0.014001010072076369
3459,0.04551728971999501
3460,0.0010352656078421827
3461,-0.03147710205064688
3462,0.0009066384988898544
3463,0.031018031907042165
3464,0.0076794254313522796
3465,-0.07588157879989132
3466,0.014903244383290172
3467,0.027713544821387003
3468,-0.027270661933610052
3469,-0.05036395083573217
3470,0.002067395686069243
3471,0.014764687783288915
3472,0.010269038513930405
3473,-0.008775832365199122
3474,0.04282573780643813
3475,0.043054315065971856
3476,-0.01981467269143816
3477,0.023552304505654095
3478,0.03750149708140201
3479,0.01797239869971233
3480,0.09415998267581226
3481,0.07050720421938443
3482,-0.07451489941029119
3483,-0.01865511152172903
3484,0.04933076068415556
3485,-0.03951434469690691
3486,-0.06064830056419235
3487,-0.09338868028753697
3488,0.016222242693938155
3489,-0.04672008743658538
3490,-0.011465578951985392
3491,0.0601215591538841
3492,0.03756431915813431
3493,0.04678350525412971
3494,0.03607588307647443
3495,-0.03019125855316428
3496,0.006456649875567035
3497,0.0009681778405499369
3498,-0.08176454889554725
3499,-0.06523410410466328
3500,-0.08582364638166376
3501,0.08447750891075517
3502,0.002610124449241985
3503,-0.02117924439720687
3504,0.052651003273297824
3505,-0.04476792503984587
3506,0.0066546056733659195
3507,-0.07402050489521556
3508,-0.0031560786268996
3509,0.008047211844862373
3510,-0.11177840630406975
3511,0.0009924334105990197
3512,0.010293874692047796
3513,-0.010763549742341694
3514,-0.03680661451047224
3515,-0.004934335486725034
3516,0.0088280602996257
3517,-0.0002632108372653895
3518,0.0001996584608995202
3519,-0.0128284616336716
3520,0.0004663171046738908
3521,-0.024467686033875474
3522,0.013666654136687424
3523,-0.04827921667848104
3524,-0.005357811886713475
3525,-0.02584365092469359
3526,0.0014426182805326036
3527,-0.006438493924250255
3528,0.06925945872872666
3529,-0.01789091877066824
3530,-0.007239927733375844
3531,0.013778670659181737
3532,0.014840435613440686
3533,-0.04650474946964743
3534,0.009613638723109375
3535,0.024702449181669684
3536,-0.015001723372574546
3537,-0.03109099172526598
3538,0.011933535308284416
3539,-0.06936473504271114
3540,0.018512107053765825
3541,-0.03009153469959649
3542,-0.09332325222431512
3543,0.007206536158835408
3544,-0.00825006330711162
3545,-0.0437955204833378
3546,0.027969226338821044
3547,-0.05184863542098505
3548,-0.020476389799926668
3549,0.010920258151267204
3550,-0.020768657331147168
3551,0.01780430857574418
3552,-0.0037636174347145425
3553,-0.0733280133804344
3554,-0.010519055642502712
3555,-0.00023158510420113424
3556,-0.01836150979815608
3557,-0.009553444885378567
3558,-0.006015151923158512
3559,0.01021571224266493
3560,0.020840109294335284
3561,-0.004817207219138527
3562,-0.05039128998879929
3563,-0.0035854624474129077
3564,0.05154654957575844
3565,0.021026383783232
3566,-0.029708826788243933
3567,0.01950474174911757
3568,0.02211941400478396
3569,-0.07042980995315518
3570,-0.008367773070472396
3571,-0.00983924101028257
3572,-0.0016890981825837777
3573,0.0269968151485902
3574,0.017494994558139996
3575,0.011782322402398744
3576,0.007423550040917341
3577,0.016871188003408328
3578,0.014293920726258017
3579,-0.02253092948109306
3580,0.07340283491340574
3581,-0.030925268336182667
3582,0.021811694200089493
3583,-0.026973350379191727
3584,-0.007296378120410686
3585,0.0019867670281081226
3586,0.023552352497908324
3587,-0.005371746481022588
3588,0.006017944498176722
3589,0.008052322393050641
3590,-0.002282326364657801
3591,0.0240201399707609
3592,-0.0013439731426853074
3593,-0.0035936987150580802
3594,0.016097814784161918
3595,0.0025656292235683447
3596,-0.0027130028713700017
3597,-0.013792907848916987
3598,0.0433156461136247
3599,-0.002899365297262863
3600,-0.06451745878430659
3601,0.009966916376322832
3602,-0.06729446730461437
3603,-0.034695991656800484
3604,0.010057268724195578
3605,-0.02520815735318631
3606,-0.037607316403927
3607,0.0018548667460432336
3608,0.0076512008809588175
3609,0.023825707538827373
3610,-0.01300550124271107
3611,0.007734713649923318
3612,0.0026819111119767156
3613,0.026577365706205527
3614,-0.012323566846756302
3615,-0.0014787754153803457
3616,-0.009734648107465896
3617,-0.00508520068203581
3618,-0.03506713261625281
3619,0.019081057097401426
3620,0.09157619642231982
3621,-0.025563429828926395
3622,-0.023242408451810956
3623,-0.03716183498910228
3624,-0.006545399150634114
3625,0.01350779694454316
3626,0.008152293659415265
3627,-0.009068768648215467
3628,0.01978583547355099
3629,-0.009184384942665097
3630,-0.0021873490945349284
3631,-0.029370964695043585
3632,-0.012486055289016872
3633,0.04596764383717189
3634,-0.020734567276301106
3635,0.024462429906221918
3636,0.006710906176290181
3637,-0.03417431933443144
3638,-0.011555449706897064
3639,0.00644741078077757
3640,0.028074881247159466
3641,0.01170201959091426
3642,-0.043487471124100126
3643,-0.001315942913953822
3644,0.011858687627351223
3645,-0.014567153189204405
3646,-0.008192129386871333
3647,-0.009062074988617122
3648,0.013910891754685212
3649,-0.01825588434841541
3650,-0.011538073634042353
3651,-0.013144971675734283
3652,-0.06665269658246623
3653,-0.027106098262311237
3654,0.010459877125839389
3655,0.010536164901361436
3656,0.013172667484570683
3657,-0.037907689135954624
3658,-0.11906687976804536
3659,0.041949684254547655
3660,-0.0028524269463611066
3661,-0.0313599077392636
3662,0.011287306069688408
3663,-0.0068481697423113256
3664,-0.06630095731323463
3665,0.020654965888710814
3666,0.022655072182240846
3667,-0.023659905374808565
3668,-0.001458277668675341
3669,0.011963185266260097
3670,0.03152204224721557
3671,-0.00821668441478573
3672,0.011635584839741326
3673,-0.0005228810460946881
3674,-0.0008533004064531748
3675,0.030028967899995776
3676,0.016266810961599917
3677,0.059352762798476955
3678,0.011860815293495235
3679,-0.0035188735678993097
3680,0.016465949693636205
3681,-0.003369571749725179
3682,-0.029781195960030746
3683,-0.0035801776812446734
3684,0.020924815120502982
3685,-0.010913976041278878
3686,0.009259590225661949
3687,-0.03479644284269418
3688,-0.04592121389157344
3689,0.061465449573283114
3690,-0.005836821364945677
3691,0.008290661561159273
