,tempacc_correlation
0,-0.5233663121067051
1,-0.3993764150253101
2,-0.24560258824320913
3,0.428759919911982
4,-0.04204444662514586
5,-0.025403111988457693
6,-0.06610153490748731
7,0.1677411376249718
8,0.03199697932564866
9,0.12589943660092492
10,-0.0355570983401806
11,0.12000161524959382
12,-0.03637427681921595
13,0.00443420331166278
14,-0.02163526491607263
15,-0.07825010903812946
16,0.7895171265574298
17,0.40608616688763
18,0.7513906036630021
19,-0.5421674765846045
20,0.6326733950860498
21,-0.3365903321456531
22,-0.444609227209003
23,0.04525612303547591
24,-0.21976136099797136
25,-0.10730826781260838
26,-0.04259547619912929
27,-0.3732961580690144
28,0.16305290740012324
29,0.11678403570694086
30,0.2817453548735608
31,-0.2188175800271624
32,-0.24711320602777082
33,0.22689171225639548
34,-0.33592356079317576
35,0.008784425237382178
36,0.06356658307479446
37,-0.053828813553501116
38,0.1434582719798148
39,-0.23237761800395562
40,0.554051727395108
41,-0.057452285414105186
42,-0.08642033588508283
43,0.4748992427314187
44,0.056614293027695904
45,0.3887283095594268
46,-0.13221182318405916
47,0.07478273678137592
48,0.28476260567017897
49,0.17225592250898084
50,-0.14856311543792283
51,-0.3354982672115671
52,0.3007519308896963
53,-0.02613488887694552
54,-0.022838551653830152
55,-0.03643662502538975
56,-0.047120144326513166
57,-0.006492137053465915
58,0.11098987454307715
59,-0.07521885460013415
60,-0.275861481146874
61,-0.14693834711955084
62,-0.21356523660824003
63,-0.20407438129397745
64,-0.17526078542676168
65,0.10693519185417441
66,-0.23569046225668322
67,-0.09275231664025504
68,-0.021314959498307504
69,0.10688442700692258
70,0.1342318236761775
71,0.3298111648853985
72,-0.04176478985722561
73,0.45357742848701066
74,-0.41061184370869563
75,-0.6042634261913375
76,0.6233633727953248
77,0.47936991600324996
78,0.4942296644925034
79,-0.03954867965199936
80,-0.10735195669389334
81,0.012762559139065674
82,0.02351128580835235
83,0.02171062748595167
84,-0.10684809122217086
85,0.024047595883652562
86,-0.33703549324121007
87,-0.03434236660893061
88,-0.10844350175002544
89,0.2149436240254693
90,0.08878320253138368
91,0.024224701780900252
92,0.016805258279957158
93,-0.031967893625683586
94,0.03246382089166392
95,-0.06753270706754833
96,0.12655979384324384
97,-0.35624074848194875
98,-0.3316505429305311
99,-0.13907286183786444
100,-0.6935538413821016
101,0.16718363762675106
102,-0.1161017185328473
103,-0.13881045471003925
104,-0.27920351942934457
105,-0.05365891947251011
106,0.02466860324058693
107,0.05401681772289043
108,-0.05275153476765761
109,0.03401376789694747
110,-0.1574408359208342
111,0.18541599996566868
112,0.17197839656073752
113,0.047082013774953725
114,0.18176356478424677
115,-0.010668905899025548
116,-0.021012312702430026
117,0.5430929818211048
118,0.1861671789178615
119,0.17981024651396302
120,-0.23313142192304337
121,-0.12758014932307324
122,0.4350828644506328
123,0.07113135101471814
124,-0.03680885673126044
125,-0.10829870777975178
126,-0.007500109851930724
127,-0.07167917512191974
128,0.13036735763043383
129,0.012072428834367351
130,-0.08917863698170936
131,0.16722501373072832
132,-0.24636551442872806
133,-0.34727517194472224
134,0.025810592026975658
135,-0.4517633707598275
136,0.5032405400279706
137,-0.29031122884218136
138,-0.23710577798930912
139,-0.1172686536308645
140,0.16278847300246635
141,-0.4865905299196226
142,0.37178494793909483
143,0.4737955200706609
144,-0.11145595938241419
145,0.2272338865815536
146,0.36916678788688695
147,-0.19956528443297974
148,0.14084745754498418
149,-0.42696914152974247
150,0.2295572032215684
151,-0.012514248251203848
152,-0.2827706798301109
153,0.1761439285512251
154,0.17166989497287877
155,-0.03233789074817582
156,0.13551825675252746
157,0.5270773067949114
158,-0.10049575999456488
159,0.051305560291841544
160,-0.12460994807200829
161,0.0772823870135106
162,0.025800033606840505
163,-0.061484118698995116
164,-0.29431906785438555
165,-0.033832261506263644
166,0.24893399273150574
167,-0.019522640603516023
168,0.05520542238354816
169,0.15388037435182075
170,0.21534363722969027
171,0.012670144500239606
172,0.07846675131864354
173,0.01761236564239282
174,0.06229355494538009
175,-0.18071735190662158
176,-0.16094867935226995
177,-0.1922631333789852
178,0.0024005783760505926
179,0.10276166648331102
180,0.0019352687599137881
181,0.2272802741024255
182,-0.3777031361946641
183,-0.2325178961120786
184,0.13831382209408832
185,-0.1179695473514178
186,-0.4716302723400346
187,0.14354089096146752
188,-0.21422795524992927
189,0.24727684586634413
190,-0.21369927629561436
191,-0.07039945212545215
192,-0.20450726803853495
193,0.1516608879328691
194,-0.0717830904334035
195,0.1045277863318468
196,0.25080590501781524
197,0.12630001165635163
198,0.16090183664711358
199,-0.07229244033649937
200,-0.4907473321609292
201,-0.13144965547682938
202,0.06984810720570817
203,-0.17639410828782565
204,-0.07827507659853324
205,0.08988089161228031
206,0.0045005969240379945
207,-0.10338804107060864
208,0.025333318721675303
209,-0.012823757645388869
210,0.012412699333107834
211,0.027799807790898474
212,0.10118136553002163
213,0.045212291277141055
214,-0.04169063803152777
215,-0.26856199882244114
216,-0.19807163616236473
217,-0.01588998151671167
218,-0.18303342229026404
219,0.08825762987224887
220,-0.13860889196643048
221,-0.1059386140014039
222,0.2246084596487269
223,-0.2553355906084279
224,0.3589431582815555
225,0.08047922337588853
226,-0.17193117463977203
227,0.21412185813062798
228,-0.5203785003233401
229,-0.31488264719526093
230,0.05300777623528398
231,-0.10430284320026441
232,0.10120215489579897
233,0.04683876651674944
234,-0.015530337733720784
235,-0.15155362525730476
236,-0.15269489296178085
237,0.005814451959415411
238,0.02166669583097736
239,-0.29495968613962137
240,-0.046755315072978185
241,-0.017479134420436606
242,0.6193590391808519
243,-0.23272184820217037
244,-0.07319229116197495
245,0.009208495572108519
246,0.15265066896066895
247,-0.05038273859422112
248,-0.08073175426698131
249,0.36775578012862886
250,-0.04101119781414029
251,-0.025909815621115093
252,-0.007349551697034249
253,0.002949189786172171
254,-0.0025886364721562057
255,0.11862177638907853
256,-0.06951690219276024
257,-0.0765426596694974
258,0.003917718610563679
259,-0.02501669741683044
260,-0.030153141334288987
261,-0.03806153537340843
262,0.10428419104253393
263,-0.047700582090005876
264,0.2944332904435537
265,-0.01672601129119199
266,0.1389554356710134
267,0.016195992349052942
268,-0.4568270234855909
269,-0.00840960178616931
270,-0.1872188489939018
271,-0.17613511885595495
272,-0.06868811383576744
273,-0.39205789673177954
274,0.17902742453278653
275,-0.03524707205652566
276,0.4067492411383985
277,0.2606419957069901
278,-0.34348298043025294
279,0.267330288552529
280,0.08360277690218353
281,-0.16334425585605417
282,0.020305747711865225
283,0.31943851733745493
284,0.04950679822075328
285,-0.0994396450106423
286,-0.008839867155406666
287,0.20652873778764705
288,-0.18050481823562134
289,0.14391686973414242
290,-0.07981535173248605
291,0.05315057226393121
292,0.024541056993590278
293,-0.264332284361888
294,0.2563191331090689
295,0.05005787256386197
296,-0.11666407022561326
297,0.09439685188416672
298,0.0984879120623412
299,0.02109324155363268
300,-0.2541136324291061
301,0.15424029317604585
302,0.25775886349405847
303,-0.20298512600527188
304,0.38035396709239
305,-0.07877824134897037
306,0.03193928741377699
307,0.17045677143430793
308,-0.06938859389288814
309,-0.2072822456573561
310,-0.05214177683044787
311,0.07561985218076685
312,0.05340022930266898
313,0.05642489160286175
314,0.0883326817079901
315,0.02968224483608787
316,0.05256941803546291
317,0.07100593409431678
318,-0.29652456478656003
319,0.2532398328877696
320,-0.053982634633140694
321,0.289674873994877
322,0.05989226636653334
323,0.1896183596042761
324,0.06727506796058758
325,-0.21827363969989555
326,-0.07919726909668984
327,-0.021465471958361522
328,-0.024026112169927834
329,0.3777377138402003
330,-0.16793343831836322
331,-0.07922341633597174
332,-0.11060427217929521
333,0.3740972218629685
334,0.10788801100256602
335,-0.2967369752871968
336,-0.11441289949322535
337,-0.032459920283766104
338,0.243317588208829
339,-0.013003284281996656
340,-0.35366916075763793
341,0.39441494799681365
342,0.22738929594276622
343,0.0027315196057307875
344,-0.6993970817180848
345,-0.07039047172308242
346,0.0686984459621886
347,0.021420494829658267
348,0.038019828406702684
349,0.06979072806196
350,-0.17193457826727473
351,-0.567972141007097
352,0.23631971242445562
353,0.14709895090622838
354,-0.12375945213791034
355,0.341758231066678
356,0.1826683716520048
357,0.08604534085520983
358,0.21847985920790192
359,-0.050784352369891914
360,-0.007259591141853339
361,-0.10211027858792579
362,0.01634283223387278
363,0.04339123785436806
364,0.17133143987835323
365,-0.21596609923116833
366,-0.2972199503984366
367,0.5549570825321827
368,0.2198058159405164
369,-0.07743556821730747
370,0.0015338898010815892
371,0.12507088165000074
372,0.39514913184662537
373,-0.04405218376808519
374,0.2306290557851112
375,-0.15474810076488607
376,0.24333746715895407
377,-0.2531342893215102
378,-0.06088138941866242
379,0.14375608596242992
380,-0.013010745920466082
381,-0.05848088303596776
382,0.008604739665615951
383,-0.1396616480583803
384,0.028307173025490948
385,-0.00864461827066635
386,0.33844500648266507
387,0.10245315343063799
388,0.06723466217567944
389,-0.055724304820925274
390,-0.044769168019248476
391,-0.000937545468126287
392,0.11295641549154223
393,-0.1299203052457055
394,-0.033421784070497305
395,-0.5727650350849963
396,-0.11367242101621877
397,0.2521460132735026
398,-0.11246851462382002
399,-0.033754354675480505
400,0.12677593195333822
401,0.16189696788164748
402,-0.03928885554813067
403,0.14211923475961372
404,0.15103925115080616
405,-0.030552490026429697
406,-0.16253642667546445
407,0.15226805625706769
408,0.2058390476099539
409,0.12764597590113175
410,-0.033824105165532074
411,-0.7090831359396759
412,0.2503479374983044
413,-0.0017153092420081832
414,0.033922253244184575
415,-0.09901003934245627
416,0.04116105182424438
417,0.2376705086443051
418,0.6612683817182973
419,-0.07472919513575513
420,-0.39573796591436433
421,0.40860212352675596
422,0.2720398683877875
423,0.02759410669133557
424,-0.03680954027294841
425,0.13597628343773985
426,-0.0803453185611829
427,0.3153367033203331
428,0.30406665078064476
429,0.012480946083781768
430,0.08845122160613804
431,0.11576986689438179
432,0.043367013231463254
433,-0.21534709948065367
434,0.11000395804412762
435,-0.09295381575826651
436,0.058456666646570954
437,0.14171044621233414
438,0.04019608503621014
439,0.34874231942635714
440,0.30829484995811224
441,0.35352798838658317
442,-0.11030384546660198
443,0.20301917637676178
444,0.35622636316111167
445,0.18311966267574625
446,0.2969068024538775
447,0.20949038819253865
448,0.26222435327003096
449,0.27484237827679625
450,0.07932137131697603
451,0.44552784939242973
452,0.482595256378906
453,0.09277712094516097
454,0.23064645749525753
455,0.2026079891457501
456,0.7196793508503619
457,-0.2980037188901362
458,-0.44137205870364227
459,0.35214786184126134
460,0.1733420373317644
461,0.39338681516961466
462,-0.0015439078623698604
463,-0.15654502075906448
464,-0.04257355773684764
465,-0.03179904946352113
466,-0.03587904743557794
467,0.26160903375776406
468,-0.04765615568883849
469,0.33331877069450877
470,0.16920235715037116
471,-0.2306479134598876
472,0.2621067529553585
473,0.20029290215723222
474,0.2572546464151361
475,-0.2732600862512885
476,0.28964960535505424
477,0.04258393520958784
478,0.30170565632703444
479,-0.10563764679545569
480,-0.17430286589534644
481,
482,0.28502446704806567
483,0.08435373337765255
484,0.4978577133183816
485,0.24188146471431066
486,0.05180781435209157
487,0.41263659537881087
488,0.4674312433568668
489,-0.2546572571338512
490,0.19693449557661077
491,-0.005676267583629299
492,0.03255152929960891
493,-0.09129123500361673
494,0.5683605295445936
495,0.43105423782548435
496,0.23510242168558712
497,0.5400842998656274
498,-0.21320422449040077
499,0.1587317047503254
500,-0.26618869262757444
501,0.5817179820204662
502,-0.32790394931863415
503,0.19253078992387604
504,0.06590254896388066
505,0.028004006301001427
506,0.17011397410390286
507,0.314915796529124
508,-0.4186454043042731
509,-0.10371609943595
510,0.3835670917966956
511,0.144987048174595
512,-0.15543998358472277
513,-0.21097031763899016
514,0.5425272077807307
515,0.2484167935988503
516,0.16085788227949174
517,-0.20865073434279144
518,0.08375726315792818
519,-0.23105917408389162
520,0.1493142403332828
521,0.060669072132154646
522,-0.40761041504477163
523,0.013857534744965483
524,-0.13269936721472514
525,0.38856931688814084
526,0.2922626404923254
527,0.07619920809116189
528,-0.13212900509872177
529,0.1566767659919352
530,-0.14901665746426151
531,0.29770474265316427
532,0.048414944422923684
533,0.06431124508639742
534,0.17599763558671916
535,-0.20664924260013215
536,0.22622964393070652
537,0.06545536030067638
538,0.18960682881750937
539,-0.05441233869463634
540,0.12071540174562106
541,0.2922921596976181
542,0.07813381086823479
543,-0.12447631861656121
544,0.10083708992018008
545,0.028146746354221045
546,0.1273756057950562
547,-0.00870337636531337
548,-0.055430213454290715
549,0.16084773043173717
550,-0.025552975815824643
551,0.23171541143111235
552,-0.009506887789175468
553,0.1310868778334417
554,-0.35512034803033227
555,-0.02279256569855663
556,0.15973169390015377
557,-0.10348180380977119
558,0.15067133799139207
559,-0.022578563205008822
560,0.2886608942655949
561,-0.3442064174232534
562,-0.008122999019657342
563,0.09193581343735997
564,-0.02338282720665609
565,-0.06480286944372447
566,-0.1552802312647533
567,-0.1259270520876803
568,0.3314195763331426
569,0.13300505986845843
570,-0.4282167930009547
571,-0.059554405390941846
572,-0.3110190284146894
573,0.10437643267330161
574,0.1801367154788635
575,0.07965551782033532
576,0.20323338396216012
577,0.036961622300939925
578,-0.019166388207615553
579,-0.1712445702363518
580,-0.0720523894314534
581,-0.08199600542290342
582,0.13521797219629117
583,-0.1829266473394681
584,-0.3069663507925168
585,0.07973815973875373
586,-0.07025602760034859
587,0.14209877347400138
588,-0.015140300416937468
589,-0.09142308567857958
590,-0.07150089124894451
591,0.3418281078641307
592,0.3471709292880892
593,-0.024838115814341914
594,-0.16219875244941967
595,-0.35758212091988056
596,-0.48917619532943674
597,0.0868405772198735
598,0.3219329213172624
599,-0.037204718763468966
600,-0.094125414995569
601,-0.30196124472151
602,-0.7936796953258227
603,-0.6117569588239357
604,-0.5512185280940207
605,0.25115745971929715
606,0.049944788913517106
607,-0.4297888652860106
608,-0.03325259690221145
609,0.08259503370249234
610,0.11480049271253964
611,0.10497830867751122
612,0.052137380128488856
613,0.03291776721219563
614,-0.030349802047826693
615,0.1018135481851994
616,0.11838414529388563
617,0.045908087963038996
618,-0.009146731746706783
619,0.049407924294122996
620,-0.015966779511835182
621,-0.45047598596504945
622,-0.03604088626588781
623,0.1279369734257854
624,0.46423844095046024
625,-0.1963551560355849
626,0.1652711060379224
627,0.13754382252261368
628,-0.59382047002366
629,0.05277254598889255
630,-0.017421842098722745
631,-0.05264468660169618
632,-0.28122749253939106
633,-0.11152522288127083
634,0.12913678801869521
635,0.14414508832116257
636,-0.009825426262318549
637,-0.07300693072579682
638,-0.1944861996925282
639,-0.023477725110998836
640,-0.0813795142671202
641,-0.049141293773158186
642,-0.7814783777764617
643,-0.3166707649329419
644,0.21150482696489817
645,0.02442966015691138
646,0.03915468034793703
647,0.10258760674520694
648,0.11391020681595596
649,0.08380754215209497
650,0.03859073718456642
651,0.020076837674482567
652,-0.024472255302904457
653,0.01872560805074915
654,0.19251931737513142
655,-0.22437675659391174
656,-0.3416289815473597
657,0.47765921195204947
658,-0.024961495857373065
659,-0.5341036709329965
660,0.6380452105541241
661,-0.316922607409332
662,-0.3050707195096694
663,-0.10875961385543213
664,0.10116514878568668
665,-0.261942022141117
666,-0.4811219108768218
667,0.0052359842285077925
668,0.0051512180864101195
669,-0.2127880256772892
670,-0.002592109221665356
671,0.27006191080852837
672,0.1863648853174001
673,0.008512388079147159
674,0.039504402561717715
675,-0.5799087221688631
676,0.09097364549843182
677,-0.13117622391367853
678,-0.2645676692288411
679,-0.4142214869193447
680,0.4083126015736091
681,-0.11520949929240294
682,0.0900636962543916
683,-0.15173283952905328
684,0.19767503476026835
685,0.17948102786802078
686,0.06631598471777993
687,0.5782092408086024
688,0.4258442008469681
689,-0.2828699101382688
690,-0.2880840549880398
691,0.46921105981211575
692,0.2805765583893119
693,0.5565199490426083
694,0.014733629820341284
695,-0.013402456646643048
696,0.22144120710174692
697,0.12932077157521213
698,-0.5784674061362212
699,-0.2284180272165091
700,0.7396260397965898
701,0.4768453103277472
702,0.0992345556903738
703,-0.1704058784583908
704,0.1674732241278509
705,-0.4135726504200131
706,-0.3869257025651683
707,-0.03016898867289266
708,0.3331689494348794
709,0.22225788421621204
710,0.2447065538299621
711,0.16509847407827286
712,0.22478013243163156
713,-0.02842565166755985
714,-0.007624550173904991
715,-0.012674455609745882
716,-0.0347546714045534
717,-0.2816860891508323
718,0.04485549562495049
719,-0.07947837541460734
720,-0.12456482529153563
721,-0.03779695693307585
722,0.22011896644125403
723,-0.2430175490531399
724,-0.4353702941185042
725,-0.051186075227249765
726,-0.10721520422610555
727,0.2640937816190498
728,-0.10041608467549108
729,-0.4598173750166728
730,0.0552210616744202
731,-0.1406002057972913
732,-0.2443145734248194
733,-0.04644038669293627
734,0.2234405473312464
735,-0.3450765598337552
736,-0.2758465359787179
737,0.09828745392565882
738,0.1013338514250755
739,-0.10199722339368342
740,0.2578565952540456
741,0.16233183396973955
742,-0.30699858372588723
743,0.5317888727969942
744,0.10794472305284084
745,-0.1352883421224411
746,0.08802053803845591
747,0.2409398458731501
748,-0.09655544375214985
749,0.1403327982013111
750,-0.026394364976630995
751,0.3760328143001512
752,0.517957826618939
753,0.11537340384226123
754,0.04830300235841
755,0.3691096228127973
756,0.2329135232789455
757,-0.1735421874646117
758,0.019054331606765652
759,-0.10055313962317566
760,0.10560843797551392
761,0.03726267733670893
762,-0.19659781451339198
763,-0.09235776999805087
764,0.1802088601060398
765,0.34861002690516596
766,0.32954244460444715
767,0.19255191360904905
768,0.32696060215754535
769,0.0006392668192849654
770,0.03877247189973535
771,0.39134183495827574
772,0.39597067090568805
773,0.4295719056485399
774,0.16288176131641793
775,0.14293051838440976
776,-0.24001157682539645
777,-0.2952378543764249
778,0.0658010570096681
779,-0.293721097996378
780,0.2278057075461727
781,-0.02032663757173013
782,0.02192047302045392
783,-0.3533626597045454
784,-0.21751632094717788
785,-0.04160837604022122
786,0.09714037852421575
787,0.2918230724029354
788,0.14838816217138065
789,0.2885350422965865
790,-0.4111888763679714
791,0.20575038624774292
792,-0.12956622848588836
793,0.06109505227949667
794,-0.3573563438120475
795,-0.3801027519426526
796,-0.12675294447229074
797,-0.08423342840029244
798,0.01857799764335807
799,-0.17349669114944852
800,0.1659455454666729
801,-0.21003239297658882
802,0.13386055434253882
803,0.2809077798948071
804,0.39307501392243155
805,-0.22372902923586568
806,0.0014907013452934378
807,-0.11988253358751047
808,-0.01642556490269053
809,0.39505097038680825
810,-0.6064274975307145
811,-0.07910561863634727
812,0.8051205293928709
813,0.2656285988534156
814,0.07842199358712082
815,-0.498886837333069
816,-0.08978814099496661
817,0.11152924648817722
818,-0.06790172830019331
819,0.3479140182493264
820,0.33972598326933784
821,0.3048246217216148
822,0.021349833541980286
823,-0.1962440936675598
824,-0.1307898085825037
825,0.3094552226408014
826,-0.03324302120256855
827,-0.0267062238341331
828,-0.10173104359095622
829,-0.1042920295344761
830,0.5685295545730031
831,-0.4333048333417947
832,-0.48831140164823406
833,-0.016800599786636755
834,-0.05282899267900752
835,-0.18755367115266183
836,0.36425381555850606
837,0.34510873010945686
838,0.6481438623826791
839,-0.18619716275237624
840,-0.08524960104725891
841,-0.07120673060252763
842,-0.2419677601520755
843,0.1280661727269646
844,0.34831438143786725
845,0.20341321701789528
846,0.06935318353534344
847,-0.4741021326670654
848,0.06412959570644439
849,-0.4297543264229698
850,-0.0798758874216918
851,0.4999188710464403
852,0.23108427927833858
853,0.12887734925731245
854,0.09549402127686756
855,-0.4168697767542328
856,0.17031316643995828
857,0.20664377463610314
858,0.351133676933895
859,0.006053665215398572
860,-0.015664628645172027
861,0.03392363857159574
862,0.2882285248360299
863,0.3045918909272176
864,-0.0261059996493931
865,0.28000875496715727
866,0.16119244428590462
867,-0.05605531644112329
868,-0.036023646344898956
869,0.06863488948828236
870,0.19417525636426142
871,0.36697899103639
872,0.1909337967280158
873,-0.06300422106971015
874,0.2038692001672091
875,-0.2136207594189773
876,-0.20650464027995274
877,-0.17606004491032026
878,0.18776949189433098
879,0.319439004854088
880,-0.3212360767166498
881,-0.16673544259197245
882,0.2263667930309823
883,-0.38285632388779434
884,-0.18602918951997532
885,0.05268580460736065
886,-0.022854706559435615
887,0.08533326025644161
888,-0.15566909075629892
889,0.04853207635726387
890,-0.0897456819037701
891,0.12867285025559314
892,0.2640824567245265
893,0.10241535121713059
894,0.0061809704128647155
895,-0.08977679179394875
896,0.11735247428505283
897,-0.0712366662006427
898,-0.23563085447228918
899,-0.19604890196269611
900,-0.26577687907655667
901,-0.27688922057896637
902,0.01898491702779466
903,0.007583767941631303
904,0.023670040422825923
905,0.12024565101559323
906,0.15454362146386846
907,0.06826033122245993
908,0.22565502522453237
909,0.17697017474953927
910,-0.10081249300349857
911,-0.1792955342103141
912,0.024374328938971217
913,-0.008719053451539815
914,0.10248019552834083
915,0.5352865827841751
916,-0.04246627558149319
917,-0.28825607333557896
918,-0.06698941695065963
919,0.43819431695927485
920,-0.13524216402716613
921,-0.03726917906572264
922,-0.16063479458038013
923,0.1993963489381668
924,0.13328364089523037
925,-0.47569971221436175
926,0.14400991950963266
927,-0.04098531090385805
928,0.031029411840779564
929,0.4716558000470242
930,-0.22297381640684288
931,-0.02444248506922503
932,-0.10562757296898108
933,0.03703920846096379
934,-0.03760289644094219
935,0.12440208217887286
936,-0.05622230975649076
937,0.21490190980122165
938,0.38450467770021723
939,0.08003679427065331
940,0.1173118245177324
941,-0.036387496549889056
942,0.2313411110315658
943,-0.14360611586236724
944,-0.0998479882101898
945,-0.23304073887580087
946,-0.29051900681713233
947,0.2003407078118397
948,0.257509103452877
949,0.26455785383391767
950,-0.3128321928201853
951,0.15099943023649257
952,-0.046784744262214135
953,0.07680219391534325
954,-0.313635125461061
955,0.00634898430858358
956,-0.04388415215866668
957,0.07466998562233294
958,0.07071980917292721
959,-0.01402801552355661
960,0.1111934982251905
961,-0.01566164788453896
962,0.15094093072476417
963,0.10024712308630551
964,0.13806240728264096
965,0.04798001111343852
966,-0.03956523066651124
967,-0.0017280632424276094
968,-0.23725550263473597
969,0.13461851757434515
970,-0.17586648468933097
971,0.054491971922754394
972,-0.08506167195681387
973,0.42980156163323113
974,-0.27291048691367786
975,0.10931364445352519
976,-0.028423878843070547
977,-0.19280772753434142
978,-0.2954390068616672
979,-0.04920091251293764
980,0.29509593573465415
981,-0.3746286995630378
982,-0.049962647877308544
983,0.023800245235541324
984,-0.255116721544664
985,-0.25148312379597443
986,0.1732113212201829
987,-0.05044608141229512
988,-0.13198735275563797
989,0.2105353996032482
990,-0.14540048034573488
991,-0.0023095572140641655
992,0.22054564399692198
993,-0.18416486714067976
994,-0.11982995609506056
995,-0.4502398852087271
996,-0.3606394811005457
997,0.23487836928893932
998,-0.43382586814772084
999,-0.37357517991672623
1000,0.017982365178974915
1001,0.362371572821179
1002,0.0845610246826065
1003,-0.5434059384363821
1004,-0.19560067003943984
1005,0.05323860267388258
1006,-0.2380752741061315
1007,0.15942946225968346
1008,-0.042847879410511096
1009,0.11673812608288377
1010,0.1316290450637575
1011,0.07715557421133917
1012,0.3248099511216393
1013,0.20116249422322316
1014,-0.13019418903038663
1015,0.12206521320677655
1016,0.17335927751148747
1017,0.12068964525184937
1018,-0.3314504035424671
1019,0.48665889691160885
1020,-0.11052320573927793
1021,-0.40455403819569336
1022,-0.0937240262905217
1023,-0.10345041688646384
1024,0.14609346686141905
1025,-0.027757411834430316
1026,-0.026408773699509145
1027,-0.01623875328400746
1028,0.11148186554367145
1029,-0.16976290172456038
1030,-0.06537557489917506
1031,-0.16316140316790587
1032,-0.1374799602000853
1033,0.07514447566527505
1034,-0.07143500199537947
1035,-0.11067197621340998
1036,0.02919676278165119
1037,0.0958255867471435
1038,-0.11278515223703107
1039,-0.10008172046163785
1040,0.19043461333003178
1041,0.27958581234717406
1042,0.26917441159352795
1043,-0.07988201334314621
1044,0.06837454127365412
1045,-0.18693326211566932
1046,-0.20844968038374395
1047,0.25810058137714276
1048,0.35367551180137424
1049,-0.27129774096700143
1050,-0.02897669367284387
1051,-0.21266135102394124
1052,0.05695330747095517
1053,-0.003430730375515608
1054,0.1266198728798297
1055,-0.08702055290484027
1056,-0.2920959486886493
1057,0.2505582402808569
1058,-0.44634927158514615
1059,-0.12088893499622753
1060,0.1000755934917987
1061,-0.07108685193753218
1062,0.0050771309506550105
1063,-0.025667727942795142
1064,-0.04050191839487848
1065,0.11524435681762692
1066,0.004073394244773283
1067,-0.5191562637724123
1068,0.1432856394123284
1069,0.06800475143582561
1070,-0.08393788193463488
1071,-0.1465875180934364
1072,-0.06310078805789902
1073,0.21772811240681428
1074,-0.07342241006346593
1075,0.15963300014344198
1076,0.09854155712725782
1077,0.09057135303345994
1078,0.12128077487958056
1079,0.02787055127802081
1080,-0.20616546777756356
1081,-0.09093297691855173
1082,-0.1912686556968496
1083,-0.003106121482751964
1084,0.37847696025796673
1085,-0.07041693176366455
1086,-0.18188083837965266
1087,-0.06478002178868592
1088,-0.3568258150296882
1089,0.0011388377019211366
1090,-0.03944555953476799
1091,0.10437174372879181
1092,-0.09116125101381514
1093,-0.14739215203128697
1094,-0.19678914238743814
1095,0.24035015468569565
1096,-0.16071978594975012
1097,0.013729693724918697
1098,0.3892884548815879
1099,0.5178764290232541
1100,-0.08819690645528075
1101,0.03893081647970343
1102,0.025935645142911502
1103,-0.11982883669972039
1104,-0.25568294913070383
1105,0.24506555283868908
1106,0.03633370820680277
1107,0.05491633401580032
1108,-0.06491532587692905
1109,-0.02990485336188438
1110,0.18397226820828513
1111,-0.222603669733413
1112,0.42301445115452935
1113,0.3141248355674134
1114,-0.10580359653223395
1115,-0.15812932620594333
1116,0.012936687033951082
1117,-0.12214285618562762
1118,-0.006140726884748545
1119,0.4372198127548805
1120,0.20032280911325961
1121,-0.5332934806425232
1122,0.11090892328471032
1123,0.1100214771791464
1124,0.03854840803404522
1125,-0.08296696494825784
1126,0.02105156305557146
1127,0.008178497441429596
1128,-0.1302889787087558
1129,0.16061255162988966
1130,0.0897275585540066
1131,0.06255469218459458
1132,-0.1112245620353918
1133,0.11408067640198166
1134,0.006029629133602058
1135,0.11558990499195208
1136,-0.2308199106982257
1137,0.07572662706121379
1138,0.06703498912674537
1139,0.5026772835316946
1140,0.011908337894588584
1141,0.09497524216140908
1142,-0.034754771471398896
1143,-0.26073968613117654
1144,-0.015610637602427145
1145,0.20803067376905962
1146,0.35098829133450193
1147,-0.18005910239101774
1148,0.5952784119788247
1149,-0.06484874357490315
1150,-0.12609045667434898
1151,0.011992637173026326
1152,0.00026983270240972323
1153,0.28623516567425744
1154,-0.3151380480263776
1155,0.06364426422293072
1156,0.01195946604705113
1157,-8.734793962709304e-05
1158,0.4583995132202081
1159,0.24586271857564984
1160,-0.034819296398701655
1161,-0.3759971743537661
1162,-0.32138877711512254
1163,0.1453067487629087
1164,-0.037703208887946045
1165,0.33743781259534195
1166,0.21642670063962433
1167,-0.8033330814438083
1168,-0.22157614441605342
1169,0.330061193601003
1170,0.06867971622169917
1171,-0.18301565455448512
1172,-0.4227941758163006
1173,0.07735762718483954
1174,0.06964352188179536
1175,0.14445577100905985
1176,0.003946657946592302
1177,0.44065282529306143
1178,-0.2339824351390025
1179,-0.1372652691263315
1180,-0.06498419651605117
1181,-0.10032197058053559
1182,0.03683564515081836
1183,0.05244773818682308
1184,0.3234757696402706
1185,0.07011586351613922
1186,0.00404149290604256
1187,-0.06176927871558447
1188,0.0022127619576095374
1189,0.034057823883882204
1190,-0.032516272981506736
1191,0.06684837981542614
1192,0.3835911259597964
1193,0.3681745409464433
1194,-0.10257903282813827
1195,0.07680416751637993
1196,0.3636370294787628
1197,-0.17074193334295562
1198,0.04955583811307201
1199,0.4051421978129275
1200,0.05155041337073581
1201,0.1904640445932782
1202,-0.004854314748214659
1203,-0.05922869635512499
1204,-0.02761392440094955
1205,-0.052895212050305035
1206,-0.3601956361234273
1207,0.014172974541600183
1208,-0.06143139292059931
1209,-0.012791690231085843
1210,0.15094775726841303
1211,0.20575760201286603
1212,-0.05605803257006469
1213,-0.14088771190841892
1214,-0.010474647942975234
1215,0.22192419676743597
1216,0.052017068305315786
1217,-0.037519434017985395
1218,0.0183852128766978
1219,0.029555975938987344
1220,-0.11177936735265039
1221,-0.2693234797540277
1222,-0.13919522474913973
1223,-0.01776368488283877
1224,-0.010901443278801916
1225,-0.3575411311889072
1226,0.32849464885324947
1227,0.014310344201538724
1228,0.3124264699568076
1229,-0.2930317495186146
1230,-0.2602735907751772
1231,0.2186580786093647
1232,0.29865171226008963
1233,-0.044556508070418194
1234,-0.13095124273948963
1235,-0.18020133702934082
1236,-0.427033657310176
1237,0.38071401573080316
1238,0.01882261068939229
1239,0.14468277752616543
1240,-0.34278169637124484
1241,-0.02151878108253079
1242,0.021478445959041994
1243,0.24329219385090364
1244,-0.09934155051577649
1245,0.26829465582499146
1246,-0.24490331366120946
1247,0.28922746328691296
1248,-0.4037059846254026
1249,-0.24831686451222357
1250,-0.08873936180032767
1251,0.2884015079617558
1252,-0.08905537934751925
1253,-0.28689636029386073
1254,0.050310737158440796
1255,-0.12543891249238448
1256,0.07811178527410922
1257,-0.4156451503016033
1258,0.1605954420270162
1259,-0.086941732220351
1260,0.061859115012551764
1261,0.37938565234371435
1262,-0.08740342509053352
1263,-0.3285239120572767
1264,0.11405445045841485
1265,-0.4003758951940342
1266,-0.14495948796835778
1267,0.002432863237461967
1268,0.6752006933677146
1269,0.41468098830641753
1270,-0.11116654045984777
1271,0.003334167134694423
1272,-0.1489395598680839
1273,-0.06245068051630974
1274,-0.15730631972063125
1275,0.3447318845226036
1276,0.13868499772761514
1277,0.023613100687030583
1278,0.21171390190144754
1279,-0.10445867313275019
1280,0.3892938367461089
1281,-0.05177603378546831
1282,-0.3422543357563492
1283,0.0845095752060199
1284,0.018430067514260386
1285,-0.04155018649075903
1286,-0.10286267861903334
1287,0.07581518001481471
1288,-0.101336411280202
1289,-0.09977732527686116
1290,0.08151308728686184
1291,0.06582491554349484
1292,0.0024600912871832075
1293,0.2363369586308274
1294,-0.002600876341184209
1295,-0.12415869995862304
1296,-0.19401115057140683
1297,-0.1565151480346371
1298,-0.11422507194242104
1299,-0.12724773551270785
1300,0.10806543319867654
1301,0.007338781775181507
1302,-0.035932582273779205
1303,0.08926284042513973
1304,0.1275733729931973
1305,0.24550655843834696
1306,-0.0470806191082956
1307,0.10454851678283124
1308,-0.044202641921525274
1309,-0.2005312293443795
1310,0.09801949198753337
1311,0.015168604877606752
1312,0.10038097358795878
1313,-0.20677515639029093
1314,0.09846275612578377
1315,-0.07484717899008027
1316,-0.03482596143917044
1317,-0.1818917544848698
1318,0.20413397093917987
1319,-0.1136932178808135
1320,-0.03218447065405603
1321,0.4231249366894908
1322,0.0949020894210734
1323,0.03909638879739254
1324,-0.048971332618311145
1325,-0.04276772512337227
1326,-0.07684779556186414
1327,-0.1597080129709625
1328,-0.06284104270835966
1329,-0.11867284827395672
1330,0.03604770931321042
1331,-0.09861880796795487
1332,0.17354785597314504
1333,-0.019389214922248786
1334,-0.025961686210309927
1335,-0.33700640521449365
1336,0.4186407757356767
1337,-0.044990997233769245
1338,0.30481268342865747
1339,-0.018192601811276937
1340,0.08328035890139149
1341,0.11294870476823272
1342,0.0829317705105232
1343,-0.004159725095276769
1344,0.3182423217001673
1345,0.0465143858375047
1346,0.25149949535612237
1347,-0.043782185289521124
1348,-0.046898710503136286
1349,-0.16994839824457583
1350,-0.009294721777285101
1351,0.09963918341912392
1352,0.2816037565536787
1353,0.3321112064477815
1354,-0.0646888310073017
1355,-0.01323475901147786
1356,0.03711395045247999
1357,-0.7277655978445097
1358,-0.22384552641262145
1359,0.41647985812325233
1360,0.37732281222757547
1361,0.53442438080629
1362,-0.031056222965274386
1363,0.3176801662512004
1364,-0.06518608678989947
1365,-0.294622017170078
1366,-0.343688216961226
1367,0.13675047635285978
1368,-0.14536785120914633
1369,-0.18209248196544392
1370,-0.13486143267390704
1371,0.35420272319985957
1372,-0.04409921712153898
1373,-0.166312381660357
1374,-0.16871840026136856
1375,0.13190305019943926
1376,0.28431809761313637
1377,-0.42101596042615663
1378,0.2014220930136385
1379,-0.24507723841382262
1380,0.034825611677432325
1381,-0.33085053790695806
1382,0.2449658172757177
1383,0.4121398383719486
1384,0.0890954896368794
1385,0.020322922171934474
1386,0.18084425448781827
1387,0.0008985714215083665
1388,0.06672051000875981
1389,-0.11508509683988057
1390,0.05294043358295086
1391,-0.0431181065909258
1392,-0.14194498060827287
1393,-0.18099942771903502
1394,0.22438904755423703
1395,0.07691682785726732
1396,0.0038353011734368727
1397,0.4182672395636011
1398,0.19782737572184653
1399,0.3098921792959483
1400,0.16705163417574406
1401,-0.03158656388276228
1402,-0.20344231847911057
1403,-0.16587425352012572
1404,0.323670180153101
1405,0.691430756656347
1406,-0.28166674389999763
1407,0.3498000120611056
1408,-0.06978512673397634
1409,0.2609241863949378
1410,0.15307011363945852
1411,0.07873307405560775
1412,0.21725663710247653
1413,0.6736677125062951
1414,-0.17514813697532935
1415,0.2660465142920355
1416,-0.19228479848645444
1417,-0.34580727317879123
1418,-0.1640781261930512
1419,0.08893664275394379
1420,0.07708158610778916
1421,0.10903370099522276
1422,0.045295936590167986
1423,-0.01867903893701057
1424,0.1204043362921037
1425,-0.07365787647161418
1426,-0.2686330387412018
1427,-0.09618767762254739
1428,-0.1961356094747757
1429,0.28181531497093315
1430,-0.2616055098331289
1431,-0.06394287803969903
1432,0.1160658765474346
1433,0.31894919521442905
1434,-0.049208845807267136
1435,-0.11064089557011064
1436,-0.08790626733427133
1437,0.6093216549593122
1438,0.2858035308958335
1439,0.08126851933677064
1440,-0.20462340776544538
1441,0.13371984555510824
1442,-0.18558244999330087
1443,0.03966968087022378
1444,0.011293587624511563
1445,-0.05516222805424818
1446,0.20419490827519124
1447,0.40334174234312
1448,-0.028061967928096277
1449,-0.254750877839768
1450,-0.07673434962122577
1451,0.30955200333835164
1452,-0.046629712412775304
1453,0.05832599302127572
1454,0.1796084035638513
1455,-0.0024040048659417597
1456,-0.0059438321046010965
1457,-0.2822899559486122
1458,0.075550430105885
1459,-0.1194699822884778
1460,0.014465817261379155
1461,0.009271188989962579
1462,-0.06755337614146
1463,0.31552230497121775
1464,-0.4522171230142319
1465,0.07739032992787391
1466,0.12509066585816966
1467,-0.050563003116838486
1468,-0.025432336666589495
1469,-0.056548942991900976
1470,-0.2031615418043335
1471,0.07475307872202261
1472,-0.08595142879663285
1473,-0.34505480232293995
1474,-0.3551875919712039
1475,0.3167390340260107
1476,-0.3617257980800669
1477,0.04419706704313097
1478,-0.029319777531934307
1479,0.16624342912317483
1480,-0.21918125138551608
1481,-0.0626405712157398
1482,0.1771935722964949
1483,0.11660113831544164
1484,-0.1347837176338544
1485,0.14298569790962254
1486,-0.01989855638597322
1487,0.046470991979549105
1488,0.1608977671730024
1489,0.11392294925910924
1490,-0.011977320029386633
1491,0.07973790845555252
1492,-0.23480026941420032
1493,0.07440742495876011
1494,-0.12861589274348903
1495,-0.2713004084918555
1496,0.1262884732073489
1497,0.08829447953894534
1498,0.34458275224181656
1499,-0.016446197323844478
1500,0.016555766909206855
1501,0.13795284156534143
1502,0.17573887578271846
1503,-0.13950669843285857
1504,-0.3675290572466218
1505,0.1698393129210792
1506,0.21437751058958862
1507,-0.10317299853004756
1508,-0.046640525381913746
1509,-0.08821955570241684
1510,-0.06514822355594617
1511,-0.002862943618368134
1512,-0.19952202615588288
1513,-0.11472691290040687
1514,0.025338410640893698
1515,-0.21652178112177117
1516,0.300586729113345
1517,-0.0186618536698342
1518,-0.04578121902241511
1519,0.020915366761087267
1520,0.12076149393297578
1521,0.039237133063377144
1522,0.17609783471960153
1523,-0.010198515440722202
1524,0.3152505096925423
1525,-0.09601614572005328
1526,0.2602967016208893
1527,0.37819334815703753
1528,0.29915507509352773
1529,0.02276262119039401
1530,0.01049338830695096
1531,-0.15982762706438855
1532,0.17981377969841605
1533,0.00692031821578677
1534,0.08816656882312833
1535,-0.22764706666734613
1536,-0.07596010011572936
1537,0.04017637744544983
1538,-0.09569180657043637
1539,0.19343852761646346
1540,0.06348766952011521
1541,-0.021538185012549005
1542,-0.05597058514024437
1543,-0.20058545552036514
1544,-0.07917151548160313
1545,-0.03712266820931695
1546,-0.0041398931888225856
1547,0.014853907422107073
1548,-0.03730623132621763
1549,0.2298381429305676
1550,0.08306147542473183
1551,0.29172933920042843
1552,0.32952250293500734
1553,-0.0026829298850182676
1554,-0.22676427185021902
1555,-0.1433535758335687
1556,-0.23047795883009414
1557,-0.06413079129663049
1558,-0.08736536563981513
1559,0.17634006845333375
1560,-0.15724522263749685
1561,0.2398507780521433
1562,0.20154780619771526
1563,0.18790685796630394
1564,-0.008175547969735422
1565,-0.6443913116847765
1566,-0.08993052148806592
1567,0.631035525579412
1568,0.29725825001234635
1569,0.4890469824887769
1570,0.2952470350344352
1571,-0.31967220630411597
1572,-0.06331755388479131
1573,0.01802182976260192
1574,-0.053693866575599984
1575,0.1683416822269101
1576,0.4764028017830959
1577,0.1525961195816036
1578,-0.0707894711516151
1579,0.0335104410665824
1580,0.47863838344507714
1581,-0.23969169160286166
1582,0.09356237908577307
1583,0.4598545689909977
1584,0.14496125353336353
1585,0.370848797895488
1586,0.36624291079727533
1587,-0.23873095836992086
1588,0.3762376230883394
1589,-0.11933909213108332
1590,0.39553896889291246
1591,-0.5104674102976675
1592,-0.007138801950722358
1593,0.3842694432073765
1594,0.037090230644471214
1595,0.1942292639256607
1596,0.2286368384632017
1597,0.6622868493887364
1598,0.08802659386530826
1599,-0.009436360118103736
1600,-0.40590482110198717
1601,-0.09219593659856362
1602,0.13794803555704405
1603,-0.11829577875196894
1604,0.10310468248302039
1605,-0.41106200949003024
1606,0.5269050677866532
1607,-0.15007769753383315
1608,-0.17049827560308298
1609,-0.06973700010467189
1610,-0.0978118340326598
1611,-0.15271499864612434
1612,0.2292652847106081
1613,-0.17356989609868065
1614,0.11880557933878279
1615,0.16184721314552566
1616,0.15270357868310788
1617,-0.030561068537109406
1618,-0.3269718488335884
1619,-0.3548546752688503
1620,0.3699366914726087
1621,0.3449465211482902
1622,-0.12284477971579029
1623,-0.37761779779962407
1624,0.44590864863719015
1625,0.007097144650622347
1626,-0.23695406563841873
1627,0.39435605409409524
1628,0.1076560869665933
1629,0.07964871109557929
1630,0.4055025214284173
1631,-0.5008435693528753
1632,0.19328753856157743
1633,-0.10306268832147646
1634,0.16206452213709963
1635,-0.030880334947130664
1636,-0.5710665880829603
1637,0.20315033263310286
1638,0.16434827386168618
1639,0.08845889651961276
1640,0.166608571056496
1641,-0.010480215974330805
1642,-0.3043129135645744
1643,-0.3559730589807896
1644,0.21066779499371235
1645,-0.21318836636136462
1646,-0.3655245440615756
1647,-0.08578310936794716
1648,0.28422147965418426
1649,0.474561010335441
1650,0.2985904967398754
1651,-0.21042364987749476
1652,0.12828886530171457
1653,-0.17026397993119122
1654,0.2756592041321156
1655,0.045020701221909085
1656,0.0237343064432845
1657,0.007868252277566415
1658,0.1177161177716207
1659,0.1351127011398489
1660,-0.16443157473629808
1661,-0.13141916266958678
1662,-0.002660687654955787
1663,0.2999676816970001
1664,0.12894823061905888
1665,-0.23905516208806335
1666,0.06183640030443399
1667,-0.2607843753458655
1668,0.12614778361930398
1669,0.3035385135433882
1670,0.23755282610382375
1671,0.07403957242027585
1672,0.020095704412476736
1673,0.3512348393895349
1674,0.25878052310912775
1675,-0.24625589658089556
1676,0.01015684691112399
1677,-0.22510538138857214
1678,0.08577627328125642
1679,0.09736086664379434
1680,0.13035717699077856
1681,-0.06728049344129468
1682,-0.13737035224143482
1683,0.01829029667934655
1684,0.24197404262855673
1685,0.3600847471954311
1686,-0.05744155428474132
1687,-0.029372144957683508
1688,0.037626217633519386
1689,0.15889671445888193
1690,-0.33693505603292245
1691,-0.06486876594315097
1692,-0.08438406863135753
1693,0.178121153840077
1694,0.04433253885619398
1695,-0.3368203831327255
1696,0.025198985142581603
1697,-0.02444839284549606
1698,0.741524695790326
1699,-0.06282805422538396
1700,-0.2278506174850577
1701,0.8068479370100121
1702,-0.0769663041432789
1703,0.023508820982205123
1704,0.2692423004605628
1705,0.19681979789461376
1706,0.1612296030401788
1707,0.46038863127475155
1708,0.30479114966987897
1709,-0.06837594561019066
1710,0.19172026207862392
1711,0.4278560675328677
1712,0.16468705970863437
1713,-0.5134189231877201
1714,0.08870419440380843
1715,0.2845683746673807
1716,0.2787243438926008
1717,0.16629292347082425
1718,-0.0174219356524482
1719,0.09728526517265984
1720,0.016480332715532953
1721,0.23576165126855667
1722,-0.313542497572088
1723,0.22538854131823957
1724,-0.3164866306609791
1725,-0.031825670119631826
1726,0.030742287104485545
1727,-0.050095455326461355
1728,-0.2787973208419824
1729,-0.25762996353373874
1730,-0.09441990994971283
1731,-0.025557820644938632
1732,-0.06376176042828578
1733,0.19600316645200347
1734,-0.35089642944407934
1735,-0.13259502144768767
1736,0.5940290364608631
1737,0.04160399146708512
1738,-0.6104255276851588
1739,0.2163537478711838
1740,-0.027605784587825356
1741,0.35446501328516805
1742,-0.08837269074258597
1743,-0.05917608334614104
1744,0.13281664939836937
1745,0.02385814179465679
1746,-0.25795967533189873
1747,0.002749149682462458
1748,0.07759664308818018
1749,0.22191787515464267
1750,-0.16109664880615088
1751,-0.16261470809645093
1752,-0.10362132157738968
1753,-0.06725847074829958
1754,-0.11145610916778279
1755,-0.32108272484314315
1756,-0.3031991843617802
1757,0.4945638746800612
1758,0.12431366624219435
1759,0.055322150247184426
1760,0.044747879224817544
1761,-0.03552071237360567
1762,-0.3266379100787108
1763,0.022642161052067122
1764,-0.32862345969229834
1765,-0.06458778330974849
1766,-0.1595183344152632
1767,-0.1349429121887648
1768,-0.05807276632320785
1769,-0.5276072681200921
1770,-0.03268969979719688
1771,-0.20811839289971096
1772,-0.6207340828927139
1773,0.1217691305784631
1774,0.018275127199452984
1775,0.1753590525762485
1776,0.1511239448797511
1777,0.015068235950774795
1778,0.20104523206045632
1779,-0.12080357561981767
1780,0.6295761374561064
1781,0.04413356745631619
1782,0.1921917037998087
1783,0.30457908902560543
1784,0.10081560617896164
1785,0.1315439076668621
1786,-0.22144975499432162
1787,0.5420079219370523
1788,-0.04444762740750687
1789,0.1779820923259573
1790,-0.07409233068660342
1791,0.5995509116577982
1792,0.18340755532409947
1793,-0.005336310261138386
1794,-0.45590928627240696
1795,-0.048860768509221254
1796,0.776720403954821
1797,0.4041028184553596
1798,0.10996587972948084
1799,-0.08072517419941976
1800,-0.4313206892182101
1801,0.027782361590400623
1802,-0.22783537893027295
1803,-0.22872561242621323
1804,-0.2116672394981218
1805,-0.08124228272977094
1806,-0.22486063407526077
1807,0.32738568066319773
1808,-0.20208458140611876
1809,-0.1514423554484185
1810,0.05285881915361126
1811,-0.36573039529969714
1812,0.061545112126688194
1813,0.021255729457816636
1814,0.30220042563953486
1815,0.2894484626007338
1816,-0.06303888446775317
1817,0.03388100621374815
1818,0.025958322099301524
1819,0.17681472201655732
1820,-0.8279168304585348
1821,0.04892871599309107
1822,0.7534322508923935
1823,0.24196016401562673
1824,-0.026188734569599047
1825,0.3113471434493753
1826,0.12324952077071087
1827,-0.1501330256399628
1828,-0.0643686823943931
1829,-0.23020530595880545
1830,-0.004086727724013867
1831,-0.08031692325763938
