,eda+hr_XAp0,eda+hr_XAp1,eda+hr_XAp2,eda+hr_XCond1,eda+hr_XCond2,eda+hr_XDist,eda+hr_XFuzz1,eda+hr_XFuzz2,eda+hr_XK2_1,eda+hr_XK2_2,eda+hr_XPermEn,eda+hr_XSamp0,eda+hr_XSamp1,eda+hr_XSamp2,eda+hr_XSpec
0,,0.0,0.0,1.158210960056244,0.7492061283538943,0.7457974776129704,0.010824939034225515,0.02948580740758363,,,0.30393309777884125,inf,,,0.15856346998398985
1,,0.0,0.0,1.6548718641560853,1.0364468114448087,0.9310582987139534,0.13210955285024228,0.2919183917949413,,,0.45235697871908603,inf,,,0.1793303575453794
2,,0.0,0.0,1.489074324339193,1.2492243817556217,0.8667508654632783,0.10376994309383361,0.2413737957822687,,,0.43586655696697996,inf,,,0.16879691216201395
3,,0.0,0.0,1.544563455253372,0.8114402721198957,0.8614001704461266,0.13305003086885783,0.2579859219046745,,,0.44144624493110796,inf,,,0.17713773121255588
4,,0.0,0.0,1.4702251035152087,1.1429589881527467,0.8340377136630772,0.06977608620846087,0.16483099887892794,,,0.42445136339222655,inf,,,0.1670149574324513
5,,0.0,0.0,1.5720384138310863,1.191285665908319,0.8894032619360962,0.12665560117436742,0.2958115102986897,,,0.4928685327679205,inf,,,0.17013524530250687
6,,0.0,0.0,1.6552910311010849,1.295047517994679,0.9253240159597342,0.10465222696945425,0.24682445478488654,,,0.4576907132971797,inf,,,0.16720004696851407
7,,0.0,0.0,1.6626514787433786,1.2580361510767293,0.9355977853331146,0.17830980777644287,0.32197940614835635,,,0.4576907132971797,inf,,,0.1642552829090816
8,,0.0,0.0,1.4384761655244962,0.885855927599761,0.869608592752347,0.043506529768788764,0.09577136970001987,,,0.41268473150466,inf,,,0.16156418051533422
9,,0.0,0.0,1.657285982199245,0.9144677272230848,0.9729703309222364,0.30963998991034314,0.48621752780559896,,,0.43586655696697996,inf,,,0.1646476214932053
10,,0.0,0.0,1.6921154664440512,1.3395703863648725,0.9508460850770601,0.5146823687708884,0.6851159347856821,,,0.468121228110369,inf,,,0.170250260321296
11,,0.0,0.0,1.6550627553952622,1.189180031964589,0.9179308574285341,0.29067539986379304,0.427121132557247,,,0.49759852643134905,inf,,,0.16254888164605893
12,,0.0,0.0,1.7396982595409618,1.2101965061711697,0.9515322215388955,0.37671764750221653,0.47045925422563883,,,0.43586655696697996,inf,,,0.18761741928164544
13,,0.0,0.0,1.2920173031526674,0.9796246125601353,0.8472068888010781,0.032792117723399815,0.07292937459741489,,,0.288175044534938,inf,,,0.16127390553897822
14,,0.0,0.0,1.1835340366127074,0.5536145344446487,0.7762811795449448,0.0698705665889783,0.14301849754929657,,,0.4576907132971797,inf,,,0.17830749438844282
15,,0.0,0.0,1.674100277535881,1.089889107859778,0.9418449657493007,0.11991333299475798,0.2302540423150465,,,0.4576907132971797,inf,,,0.16606886128109224
16,,0.0,0.0,1.4724429734263287,1.1080277187470051,0.877799754712725,0.19997667663273985,0.35221609357810124,,,0.4576907132971797,inf,,,0.17687512889717036
17,,0.0,0.0,1.6250750972386836,1.268690068037858,0.9270703823932946,0.2699634345145153,0.5171363548186811,,,0.5113665138247345,inf,,,0.1791894692167314
18,,0.0,0.0,1.6374716618865206,1.2646462682576394,0.9248083678244595,0.11236965282417974,0.24442826904146972,,,0.552929491858785,inf,,,0.1636386245064012
19,,0.0,0.0,1.5099551129939401,0.7737864252963804,0.8821150730650505,0.10499534980716907,0.24329245743404038,,,0.468121228110369,inf,,,0.16919569735830736
20,,0.0,0.0,1.5142822380216256,1.1600089188654483,0.9046623951868291,0.11356969423400995,0.2831569054608868,,,0.5113665138247345,inf,,,0.1598164772960889
21,,0.0,0.0,1.7210741430790952,0.9682266235670707,0.9637581706160622,0.21829205960421116,0.4647031830937836,,,0.4576907132971797,inf,,,0.16014944602389936
22,,0.0,0.0,1.7435249326776756,1.2864962963399278,0.9727961145138369,0.22298243127719589,0.46600258185077337,,,0.5068466436745385,inf,,,0.17297367376276337
23,,0.0,0.0,1.6321207460316014,1.1427962916533894,0.9342841250415941,0.19326109646159423,0.4021071029022101,,,0.48319206230712763,inf,,,0.17649423184557397
24,,0.0,0.0,1.7507938060575752,1.367676107565841,0.9403525089347577,0.1709558967913294,0.3831477200887711,,,0.4576907132971797,inf,,,0.1831263079819257
25,,0.0,0.0,1.5527998278871005,0.8809636897980999,0.9125292883111126,0.18342668215621236,0.333412193268677,,,0.5202020156036558,inf,,,0.1697353042192605
26,,0.0,0.0,1.6375350897582863,1.1897307878447214,0.9173940850674257,0.12083760262695036,0.28827483574456597,,,0.4880666971167561,inf,,,0.16471797672215588
27,,0.0,0.0,1.2097104608685216,0.5771471259864038,0.8959733440156181,0.050624236093431224,0.11951864592014,,,0.3751344627501719,inf,,,0.16916207250343684
28,,0.0,0.0,1.7563267715729072,1.2668155046168044,0.9300478027480727,0.011211673952238158,0.02769345671770392,,,0.38804190201132227,inf,,,0.16286913802771413
29,,0.0,0.0,1.41147515878838,1.0886693167160637,0.9279316257613828,0.05054205654909851,0.08870346553829812,,,0.3338418249889409,inf,,,0.17248810735786982
30,,0.0,0.0,1.7332360661857171,1.2555380354758114,0.9438518954703522,0.012702293374987489,0.03404591913406116,,,0.31914402280573173,inf,,,0.16817462960838547
31,,0.0,0.0,1.6514582077979174,0.8754347176987367,0.9286971083888782,0.1295906883321665,0.2815797756670517,,,0.48319206230712763,inf,,,0.16562076417771257
32,,0.0,0.0,1.6997622616177614,0.91685189274811,0.9366338019441818,0.07419282991985908,0.18898423165295752,,,0.44694259446804574,inf,,,0.1677982425273902
33,,0.0,0.0,1.628882146251401,1.0184696641968918,0.9170861840063367,0.04438987766854346,0.11597135105256642,,,0.5022576003740722,inf,,,0.16641894032337945
34,,0.0,0.0,1.4894012230850415,1.211615353455294,0.8684099393583596,0.020345573729954387,0.05855096723840457,,,0.4302020962658841,inf,,,0.1689838865175083
35,,0.0,0.0,1.6976478325724962,1.309049636091441,0.9551353627906851,0.007195384337760558,0.022363116994887217,,,0.41861278947482794,inf,,,0.16732444545570746
36,,0.0,0.0,1.5740849115067999,1.1698869742695526,0.9013249574018529,0.008465444573976496,0.026281191335309338,,,0.41268473150466,inf,,,0.16467056455719478
37,,0.0,0.0,1.4916391942330018,0.9391075229815019,0.8762036370834418,0.15839567087507544,0.26964389489401963,,,0.47824363442641393,inf,,,0.18797263882064183
38,,0.0,0.0,1.6917069339402255,1.108761533488696,0.9487803527975119,0.10838861239634179,0.26417271737734727,,,0.38163879478178075,inf,,,0.16994253713525637
39,,0.0,0.0,1.4863274036752032,1.130871593104663,0.8662465853072876,0.1294364340630672,0.2544898859969498,,,0.3751344627501719,inf,,,0.16989707368993456
40,,0.0,0.0,1.5654952857107192,1.0278959056402344,0.9004605170733716,0.07995709870121208,0.1894929446445951,,,0.4928685327679205,inf,,,0.16483116199584777
41,,0.0,0.0,1.597004264492236,1.1100007243414245,0.8834682338321548,0.08257424895909932,0.20288983800732358,,,0.47824363442641393,inf,,,0.1742804729761235
42,,0.0,0.0,1.6966993890354427,1.1472008545254464,0.9339039735748226,0.035259211718517654,0.09274523610919895,,,0.44694259446804574,inf,,,0.16895339578528804
43,,0.0,0.0,1.1963399889002213,1.002691670141818,0.7816037248396139,0.03629758512800758,0.09411049316098916,,,0.49759852643134905,inf,,,0.16423459592460354
44,,0.0,0.0,1.7479196631687095,1.4570197249273067,0.9487738211530482,0.11969701360732793,0.2630968312456523,,,0.5158180382284114,inf,,,0.16467074836840492
45,,0.0,0.0,1.7567424038472272,1.5114254280391772,0.966638076457269,0.21178622732152613,0.4654039461280089,,,0.468121228110369,inf,,,0.17236971372299253
46,,0.0,0.0,1.643794338565496,1.4854767229548997,0.9273045437056165,0.12243675283465598,0.24203123257248596,,,0.49759852643134905,inf,,,0.16875244997694952
47,,0.0,0.0,1.3778777885663407,0.7160578438510818,0.81180477224716,0.05822674345321384,0.11833129384080332,,,0.48319206230712763,inf,,,0.1642473202518076
48,,0.0,0.0,1.3806922249851301,1.12255400946577,0.7919132949403767,0.023428137581416406,0.05991520417523154,,,0.42445136339222655,inf,,,0.1608762854936099
49,,0.0,0.0,1.6048339885134975,1.1256020692351567,0.8868617560501524,0.0011387624024896687,0.0035583479642537818,,,0.4629450596409901,inf,,,0.1625963150357316
50,,0.0,0.0,1.6504779341874996,1.3101748815497865,0.9283081702265136,0.0027298812117039057,0.008328258492638362,,,0.5068466436745385,inf,,,0.16026294235848038
51,,0.0,0.0,1.4248549787662546,0.9837792171140058,0.8581488987395584,0.006323478865779338,0.019422388020049794,,,0.48319206230712763,inf,,,0.16554113719410993
52,,0.0,0.0,1.472843556310767,0.6323110699309917,0.8302114137558427,0.0012134577938500296,0.0038718130902284037,,,0.47824363442641393,inf,,,0.16363490140044362
53,,0.0,0.0,1.5886299264797212,1.0690899549717947,0.8966523235693078,0.0013198233860030146,0.004138757597094877,,,0.4066654671944331,inf,,,0.16435295065172784
54,,0.0,0.0,1.3456912842516813,0.7560982076165104,0.7867420464125306,0.002462244798368698,0.0075514240141182866,,,0.4629450596409901,inf,,,0.16464738516634425
55,,0.0,0.0,1.690275608427306,1.0200279681601279,0.937801550904875,0.013360942542153377,0.03939142732357396,,,0.4928685327679205,inf,,,0.16479383779385642
56,,0.0,0.0,1.304835736417748,0.9093746201345945,0.7586117902618442,0.03191735859479045,0.07118438809955113,,,0.5068466436745385,inf,,,0.1640000544991838
57,,0.0,0.0,1.5908518408047496,1.397602242835772,0.9060628538122597,0.045882988076300577,0.1264426690460181,,,0.5113665138247345,inf,,,0.16487856403756615
58,,0.0,0.0,1.539074033959475,1.2851339200840934,0.8891850930099389,0.004093356739140784,0.01219979166796175,,,0.4928685327679205,inf,,,0.16363084103058595
59,,0.0,0.0,1.6416397856729894,1.005811892497291,0.8954310584631594,0.005148682760731419,0.015458368176770904,,,0.5202020156036558,inf,,,0.1643842589507863
60,,0.0,0.0,1.6611428363194896,1.144022373995296,0.9001758120043031,0.017955309897358385,0.051168648425707466,,,0.4880666971167561,inf,,,0.1629858869138336
61,,0.0,0.0,1.710221986211378,1.4709863520284436,0.9557329676743488,0.006126997832025931,0.018933308315676793,,,0.5113665138247345,inf,,,0.1628250835222816
62,,0.0,0.0,1.692620607597083,0.9071219365175931,0.8986660565136649,0.0010106802646795122,0.0031692717930231424,,,0.47824363442641393,inf,,,0.16102249690626588
63,,0.0,0.0,1.6954788803694782,1.4073311967300552,0.9619289793852986,0.0018754277438942138,0.005829021773283937,,,0.48319206230712763,inf,,,0.162809559097184
64,,0.0,0.0,1.741106954679216,0.9594520622133059,0.9165329861594076,0.0017325467070183579,0.005526870008740494,,,0.5113665138247345,inf,,,0.16320352331126226
65,,0.0,0.0,1.4775474671224156,0.9775316391511811,0.8222044050793612,0.011503012507443764,0.03130259892138649,,,0.5158180382284114,inf,,,0.16586042339846732
66,,0.0,0.0,1.621171398563089,0.9173150878464805,0.8789330607815186,0.0025130963042865177,0.007769366500216668,,,0.44694259446804574,inf,,,0.16348126917402087
67,,0.0,0.0,1.1712721952525533,0.6540455469999127,0.7447371549568383,0.0235934441315875,0.054696654688740964,,,0.5158180382284114,inf,,,0.1643712305624806
68,,0.0,0.0,1.4053921771543234,0.9076356972265022,0.8097892931363672,0.022870891380799573,0.062329385395266376,,,0.5022576003740722,inf,,,0.16800671442530474
69,,0.0,0.0,1.6724797449848268,1.4062207126488337,0.9407720836409694,0.00343371811273522,0.010479314743241272,,,0.5370774965580548,inf,,,0.16514633233367562
70,,0.0,0.0,1.524277426246636,1.3076373983424259,0.8609647315963246,0.004990290724050823,0.015175662223490257,,,0.5113665138247345,inf,,,0.1647144584862046
71,,0.0,0.0,1.3252418616960422,1.1078806204387253,0.7743017584588647,0.004627135758270702,0.01413898571047073,,,0.47824363442641393,inf,,,0.16336861538668315
72,,0.0,0.0,1.6589075290012032,1.0294413581634732,0.9134295189357176,0.0025907080328674134,0.008114468478770873,,,0.5329562494928909,inf,,,0.16313696149004264
73,,0.0,0.0,1.4090536174980597,0.7434613855448103,0.8098150070723187,0.001463821419888888,0.004637083621637776,,,0.5113665138247345,inf,,,0.16273166229344355
74,,0.0,0.0,1.4054161675664065,0.8258040615398584,0.8078455272406144,0.007429083876449641,0.02250162982563543,,,0.5022576003740722,inf,,,0.16360248747664774
75,,0.0,0.0,1.6063535017512272,1.0194623095239739,0.8755086437724253,0.0048195709687654294,0.014904034208897406,,,0.4880666971167561,inf,,,0.1629205539930599
76,,0.0,0.0,1.7333770550594094,1.0383194525329018,0.9229466335058387,0.0035058204832612676,0.010840897376486053,,,0.5113665138247345,inf,,,0.16260923922481063
77,,0.0,0.0,1.2253686551330438,1.0398095828043061,0.7638925319983737,0.0382206309935938,0.09644108829505303,,,0.48319206230712763,inf,,,0.16893077189938635
78,,0.0,0.0,1.5146708514356133,0.7946274273625241,0.851301265666863,0.12991248659625482,0.24921111065366586,,,0.47824363442641393,inf,,,0.20221945752082837
79,,0.0,0.0,1.6835210719945652,1.6432240422852211,0.94075914795121,0.11225040498584564,0.24708681840275676,,,0.581717464821069,inf,,,0.20550880730421234
80,,0.0,0.0,1.5918900580907185,1.208397975795655,0.8747078549642181,0.01335269200083254,0.03446306847997886,,,0.4880666971167561,inf,,,0.17532060584532028
81,,0.0,0.0,1.0443746019062259,0.8584404198449717,0.6890871556407075,0.01831808252090949,0.05063799621617307,,,0.5370774965580548,inf,,,0.16473235123142088
82,,0.0,0.0,1.6864888250226604,1.2446128473539755,0.8950857855276086,0.004659950178520519,0.014007867740187151,,,0.47824363442641393,inf,,,0.1645868410865902
83,,0.0,0.0,1.7016951070654422,1.147459077866096,0.9376866279562186,0.007018824301108619,0.021366779007284207,,,0.38163879478178075,inf,,,0.17948561337339866
84,,0.0,0.0,1.2733068887140164,0.6653079399008287,0.8829874453088443,0.012139242714906523,0.030740112037881306,,,0.3751344627501719,inf,,,0.1755966190238208
85,,0.0,0.0,1.7027008671425123,1.2218919465537543,0.9248597209898002,0.017672302335299643,0.04725099528850357,,,0.43586655696697996,inf,,,0.16374251844530555
86,,0.0,0.0,1.5669093946547903,1.0297735179459349,0.895522699994392,0.019695305447981586,0.05291329885586414,,,0.38163879478178075,inf,,,0.1647760485716653
87,,0.0,0.0,1.770075568873515,1.4250429828436457,0.9353883365311866,0.01139483311386492,0.03278943306567973,,,0.3265551233283096,inf,,,0.16494422660304667
88,,0.0,0.0,1.4063593768722176,1.1132501871215805,0.8263398456890925,0.008056240286373867,0.024536658517099793,,,0.2961247884481232,inf,,,0.16559901196411858
89,,0.0,0.0,1.6602588967537621,1.2945427375909577,0.9103661636197128,0.01224971701013299,0.034330256520059374,,,0.38804190201132227,inf,,,0.16798382952083135
90,,0.0,0.0,1.7531359715718764,1.4400495170336995,0.9351291436051917,0.007615690713872626,0.021929610552677704,,,0.28007874463063287,inf,,,0.16779066809265755
91,,0.0,0.0,1.7091586068308493,1.3472476756587202,0.926327251398245,0.013764746211063033,0.03824738268179814,,,0.38804190201132227,inf,,,0.1641336067946805
92,,0.0,0.0,1.6657336294994134,1.3684039204043705,0.9499924803204027,0.010815960081922234,0.0321055048244205,,,0.38804190201132227,inf,,,0.16454227283627626
93,,0.0,0.0,1.6082598041925003,1.39583583233122,0.9036407729067145,0.01244755906978146,0.03412189932448863,,,0.3943459996787778,inf,,,0.1635833077808069
94,,0.0,0.0,1.3234417820277309,1.1455344235278921,0.7815048148500362,0.023580757876534256,0.061887796549400305,,,0.38163879478178075,inf,,,0.16202516811031253
95,,0.0,0.0,1.5243094457304107,1.3669987609790586,0.8616607699014981,0.028600554811476015,0.0702636827401911,,,0.3265551233283096,inf,,,0.16707491209788136
96,,0.0,0.0,1.3144026090407013,1.1096614404959355,0.8217556110890657,0.023851103095729655,0.05858378974230405,,,0.38804190201132227,inf,,,0.16454240720143537
97,,0.0,0.0,1.551888627643005,1.3619886654809454,0.8674132538125983,0.022526787054152803,0.060305288937913426,,,0.38804190201132227,inf,,,0.16546338719730602
98,,0.0,0.0,1.614518063604853,1.203275396319487,0.8769627188898774,0.037335632562610216,0.09820136608971408,,,0.38804190201132227,inf,,,0.16601804487736035
99,,0.0,0.0,1.6136335637401626,1.1681727383421276,0.9189441287623346,0.04149761413219328,0.10694431113310464,,,0.40055318934786044,inf,,,0.15917563751977118
100,,0.0,0.0,1.7208905824222744,1.4428150531226946,0.9489245058881931,0.009737104598565662,0.028561189965570236,,,0.34100769111774265,inf,,,0.16269914691271675
101,,0.0,0.0,1.5596673866242137,1.0682448618361806,0.9097675412578239,0.008979726200047253,0.02684146709871782,,,0.30393309777884125,inf,,,0.1652789694707114
102,,0.0,0.0,1.4094150115757695,0.7182521889532325,0.914798964047446,0.004114800289753605,0.012764460569513743,,,0.15800541964703757,inf,,,0.17039569345478356
103,,0.0,0.0,1.7248825584477498,0.8785190112178431,0.9690212747155296,0.0027115755087716046,0.008568231352335219,,,0.22807408875533447,inf,,,0.16445589147620224
104,,0.0,0.0,1.5899959840765283,0.9454032169585466,0.9221446149041385,0.001639050482381136,0.005170579962481095,,,0.4066654671944331,inf,,,0.1644777240842766
105,,0.0,0.0,1.775394624926508,1.1557705628903059,0.9805152892578087,0.007468238444310059,0.023201776792941567,,,0.4732203808476458,inf,,,0.16529938019177357
106,,0.0,0.0,1.6846958148084619,0.9470151730921527,0.9500001288223476,0.003439518273724299,0.010696257452994812,,,0.48319206230712763,inf,,,0.16344681369474942
107,,0.0,0.0,1.651304743523034,1.3573590499215646,0.9053206925133879,0.008153804596914078,0.024520293982936855,,,0.44144624493110796,inf,,,0.16355228064590324
108,,0.0,0.0,1.5925970593605305,1.3882355573532281,0.910175060349892,0.003686761023327306,0.011579747825368478,,,0.30393309777884125,inf,,,0.16079458558762094
109,,0.0,0.0,1.7522436191776176,1.6297621260581172,0.9534678168983308,0.004187895951816134,0.013145229381254888,,,0.34100769111774265,inf,,,0.16312485162298143
110,,0.0,0.0,1.7552408592577575,1.4167482931743214,0.957707501554682,0.0014283435383542573,0.004396924576086432,,,0.27183033608702345,inf,,,0.16469765399108724
111,,0.0,0.0,1.5814446686639867,1.3594481281640038,0.8916220911751034,0.005209853978221086,0.01608269461950418,,,0.35499006010413947,inf,,,0.16374891688691132
112,,0.0,0.0,1.7724538450042713,1.4431181297206486,0.9075038700657576,0.0019293281913061544,0.005464131310210443,,,0.28007874463063287,inf,,,0.16257435876043294
113,,0.0,0.0,1.6322787398367253,1.1880492640565974,0.8766911217279607,0.005838675902630101,0.016255202768505915,,,0.3338418249889409,inf,,,0.16434893105167334
114,,0.0,0.0,1.6870906363863054,1.2876097185439705,0.8919244601436429,0.011862775290605383,0.03346257984716307,,,0.288175044534938,inf,,,0.1598512034574757
115,,0.0,0.0,1.3749845309308535,1.1946799162424673,0.8209055273667119,0.00661121706083982,0.01911189286643581,,,0.3751344627501719,inf,,,0.16301624616067623
116,,0.0,0.0,1.5030482505094787,1.4014770724153987,0.8386175675557473,0.0038827327904436245,0.011158462634540085,,,0.288175044534938,inf,,,0.16303466687966275
117,,0.0,0.0,1.6051787754592695,1.3276224245511044,0.8709412729852101,0.0043182283104282885,0.012488708211896963,,,0.288175044534938,inf,,,0.16269159682525744
118,,0.0,0.0,1.594077740515583,1.4416086202342286,0.8884909148684034,0.008741122732435345,0.026412072548848104,,,0.30393309777884125,inf,,,0.16309509279905984
119,,0.0,0.0,1.6099208783661678,1.0415389860472721,0.9124743668363424,0.01650391789616901,0.046703560951738984,,,0.31914402280573173,inf,,,0.16350236495693074
120,,0.0,0.0,1.4645937769137523,0.690644985899629,0.8909691987940392,0.007155373164838955,0.02018704570046075,,,0.30393309777884125,inf,,,0.16707151705372536
121,,0.0,0.0,1.46266449843133,1.4226312802130345,0.8135161849118371,0.02002795703364606,0.0345580362249637,,,0.34100769111774265,inf,,,0.16386256147895994
122,,0.0,0.0,1.4608798882812328,1.0478491517904136,0.8562041649824443,0.009177387879368521,0.02623940504738192,,,0.45235697871908603,inf,,,0.1666183230829208
123,,0.0,0.0,1.6968498555819662,1.4049146848283351,0.9518029486400528,0.010738346287009422,0.03129321628991547,,,0.36181263880445963,inf,,,0.15791359231432628
124,,0.0,0.0,1.4569774282497667,1.0620959050960828,0.8419083527771999,0.004421509660411114,0.013576944782246896,,,0.28007874463063287,inf,,,0.16944385259768785
125,,0.0,0.0,1.6798920776491209,1.1146206800246725,0.945707433590942,0.0179647457201968,0.05114100526096734,,,0.3751344627501719,inf,,,0.16898402742470697
126,,0.0,0.0,1.6555617651184205,1.286692030979211,0.9155517463722624,0.10269288966010438,0.2426093058308902,,,0.43586655696697996,inf,,,0.15690526742779004
127,,0.0,0.0,1.3280920872293567,0.3886561065840892,0.8399020654463452,0.005756430986885512,0.016964362095677428,,,0.21876365787541036,inf,,,0.17229318824691076
128,,0.0,0.0,1.7000188325732304,1.1189948476512332,0.935725007841624,0.002007498244216343,0.006281989557626655,,,0.27183033608702345,inf,,,0.1649351107147905
129,,0.0,0.0,1.6860646107454376,1.162898755803397,0.9267475047767046,0.0024033126755368937,0.007458721764154068,,,0.43586655696697996,inf,,,0.16385377181076768
130,,0.0,0.0,1.3571047332367796,0.9370589694727274,0.8185989299991395,0.014784139990284764,0.042083070287409916,,,0.4629450596409901,inf,,,0.16451699453851842
131,,0.0,0.0,1.6213522753658585,1.044500946291757,0.9032133626949086,0.0017436148627719566,0.005483884499068881,,,0.47824363442641393,inf,,,0.16367736333412725
132,,0.0,0.0,1.7429101159696032,1.3809797437823002,0.9390802018406244,0.006619570249331601,0.020134227448466404,,,0.5202020156036558,inf,,,0.16464642677495045
133,,0.0,0.0,1.6965103758050646,1.6076276850956495,0.9506970719402996,0.010477271226317645,0.030884667827909884,,,0.48319206230712763,inf,,,0.1643933368616275
134,,0.0,0.0,1.7093793589578268,0.9385458450405334,0.9432965280590316,0.0009249224440556936,0.002934937292070646,,,0.4629450596409901,inf,,,0.16357161547599625
135,,0.0,0.0,1.4771316323641943,1.081862879394504,0.8610025863427285,0.029913015769689532,0.06819250422374964,,,0.5329562494928909,inf,,,0.16227228993607384
136,,0.0,0.0,1.4582949630600508,1.3335822567408824,0.7961744210060179,0.03389819881415287,0.08353304567218228,,,0.4629450596409901,inf,,,0.16460444121511478
137,,0.0,0.0,1.6588328958191867,1.3177340342938206,0.9227959184594349,0.005834262739192628,0.018070946583023273,,,0.47824363442641393,inf,,,0.1639877434041125
138,,0.0,0.0,1.4234548933114322,1.3104413550015184,0.8636589711463817,0.01661619296652977,0.04794169771644602,,,0.4880666971167561,inf,,,0.16515924734719367
139,,0.0,0.0,1.425712563925488,1.121939195555601,0.8628516020337463,0.0014133631303473442,0.004025162016677382,,,0.5113665138247345,inf,,,0.1632722537009025
140,,0.0,0.0,1.6238002579710988,1.1721665406804673,0.8835763371712521,0.006172843601658609,0.01887071704465918,,,0.5113665138247345,inf,,,0.16291229646768798
141,,0.0,0.0,1.7350318978749981,1.3935244572360939,0.9550315158381488,0.002951459017965074,0.009264464466722909,,,0.5202020156036558,inf,,,0.16278054046580234
142,,0.0,0.0,1.4818278829027052,1.0474028332385932,0.8247781235670122,0.0019153065553436579,0.005863249454316942,,,0.48319206230712763,inf,,,0.1636491716491228
143,,0.0,0.0,1.671965700493225,1.3800622234194866,0.9124121265821984,0.00197141250636291,0.006009054353825328,,,0.48319206230712763,inf,,,0.16280338347771345
144,,0.0,0.0,1.2052229366604523,0.9961504429976487,0.7488892984711462,0.005566586025509778,0.016306815938018325,,,0.48319206230712763,inf,,,0.16357147273533265
145,,0.0,0.0,1.6849867912603336,1.066755866723434,0.9294429678412158,0.0010298604492936124,0.0032165199575057007,,,0.4732203808476458,inf,,,0.16359331395377155
146,,0.0,0.0,1.3682794119990842,1.2337521658563033,0.8336394821972207,0.02245028462169023,0.056575206087921714,,,0.5329562494928909,inf,,,0.16416738696871377
147,,0.0,0.0,1.70299967886068,1.2753020295517272,0.9480700137971289,0.005376734801237934,0.016527415665051393,,,0.5677978065141052,inf,,,0.16388214124656567
148,,0.0,0.0,1.5173310731175218,1.3012213635798822,0.8801639970054568,0.007121199102764361,0.021855658772715267,,,0.5783247308855777,inf,,,0.16491861496940155
149,,0.0,0.0,1.546582539719406,1.3567875237355072,0.8706793125752926,0.024610770759250278,0.06636080251257864,,,0.581717464821069,inf,,,0.16488974977256254
150,,0.0,0.0,1.6182517297085441,1.5203527023445584,0.914903810259926,0.010271282174453795,0.03072743094011935,,,0.5287703885177266,inf,,,0.1635656333891988
151,,0.0,0.0,1.5920129836014023,1.241790568046312,0.8840809715068653,0.004659797606833958,0.01289631710666089,,,0.5022576003740722,inf,,,0.16400729453305343
152,,0.0,0.0,1.6246497954266654,1.4111520472560846,0.894515421481047,0.009404295373391228,0.026356308499243496,,,0.5287703885177266,inf,,,0.16339771719553228
153,,0.0,0.0,1.6056957581021465,0.9041134834244147,0.9142021550424642,0.0041018042022082585,0.012821203735181908,,,0.5567373465730988,inf,,,0.1640195394562368
154,,0.0,0.0,1.7299149350176277,1.1307194480571208,0.9492967629794442,0.0017772831084279096,0.005575098660946506,,,0.5451288209179292,inf,,,0.16297442508167986
155,,0.0,0.0,1.6576843985827954,1.3498365763503912,0.8569362414940539,0.02633992115512736,0.07013078056285892,,,0.5329562494928909,inf,,,0.1640721552674434
156,,0.0,0.0,0.9512863726586434,0.7967278150447804,0.6990767189201251,0.051372082329514124,0.10618554323564526,,,0.44694259446804574,inf,,,0.1739682696303278
157,,0.0,0.0,1.3326364841757534,1.177432034055226,0.7652538621717366,0.07443728539909904,0.13616193800253124,,,0.3751344627501719,inf,,,0.16332516872199407
158,,0.0,0.0,1.3091060382609971,0.8766530121307244,0.6987723326096613,0.17189851457522967,0.16975942610103617,,,0.4928685327679205,inf,,,0.1566338581615789
159,,0.0,0.0,1.7336272359001728,1.5307696702261535,0.9334044931561253,0.7586383317511253,0.807801370366025,,,0.6180765742263259,inf,,,0.19535101938650754
160,,0.0,0.0,1.6707559493627637,1.5993641819102407,0.865748459745097,1.9978472056766312,2.4311886726920866,,,0.6357360191111145,inf,,,0.19757464626445856
161,,0.0,0.0,1.5904643878385234,1.5310987102593845,0.8749393943700855,1.8864847277061094,1.9795921939999335,,,0.5677978065141052,inf,,,0.20327706615732163
162,,0.0,0.0,1.712426405972877,1.6760041704356996,0.9114539862980661,2.1033911080526817,2.349269217620518,,,0.6309483474627791,inf,,,0.19080303746879937
163,,0.0,0.0,1.5387936471372168,1.5103900571746385,0.8055998504514166,2.1793215470390312,2.370888286712992,,,0.62595550513784,inf,,,0.20875881732052243
164,,0.0,0.0,1.6994992996442655,1.648986384238807,0.9208231976465203,1.8565339812694164,2.365945873722298,,,0.541134803179459,inf,,,0.1957310035587261
165,,0.0,0.0,1.6486682272258224,1.582661576746562,0.9067802784838883,2.106724091765723,2.259883611953053,,,0.5978297680564633,inf,,,0.22253798868439903
166,,0.0,0.0,1.4667350636783614,1.3921829932668714,0.8500914446699569,1.4729269160300795,1.613336867553966,,,0.6008849035917525,inf,,,0.22190861687439012
167,,0.0,0.0,1.7453067032294438,1.5224114524925447,0.9391747010223845,1.454629969005248,1.4821818147919532,,,0.6333676938231112,inf,,,0.22256276082342968
168,,0.0,0.0,1.411302828215633,1.337861373901601,0.9091453958467698,1.7653089134078968,1.908446604308454,,,0.6068309995095971,inf,,,0.22339235631632437
169,,0.0,0.0,1.4056674270978413,1.3135185327865093,0.9086002712461259,1.0864402343263755,1.2550950324073298,,,0.5947193981915972,inf,,,0.2091915142959138
170,,0.0,0.0,1.7041936256716754,1.6718701250346093,0.9347661127321071,1.0707093665771175,1.2721209443730708,,,0.648888643467878,inf,,,0.20811624462250014
171,,0.0,0.0,1.6289549826412018,1.5876644399283577,0.9054278829906282,1.1539726579423002,1.336190303447013,,,0.6038851895711802,inf,,,0.1992216199926089
172,,0.0,0.0,1.4313604379636322,1.3984694738052688,0.7340107893197069,1.1459140775934258,1.3561797240519622,,,0.62595550513784,inf,,,0.19804316903876565
173,,0.0,0.0,1.4357954379752091,1.3944071502531639,0.7886370768938314,1.6142048356479988,1.6487084744414795,,,0.6403206450210053,inf,,,0.19861006260206898
174,,0.0,0.0,1.6802519541984475,1.6147207744797043,0.9040660490497512,2.1661677698398085,2.468701623729742,,,0.6284777104787076,inf,,,0.22333908016461287
175,,0.0,0.0,1.6313620750885518,1.5907649302065883,0.8950320744236792,2.9803088590256874,2.851445821863358,,,0.6180765742263259,inf,,,0.21819118473367555
176,,0.0,0.0,1.6644562035429153,1.5888197314246264,0.8894546053572189,2.4834643772952365,2.711445064096103,,,0.6233814453054027,inf,,,0.22823652727508262
177,,0.0,0.0,1.6164861182496066,1.5050445940095227,0.9191636955615627,2.228767559537776,1.634712186861906,,,0.6207552362147116,inf,,,0.2054694683500677
178,,0.0,0.0,1.3436581465214776,1.2006935996720811,0.9161322948263486,1.2782972715096086,0.6274468989125508,,,0.6153451465759925,inf,,,0.22742028331717948
179,,0.0,0.0,1.2866113411996285,1.2218858591999897,0.8380873138309967,1.3252419259011436,0.9820359595227655,,,0.5978297680564633,inf,,,0.2020767992294692
180,,0.0,0.0,1.4688209904244962,1.4114072363447256,0.8814227926169759,2.0313170152169127,2.1830699471530846,,,0.6153451465759925,inf,,,0.184569594027367
181,,0.0,0.0,1.2335298583121206,1.2188553115656702,0.8818474122469001,1.9077265454593995,2.19681293962526,,,0.5748741956352443,inf,,,0.19804504934780529
182,,0.0,0.0,1.506563685790016,1.417519499735044,0.8632322894756576,1.6787919237646718,1.8359528806038816,,,0.6207552362147116,inf,,,0.20581445218417987
183,,0.0,0.0,1.6644938477767426,1.6073914889425585,0.898298363613095,1.427445595656971,1.692174520816036,,,0.5947193981915972,inf,,,0.19764595176014232
184,,0.0,0.0,1.4031915266336434,1.3726470848615575,0.8871912665497309,1.491019260809521,1.7747136577379523,,,0.6207552362147116,inf,,,0.1968537230604446
185,,0.0,0.0,1.4258570738176002,1.385571276457982,0.9013806357728003,1.0917686966983748,1.2530525115823978,,,0.6125606311107803,inf,,,0.19728661043026025
186,,0.0,0.0,1.5220864798863145,1.4227710414461572,0.8474394316372551,0.501177037876031,0.5510848764085992,,,0.6038851895711802,inf,,,0.2067231160720394
187,,0.0,0.0,1.6874763986027328,1.646575153941996,0.9085400692095981,0.79425783359446,0.8035898096802357,,,0.5947193981915972,inf,,,0.18150954188533006
188,,0.0,0.0,1.425327716983272,1.3404023236901685,0.7369098294883204,3.0798596048480738,0.7842885909857467,,,0.62595550513784,inf,,,0.18311978133744353
189,,0.0,0.0,1.6166987666737045,1.5789160549215233,0.76192692912285,2.83310912962822,0.6777849243235874,,,0.6468212168108125,inf,,,0.17895842402443446
190,,0.0,0.0,1.679803568459344,1.5825778089729032,0.9334236923813015,0.5880462435603131,0.5642851747479296,,,0.6284777104787076,inf,,,0.18141497239507903
191,,0.0,0.0,1.5905488226165903,1.4035312641639248,0.9062409866076606,0.16251707624699657,0.22488624316717165,,,0.5451288209179292,inf,,,0.1641205611423748
192,,0.0,0.0,1.4311265921448038,1.361438293707501,0.8029430223032722,0.5347640684532794,0.5285595326656194,,,0.6008849035917525,inf,,,0.17892558183300147
193,,0.0,0.0,1.2551806572901092,1.0665963610212106,0.7556758828203796,0.6633147276656443,0.6718921515895909,,,0.6284777104787076,inf,,,0.17507663286322503
194,,0.0,0.0,1.4883243265827402,1.2998979411221145,0.8853356717468254,0.24367588926689066,0.28745174481707525,,,0.541134803179459,inf,,,0.17271364672745748
195,,0.0,0.0,1.6513954950972203,1.361476815773828,0.9192117105771588,0.16721017326115548,0.25327322669494334,,,0.6333676938231112,inf,,,0.16479143351383024
196,,0.0,0.0,1.503400338094355,1.14632130151632,0.8718805021108187,0.05843496118369315,0.14707262398016507,,,0.468121228110369,inf,,,0.17965074909784529
197,,0.0,0.0,1.7522136137604853,1.5561184308237013,0.948444645481982,0.028844923318314113,0.0750905007051055,,,0.43586655696697996,inf,,,0.16095570026311293
198,,0.0,0.0,1.6009869292711667,1.3485332774937895,0.8867105645731401,0.04220987596463681,0.09375976108561532,,,0.40055318934786044,inf,,,0.16700706300985452
199,,0.0,0.0,1.6811504620102573,1.3812402435178883,0.8890298319297015,0.12839566193475663,0.2638534576015008,,,0.4629450596409901,inf,,,0.16260191241074456
200,,0.0,0.0,1.534775226250638,1.2528178661349343,0.8596729169272418,0.1276116236646008,0.2554312425008327,,,0.4732203808476458,inf,,,0.15962958144389458
201,,0.0,0.0,1.6518210500550357,1.167985875370816,0.9042304958780687,0.15175940260242105,0.27827625645974574,,,0.5068466436745385,inf,,,0.1721261493578652
202,,0.0,0.0,1.050371890520431,0.9388389974736171,0.7156865761496459,0.33082405647732877,0.23766246636639254,,,0.6097226960127671,inf,,,0.27805927096707406
203,,0.0,0.0,1.3424747607103755,0.87731388131271,0.7912146538443847,0.8163700671114635,0.8127893534902642,,,0.6309483474627791,inf,,,0.15467747048690686
204,,0.0,0.0,1.6010353003722835,1.216351727414025,0.8604579485184535,0.5589101604537609,0.5975874517731069,,,0.5883313578629602,inf,,,0.17338939460288988
205,,0.0,0.0,1.2348531020672946,1.1192986970416392,0.8047351867013164,0.3590004921156094,0.4509153811535937,,,0.552929491858785,inf,,,0.1731277811854108
206,,0.0,0.0,1.6507044630047598,1.1933776469278201,0.8494600365303872,0.2930090111924673,0.44713884850742286,,,0.5158180382284114,inf,,,0.17736307432382295
207,,0.0,0.0,1.4819041595648466,1.257861196144132,0.8897472288952559,0.29276415673638334,0.4561388635369971,,,0.5287703885177266,inf,,,0.17379318248604883
208,,0.0,0.0,1.3187344466192525,1.1469503933343694,0.7052482045275599,0.5745561275652157,0.5835168440474389,,,0.541134803179459,inf,,,0.1828221387891271
209,,0.0,0.0,1.6982303758957582,1.1984441970400552,0.9374957114492826,0.7869330959863647,0.7077920417434249,,,0.5202020156036558,inf,,,0.183115832519415
210,,0.0,0.0,1.5739185584473372,1.2514139522807441,0.9165389403558838,1.447541612159541,1.3811267837004766,,,0.6068309995095971,inf,,,0.23513267130858462
211,,0.0,0.0,1.6109974413167407,1.3551875573306038,0.9665997948085243,1.6063298116689035,1.3228365220487355,,,0.581717464821069,inf,,,0.21353144235282204
212,,0.0,0.0,0.9014144377919096,0.8728101696161094,0.9256588409129137,1.6196874578565132,1.3810557500989764,,,0.6125606311107803,inf,,,0.24433523560356563
213,,0.0,0.0,1.3226080693222646,1.2694796529901549,0.9088387285279508,2.4978403943492453,2.046789487865425,,,0.5915533975974677,inf,,,0.24556090281274465
214,,0.0,0.0,1.4779235335111776,1.3802716819226915,0.9246089622337511,2.5876291132223517,2.0955989323213395,,,0.5978297680564633,inf,,,0.2503300737001475
215,,0.0,0.0,1.697825672557273,1.560344811130608,0.9177570001245551,2.0110507546847787,1.522579962440052,,,0.5947193981915972,inf,,,0.22230857335533652
216,,0.0,0.0,1.7669730515336863,1.5665076831944247,0.9724210320125526,1.5942361187233083,1.271949756490491,,,0.6068309995095971,inf,,,0.24139204038863385
217,,0.0,0.0,1.6053528698820365,1.3950899622846453,0.9630380586012799,1.6130810254621732,1.3591175514250673,,,0.6125606311107803,inf,,,0.23686431698902502
218,,0.0,0.0,1.7442536525389185,1.620234822407664,0.9223726533757666,1.9423088783262834,1.5863800757506719,,,0.585052858160615,inf,,,0.2373988432653732
219,,0.0,0.0,1.4484886996840636,1.3882834421246024,0.7833948395596899,1.5370983849797,1.4016236553444723,,,0.5947193981915972,inf,,,0.20888867062862557
220,,0.0,0.0,1.431141703510702,1.3186378620731551,0.8632330301187778,1.7329258055731032,1.5419966315212323,,,0.62595550513784,inf,,,0.2208355887391747
221,,0.0,0.0,1.564342284995157,1.4052024682974564,0.8846501361321318,1.4838509574165686,1.229755627393469,,,0.5915533975974677,inf,,,0.24248926138351945
222,,0.0,0.0,1.462963738578895,1.3103508591530004,0.7962353035818479,0.9040624041024673,1.0319257692815387,,,0.5677978065141052,inf,,,0.22811077936429486
223,,0.0,0.0,1.5003159762987843,1.4162322504092646,0.8641915634513497,0.8646946379165209,0.9716349190459674,,,0.6008849035917525,inf,,,0.20064297517083943
224,,0.0,0.0,1.6143114903450064,1.5228597726179884,0.9000613058208028,0.7425955653392317,0.8257828459782118,,,0.5713653840954815,inf,,,0.22524442400415043
225,,0.0,0.0,1.6299690500230337,1.566196556960355,0.8962079047158582,0.551417243363856,0.6457576317589978,,,0.6380535849069913,inf,,,0.2087818865037089
226,,0.0,0.0,1.5249660305549513,1.4241371333639807,0.8099544407212539,0.6301277357099094,0.6431580935922565,,,0.5783247308855777,inf,,,0.2439412964031835
227,,0.0,0.0,1.5471064071212532,1.1890095384717505,0.8740975239114827,0.777486820559842,0.8080098490399743,,,0.5641709578113449,inf,,,0.255696180182574
228,,0.0,0.0,1.699920154405045,1.36043970792956,0.9196791091007822,1.1733598987738456,1.148608760580831,,,0.6284777104787076,inf,,,0.2170730138085431
229,,0.0,0.0,1.5830673466383494,1.3971962259075312,0.8742860243819449,1.0204312684139272,1.122805830822446,,,0.6097226960127671,inf,,,0.19786691474351797
230,,0.0,0.0,1.2595497513291591,1.1341676678484862,0.8253595378136844,0.9757333381485745,1.0810162043113187,,,0.585052858160615,inf,,,0.2225831955574769
231,,0.0,0.0,1.5126879635378194,1.3088335303077,0.8987376488156462,1.4348165489952276,1.2691953814151042,,,0.5883313578629602,inf,,,0.22552709834514262
232,,0.0,0.0,1.6180929241540187,1.4525867801436472,0.9636626284260136,1.2798831103026809,1.2473816442693708,,,0.6008849035917525,inf,,,0.2260297029719156
233,,0.0,0.0,1.7021688034935993,1.4408792795637753,0.9374250999159224,1.394820530718479,1.124340940564089,,,0.6068309995095971,inf,,,0.25538438726703167
234,,0.0,0.0,1.3547762494047153,1.2188600538279186,0.8064831645566213,0.8518994223980789,0.8441471368440461,,,0.6125606311107803,inf,,,0.2658983776170255
235,,0.0,0.0,1.1820048203193878,0.998737938368199,0.9390884036887119,1.22429599612332,1.02212241787649,,,0.5783247308855777,inf,,,0.23331507127396434
236,,0.0,0.0,1.2280886020477686,1.0153119234585277,0.7790236327327835,0.9481665341381973,1.036327163307694,,,0.62595550513784,inf,,,0.27771675925498157
237,,0.0,0.0,1.66692968958442,1.313337097763084,0.9064125819230394,0.8897989306822055,1.095095209119458,,,0.5783247308855777,inf,,,0.23230938714144256
238,,0.0,0.0,1.0331626486334615,0.945863504877074,0.6229179165321335,0.729111287815961,0.7179410866593667,,,0.5783247308855777,inf,,,0.20030122542455991
239,,0.0,0.0,1.4260559642016728,1.3859779917532946,0.7938755143095896,0.9932672470921395,1.210237278459997,,,0.581717464821069,inf,,,0.1938868956527904
240,,0.0,0.0,1.6490984014907075,1.53644352314818,0.8070393277574089,1.330930609423573,1.541083959276185,,,0.6380535849069913,inf,,,0.20924119120237722
241,,0.0,0.0,1.6580037836216597,1.6301966682467404,0.9344890577553836,1.0310609807503082,1.3233281453307593,,,0.6447042257417027,inf,,,0.20310492441848374
242,,0.0,0.0,1.5302310833549873,1.4824944594563618,0.7444428637429364,1.0040869736714568,1.0688501231207448,,,0.6008849035917525,inf,,,0.2298808647699305
243,,0.0,0.0,1.6919314909069785,1.4139743631120198,0.9134639710129444,0.6193166557271937,0.7116493377327696,,,0.524519217297268,inf,,,0.19914270660812425
244,,0.0,0.0,1.7483797361735824,1.2958098244783456,0.9649285747669931,0.16473711371078031,0.3445364815209047,,,0.4629450596409901,inf,,,0.15736244279832828
245,,0.0,0.0,1.7309116127777033,1.3367367783547928,0.9145944176429759,0.2738523886939679,0.45935999575968134,,,0.468121228110369,inf,,,0.15673483578769823
246,,0.0,0.0,1.7720247749502667,1.732353756994834,0.9463799550058023,0.22915312373987426,0.47212224376244427,,,0.47824363442641393,inf,,,0.17041447036571947
247,,0.0,0.0,1.345574466595616,0.7936792522437001,0.7826345472158063,0.2735917791897172,0.28705146842302265,,,0.5068466436745385,inf,,,0.16914898595069544
248,,0.0,0.0,1.6352697591934127,1.5703529203609814,0.8616924640362289,1.1095968621882146,1.1369164383379797,,,0.6008849035917525,inf,,,0.23748145151166591
249,,0.0,0.0,1.638866240031585,1.535804222325889,0.8692250104421463,0.9320008168679136,0.9269129112943203,,,0.585052858160615,inf,,,0.21850010168569767
250,,0.0,0.0,1.3268119446150373,1.301716635410492,0.8292433721300164,1.307572101704386,1.4785902047594195,,,0.6309483474627791,inf,,,0.244367354678633
251,,0.0,0.0,1.5040779848611097,1.4411726650977479,0.885025127827744,1.2849765357264582,1.371810125568987,,,0.5677978065141052,inf,,,0.24760013946287707
252,,0.0,0.0,1.669818668630961,1.5016414601383548,0.890732774014237,0.824967161894742,0.9675385416886216,,,0.5641709578113449,inf,,,0.23753606286094756
253,,0.0,0.0,1.6170806322886593,0.8960957060994293,0.8817077018054806,0.4699995636179351,0.5855420702418024,,,0.5490601803369085,inf,,,0.1964607134670878
254,,0.0,0.0,1.5387260759279897,0.9369790649882047,0.8770150481993592,0.4348430763038994,0.5411781864709413,,,0.524519217297268,inf,,,0.18019937759394186
255,,0.0,0.0,1.5330262370074086,1.0949555000814797,0.8278971677393575,0.21607605457121795,0.22543199635412337,,,0.44144624493110796,inf,,,0.1608073539958941
256,,0.0,0.0,1.5142555638396549,1.1534722961020905,0.8244815619317057,0.36340875244272736,0.39405896074222424,,,0.4629450596409901,inf,,,0.16237393035605008
257,,0.0,0.0,1.6980201875720775,1.5571283560335307,0.8950332557798152,0.9847060850212415,1.059389774739099,,,0.6008849035917525,inf,,,0.24121822839675391
258,,0.0,0.0,1.7451211082162135,1.59672709002678,0.9226629558392729,1.2411222881820272,1.2630764735336757,,,0.5978297680564633,inf,,,0.2073177632827955
259,,0.0,0.0,1.6121730160010763,1.5517481491631642,0.8715563049504692,0.8425873557417871,0.8572428820382219,,,0.6038851895711802,inf,,,0.20080268059136874
260,,0.0,0.0,1.6944495368581383,1.606212746842534,0.9338153661223977,1.3274397863148981,1.2651942573272084,,,0.6425374456860184,inf,,,0.2259922397410504
261,,0.0,0.0,1.6565611072214428,1.34131133958767,0.9057676546325543,0.9356138973480636,0.9837264711790411,,,0.6068309995095971,inf,,,0.1901386825016375
262,,0.0,0.0,1.5090873998498253,1.3838023970918951,0.8485801691670664,0.8832730912288473,0.9520100499386254,,,0.5978297680564633,inf,,,0.23641310381047717
263,,0.0,0.0,1.6947867718825649,1.529216994397058,0.8977414308443076,1.1686932323691808,1.0507903181191696,,,0.6284777104787076,inf,,,0.20613973513271266
264,,0.0,0.0,1.4885374803706906,1.4197146469079727,0.843410756167404,1.711528500932537,1.714065674919286,,,0.6584896970785714,inf,,,0.20994687525344696
265,,0.0,0.0,1.3758336105272533,1.1087551830449565,0.8159910042162335,0.58128213630187,0.6024088851883986,,,0.5287703885177266,inf,,,0.2027049885385797
266,,0.0,0.0,1.6364590629301428,1.1913054628451418,0.9536119521920722,0.47736587947205383,0.49202667383829685,,,0.5490601803369085,inf,,,0.21507768644384673
267,,0.0,0.0,1.7006315392928697,1.6694375477083874,0.8838950699890492,1.899509525136697,2.1931266540178003,,,0.5883313578629602,inf,,,0.18227521401749666
268,,0.0,0.0,1.3781330995570507,1.2807237634574329,0.8750065366362353,0.7312473743013481,0.7306257022707151,,,0.5978297680564633,inf,,,0.1810491356045485
269,,0.0,0.0,1.4687330218118533,1.2762169801672056,0.8814929383100389,0.5288038385985102,0.5773358824059438,,,0.5567373465730988,inf,,,0.17541358761786244
270,,0.0,0.0,1.3857743828917974,1.259149858606727,0.7577615768478752,0.3112633903274818,0.4031507973253582,,,0.5202020156036558,inf,,,0.173821333532851
271,,0.0,0.0,1.4771778506226476,1.1612165115511033,0.8777042160405133,0.6656088731131716,0.6732962056157596,,,0.6180765742263259,inf,,,0.20680650356468477
272,,0.0,0.0,1.5069579390714818,1.4824979129931102,0.8211194663098733,1.513503263978517,1.7817511442436538,,,0.6425374456860184,inf,,,0.20534045326801012
273,,0.0,0.0,1.7624899252230244,1.7335979610508265,0.9288849441468606,1.4556641714830252,1.666706831226668,,,0.648888643467878,inf,,,0.22177918663909366
274,,0.0,0.0,1.4692637537520783,1.152683852877715,0.850754079860212,1.1060856057937951,1.125639088750281,,,0.5947193981915972,inf,,,0.1904915272528735
275,,0.0,0.0,1.3139099262011569,1.2133785764484206,0.8728332932297511,1.0576663017451273,1.1814265759994627,,,0.6284777104787076,inf,,,0.23849594702620477
276,,0.0,0.0,1.52881505454115,1.1835735657758373,0.8777658551547483,0.5153778987893778,0.6487497654800297,,,0.5641709578113449,inf,,,0.17602811392678766
277,,0.0,0.0,1.1760439756514611,1.0430879817965353,0.9351999905333052,0.39731449939712754,0.5896145171368619,,,0.5451288209179292,inf,,,0.16057861008552826
278,,0.0,0.0,1.310583784898435,0.9857369746172775,0.7599595223722887,0.43968222376317767,0.5176500861683859,,,0.5947193981915972,inf,,,0.1943098342739902
279,,0.0,0.0,1.7205995838613684,1.0856873914211485,0.9634511974013499,0.3004032821002435,0.5734192025137734,,,0.5947193981915972,inf,,,0.19774178316003135
280,,0.0,0.0,1.6842128214167464,1.116898818832568,0.8764052299675453,0.2777832579404507,0.4658036952572987,,,0.48319206230712763,inf,,,0.1503092060773153
281,,0.0,0.0,1.368890818292761,0.6519581303115345,0.8456158206715879,0.3180955759471745,0.4993684153343675,,,0.4732203808476458,inf,,,0.20158638989021957
282,,0.0,0.0,1.774820559421954,1.1590112297518835,0.9728997524211355,0.3624921154779461,0.5572587928739008,,,0.4880666971167561,inf,,,0.20384369377628003
283,,0.0,0.0,1.6296357387490645,0.8478061881744826,0.9253845685953307,0.49861539127492166,0.49458804925870437,,,0.44694259446804574,inf,,,0.21658051583726642
284,,0.0,0.0,1.4291904739678174,1.209270741845301,0.8149479449627702,0.6234379071192871,0.6119908452646268,,,0.5641709578113449,inf,,,0.24627676361731685
285,,0.0,0.0,1.4122590973894749,1.2904887174378479,0.8339703008947309,0.9817007489013038,1.0002680542525608,,,0.6068309995095971,inf,,,0.18865480577035282
286,,0.0,0.0,1.6298093898124628,1.5150129291987044,0.785039319366511,0.46455704359033273,0.5117496593680284,,,0.6233814453054027,inf,,,0.17126411467848243
287,,0.0,0.0,1.6406731523785998,1.5752971782137908,0.9194933166280526,0.3463612043771512,0.5990800812577188,,,0.5748741956352443,inf,,,0.1767366575894041
288,,0.0,0.0,1.0617972064761463,1.0069507843806624,0.5238248100281677,0.2353451043324087,0.3497255027305935,,,0.49759852643134905,inf,,,0.16728192908043044
289,,0.0,0.0,1.1843923767316822,0.970189852702044,0.7253091455104079,0.4465794928689003,0.44948957759176195,,,0.5287703885177266,inf,,,0.18141911596832058
290,,0.0,0.0,1.371128095809945,1.3510469029861256,0.7032725523418026,0.8096557251965049,0.9054620222095296,,,0.6333676938231112,inf,,,0.2038377558170963
291,,0.0,0.0,1.728979200114297,1.6282251329761075,0.9265694656425006,0.8824621871753228,1.149267739013851,,,0.6425374456860184,inf,,,0.23874758649060618
292,,0.0,0.0,1.3591410462505467,1.2895754530678323,0.7093231387994176,0.6068684287034376,0.6661382663316949,,,0.62595550513784,inf,,,0.27048790694797836
293,,0.0,0.0,1.6498797575235655,1.185140599496113,0.8546173985746046,0.38992501768931453,0.5674087484017094,,,0.6207552362147116,inf,,,0.2156275631810332
294,,0.0,0.0,1.4190459642385767,1.2039977650699474,0.7991142948722507,0.7541290534811588,0.9020863922557104,,,0.5604843169999094,inf,,,0.1969824978982436
295,,0.0,0.0,1.4279153016780117,1.3714977345929995,0.8069795006694123,0.9685700946207199,1.0535627319444845,,,0.6309483474627791,inf,,,0.19057977040969673
296,,0.0,0.0,0.7592839123321784,0.6599180029162617,0.6268530610380572,0.23528108462302302,0.21685049858031252,,,0.5604843169999094,inf,,,0.18840265416615146
297,,0.0,0.0,1.340789312863923,1.0522109476155979,0.7983344732659502,0.6063757280261247,0.4796410214601161,,,0.585052858160615,inf,,,0.19279170828453704
298,,0.0,0.0,1.4731448033340802,1.095378762738823,0.8777824029013291,0.3424366942793866,0.42642802271012703,,,0.6125606311107803,inf,,,0.19942112701470902
299,,0.0,0.0,1.581311017971092,1.505309663661704,0.8842247203500375,0.5102041372889661,0.6735264597693864,,,0.5947193981915972,inf,,,0.23552488372083022
300,,0.0,0.0,1.0311475167314965,0.9822804741136183,0.7545237108626065,0.5715990338436581,0.6457005045051948,,,0.6233814453054027,inf,,,0.26285798927288434
301,,0.0,0.0,1.5581438408008697,1.4508145438747773,0.847693497195453,0.6275329111755672,0.7160639483024746,,,0.6097226960127671,inf,,,0.261925166224412
302,,0.0,0.0,1.5891267997535468,1.513442826371538,0.8834448315072015,0.9098394841765391,1.0065549086153913,,,0.6153451465759925,inf,,,0.23732873424699355
303,,0.0,0.0,1.6209443417793878,1.5653343571107778,0.9255639210793812,0.5846747558421342,0.7061818970882383,,,0.6207552362147116,inf,,,0.1993316886132263
304,,0.0,0.0,1.5192003112949255,1.360373385436385,0.8557729999992055,0.6750870528206072,0.8510946859601609,,,0.6403206450210053,inf,,,0.2417942794204638
305,,0.0,0.0,1.6605906674202968,1.4641763541954531,0.9169869505383744,0.83899175892196,0.918007608073021,,,0.6097226960127671,inf,,,0.20392113721834257
306,,0.0,0.0,1.7060211444222806,1.6341320805637172,0.9661908082400567,1.191961445496938,1.3275506681096014,,,0.6068309995095971,inf,,,0.2546895111052218
307,,0.0,0.0,1.6031932694907507,1.4036537379644207,0.9200036668717819,1.5052674638955343,1.263986491959899,,,0.6097226960127671,inf,,,0.20216144240594505
308,,0.0,0.0,1.6515165781479142,1.4135385935664808,0.9086948000726299,1.1255333488379393,1.0776092419641072,,,0.581717464821069,inf,,,0.21840135593017673
309,,0.0,0.0,1.4102318601518462,1.3156465989954875,0.8444220864235623,1.057487254816852,1.1888766542692746,,,0.5883313578629602,inf,,,0.19996889823507683
310,,0.0,0.0,1.6272444006025402,1.5511509967459087,0.8931492045401048,0.753181627594201,0.8536619567738181,,,0.648888643467878,inf,,,0.20035843106360465
311,,0.0,0.0,1.5465555184596023,1.2615022872910726,0.8049578466368115,0.9681851372823306,1.0860481337299865,,,0.6153451465759925,inf,,,0.19023741248447862
312,,0.0,0.0,1.5141812113028843,1.4478170940039747,0.802682982033004,1.046447627708544,1.190321015496489,,,0.585052858160615,inf,,,0.22712751804551554
313,,0.0,0.0,1.5742335940040404,1.448037837613821,0.8366762936417118,0.9123775855377076,1.0523283745559444,,,0.5641709578113449,inf,,,0.2405116062652509
314,,0.0,0.0,1.5810786024870054,1.487899068105896,0.8486496669991165,0.7904613979596359,0.8149641141926957,,,0.6309483474627791,inf,,,0.2005243411396146
315,,0.0,0.0,1.3293884352598204,1.2722162886897939,0.7745987052369101,0.968595006717518,1.096131422550597,,,0.6233814453054027,inf,,,0.2152903247821543
316,,0.0,0.0,1.4276291664762086,1.373812913060141,0.9111726590960325,0.7743830804820816,0.9335530498745801,,,0.5915533975974677,inf,,,0.2186923855905585
317,,0.0,0.0,1.254605027473607,1.1442107520220164,0.8333452500371968,0.9371550135052694,0.7364200778523204,,,0.6233814453054027,inf,,,0.2296258508264991
318,,0.0,0.0,1.4111364841183605,1.2688408340206039,0.8431116192788434,0.6596181967049595,0.7494300010445588,,,0.5978297680564633,inf,,,0.2006442412735384
319,,0.0,0.0,1.606114822293161,1.550897123665644,0.8575383796393296,0.8104411991188603,0.7961816619347821,,,0.6125606311107803,inf,,,0.20406920332658077
320,,0.0,0.0,1.436844332920696,1.3410006074597234,0.8481991716790181,0.5419529400148436,0.6204793541566025,,,0.6008849035917525,inf,,,0.1963015086974868
321,,0.0,0.0,1.5400287040947638,1.4025098526635218,0.775943166676558,0.5521891374004649,0.63480504736444,,,0.5915533975974677,inf,,,0.22111853313728635
322,,0.0,0.0,1.4054359952635693,1.3238551128169296,0.8162011452183464,0.5625843607204718,0.5902889246842681,,,0.6068309995095971,inf,,,0.18477782651066763
323,,0.0,0.0,1.622824340752157,1.592412474016451,0.753370495844734,0.8313272803643342,1.0053181027072924,,,0.62595550513784,inf,,,0.23654203749808728
324,,0.0,0.0,1.4950559504557828,1.4062868339683345,0.7680901752213222,0.7345275628719644,0.8108852145612382,,,0.5978297680564633,inf,,,0.22024314876829457
325,,0.0,0.0,1.362587743226645,1.2798040940898516,0.7722987113046694,0.5311702056077389,0.7023029769390948,,,0.6727386042041725,inf,,,0.20741293532049426
326,,0.0,0.0,1.5993390537635148,1.2635062011330276,0.8679301726506743,0.463918482315588,0.5677810134828081,,,0.6180765742263259,inf,,,0.21267276354562578
327,,0.0,0.0,1.525503458725939,1.253183755637131,0.8943703848738085,0.24342131196491376,0.343242270242478,,,0.6008849035917525,inf,,,0.24317959994572622
328,,0.0,0.0,1.5968378252067046,1.5282243066689472,0.8555181821858165,0.813782570880813,0.8426317038079683,,,0.6233814453054027,inf,,,0.2044741412519509
329,,0.0,0.0,1.2806473476573879,1.1041634099331057,0.762552840695201,0.46068589559673706,0.5492424882427556,,,0.5915533975974677,inf,,,0.21179816336712712
330,,0.0,0.0,1.4257509938776853,1.1775956929125542,0.7216819639766483,0.31084663197115403,0.38016799724446104,,,0.5748741956352443,inf,,,0.20248201975812868
331,,0.0,0.0,1.549271364957332,1.2039858145362072,0.8820693842980166,0.3378361213190696,0.41559205684108513,,,0.5978297680564633,inf,,,0.18507509509554806
332,,0.0,0.0,1.6247832527284602,1.5410293941526998,0.8266003817556566,0.5778593964264319,0.6671752622221282,,,0.6309483474627791,inf,,,0.19867058418482464
333,,0.0,0.0,1.3021236082053422,1.261961036504191,0.8024863748761482,0.6888644019884576,0.8043367175482946,,,0.6357360191111145,inf,,,0.2067450286526371
334,,0.0,0.0,1.27752626478819,1.164812437843164,0.7743597958544108,0.3568131798198475,0.404830637120056,,,0.5748741956352443,inf,,,0.18877436018396018
335,,0.0,0.0,1.3680255119311746,1.320922923111219,0.8015689608855638,0.6422582911924263,0.6494313862504727,,,0.5604843169999094,inf,,,0.2004219076418445
336,,0.0,0.0,1.7069873111309117,1.6138834311101669,0.9027018120989116,0.37916245783333286,0.6531872058283703,,,0.6180765742263259,inf,,,0.2187976840133286
337,,0.0,0.0,1.3002130833694165,1.2761397119937308,0.9120881401528046,0.9544989754333799,1.0166329792384237,,,0.5783247308855777,inf,,,0.21507707108317953
338,,0.0,0.0,1.4612615409746759,1.4411174011870191,0.8130023961147501,0.7198084845807615,0.7427479743028481,,,0.581717464821069,inf,,,0.202737012759524
339,,0.0,0.0,1.3967575673917971,1.356602900357207,0.7802457914499867,0.7988567626055391,0.87197623088704,,,0.585052858160615,inf,,,0.19944059557413915
340,,0.0,0.0,1.3694039396378053,1.3345396111205046,0.7916739026433794,0.8480418452195487,0.935574168214476,,,0.5783247308855777,inf,,,0.19790536005116452
341,,0.0,0.0,1.027755315717962,1.0172370292449642,0.6720703769131174,0.7566877605442963,0.7071223646369639,,,0.6584896970785714,inf,,,0.21160813034468043
342,,0.0,0.0,1.1758596589792756,1.0774729255667645,0.7243079007947746,0.8417672212009482,0.9410869820345745,,,0.5490601803369085,inf,,,0.2079529338262085
343,,0.0,0.0,1.4303587653675591,1.2883219712667606,0.8622346618132737,0.8203100562842119,0.9019229990969494,,,0.5883313578629602,inf,,,0.20942872986575742
344,,0.0,0.0,1.4128145733389375,1.3078558056707061,0.7505647119338932,0.9800252475258103,1.128589208512405,,,0.5978297680564633,inf,,,0.18093401231898767
345,,0.0,0.0,1.4609515378012299,1.1401075106977132,0.6426028154278383,0.741078044467949,0.8410934062444169,,,0.5713653840954815,inf,,,0.19178621883179414
346,,0.0,0.0,1.3985332665437757,1.2886005584695308,0.7134672949622173,0.5234434195609406,0.6031973033826877,,,0.5451288209179292,inf,,,0.16772692961113314
347,,0.0,0.0,1.2801160857793752,1.0890084497494164,0.8475580326343836,0.5961061880749418,0.6558608218940378,,,0.6425374456860184,inf,,,0.18156209631632356
348,,0.0,0.0,1.6803439930380093,1.4810615233017193,0.8272732040731686,0.8649387248697017,0.624036427558029,,,0.5883313578629602,inf,,,0.2039019393972495
349,,0.0,0.0,1.1041160951788436,1.02803662155384,0.7844338121042534,0.21895976948431123,0.3291359714040446,,,0.5783247308855777,inf,,,0.18236472482911792
350,,0.0,0.0,1.577890474610536,1.3802101515590144,0.9054631672537994,0.16527909679321032,0.3770505511547032,,,0.6284777104787076,inf,,,0.1640520243993049
351,,0.0,0.0,0.907705104985621,0.8128062939222178,0.6488725870746235,0.46785765239757626,0.3468877586106219,,,0.5677978065141052,inf,,,0.17903722874145236
352,,0.0,0.0,0.6643364892659493,0.4319274174679513,0.3230963263105273,0.2064054644314196,0.16276933591482073,,,0.5748741956352443,inf,,,0.18274157365482707
353,,0.0,0.0,0.8777764004015162,0.8007397697048172,0.7245535550344367,0.7504558113149404,0.751558144718517,,,0.5329562494928909,inf,,,0.17396934469482536
354,,0.0,0.0,1.5039907316314738,0.697519394465171,0.9385987195945689,0.14634911716747398,0.1863180755367005,,,0.44694259446804574,inf,,,0.17826125105204146
355,,0.0,0.0,0.26399153511107604,0.24018108085201664,0.5700817252317231,0.341404308940109,0.4474278375719339,,,0.5202020156036558,inf,,,0.19352626025096387
356,,0.0,0.0,1.2810115783764224,1.1068150902385965,0.7899068171815284,0.7121731693907346,0.9721621350576862,,,0.5677978065141052,inf,,,0.18150948389590135
357,,0.0,0.0,1.3996788516356704,1.310843464767225,0.815628507730333,0.2950018519029919,0.5382988634402229,,,0.5677978065141052,inf,,,0.17942547918895704
358,,0.0,0.0,1.0660049445824014,0.49639804210929617,0.6148320586366446,0.10615507468939248,0.18098814149182446,,,0.44144624493110796,inf,,,0.17941244369859627
359,,0.0,0.0,0.780731590092163,0.6844151209842759,0.4594322232188468,0.062385009489023605,0.13363670454842624,,,0.3943459996787778,inf,,,0.1575445143239397
360,,0.0,0.0,1.5164343346948108,1.416088953348285,0.7947165485700998,0.15639160170533026,0.25139611680010676,,,0.41861278947482794,inf,,,0.1699688885933157
361,,0.0,0.0,1.727154972756224,1.6546741645279985,0.9297005253820712,0.1551910594557871,0.34678841413621514,,,0.44144624493110796,inf,,,0.16675736287661316
362,,0.0,0.0,1.6120689703676532,1.190649989012371,0.9093073267983747,0.17740705962074294,0.3773117937611231,,,0.5068466436745385,inf,,,0.17448314546863872
363,,0.0,0.0,1.4591875575428874,0.9019504574249566,0.8309369618386688,0.04842565835323375,0.0738219296066244,,,0.44144624493110796,inf,,,0.17709378021625424
364,,0.0,0.0,1.47002089075671,0.871964338682355,0.8901649430646086,0.07620749864924153,0.09044298181661703,,,0.44694259446804574,inf,,,0.15892492699685645
365,,0.0,0.0,1.27667013219381,1.0634283822168593,0.9074751808839109,0.48835790312251925,0.40527022544390595,,,0.5202020156036558,inf,,,0.17180759077196617
366,,0.0,0.0,1.3239502128013205,1.2037024816004773,0.8327148541240907,0.4364686846198005,0.49116104537993327,,,0.5677978065141052,inf,,,0.1944641221558486
367,,0.0,0.0,1.1971833175714695,1.0929807778442113,0.8790759576399565,1.324032355100336,0.9745562794631373,,,0.581717464821069,inf,,,0.25761630718819045
368,,0.0,0.0,1.1068885252645535,1.088963906459389,0.8936780438068056,2.3879841465515255,1.438469493883118,,,0.5604843169999094,inf,,,0.2656249982806755
369,,0.0,0.0,1.2316558714598347,1.209405914564192,0.8893645689730154,3.6678947662902828,3.3440703648931756,,,0.5883313578629602,inf,,,0.24626529170016953
370,,0.0,0.0,1.2869917817191558,1.2571783135977508,0.8518150222649283,3.1104905521623563,3.3719289388846274,,,0.5978297680564633,inf,,,0.21155823267965854
371,,0.0,0.0,1.4427231585817553,1.390623132782365,0.932285520077973,3.3217263324678443,3.7037438328657926,,,0.552929491858785,inf,,,0.21081009500660788
372,,0.0,0.0,1.2676347531788412,1.1717926421294533,0.9011284202698029,2.362303259530088,1.4815845133713315,,,0.5883313578629602,inf,,,0.23371368388499875
373,,0.0,0.0,1.127562902688977,0.9829765769005945,0.9501357597054405,1.3487613616950174,0.6208367989790056,,,0.5783247308855777,inf,,,0.21864249439632288
374,,0.0,0.0,1.525976373655018,1.447028160847773,0.9082341328584651,2.5079310120159923,1.5490535981301834,,,0.6357360191111145,inf,,,0.18238569529602622
375,,0.0,0.0,1.5072160268817412,1.368939546468965,0.932510832116062,0.8746574401671937,0.419215439735215,,,0.5713653840954815,inf,,,0.18576541657870496
376,,0.0,0.0,1.3240181365875692,1.2346481321682439,0.9620773024739853,1.9307790594081085,0.8782219743427795,,,0.6038851895711802,inf,,,0.21728287460311327
377,,0.0,0.0,1.2584021202576405,1.224507703885871,0.9498384234984059,2.33785923159755,1.418432538235014,,,0.524519217297268,inf,,,0.2553852417578094
378,,0.0,0.0,1.3985714457007017,1.3228430639429338,0.9205498939443881,2.1006057192283794,1.1969238483281228,,,0.5915533975974677,inf,,,0.22540964172866204
379,,0.0,0.0,1.2762592492603742,1.2260442265184432,0.9262600027803978,2.632520420508856,2.1904199474547377,,,0.5947193981915972,inf,,,0.2046100384228647
380,,0.0,0.0,1.5136707768408868,1.462963449554089,0.944822402615681,2.6978234894469355,2.280021419060546,,,0.62595550513784,inf,,,0.21316086520104266
381,,0.0,0.0,1.3287749782490925,1.2847756525834053,0.9302514073890391,2.0645228591310976,1.1933246796228785,,,0.5748741956352443,inf,,,0.21770047134337506
382,,0.0,0.0,1.0436785051740325,0.9967862242892135,0.8816892688560531,2.3860197985092193,1.6498546494192299,,,0.5713653840954815,inf,,,0.21033104699524588
383,,0.0,0.0,1.5173641007939247,1.4489733737121804,0.8704200056520819,2.4952833392099656,3.0838711615821186,,,0.5677978065141052,inf,,,0.21985463056736224
384,,0.0,0.0,1.0207316550087742,0.9876253551294875,0.6264947839837254,0.31459619587285437,0.19060263040259878,,,0.47824363442641393,inf,,,0.17999693357179414
385,,0.0,0.0,1.3538054353886524,1.3149960014147792,0.8979845228771316,1.8144179223486472,0.9042742524015639,,,0.5978297680564633,inf,,,0.2208933354425638
386,,0.0,0.0,1.4461153523155634,1.347574311240676,0.9342456319483501,1.9740202940859422,0.9503008939162716,,,0.581717464821069,inf,,,0.24375150035176466
387,,0.0,0.0,1.3374407060866027,1.2516522991105419,0.9679776721613716,2.1498106198596907,1.0311846784538883,,,0.6207552362147116,inf,,,0.24752553541953415
388,,0.0,0.0,1.2367952835072256,1.2212794055090073,0.9113656545107484,2.4290496624240716,1.3681435499060748,,,0.6125606311107803,inf,,,0.24251772470672073
389,,0.0,0.0,1.3299309183887504,1.2628316844652596,0.9447842314501856,2.4225628261592815,1.9552304251975738,,,0.5713653840954815,inf,,,0.2368194354642099
390,,0.0,0.0,0.9912142498954355,0.907643277347201,0.847951954493459,1.9927990019354538,1.6288671037400926,,,0.6284777104787076,inf,,,0.2194771405515045
391,,0.0,0.0,1.1626502742090106,1.0699161761786344,0.9049108398842244,1.6823745943887158,0.8841044216562717,,,0.5748741956352443,inf,,,0.20894085400584694
392,,0.0,0.0,1.1243253341819002,1.0518049515256855,0.8780163057678654,1.9409679522111458,0.8329266825046104,,,0.4928685327679205,inf,,,0.2219019979208496
393,,0.0,0.0,1.6936824854082273,1.3342167968133465,0.9415905692199178,0.9191984785189113,0.6159768851664812,,,0.6038851895711802,inf,,,0.19913763129894632
394,,0.0,0.0,1.3105145794236783,1.1067520458743905,0.945534299548404,1.731841654884954,0.7865998246962866,,,0.5641709578113449,inf,,,0.23126345556842576
395,,0.0,0.0,1.292636280315059,1.1687653587299922,0.8805895546799585,1.0258865553143008,0.5930763518474031,,,0.5883313578629602,inf,,,0.2523437232358894
396,,0.0,0.0,1.4326714081173821,1.410377539466721,0.9059681618779061,2.594980196042465,2.005041323647317,,,0.585052858160615,inf,,,0.24176989504201238
397,,0.0,0.0,1.4756408939708117,1.427672639110331,0.9442608551796169,1.6921196797183133,0.8787451078427111,,,0.6207552362147116,inf,,,0.21847913878987094
398,,0.0,0.0,1.4714205597046006,1.3673275477469837,0.9557986997484947,2.6407998273392175,1.9845689912079654,,,0.6153451465759925,inf,,,0.2335716129007392
399,,0.0,0.0,1.3164999024722586,1.2446842773617546,0.9603802630065749,1.6767273691932134,0.9530016645959194,,,0.541134803179459,inf,,,0.20156025717621626
400,,0.0,0.0,1.4032879761354073,1.3763411527523008,0.9274388585311898,2.219491838650466,1.2732426019542058,,,0.5978297680564633,inf,,,0.22399884350517318
401,,0.0,0.0,1.2609237144856182,1.2029662995827402,0.9628176419209761,2.0052735244830724,0.9712824276441645,,,0.4629450596409901,inf,,,0.2363799841172308
402,,0.0,0.0,1.428556892269778,1.4008047228934661,0.9697375883360898,2.3082045474828092,1.8022054900725606,,,0.5022576003740722,inf,,,0.2719844830039912
403,,0.0,0.0,1.4734128573531433,1.4358339997169378,0.9706957391019785,2.318354499548477,1.6357765682034375,,,0.5158180382284114,inf,,,0.21646842276302614
404,,0.0,0.0,1.3948967558877248,1.362289151741293,0.9380719439142656,2.3661432396577466,1.9794225006504207,,,0.524519217297268,inf,,,0.20368645923522646
405,,0.0,0.0,1.371041535633827,1.326789702586098,0.9398264389924975,1.7513180530345287,0.9946241298093061,,,0.5713653840954815,inf,,,0.21720611745844576
406,,0.0,0.0,1.2973797077500182,1.2642588621951867,0.9211008653654743,2.48067826308325,1.53608515682554,,,0.5978297680564633,inf,,,0.23793789297802054
407,,0.0,0.0,1.3135290752369544,1.280944375735622,0.9670083343707391,2.2084980345835414,1.2486118872623826,,,0.6180765742263259,inf,,,0.2278920150433879
408,,0.0,0.0,1.366465707798168,1.270452490505244,0.9524127540994896,1.5764772799271123,0.7744715373099773,,,0.5677978065141052,inf,,,0.23609758845404719
409,,0.0,0.0,1.1318826206312682,1.0337895742511125,0.9109397086198475,1.159295632197761,0.44226642438966524,,,0.585052858160615,inf,,,0.20066513512507883
410,,0.0,0.0,1.1623551692975655,1.0520495943673527,0.7809987697106142,1.6138306504626627,0.9118438301165537,,,0.6180765742263259,inf,,,0.2140639611305977
411,,0.0,0.0,1.6527560737436366,1.4513120224160423,0.9071930661877602,1.0851945710617923,0.7280350076437014,,,0.6153451465759925,inf,,,0.1928361454646707
412,,0.0,0.0,1.4203859690121823,1.3098585931785307,0.9411340427783187,1.59896142944724,0.7557242213413891,,,0.6309483474627791,inf,,,0.21696011226875464
413,,0.0,0.0,1.2323685638238076,1.1572843783828937,0.9056159080102109,2.3876396606203794,2.884626831887728,,,0.5883313578629602,inf,,,0.2129724657730209
414,,0.0,0.0,1.2285579022416826,1.0512134301927303,0.8959756794925073,1.3877384399745105,0.630420176749841,,,0.5783247308855777,inf,,,0.22726166468064096
415,,0.0,0.0,1.1497311647305932,0.8349462227928384,0.8480611882888948,0.8688534098758534,0.45707926330601323,,,0.5567373465730988,inf,,,0.23415857398862389
416,,0.0,0.0,1.2785334358353582,0.8788512078858123,0.8355320369050495,0.36990749287064245,0.3601016436603952,,,0.5113665138247345,inf,,,0.20727520992311124
417,,0.0,0.0,1.4103301408725653,1.0786731801699188,0.8579914445443599,0.8989943891520077,1.0154292326316106,,,0.5490601803369085,inf,,,0.24534458151184727
418,,0.0,0.0,1.4049557334252623,1.3628949993480712,0.768176650781935,0.5887968150125433,0.7767794427960719,,,0.6447042257417027,inf,,,0.2100925300045916
419,,0.0,0.0,1.4542091701758508,1.096450975343729,0.7935458204351897,0.6909954874407352,0.41597075687195084,,,0.6068309995095971,inf,,,0.20200140749323175
420,,0.0,0.0,0.7672883667982863,0.6671136000073784,0.5677488441905257,0.1589577235234816,0.21561100775978362,,,0.5604843169999094,inf,,,0.181761937292225
421,,0.0,0.0,1.3921570834223382,1.346865390087925,0.8045357388382438,0.6942252255766834,0.4933866765253234,,,0.6153451465759925,inf,,,0.20027082449640282
422,,0.0,0.0,0.6435762586394265,0.5507828373547689,0.6000526677348361,0.259958607249291,0.3194511010582069,,,0.5748741956352443,inf,,,0.21590017488157603
423,,0.0,0.0,1.6175288815481323,1.2271890805829806,0.8450563020488443,0.3431729576037436,0.4514150722408195,,,0.5713653840954815,inf,,,0.18792330645477068
424,,0.0,0.0,1.0316703437493957,0.9494606145430047,0.6502871823646057,0.540969751739716,0.5560535164663291,,,0.585052858160615,inf,,,0.2682215089906351
425,,0.0,0.0,1.2744792381869146,1.2885913937921494,0.7910996347136546,0.8647424143336392,0.9259107989725406,,,0.6380535849069913,inf,,,0.23672940540974455
426,,0.0,0.0,1.4225463954932676,1.3594175844450476,0.8722498484181657,0.7581996582937631,0.9192368798237188,,,0.6207552362147116,inf,,,0.21685043223590633
427,,0.0,0.0,1.394829231949268,1.2200959598891827,0.7368558981864991,0.4439983976307897,0.462349268174176,,,0.5978297680564633,inf,,,0.22382328578432234
428,,0.0,0.0,1.4973950287707332,1.2698800664372405,0.8366174674205078,0.3222212541450101,0.3355924001359355,,,0.5915533975974677,inf,,,0.1865267595571075
429,,0.0,0.0,1.3519892840557075,1.1513147496380178,0.7991584137309866,0.44866908500991803,0.46854456092996166,,,0.5915533975974677,inf,,,0.18831754058740374
430,,0.0,0.0,1.3116525771370464,1.1719223429064254,0.7227390671044188,0.4861386026905835,0.5654785537450939,,,0.5641709578113449,inf,,,0.2145709790440368
431,,0.0,0.0,1.4831756079967622,1.3793699157425068,0.7976518112320853,0.6649281138440579,0.6984855865216225,,,0.5783247308855777,inf,,,0.19770884826185517
432,,0.0,0.0,1.0155728779590034,0.8728160539289165,0.601792512129822,0.4925900787077222,0.4065118403038215,,,0.5490601803369085,inf,,,0.2284204287589559
433,,0.0,0.0,1.4560088149625763,1.2741419494835016,0.7965216980840515,0.5531206084591037,0.6631483687414353,,,0.5113665138247345,inf,,,0.1933714038502577
434,,0.0,0.0,1.0631017505013012,0.9728844316691151,0.6684292156805854,0.5180858351850984,0.5050144256008812,,,0.5490601803369085,inf,,,0.2344200535242714
435,,0.0,0.0,1.3865594694126473,1.3411979636389533,0.8959204515313512,0.9064450281408512,1.0916151804366048,,,0.6233814453054027,inf,,,0.22863815029338896
436,,0.0,0.0,1.275065276381351,1.2389671618788762,0.7873904117151211,0.768693008825963,0.8584897999357369,,,0.6309483474627791,inf,,,0.22575586286927773
437,,0.0,0.0,1.1182019196462945,0.9952690582852616,0.756753436074105,0.771478751047039,0.8955717794963669,,,0.581717464821069,inf,,,0.22308163337857323
438,,0.0,0.0,1.1215319291143606,1.0886614045680862,0.6565842199318067,0.6207325272639357,0.65996542254187,,,0.5883313578629602,inf,,,0.23671718379501788
439,,0.0,0.0,1.4395423454148624,1.2667495207243287,0.7930410799618586,0.6261242823302265,0.5525823452636287,,,0.5783247308855777,inf,,,0.22010665450078695
440,,0.0,0.0,1.4486902239935144,1.3711768101338777,0.8049097922606304,0.7892384632109294,0.8653425230855626,,,0.5748741956352443,inf,,,0.23091168952039312
441,,0.0,0.0,1.4239203886022664,1.3607190824536037,0.8076525044021299,0.7013647797443865,0.8401518243367059,,,0.5641709578113449,inf,,,0.238233398618392
442,,0.0,0.0,1.3550748242848951,1.3049946767938805,0.86281463154892,0.9574940003438028,1.1959358114471363,,,0.6068309995095971,inf,,,0.22839911434947544
443,,0.0,0.0,1.1390200242766082,1.1235668093578721,0.7392795573829216,0.6909615201320737,0.7939196026979312,,,0.6233814453054027,inf,,,0.25092311069202416
444,,0.0,0.0,0.8643713205684511,0.8482177848038355,0.48018780129320565,0.7192928422343731,0.7697440359793822,,,0.6333676938231112,inf,,,0.25686574118435856
445,,0.0,0.0,0.5352171607276706,0.3998026061460327,0.34863855511875624,0.3028693015834676,0.21345280252162813,,,0.5713653840954815,inf,,,0.22894247128723608
446,,0.0,0.0,1.3781670403534372,0.7632369121169958,0.8323118163839852,0.005036401126797737,0.015053882675390925,,,0.524519217297268,inf,,,0.16399485882058443
447,,0.0,0.0,1.577448272483061,1.0362934065713907,0.8927026849078549,0.006330028571748618,0.018183764368238167,,,0.5068466436745385,inf,,,0.16239041780587166
448,,0.0,0.0,1.6177220924567561,1.460640409415109,0.9143019351483168,0.0008052726777466096,0.002575440165417097,,,0.48319206230712763,inf,,,0.1633163798298332
449,,0.0,0.0,1.7653920738667463,1.6776899882439107,0.9810542133586174,0.0008861332264472161,0.0028238282126536976,,,0.5202020156036558,inf,,,0.16335498879053645
450,,0.0,0.0,1.1903594657223406,1.1928801481980853,0.7093208864052947,0.017483436375195244,0.030500634397302,,,0.5158180382284114,inf,,,0.16862040638096437
451,,0.0,0.0,1.6955284264929862,1.6582367458140357,0.8481247755249887,0.004205096400615507,0.009017542865747876,,,0.5068466436745385,inf,,,0.16718677405772023
452,,0.0,0.0,1.6846816815460046,1.505149155404663,0.8610785562455305,0.0069671186145881525,0.018150112881073533,,,0.468121228110369,inf,,,0.16532425251935043
453,,0.0,0.0,1.3016758706243161,1.2897167894512853,0.7148707146437273,0.00784107424471261,0.017565222704656706,,,0.48319206230712763,inf,,,0.16594858781360805
454,,0.0,0.0,1.6604280018316728,1.2413789827546475,0.86241404489766,0.015591628630205228,0.03678486718573277,,,0.5287703885177266,inf,,,0.1639797074832382
455,,0.0,0.0,1.5995165018282178,1.5789724435352317,0.9021061120491446,0.02723580250258107,0.06366865120206433,,,0.5451288209179292,inf,,,0.1645915894718588
456,,0.0,0.0,1.3717922389032573,1.189346950948098,0.8478769017478291,0.00759250063501965,0.022288995896328562,,,0.552929491858785,inf,,,0.1633448881059357
457,,0.0,0.0,1.7200807284360244,1.0646226736450146,0.9555959178598248,0.0011635741917611932,0.003696057249579255,,,0.48319206230712763,inf,,,0.1638483658614187
458,,0.0,0.0,1.7051617273551942,1.4843785137976317,0.9415466475760511,0.003109302336375221,0.009340060170355487,,,0.524519217297268,inf,,,0.16403910555907966
459,,0.0,0.0,1.6710111054709582,1.6370039777346164,0.8742719747364975,0.015614960152812937,0.03862334566647338,,,0.47824363442641393,inf,,,0.16404189035569053
460,,0.0,0.0,1.3867885875196644,1.308861329398452,0.7608777827206321,0.005157026548157849,0.012021510483353263,,,0.36181263880445963,inf,,,0.16776030118698332
461,,0.0,0.0,1.4113703665666903,1.1632469593181671,0.8753510690105684,0.007948165287775907,0.020383243148210245,,,0.44144624493110796,inf,,,0.16406035486416382
462,,0.0,0.0,1.605646224230442,1.1583556661536996,0.8498970242003734,0.012938150504715975,0.03453709958665656,,,0.42445136339222655,inf,,,0.16242565730022793
463,,0.0,0.0,1.6509105119540373,1.2620009375556516,0.9294677474028031,0.005309103717577328,0.016354413974313094,,,0.42445136339222655,inf,,,0.1663476903679011
464,,0.0,0.0,1.35590548999398,1.235585496151992,0.7778551996857731,0.0037237218929964304,0.011168269427994672,,,0.4732203808476458,inf,,,0.16360978683934504
465,,0.0,0.0,1.5976508509847493,1.5561516304467933,0.902861858133399,0.0036034929311379196,0.010719003166418162,,,0.47824363442641393,inf,,,0.16311892061094116
466,,0.0,0.0,1.4095107961918294,1.0676193101013345,0.7643959993700007,0.025790787840365172,0.045282936570194735,,,0.41861278947482794,inf,,,0.16344231429077025
467,,0.0,0.0,1.6226420291177295,1.0461943248265975,0.8834251933277194,0.002796849493522056,0.00822801094839083,,,0.4576907132971797,inf,,,0.16313084649949014
468,,0.0,0.0,1.5544009571865474,1.4984455130110395,0.7342700486326024,0.012368687802686528,0.025642695163993333,,,0.5068466436745385,inf,,,0.16911424467911085
469,,0.0,0.0,1.730564662869722,1.6178474964542422,0.9676671344977332,0.16242827295614792,0.34376793111709125,,,0.5202020156036558,inf,,,0.17407929675642247
470,,0.0,0.0,1.098182496484045,1.0468752413257356,0.7239466068938262,0.007101441858703405,0.019566183946740957,,,0.43586655696697996,inf,,,0.16510760732683352
471,,0.0,0.0,1.549515758785314,1.35303709536688,0.7758763695192552,0.001517624782128468,0.00408851240102201,,,0.28007874463063287,inf,,,0.16725438701438528
472,,0.0,0.0,1.6484346698741101,1.4676692672229066,0.9089288852010374,0.006769022666378481,0.019345946910965875,,,0.5113665138247345,inf,,,0.16236351137318455
473,,0.0,0.0,0.4832032875615162,0.4112438803058913,0.5064683757250393,0.025331150346526145,0.0502614448827203,,,0.468121228110369,inf,,,0.16762971169079563
474,,0.0,0.0,1.6321316633173328,1.5546813609681138,0.8958757735847714,0.20635043671692502,0.37805503087402625,,,0.5202020156036558,inf,,,0.21238636718219867
475,,0.0,0.0,1.746670805475179,1.5120409999278457,0.976888506374602,0.1139634118456077,0.2520402433864388,,,0.5370774965580548,inf,,,0.16615589352878524
476,,0.0,0.0,1.7091663412161755,1.07823282386125,0.9617455483095803,0.30710853672457555,0.5660766390532654,,,0.49759852643134905,inf,,,0.1925562412068172
477,,0.0,0.0,1.763254549047377,1.2501430689696118,0.9666393304602,0.25030602387910245,0.45917447939184164,,,0.4302020962658841,inf,,,0.17649232796096576
478,,0.0,0.0,1.7043350706099683,1.2656876548425529,0.9238951557157883,0.1211913929457349,0.27074729216843113,,,0.49759852643134905,inf,,,0.18920516663484038
479,,0.0,0.0,1.6388855782099851,1.0635962985900318,0.8982925335071567,0.00449766415664712,0.013102666581001041,,,0.3943459996787778,inf,,,0.16410361834437098
480,,0.0,0.0,1.5727541605634539,1.107381779987088,0.9049632226034601,0.008540187841067503,0.023975393107133574,,,0.38163879478178075,inf,,,0.1590765304586188
481,,0.0,0.0,1.5132014639715048,1.040194778482683,0.8648845904532431,0.0798122420285447,0.17546295269287135,,,0.45235697871908603,inf,,,0.17422183362711738
482,,0.0,0.0,1.2669468169906122,1.0460270830850995,0.8183159443293375,0.1373283812297336,0.2444280587227901,,,0.45235697871908603,inf,,,0.17125785987293599
483,,0.0,0.0,1.3981072205506782,0.9468439363735389,0.8526526180552126,0.11028458670057736,0.2239021877870892,,,0.48319206230712763,inf,,,0.17639279007177394
