,temp+hr_XAp0,temp+hr_XAp1,temp+hr_XAp2,temp+hr_XCond1,temp+hr_XCond2,temp+hr_XDist,temp+hr_XFuzz1,temp+hr_XFuzz2,temp+hr_XK2_1,temp+hr_XK2_2,temp+hr_XPermEn,temp+hr_XSamp0,temp+hr_XSamp1,temp+hr_XSamp2,temp+hr_XSpec
0,,0.0,0.0,1.158210960056244,0.7202872533952953,0.74088331836169,0.010073413022258339,0.027560072527547018,,,0.4880666971167561,inf,,,0.1629073139977471
1,,0.0,0.0,1.6548718641560853,1.0506217142662493,0.9178236551276603,0.12767335488195528,0.2807779093623306,,,0.5113665138247345,inf,,,0.16566688504106758
2,,0.0,0.0,1.489074324339193,1.0115675514672837,0.8643094715159,0.09303610861781104,0.219202509949219,,,0.42445136339222655,inf,,,0.1682467401210677
3,,0.0,0.0,1.544563455253372,1.1172350147087617,0.8364382507014211,0.10875798572406019,0.21515425523377896,,,0.541134803179459,inf,,,0.16204235656016452
4,,0.0,0.0,1.4702251035152087,1.0623214107528767,0.8366950149477522,0.05507531856900863,0.1308586600054903,,,0.552929491858785,inf,,,0.16175338166542974
5,,0.0,0.0,1.5720384138310863,1.0046217395881236,0.8991022852620311,0.09638329456182121,0.24137553106313403,,,0.5202020156036558,inf,,,0.16493532044493955
6,,0.0,0.0,1.6552910311010849,1.3485590503796603,0.9332765652120565,0.07396859962022673,0.19198306292159079,,,0.5567373465730988,inf,,,0.16552260404398006
7,,0.0,0.0,1.6626514787433786,1.08528304929555,0.9142176643031715,0.1669778208989604,0.29223883358294633,,,0.5022576003740722,inf,,,0.15779193619893972
8,,0.0,0.0,1.4384761655244962,0.8284680730630738,0.8421986600101541,0.015348195650403278,0.03624201606305749,,,0.4066654671944331,inf,,,0.16331339346972218
9,,0.0,0.0,1.657285982199245,1.0482266109704947,0.9418737293504719,0.18656606483445218,0.34840477192685865,,,0.5370774965580548,inf,,,0.1561212556740381
10,,0.0,0.0,1.6921154664440512,1.2737413173576535,0.9529461340364281,0.10719489121859875,0.29448050224863903,,,0.5329562494928909,inf,,,0.16379823437423602
11,,0.0,0.0,1.6550627553952622,0.8408952936965779,0.9122024266069658,0.1049126587219827,0.25315589809790395,,,0.5329562494928909,inf,,,0.15897033222658458
12,,0.0,0.0,1.7396982595409618,1.1791261867386853,0.9544600242192416,0.08180323927264505,0.20365376702313212,,,0.48319206230712763,inf,,,0.16321485871275163
13,,0.0,0.0,1.2920173031526674,0.8297863598593379,0.8395870221292263,0.013745414818253431,0.039470399771911496,,,0.42445136339222655,inf,,,0.16352560637606472
14,,0.0,0.0,1.1835340366127074,0.7271560760854032,0.7584166609266187,0.029363745175624414,0.07677394157938358,,,0.3943459996787778,inf,,,0.16604282944312704
15,,0.0,0.0,1.674100277535881,0.9863948591964488,0.9119483971354757,0.07038166541059689,0.14038931328566823,,,0.5329562494928909,inf,,,0.16623626182330822
16,,0.0,0.0,1.4724429734263287,1.1852117213917162,0.8308457579142542,0.11605945391758454,0.21184998868210214,,,0.47824363442641393,inf,,,0.16886625630974217
17,,0.0,0.0,1.6250750972386836,0.9899694534498127,0.9272503626757495,0.20012722315597176,0.41445643617938777,,,0.5287703885177266,inf,,,0.1687725246311587
18,,0.0,0.0,1.6374716618865206,1.050313421358967,0.9212003668495238,0.04960959456773541,0.13135807687696616,,,0.5451288209179292,inf,,,0.16221352334062977
19,,0.0,0.0,1.5099551129939401,0.6763720572782614,0.8818882946064879,0.07163468919881007,0.17763381389363309,,,0.4732203808476458,inf,,,0.160675543211206
20,,0.0,0.0,1.5142822380216256,0.9085849921171442,0.905897491137842,0.08744434807760554,0.2364680344736985,,,0.524519217297268,inf,,,0.1573591301119672
21,,0.0,0.0,1.7210741430790952,0.9856129996727543,0.9373040810273608,0.2060687271395976,0.44060296321337994,,,0.5022576003740722,inf,,,0.1539418372117903
22,,0.0,0.0,1.7435249326776756,1.2065196443313255,0.9710240901777208,0.20378478817607404,0.43035624736161826,,,0.5567373465730988,inf,,,0.16265046318140122
23,,0.0,0.0,1.6321207460316014,0.9419790399829855,0.9194630141044392,0.17853756678333205,0.37256712714488416,,,0.5202020156036558,inf,,,0.16853806837556579
24,,0.0,0.0,1.7507938060575752,1.0042364090956863,0.9383096584705819,0.15578808743711534,0.35180081056621987,,,0.552929491858785,inf,,,0.16985275265453748
25,,0.0,0.0,1.5527998278871005,1.183374438533202,0.8886604684858916,0.11188638017160973,0.2185268413707751,,,0.524519217297268,inf,,,0.16943785839394698
26,,0.0,0.0,1.6375350897582863,1.2803349606621561,0.9149472039345361,0.08782510056235043,0.2296163915737433,,,0.5490601803369085,inf,,,0.16338203751777658
27,,0.0,0.0,1.2097104608685216,0.7884729957754525,0.732825768613705,0.023506009552139193,0.05557954485343809,,,0.4629450596409901,inf,,,0.16577045612564237
28,,0.0,0.0,1.7563267715729072,0.883525915955738,0.9672848725681777,0.002158578036929377,0.0067211392978311635,,,0.4576907132971797,inf,,,0.1639342007232795
29,,0.0,0.0,1.41147515878838,0.9909251561322878,0.9129993790341272,0.004838618266069512,0.014981607049005884,,,0.38804190201132227,inf,,,0.16312106457120398
30,,0.0,0.0,1.7332360661857171,1.3830390124079661,0.9391736898864842,0.0050211360886842585,0.015523315745752428,,,0.47824363442641393,inf,,,0.1637732080977015
31,,0.0,0.0,1.6514582077979174,0.9077131105349996,0.926050818654499,0.12922969255642652,0.2802777256326553,,,0.552929491858785,inf,,,0.16079279485512826
32,,0.0,0.0,1.6997622616177614,1.2760583246545991,0.9356366837574512,0.07434061626761371,0.19001614366490344,,,0.4880666971167561,inf,,,0.1622826265820653
33,,0.0,0.0,1.628882146251401,1.059967653741854,0.9204071446572246,0.04433638226542779,0.11578933821301587,,,0.5022576003740722,inf,,,0.16464772906009095
34,,0.0,0.0,1.4894012230850415,1.1581613406175768,0.8652050635716293,0.023261548188748826,0.06650491616357695,,,0.38163879478178075,inf,,,0.16428102906899758
35,,0.0,0.0,1.6976478325724962,1.1914450394481342,0.9376828920526123,0.008206733579639948,0.025294535681678987,,,0.45235697871908603,inf,,,0.16268819487080943
36,,0.0,0.0,1.5740849115067999,1.2652060085307113,0.8975554469819915,0.00924437402671844,0.028604892422468227,,,0.49759852643134905,inf,,,0.1634004009758889
37,,0.0,0.0,1.4916391942330018,1.0970006755109776,0.8755839004445224,0.15559828089199723,0.26381006467395374,,,0.48319206230712763,inf,,,0.15847485792298124
38,,0.0,0.0,1.6917069339402255,1.1653499709338084,0.9498841245964729,0.10899172978986063,0.2664196493586475,,,0.5158180382284114,inf,,,0.16120977249763715
39,,0.0,0.0,1.4863274036752032,0.975723878642169,0.8675037582659213,0.13036523771732575,0.25689916193952544,,,0.468121228110369,inf,,,0.16162949982499716
40,,0.0,0.0,1.5654952857107192,1.0611009884911875,0.9108127593753057,0.08102498381807838,0.192183542222005,,,0.4928685327679205,inf,,,0.16326798523585842
41,,0.0,0.0,1.597004264492236,1.1259020740981396,0.8798804390600956,0.08438599020783168,0.20831450603397578,,,0.4732203808476458,inf,,,0.16703603936598957
42,,0.0,0.0,1.6966993890354427,1.087322841939983,0.9341055726768863,0.037363273006066004,0.09877831601875092,,,0.44144624493110796,inf,,,0.16439453938885704
43,,0.0,0.0,1.1963399889002213,0.7730213145583641,0.8007364087164648,0.03695089896993521,0.09612885263376167,,,0.4732203808476458,inf,,,0.1619498115020511
44,,0.0,0.0,1.7479196631687095,0.7854023194381154,0.952852022962878,0.11921658147893292,0.2615032334632693,,,0.5451288209179292,inf,,,0.1587185022899724
45,,0.0,0.0,1.7567424038472272,1.3164430189004337,0.9609345913649652,0.20967614585817754,0.46347974373548767,,,0.5068466436745385,inf,,,0.15862455758969626
46,,0.0,0.0,1.643794338565496,1.1904858261122344,0.9287439805141263,0.1223840379823189,0.24304359485108729,,,0.5370774965580548,inf,,,0.16076026041924457
47,,0.0,0.0,1.3778777885663407,0.8420469431161739,0.8316935919103339,0.05859999139783481,0.11988422570089347,,,0.4880666971167561,inf,,,0.16442966070896023
48,,0.0,0.0,1.3806922249851301,1.0379066317151853,0.8189607309176241,0.02472895320196537,0.063758944273694,,,0.468121228110369,inf,,,0.1651365144075351
49,,0.0,0.0,1.6048339885134975,0.9208237526247296,0.8964622089702271,0.0021976228929432174,0.006545797278781903,,,0.3685265678147087,inf,,,0.16366308732902785
50,,0.0,0.0,1.6504779341874996,1.3250016958277504,0.9262039955888837,0.0030767573555613046,0.009385768033328697,,,0.43586655696697996,inf,,,0.16326821862477542
51,,0.0,0.0,1.4248549787662546,0.8508211673041428,0.9068536182060221,0.00719356266159619,0.022096116328834774,,,0.41861278947482794,inf,,,0.16406287264002498
52,,0.0,0.0,1.472843556310767,1.001835147997705,0.8901003003226996,0.0014215261682863176,0.004385811725269556,,,0.38163879478178075,inf,,,0.1635974362117538
53,,0.0,0.0,1.5886299264797212,1.101413535516031,0.8979088027381674,0.0019254686693483743,0.005868047156902102,,,0.3480560589391537,inf,,,0.1636664210095688
54,,0.0,0.0,1.3456912842516813,0.8330639331080834,0.8274589594390943,0.0029147548842087976,0.0088522665301382,,,0.3480560589391537,inf,,,0.16340035737421538
55,,0.0,0.0,1.690275608427306,0.9910503605812547,0.9375955817806573,0.01393530343173156,0.04121572228458712,,,0.49759852643134905,inf,,,0.16349496516793263
56,,0.0,0.0,1.304835736417748,1.0596571727821027,0.7937600097521413,0.032673227837976916,0.07356780866327983,,,0.45235697871908603,inf,,,0.16350796861869918
57,,0.0,0.0,1.5908518408047496,1.141980884598916,0.918122991317258,0.04664393395925924,0.12910131788552076,,,0.47824363442641393,inf,,,0.16395770233938348
58,,0.0,0.0,1.539074033959475,1.307181636178281,0.8922966707914626,0.004381844094970851,0.013079683308423184,,,0.47824363442641393,inf,,,0.163415346225382
59,,0.0,0.0,1.6416397856729894,1.0759194713692364,0.8983653900923971,0.005593806047768954,0.016847482996790272,,,0.4880666971167561,inf,,,0.16425674714876953
60,,0.0,0.0,1.6611428363194896,0.9844024068309,0.9231779819119381,0.018843263630553123,0.05367970683496713,,,0.4732203808476458,inf,,,0.16348202699254802
61,,0.0,0.0,1.710221986211378,1.0944839855877837,0.9437280343547485,0.006900349441646007,0.02114987616630496,,,0.4732203808476458,inf,,,0.16339603107473935
62,,0.0,0.0,1.692620607597083,1.0806559331288177,0.9167821610487625,0.0014225097502093035,0.00437252273641311,,,0.45235697871908603,inf,,,0.1632027902846671
63,,0.0,0.0,1.6954788803694782,1.4120495932183321,0.9505996275614788,0.002081635453765908,0.006356717917299083,,,0.4576907132971797,inf,,,0.1633696957287004
64,,0.0,0.0,1.741106954679216,0.9857639484175077,0.9474118430446165,0.002141102366363562,0.00677602505639768,,,0.44694259446804574,inf,,,0.16289628245259624
65,,0.0,0.0,1.4775474671224156,1.1719748869151676,0.833682004975262,0.012005355305654499,0.032818722645767906,,,0.4928685327679205,inf,,,0.16405142300922673
66,,0.0,0.0,1.621171398563089,1.1102644409737408,0.9159346918405736,0.002715231269248498,0.008334645626460737,,,0.4066654671944331,inf,,,0.163916466022764
67,,0.0,0.0,1.1712721952525533,0.809563382416393,0.7555323815620582,0.02376581156130709,0.05552430628438455,,,0.5022576003740722,inf,,,0.1662760866726492
68,,0.0,0.0,1.4053921771543234,0.66020379654942,0.8097792311270194,0.023137692272146244,0.06346091749719106,,,0.5370774965580548,inf,,,0.16682367907520082
69,,0.0,0.0,1.6724797449848268,1.0717262896861277,0.9192231972360739,0.0037283313043806744,0.011490735981634938,,,0.4732203808476458,inf,,,0.16405938041574597
70,,0.0,0.0,1.524277426246636,0.6369099210619991,0.9025925601927602,0.00517227534419969,0.015771831519352724,,,0.5202020156036558,inf,,,0.16495644437057636
71,,0.0,0.0,1.3252418616960422,0.9591723100351236,0.770624337448296,0.004859257708357608,0.014934183141355771,,,0.44144624493110796,inf,,,0.16412630878991039
72,,0.0,0.0,1.6589075290012032,1.2817985095301752,0.9195126334080378,0.0028046708891633007,0.008840214494025053,,,0.4302020962658841,inf,,,0.16314275209342396
73,,0.0,0.0,1.4090536174980597,0.9616016428739911,0.8318719439606093,0.0016397766301092624,0.00513578947349194,,,0.45235697871908603,inf,,,0.16275809761679977
74,,0.0,0.0,1.4054161675664065,1.0937663702901803,0.8046436641713757,0.007599818698115824,0.023240550634278136,,,0.5022576003740722,inf,,,0.16323744500511772
75,,0.0,0.0,1.6063535017512272,1.3294173266937248,0.8847430145604948,0.005002569194183227,0.015563802054646678,,,0.4629450596409901,inf,,,0.1633696143696766
76,,0.0,0.0,1.7333770550594094,0.744464588052355,0.9304390835502963,0.0037681258092118423,0.011668816411744408,,,0.47824363442641393,inf,,,0.16317827597007714
77,,0.0,0.0,1.2253686551330438,0.8928948552224256,0.7713615828624802,0.03653401233683098,0.09430382873123108,,,0.468121228110369,inf,,,0.16158005804538733
78,,0.0,0.0,1.5146708514356133,0.8392953938150459,0.8505951903104432,0.1297847500164013,0.24961912901314534,,,0.5068466436745385,inf,,,0.17023462926455735
79,,0.0,0.0,1.6835210719945652,0.9084278110257634,0.9382214374314037,0.10795201220040575,0.2410106217217053,,,0.5158180382284114,inf,,,0.16540550001649157
80,,0.0,0.0,1.5918900580907185,0.9167537339909121,0.8902643447471498,0.0125499106812211,0.03307847837179329,,,0.524519217297268,inf,,,0.16408188180268468
81,,0.0,0.0,1.0443746019062259,0.42026563360090574,0.717973072650497,0.018495056376776713,0.051606336449331075,,,0.5202020156036558,inf,,,0.1648941119156706
82,,0.0,0.0,1.6864888250226604,1.200382079837326,0.9078722066185946,0.0048345220706379555,0.01456155680688613,,,0.38804190201132227,inf,,,0.16263279667611408
83,,0.0,0.0,1.7016951070654422,1.2456879281837658,0.9520932863155733,0.00710242353731048,0.021652503503224972,,,0.48319206230712763,inf,,,0.1634357666145729
84,,0.0,0.0,1.2733068887140164,1.0944270792713116,0.752243269828104,0.008918981506368572,0.022361060274606336,,,0.40055318934786044,inf,,,0.16285379519723345
85,,0.0,0.0,1.7027008671425123,1.6582477775439275,0.9257395917509851,0.0065596262491175936,0.019873813825160125,,,0.49759852643134905,inf,,,0.1633057202220401
86,,0.0,0.0,1.5669093946547903,1.3313313497980495,0.8715132546472013,0.011670529882818687,0.03389813438310053,,,0.4732203808476458,inf,,,0.16454811258966473
87,,0.0,0.0,1.770075568873515,1.1274337890174821,0.97328030105245,0.005434578721591443,0.016994733218403193,,,0.5068466436745385,inf,,,0.1641967134197197
88,,0.0,0.0,1.4063593768722176,1.0055702197421774,0.8278039228073856,0.006391455732896221,0.019996960858142045,,,0.524519217297268,inf,,,0.1640694108129282
89,,0.0,0.0,1.6602588967537621,1.0697672023477067,0.9136618982859874,0.005803033601607888,0.01797054869883599,,,0.468121228110369,inf,,,0.16402025383086896
90,,0.0,0.0,1.7531359715718764,1.283414702074529,0.9627816197366357,0.004025274376704113,0.01244645028640538,,,0.49759852643134905,inf,,,0.16405547470055543
91,,0.0,0.0,1.7091586068308493,1.3017186560808975,0.9570351606681128,0.00524622288492025,0.016341467344550924,,,0.4880666971167561,inf,,,0.16378779128247883
92,,0.0,0.0,1.6657336294994134,1.3747672265745272,0.9509253116594163,0.00729394267166763,0.022575872579427825,,,0.5329562494928909,inf,,,0.16384110172919786
93,,0.0,0.0,1.6082598041925003,1.4187386818784384,0.9021055095470941,0.004019244802623067,0.012616528758374058,,,0.47824363442641393,inf,,,0.1638824663160793
94,,0.0,0.0,1.3234417820277309,1.2528173372321074,0.7725165903639715,0.011557495033823324,0.03218280392547986,,,0.44144624493110796,inf,,,0.1637171247900813
95,,0.0,0.0,1.5243094457304107,1.0176559727501397,0.862178427818838,0.020305861064410912,0.05010182521679257,,,0.44694259446804574,inf,,,0.16536013283142156
96,,0.0,0.0,1.3144026090407013,0.9645387896825645,0.8150995594537142,0.012508875052408676,0.03089924283684431,,,0.5287703885177266,inf,,,0.16423205319316717
97,,0.0,0.0,1.551888627643005,0.9822973964783939,0.8964082275743068,0.010579606767574539,0.03111090951742939,,,0.541134803179459,inf,,,0.1642133961944134
98,,0.0,0.0,1.614518063604853,0.9706435701987242,0.8715295663171869,0.016588220952232377,0.04806235405620979,,,0.541134803179459,inf,,,0.162217012348251
99,,0.0,0.0,1.6136335637401626,1.3633983408984152,0.9200435712595314,0.01865606706266133,0.05404382588705412,,,0.4928685327679205,inf,,,0.16359272145570944
100,,0.0,0.0,1.7208905824222744,0.9800201304031106,0.963055946016526,0.005205760841349138,0.016107989538341742,,,0.48319206230712763,inf,,,0.16270024866850288
101,,0.0,0.0,1.5596673866242137,1.305414620832122,0.9039575844286121,0.006329938370344684,0.019695757601682004,,,0.5158180382284114,inf,,,0.1639673182735286
102,,0.0,0.0,1.4094150115757695,0.7994045493108362,0.8479050024158132,0.004015952067705084,0.0125449766814472,,,0.48319206230712763,inf,,,0.16522013011119965
103,,0.0,0.0,1.7248825584477498,1.014826710978101,0.9635403613549796,0.0028867987130162137,0.009199499157689077,,,0.5068466436745385,inf,,,0.16307573516758228
104,,0.0,0.0,1.5899959840765283,1.1799439022748448,0.9222026580232964,0.001807679445392147,0.005697714431320567,,,0.5068466436745385,inf,,,0.16370546243243592
105,,0.0,0.0,1.775394624926508,1.6206499679411892,0.9782993943257515,0.007642903736898324,0.024131782171543045,,,0.552929491858785,inf,,,0.1635433116035302
106,,0.0,0.0,1.6846958148084619,1.0786339759486838,0.9489627298450511,0.0035985011504523034,0.011255987912905645,,,0.524519217297268,inf,,,0.16301168880674954
107,,0.0,0.0,1.651304743523034,1.0813836953803182,0.9156530187195494,0.008217430057104824,0.024950884607512346,,,0.47824363442641393,inf,,,0.16352800526523373
108,,0.0,0.0,1.5925970593605305,1.4520748346363703,0.9149997356370096,0.0037133704421324844,0.011738332650997763,,,0.4880666971167561,inf,,,0.16323363734985855
109,,0.0,0.0,1.7522436191776176,1.3042672687406132,0.9587686705856973,0.004232279276894928,0.013414152763380389,,,0.5202020156036558,inf,,,0.16335197667657408
110,,0.0,0.0,1.7552408592577575,1.0222843987497356,0.964451230305063,0.001116968004093401,0.0034713050446496963,,,0.41861278947482794,inf,,,0.16331511258840367
111,,0.0,0.0,1.5814446686639867,1.102019128834516,0.8952440808923445,0.0045400675130257105,0.014071726461706062,,,0.4880666971167561,inf,,,0.16338612945706976
112,,0.0,0.0,1.7724538450042713,1.2950501006455364,0.9527934217920627,0.0005888643280445088,0.0016683334090107562,,,0.3338418249889409,inf,,,0.1633917446493451
113,,0.0,0.0,1.6322787398367253,1.1471132149297387,0.8958361172184297,0.0015045690632203418,0.004545662394013666,,,0.4576907132971797,inf,,,0.1632456144845647
114,,0.0,0.0,1.6870906363863054,1.2792025001426313,0.9215808004801884,0.004556737277536907,0.013725402741166891,,,0.45235697871908603,inf,,,0.16291480551055226
115,,0.0,0.0,1.3749845309308535,1.126137785638197,0.8357076096797061,0.0037278136452614102,0.01103503342283575,,,0.4880666971167561,inf,,,0.16321055961555808
116,,0.0,0.0,1.5030482505094787,1.3182196869580411,0.8763302296046487,0.0010581285620598255,0.0032516036288793137,,,0.44694259446804574,inf,,,0.16325148968619133
117,,0.0,0.0,1.6051787754592695,1.2075199748350272,0.8920920809305932,0.0017391746321621575,0.005453791473275138,,,0.44694259446804574,inf,,,0.16315685363732077
118,,0.0,0.0,1.594077740515583,1.5516065338923455,0.9113014874543005,0.0065218041034163015,0.02025987448414635,,,0.5158180382284114,inf,,,0.16332462683729637
119,,0.0,0.0,1.6099208783661678,1.2111947814171529,0.9119645013835077,0.01569884240541803,0.04491463865938906,,,0.5287703885177266,inf,,,0.16335270751398773
120,,0.0,0.0,1.4645937769137523,0.6972106795930657,0.87975464383886,0.0073392283472779015,0.02088655298791407,,,0.5158180382284114,inf,,,0.16537699292038352
121,,0.0,0.0,1.46266449843133,1.416015564704038,0.8153525476350714,0.01042381220137231,0.02882284906429102,,,0.4880666971167561,inf,,,0.16274027649518505
122,,0.0,0.0,1.4608798882812328,1.0537356678470744,0.8556351356221871,0.009302581391828933,0.02672869820114033,,,0.5022576003740722,inf,,,0.16366699564405499
123,,0.0,0.0,1.6968498555819662,1.4689381087838405,0.916813945895803,0.00971221393170281,0.02848629192238828,,,0.468121228110369,inf,,,0.16300625164868623
124,,0.0,0.0,1.4569774282497667,1.3418847037072619,0.845049872470061,0.004124723819562354,0.012764928575271804,,,0.4629450596409901,inf,,,0.1637258791305267
125,,0.0,0.0,1.6798920776491209,1.2702258435656095,0.9396150312375378,0.016104512038237623,0.045897019884980766,,,0.5022576003740722,inf,,,0.16429245513797483
126,,0.0,0.0,1.6555617651184205,0.8591974782384213,0.9123034616816097,0.09364340397322855,0.223296326751966,,,0.5490601803369085,inf,,,0.15774276796718065
127,,0.0,0.0,1.3280920872293567,0.4845039456896312,0.8212465068424338,0.00588573893152641,0.01749970471539067,,,0.47824363442641393,inf,,,0.16498723585442682
128,,0.0,0.0,1.7000188325732304,1.297142691954233,0.947967867480382,0.002174954872211247,0.00675437967469826,,,0.47824363442641393,inf,,,0.16309422782808727
129,,0.0,0.0,1.6860646107454376,1.4978816556003602,0.9256395082847063,0.0025901738432883457,0.008033135667676886,,,0.49759852643134905,inf,,,0.1632086751311571
130,,0.0,0.0,1.3571047332367796,0.9986845371058624,0.8203439495734042,0.014917040383409077,0.04272390034551228,,,0.5022576003740722,inf,,,0.1631602191910452
131,,0.0,0.0,1.6213522753658585,1.034967594692998,0.9076701795412976,0.0018825543498504323,0.005847326695764643,,,0.45235697871908603,inf,,,0.16352363622676808
132,,0.0,0.0,1.7429101159696032,1.370818617472226,0.9485594892836205,0.006809835352121049,0.020847384638953626,,,0.4732203808476458,inf,,,0.16453829200066308
133,,0.0,0.0,1.6965103758050646,1.1818804095386606,0.963282268015148,0.009939900732118274,0.030173060726377016,,,0.4928685327679205,inf,,,0.16277761306712132
134,,0.0,0.0,1.7093793589578268,1.119925411133913,0.9367959162633185,0.0011465639016407664,0.0034267633210604094,,,0.41268473150466,inf,,,0.16314690111615798
135,,0.0,0.0,1.4771316323641943,1.080035904831522,0.8605606182294129,0.029965615801851454,0.06848246625538014,,,0.5068466436745385,inf,,,0.16341640724510548
136,,0.0,0.0,1.4582949630600508,1.113426110077228,0.7968820031068183,0.03395714010520561,0.08384149411412797,,,0.4880666971167561,inf,,,0.16501641580045118
137,,0.0,0.0,1.6588328958191867,1.3414889196395052,0.9228917285835027,0.005834329990105366,0.018161229938639677,,,0.5158180382284114,inf,,,0.16310710313700877
138,,0.0,0.0,1.4234548933114322,0.8544617440703357,0.8601580233059611,0.016330772359641414,0.04750975279274043,,,0.5202020156036558,inf,,,0.16362449627593145
139,,0.0,0.0,1.425712563925488,1.173313897607919,0.8557942035209962,0.001659310620365549,0.004652335673866889,,,0.5022576003740722,inf,,,0.1637663849053447
140,,0.0,0.0,1.6238002579710988,1.2066547578481548,0.8948693740025809,0.006269704667571086,0.0193057453525278,,,0.4732203808476458,inf,,,0.16421895949634274
141,,0.0,0.0,1.7350318978749981,1.6058411045969696,0.955588331118296,0.0031494413574933255,0.00986734047254573,,,0.5113665138247345,inf,,,0.16290449415765348
142,,0.0,0.0,1.4818278829027052,0.8511525368719078,0.8323456297216674,0.002113449831042592,0.006375593929397103,,,0.41268473150466,inf,,,0.1635326167747438
143,,0.0,0.0,1.671965700493225,1.2607395786282922,0.9158142675667132,0.00216436918195227,0.006519367396593277,,,0.4302020962658841,inf,,,0.1634219646595168
144,,0.0,0.0,1.2052229366604523,0.5759085085644665,0.7446504214053955,0.005667494310358873,0.016715713052154087,,,0.4576907132971797,inf,,,0.1629381495200036
145,,0.0,0.0,1.6849867912603336,0.9273078028786108,0.9337093621564002,0.001218097611547186,0.0036873495958686395,,,0.43586655696697996,inf,,,0.1633706988149889
146,,0.0,0.0,1.3682794119990842,0.7841328818549869,0.8282248305608932,0.022286296618968096,0.05651632997376852,,,0.5113665138247345,inf,,,0.16223117374472198
147,,0.0,0.0,1.70299967886068,1.1539797662350872,0.9544657464723749,0.005585106797904224,0.01743944918992265,,,0.5370774965580548,inf,,,0.16385963344505625
148,,0.0,0.0,1.5173310731175218,1.110114481812291,0.877147090132695,0.007352338883830939,0.02302182851073565,,,0.5287703885177266,inf,,,0.1645896133503416
149,,0.0,0.0,1.546582539719406,1.10303341743619,0.8680784151312145,0.024697420818183685,0.06715287568298836,,,0.5329562494928909,inf,,,0.16487700632940477
150,,0.0,0.0,1.6182517297085441,1.088078132785659,0.9162032332071458,0.010404628364421827,0.03145049592838218,,,0.5158180382284114,inf,,,0.16350533997436523
151,,0.0,0.0,1.5920129836014023,0.9428878686642244,0.8855121731542401,0.004821416353001421,0.013426496461137225,,,0.468121228110369,inf,,,0.164019558012443
152,,0.0,0.0,1.6246497954266654,1.314710959795772,0.89323660226002,0.009586544824584566,0.027163902920746053,,,0.5329562494928909,inf,,,0.16287236290233045
153,,0.0,0.0,1.6056957581021465,1.1075628206940884,0.9148310274210686,0.00426810971254632,0.013459791044415751,,,0.44694259446804574,inf,,,0.16393951463693576
154,,0.0,0.0,1.7299149350176277,1.3992247057781446,0.9516849907401999,0.0019054088290228735,0.006049353933870185,,,0.48319206230712763,inf,,,0.16295991421446385
155,,0.0,0.0,1.6576843985827954,1.1919902786200736,0.8462796766181349,0.026439852166050236,0.07065136959511617,,,0.47824363442641393,inf,,,0.16355817788720875
156,,0.0,0.0,0.9512863726586434,0.6545563017718501,0.6907981257974282,0.05150136591837752,0.10630778401843652,,,0.45235697871908603,inf,,,0.1691710306667703
157,,0.0,0.0,1.3326364841757534,1.278221079395459,0.7383997230231172,0.08184110136513331,0.14434561648159183,,,0.40055318934786044,inf,,,0.16340096492616757
158,,0.0,0.0,1.3091060382609971,0.7911131692745798,0.6878813410500878,0.1482456482633263,0.1225597759396077,,,0.541134803179459,inf,,,0.1631602350226603
159,,0.0,0.0,1.7336272359001728,1.6110445728081384,0.9434878231712418,0.5309690524261479,0.5895691982564415,,,0.5915533975974677,inf,,,0.16653831666695482
160,,0.0,0.0,1.6707559493627637,1.4321764309199314,0.8718515399764211,0.9246026827009676,1.104964608445663,,,0.5370774965580548,inf,,,0.16640768097007363
161,,0.0,0.0,1.5904643878385234,1.4052854762992597,0.8811386262269606,0.7024409611187539,0.7967467406593803,,,0.6068309995095971,inf,,,0.16777089057063121
162,,0.0,0.0,1.712426405972877,1.631708248175466,0.914231218172099,0.6093734207786206,0.7487623950562264,,,0.6125606311107803,inf,,,0.1672791466904628
163,,0.0,0.0,1.5387936471372168,1.491791776321066,0.7920206072984969,0.8588509212895848,1.0066490487868263,,,0.6038851895711802,inf,,,0.16912631140955803
164,,0.0,0.0,1.6994992996442655,1.4925017372564704,0.8543784319821441,0.5157318659615316,0.6294848069344909,,,0.5915533975974677,inf,,,0.16626008890616165
165,,0.0,0.0,1.6486682272258224,1.5767780031938634,0.9060039337399436,0.7412580542734303,0.8796549091437093,,,0.6403206450210053,inf,,,0.1714975516406359
166,,0.0,0.0,1.4667350636783614,1.2976013231399535,0.8675840283998839,0.6016897797764144,0.5599766582767689,,,0.5748741956352443,inf,,,0.16806141385469336
167,,0.0,0.0,1.7453067032294438,1.211537515547893,0.8955873871857357,0.6858123703998866,0.7641591397174251,,,0.6207552362147116,inf,,,0.1725327015583632
168,,0.0,0.0,1.411302828215633,1.2098710621683548,0.919719912558618,0.6285805633900572,0.5709638056854986,,,0.581717464821069,inf,,,0.16704091845637897
169,,0.0,0.0,1.4056674270978413,1.2736953598287337,0.8913212656328326,0.5838363537540128,0.5956272366284148,,,0.5783247308855777,inf,,,0.1663868431597453
170,,0.0,0.0,1.7041936256716754,1.603606058664285,0.9343929268878924,0.6359963742076074,0.7200219980774951,,,0.6207552362147116,inf,,,0.1669024206408833
171,,0.0,0.0,1.6289549826412018,1.567535915686521,0.9004854753190691,0.6992895570706311,0.7330058949019415,,,0.6528756675646988,inf,,,0.16503101365361836
172,,0.0,0.0,1.4313604379636322,1.3601493889903755,0.7355150381190618,0.7682578431605195,0.8757627328868571,,,0.6207552362147116,inf,,,0.1630458714911836
173,,0.0,0.0,1.4357954379752091,1.3410171901597234,0.7842499938300272,0.7633281052629364,0.822209895159418,,,0.62595550513784,inf,,,0.16545038512198315
174,,0.0,0.0,1.6802519541984475,1.5935135439446997,0.8973635281337934,0.7969930474178621,0.9581112324628642,,,0.6233814453054027,inf,,,0.16629300170612113
175,,0.0,0.0,1.6313620750885518,1.5726665671385256,0.8650506669686515,0.8410981454720716,0.9195109928667229,,,0.6125606311107803,inf,,,0.171617607934555
176,,0.0,0.0,1.6644562035429153,1.585341401871663,0.9028798267864171,0.7634956194553075,0.7736559542318101,,,0.5947193981915972,inf,,,0.16756225685169648
177,,0.0,0.0,1.6164861182496066,1.4841122989958575,0.8749200732660894,0.6827573931123847,0.6545913987391546,,,0.6233814453054027,inf,,,0.1666063410763623
178,,0.0,0.0,1.3436581465214776,1.1610917117746953,0.8266130452019514,0.39187786895409377,0.32282301834771676,,,0.6125606311107803,inf,,,0.16346177440946483
179,,0.0,0.0,1.2866113411996285,1.190072686227005,0.8018746476450174,0.42639478337142517,0.422426367304865,,,0.6180765742263259,inf,,,0.16700244250888324
180,,0.0,0.0,1.4688209904244962,1.4143072700808248,0.8704508969123058,0.8894233511518782,0.9297683428991789,,,0.5883313578629602,inf,,,0.16234894972787342
181,,0.0,0.0,1.2335298583121206,1.198368458020672,0.8767179459568599,0.7587505397228373,0.8534809206201944,,,0.5883313578629602,inf,,,0.16523726960798601
182,,0.0,0.0,1.506563685790016,1.442106007428042,0.8528318022601825,0.8582673685824321,0.9086753008143766,,,0.5978297680564633,inf,,,0.16829918767594587
183,,0.0,0.0,1.6644938477767426,1.368858328257332,0.8893854155654445,0.7483823994058602,0.7683669496128308,,,0.581717464821069,inf,,,0.16466456963812995
184,,0.0,0.0,1.4031915266336434,1.236711217303493,0.9013860461925541,0.7104829529911596,0.85311823275545,,,0.5947193981915972,inf,,,0.16536368201953663
185,,0.0,0.0,1.4258570738176002,1.1417737783572415,0.8857219076650295,0.5284316483557793,0.4422824567485004,,,0.5783247308855777,inf,,,0.16557273647378026
186,,0.0,0.0,1.5220864798863145,1.077382300924986,0.8384472848798296,0.32797624727363744,0.2724732386456103,,,0.541134803179459,inf,,,0.15956151603017707
187,,0.0,0.0,1.6874763986027328,1.4026946780710223,0.9019004219430088,0.5405305228229261,0.42656839852020756,,,0.5677978065141052,inf,,,0.1609438279457733
188,,0.0,0.0,1.425327716983272,1.029073033552057,0.7240301049920869,2.8798802790913185,0.4737964039540783,,,0.6425374456860184,inf,,,0.1621703346206333
189,,0.0,0.0,1.6166987666737045,1.3681859377796335,0.7449238199001786,2.5780616985313483,0.19687256835369737,,,0.6468212168108125,inf,,,0.16377897016580834
190,,0.0,0.0,1.679803568459344,1.3301852504422504,0.939079908753845,0.40423194122108563,0.3164869001467216,,,0.5915533975974677,inf,,,0.1646567613086873
191,,0.0,0.0,1.5905488226165903,0.8668825160549668,0.9075391892264569,0.11377868695408432,0.15616416571353756,,,0.5677978065141052,inf,,,0.16366748480148427
192,,0.0,0.0,1.4311265921448038,0.924594179998965,0.8097724264570855,0.40933292334416305,0.37355499593206715,,,0.6008849035917525,inf,,,0.1644583528435293
193,,0.0,0.0,1.2551806572901092,0.9710999160681808,0.7616111543206162,0.5128266775883993,0.4941443955658317,,,0.581717464821069,inf,,,0.16501399027594188
194,,0.0,0.0,1.4883243265827402,0.8827333095073109,0.9013978145154501,0.2380140661653825,0.2791263432894292,,,0.5490601803369085,inf,,,0.16547194683301192
195,,0.0,0.0,1.6513954950972203,1.2421049532122905,0.9179945141913768,0.05026482633993592,0.12074294804880997,,,0.6008849035917525,inf,,,0.1665479989953147
196,,0.0,0.0,1.503400338094355,1.0894052100139469,0.8820763239468529,0.0495242147265039,0.12793000923990344,,,0.5022576003740722,inf,,,0.16151947295583616
197,,0.0,0.0,1.7522136137604853,1.285796003313906,0.9777728343231479,0.007930214944710695,0.02481530446047004,,,0.5604843169999094,inf,,,0.16434036888767983
198,,0.0,0.0,1.6009869292711667,1.3472602042971047,0.8979820132248377,0.030234095881904743,0.0685887751164811,,,0.5068466436745385,inf,,,0.163819443052386
199,,0.0,0.0,1.6811504620102573,1.1617492817729318,0.8939316648773553,0.12216323926506963,0.24889999974578153,,,0.581717464821069,inf,,,0.15939171727428314
200,,0.0,0.0,1.534775226250638,0.9838256354731013,0.8256580213656203,0.07890640379650248,0.17763953599259208,,,0.524519217297268,inf,,,0.15821507481176933
201,,0.0,0.0,1.6518210500550357,1.0615887549917156,0.8640511974983447,0.11385930815163386,0.22405618069718225,,,0.42445136339222655,inf,,,0.16012600136038782
202,,0.0,0.0,1.050371890520431,0.6420880884030071,0.7282078784356272,0.32345328346435487,0.22898420945530606,,,0.5604843169999094,inf,,,0.16895948519476317
203,,0.0,0.0,1.3424747607103755,0.8311486822574772,0.7714470733231018,0.777617215829655,0.7402551675147501,,,0.6309483474627791,inf,,,0.15964870952677435
204,,0.0,0.0,1.6010353003722835,1.1886493314589508,0.8649804127720933,0.5137828243850762,0.537038183077028,,,0.5783247308855777,inf,,,0.16714631278713735
205,,0.0,0.0,1.2348531020672946,1.0740565338218435,0.8035195276668452,0.27977978958624805,0.33830262324564453,,,0.5713653840954815,inf,,,0.16817369975255456
206,,0.0,0.0,1.6507044630047598,1.2797858163783495,0.8491328576177998,0.2274704166508028,0.3450408174348135,,,0.5202020156036558,inf,,,0.1583900885421314
207,,0.0,0.0,1.4819041595648466,0.9596924924164754,0.9057026887788671,0.1725493321244623,0.2786272830348041,,,0.5202020156036558,inf,,,0.17161515637003547
208,,0.0,0.0,1.3187344466192525,0.9489370741112966,0.6691700992100674,0.4147514404064065,0.3805076176253148,,,0.5567373465730988,inf,,,0.1703921738636572
209,,0.0,0.0,1.6982303758957582,1.1828640835411908,0.925250978282005,0.14788468351663128,0.24228447152481758,,,0.5202020156036558,inf,,,0.1660661823460667
210,,0.0,0.0,1.5739185584473372,1.1236167434695377,0.7893099380383573,0.5117792172098365,0.5095712962774619,,,0.6068309995095971,inf,,,0.16370244742924256
211,,0.0,0.0,1.6109974413167407,1.0284094939403967,0.8862465532751298,0.5244825021649356,0.5153291959719292,,,0.5113665138247345,inf,,,0.16263487049731498
212,,0.0,0.0,0.9014144377919096,0.7879042866598168,0.6714927951553447,0.40198375930470737,0.3522528526961106,,,0.5748741956352443,inf,,,0.16946970412160692
213,,0.0,0.0,1.3226080693222646,0.9918050769847061,0.8003780031910944,0.6562304738063276,0.7433232816030518,,,0.5604843169999094,inf,,,0.17263753555218386
214,,0.0,0.0,1.4779235335111776,1.050603635885258,0.8517895306876871,0.5276963200041237,0.5327900972238802,,,0.5604843169999094,inf,,,0.17674596280294097
215,,0.0,0.0,1.697825672557273,0.9655323035815759,0.8911007331823257,0.3819560604071175,0.43039156296001235,,,0.5567373465730988,inf,,,0.16805455312379575
216,,0.0,0.0,1.7669730515336863,1.0344641106425083,0.9308380549951388,0.6047996204218326,0.7129912682784346,,,0.5113665138247345,inf,,,0.16822359528505515
217,,0.0,0.0,1.6053528698820365,1.0292378061228207,0.9040165318845029,0.4405105961440524,0.5507732187071595,,,0.552929491858785,inf,,,0.16673056362660518
218,,0.0,0.0,1.7442536525389185,1.4468265404141867,0.9244746164774236,0.5656514813733621,0.6336248207224572,,,0.6097226960127671,inf,,,0.1693543552665468
219,,0.0,0.0,1.4484886996840636,0.8953120185237585,0.8095303661600222,0.42242433565934506,0.4683890133439512,,,0.5677978065141052,inf,,,0.16386989899525473
220,,0.0,0.0,1.431141703510702,1.0760607090065624,0.8303139352590202,0.6504650371204466,0.7162023408858604,,,0.581717464821069,inf,,,0.1722813079162548
221,,0.0,0.0,1.564342284995157,1.2678791823326434,0.8358203263172851,0.8310108412179488,0.6914339560941749,,,0.62595550513784,inf,,,0.172365318416669
222,,0.0,0.0,1.462963738578895,1.195859195408855,0.7990776968422401,0.49598525968667284,0.5277603000215301,,,0.5713653840954815,inf,,,0.16413429281159517
223,,0.0,0.0,1.5003159762987843,1.0745771664138013,0.8460613029146061,0.464410653305631,0.5765371483892994,,,0.552929491858785,inf,,,0.16164483554974854
224,,0.0,0.0,1.6143114903450064,1.1910449699332608,0.8919708925006181,0.4561128965991798,0.49013525378639905,,,0.6097226960127671,inf,,,0.16994483508769598
225,,0.0,0.0,1.6299690500230337,1.2941472030333148,0.8992834367482668,0.3942213378996091,0.42744558403805477,,,0.5451288209179292,inf,,,0.1640115727166238
226,,0.0,0.0,1.5249660305549513,0.989839186070667,0.7833917046121551,0.35377137348140475,0.32441764077562246,,,0.6068309995095971,inf,,,0.17196060862893411
227,,0.0,0.0,1.5471064071212532,1.0931206843257384,0.821101552031005,0.33201401940070147,0.31410637654538404,,,0.5677978065141052,inf,,,0.1728672911157976
228,,0.0,0.0,1.699920154405045,1.2632073145821199,0.8701291749042013,0.5983153204053282,0.6072759309250987,,,0.5748741956352443,inf,,,0.16130688009201558
229,,0.0,0.0,1.5830673466383494,1.1016529575999248,0.8949555260705757,0.45924581998849573,0.5673274651861209,,,0.5748741956352443,inf,,,0.1702122472387959
230,,0.0,0.0,1.2595497513291591,0.6657467076225783,0.7656136897969881,0.4254702923266772,0.409825689908218,,,0.4880666971167561,inf,,,0.17394000304157228
231,,0.0,0.0,1.5126879635378194,1.169370437243683,0.8191530106451379,0.488761773159589,0.5319627248303624,,,0.5947193981915972,inf,,,0.16936015899940995
232,,0.0,0.0,1.6180929241540187,1.0764924476619069,0.9180207615789907,0.5923307208233565,0.8026775463071447,,,0.6125606311107803,inf,,,0.16840778155770972
233,,0.0,0.0,1.7021688034935993,1.2451978114694433,0.8950655501885615,0.497119722020749,0.5039807286033142,,,0.5713653840954815,inf,,,0.17715747098603385
234,,0.0,0.0,1.3547762494047153,1.0016612639602316,0.7821587697207665,0.5117636195901213,0.4822537280193483,,,0.6038851895711802,inf,,,0.1838589711107156
235,,0.0,0.0,1.1820048203193878,0.8701710515375107,0.8427693512431933,0.744827548638238,0.6779562342671525,,,0.6180765742263259,inf,,,0.1874708140813745
236,,0.0,0.0,1.2280886020477686,0.7813195868980385,0.6902265853652416,0.23420163601776303,0.36394852589841364,,,0.5677978065141052,inf,,,0.17248820163838646
237,,0.0,0.0,1.66692968958442,1.2772039926493401,0.873356784649594,0.6038587268106308,0.8015225014123616,,,0.6233814453054027,inf,,,0.17670031389951185
238,,0.0,0.0,1.0331626486334615,0.6832386600965363,0.5894380065687558,0.35815375270363925,0.29967368466602434,,,0.5287703885177266,inf,,,0.16481319898900348
239,,0.0,0.0,1.4260559642016728,1.2042203452468998,0.7962743213805483,0.5503670212921463,0.5765486851108402,,,0.5490601803369085,inf,,,0.16251158003191862
240,,0.0,0.0,1.6490984014907075,1.3477024111897173,0.8144664222656158,0.7095255486814918,0.8122225709375354,,,0.585052858160615,inf,,,0.1673475516391433
241,,0.0,0.0,1.6580037836216597,1.4871175272803117,0.9403387782454581,0.7819362421994813,0.9925219552594096,,,0.5947193981915972,inf,,,0.1720829314730358
242,,0.0,0.0,1.5302310833549873,1.2830286981697656,0.7452266042775274,0.8125437225751048,0.7675882304796746,,,0.581717464821069,inf,,,0.16645168485151932
243,,0.0,0.0,1.6919314909069785,1.078555126617415,0.9142837929067067,0.5876943586413571,0.6359349629281997,,,0.6068309995095971,inf,,,0.16863317015303647
244,,0.0,0.0,1.7483797361735824,1.3090780786270624,0.947558897748243,0.10971430171068561,0.2689316126395561,,,0.5329562494928909,inf,,,0.16170210321669437
245,,0.0,0.0,1.7309116127777033,1.442221826760231,0.9107244687891768,0.2206635381661633,0.37821590455039666,,,0.5604843169999094,inf,,,0.1615754136344246
246,,0.0,0.0,1.7720247749502667,1.4932926189780376,0.9803684824146888,0.19728377266646013,0.43994843636539277,,,0.5451288209179292,inf,,,0.16798809195175865
247,,0.0,0.0,1.345574466595616,0.9431299163801509,0.6981776598383064,0.12840655783333577,0.18490569646953275,,,0.4928685327679205,inf,,,0.1635472871156069
248,,0.0,0.0,1.6352697591934127,1.4266965331991357,0.8218023438142604,0.6191068383147329,0.6760206481146008,,,0.5915533975974677,inf,,,0.17141054100008238
249,,0.0,0.0,1.638866240031585,1.320464858214767,0.8736547300059536,0.3974855657128535,0.4490457556704965,,,0.5329562494928909,inf,,,0.17244787239670756
250,,0.0,0.0,1.3268119446150373,0.9663928232859516,0.8194007353971658,0.6993205864733152,0.7901019800223984,,,0.6403206450210053,inf,,,0.17473802356531015
251,,0.0,0.0,1.5040779848611097,1.15847083153272,0.8739326491133069,0.6802917029498572,0.6274491258807015,,,0.6153451465759925,inf,,,0.17099528532710562
252,,0.0,0.0,1.669818668630961,1.0347324817854961,0.8524029766372878,0.3155924927797043,0.4211868059311979,,,0.5490601803369085,inf,,,0.17337327043356193
253,,0.0,0.0,1.6170806322886593,0.9848543573159905,0.8498543378756551,0.2238897527600294,0.3887155196596677,,,0.4880666971167561,inf,,,0.17045772494047629
254,,0.0,0.0,1.5387260759279897,0.9895929594120996,0.8163158548290552,0.1922996767627275,0.32119730225422904,,,0.5158180382284114,inf,,,0.1599315123819139
255,,0.0,0.0,1.5330262370074086,0.8932033023216268,0.7839212928056472,0.18357408229167269,0.1779993539597233,,,0.5329562494928909,inf,,,0.1591644070783043
256,,0.0,0.0,1.5142555638396549,0.9470541255995815,0.8402037473533756,0.35586028484347554,0.37582641041743836,,,0.5915533975974677,inf,,,0.16019458579311033
257,,0.0,0.0,1.6980201875720775,1.3241114822311446,0.8663395367061961,0.6583265919397309,0.6947831398941551,,,0.6233814453054027,inf,,,0.17407290855887536
258,,0.0,0.0,1.7451211082162135,1.401907654655305,0.9258785087351756,0.7461870128429727,0.7981689348797346,,,0.6125606311107803,inf,,,0.16811110861011413
259,,0.0,0.0,1.6121730160010763,1.2258056682362453,0.8628834600970774,0.580963818818274,0.6141148901095992,,,0.5915533975974677,inf,,,0.16162634103246726
260,,0.0,0.0,1.6944495368581383,1.3074374749916449,0.9316234309957447,0.8124911589916051,0.663537650005459,,,0.5978297680564633,inf,,,0.1682289740780795
261,,0.0,0.0,1.6565611072214428,1.2820491141012478,0.8879320988622552,0.5374565098357794,0.5350291096356311,,,0.6097226960127671,inf,,,0.16258538085468005
262,,0.0,0.0,1.5090873998498253,1.0034571417505305,0.8013656280594808,0.41229716654927645,0.4842597289866142,,,0.6125606311107803,inf,,,0.17704451242584038
263,,0.0,0.0,1.6947867718825649,1.274738865356207,0.8944120499183937,0.5161906721604007,0.6316033351638003,,,0.581717464821069,inf,,,0.1654359150984847
264,,0.0,0.0,1.4885374803706906,1.1137077310426162,0.819891474819411,0.9770799114480991,0.8293019535916257,,,0.6008849035917525,inf,,,0.1673100361712606
265,,0.0,0.0,1.3758336105272533,1.0203218570999404,0.7751980221646206,0.20078006843016885,0.31763750886229025,,,0.552929491858785,inf,,,0.16339815003759542
266,,0.0,0.0,1.6364590629301428,1.0421958738867447,0.8742539156443968,0.2178820385014063,0.27591060713150395,,,0.5915533975974677,inf,,,0.16620833208575528
267,,0.0,0.0,1.7006315392928697,1.466140819382389,0.9328158103468756,0.7902217983346735,0.886150028362592,,,0.581717464821069,inf,,,0.16362283169305195
268,,0.0,0.0,1.3781330995570507,1.0482902584597824,0.8723115866921161,0.2606706827952222,0.3359288974770308,,,0.5490601803369085,inf,,,0.16652025882624147
269,,0.0,0.0,1.4687330218118533,1.199257819035191,0.8763144423968665,0.37300612226194446,0.4151803531743618,,,0.5783247308855777,inf,,,0.16681857064642652
270,,0.0,0.0,1.3857743828917974,1.0644696357204186,0.7576167556114886,0.1523458776418579,0.22697415236846433,,,0.5567373465730988,inf,,,0.1579508947938231
271,,0.0,0.0,1.4771778506226476,1.1109400389951363,0.8123004044233321,0.36000591579638064,0.4086674643754791,,,0.5978297680564633,inf,,,0.16651527754825393
272,,0.0,0.0,1.5069579390714818,1.0572890181099108,0.8210519295304429,0.8802693850884514,1.0387541226252863,,,0.6008849035917525,inf,,,0.16369754923176758
273,,0.0,0.0,1.7624899252230244,1.3111686683795596,0.9322427989729418,0.9008809912505475,0.997074421876806,,,0.6008849035917525,inf,,,0.17331904558352396
274,,0.0,0.0,1.4692637537520783,0.8027887374044289,0.8174473550996312,0.7037643685613519,0.5942513383117537,,,0.6309483474627791,inf,,,0.1667552144732253
275,,0.0,0.0,1.3139099262011569,1.0743165555073284,0.8518215660195805,0.6968278978592247,0.7022067724411839,,,0.5947193981915972,inf,,,0.17647187676197454
276,,0.0,0.0,1.52881505454115,0.9552676340553236,0.8663562340428048,0.4424941941378197,0.5126785327557124,,,0.5287703885177266,inf,,,0.16415078370368416
277,,0.0,0.0,1.1760439756514611,1.008992929998105,0.9426454873442163,0.3359228213295094,0.4968887698390416,,,0.5451288209179292,inf,,,0.16382281157538042
278,,0.0,0.0,1.310583784898435,1.0255372885076084,0.7278802255059509,0.3071929857045285,0.2923109274653808,,,0.541134803179459,inf,,,0.15688968820905055
279,,0.0,0.0,1.7205995838613684,0.9973910500026608,0.9539733242501822,0.1715799159895678,0.4153286556818351,,,0.4880666971167561,inf,,,0.15858360142641995
280,,0.0,0.0,1.6842128214167464,1.182768901360042,0.8995611957970832,0.10718123289509454,0.230608457990255,,,0.5451288209179292,inf,,,0.1634613893884814
281,,0.0,0.0,1.368890818292761,0.8223999667443995,0.7559857588589792,0.19250480604921824,0.33340912130613454,,,0.541134803179459,inf,,,0.175148676371193
282,,0.0,0.0,1.774820559421954,1.3098450344034813,0.973501510111306,0.32145615534782307,0.4890912091278237,,,0.4928685327679205,inf,,,0.1778610945228326
283,,0.0,0.0,1.6296357387490645,1.150776953046579,0.8984791959402278,0.45126612239674785,0.45084647739082684,,,0.5748741956352443,inf,,,0.1774141989657962
284,,0.0,0.0,1.4291904739678174,1.2188023647950674,0.7179490888628566,0.3556083751462349,0.3505637853330133,,,0.5451288209179292,inf,,,0.18124082492770952
285,,0.0,0.0,1.4122590973894749,0.7251287873916299,0.8183684322886224,0.6407356471403162,0.5759220226090238,,,0.5713653840954815,inf,,,0.16615561495643957
286,,0.0,0.0,1.6298093898124628,0.9535439888450196,0.7814136148709531,0.3379109718635759,0.3269659996414504,,,0.5783247308855777,inf,,,0.1687297582653665
287,,0.0,0.0,1.6406731523785998,1.0197808326265996,0.9133406285237536,0.2507137070455272,0.4249789120220365,,,0.541134803179459,inf,,,0.1700830751198455
288,,0.0,0.0,1.0617972064761463,0.8055952281728708,0.5496657125898503,0.10894442304479396,0.12457524160264655,,,0.4302020962658841,inf,,,0.16194725199781546
289,,0.0,0.0,1.1843923767316822,0.5581030946696645,0.6818372850734578,0.1932758249843658,0.14189711034840172,,,0.4629450596409901,inf,,,0.1643688972221744
290,,0.0,0.0,1.371128095809945,1.0407199802189904,0.6253222833245264,0.4490959120915665,0.43029960382869886,,,0.5915533975974677,inf,,,0.1673374440261507
291,,0.0,0.0,1.728979200114297,1.3787898525396425,0.9236085063799786,0.6930606590024955,0.9161548079780476,,,0.5947193981915972,inf,,,0.16693150264069104
292,,0.0,0.0,1.3591410462505467,0.9228768885008692,0.7079741400050394,0.4849479485959753,0.4862237232744681,,,0.6097226960127671,inf,,,0.1690403294114563
293,,0.0,0.0,1.6498797575235655,1.1572700068285717,0.8401202632800985,0.34370467746246663,0.46377173525014537,,,0.5329562494928909,inf,,,0.17266593955320494
294,,0.0,0.0,1.4190459642385767,1.0322711965563232,0.7964247074739222,0.5969362934338261,0.6772153637545426,,,0.62595550513784,inf,,,0.16375261895519844
295,,0.0,0.0,1.4279153016780117,1.1690518852452867,0.8126215498648475,0.8441869050927764,0.8195877780264578,,,0.6038851895711802,inf,,,0.16419265587544257
296,,0.0,0.0,0.7592839123321784,0.5893915737608453,0.5945046021289762,0.14044955880503016,0.07660685884145374,,,0.5022576003740722,inf,,,0.16407147030436495
297,,0.0,0.0,1.340789312863923,0.9406278388403859,0.7981660502777868,0.5773528391163024,0.421047269782608,,,0.4880666971167561,inf,,,0.15896475297752274
298,,0.0,0.0,1.4731448033340802,1.092881447485737,0.8783515236953466,0.3185774790509988,0.3801811027462472,,,0.5287703885177266,inf,,,0.16072697011468698
299,,0.0,0.0,1.581311017971092,1.0310864301248688,0.877363295868283,0.39177668206774857,0.5280030250301087,,,0.5947193981915972,inf,,,0.17249391799230557
300,,0.0,0.0,1.0311475167314965,0.9246824038277311,0.7433257337877325,0.44578109162087304,0.4562883622263816,,,0.6233814453054027,inf,,,0.17905191741847357
301,,0.0,0.0,1.5581438408008697,1.1586242603516435,0.8403895813246012,0.4877055777325493,0.5011398057845434,,,0.6233814453054027,inf,,,0.1809623618884273
302,,0.0,0.0,1.5891267997535468,1.017639130610053,0.8833070497928834,0.7961213799803681,0.7529012157471844,,,0.5947193981915972,inf,,,0.17297617916578012
303,,0.0,0.0,1.6209443417793878,1.2662280457519386,0.9219279974711444,0.4324342756661253,0.4615083858499719,,,0.5783247308855777,inf,,,0.16411123614810935
304,,0.0,0.0,1.5192003112949255,1.1286333823280066,0.8705210022383559,0.5296058416697729,0.6624622525338688,,,0.6097226960127671,inf,,,0.16993181527543536
305,,0.0,0.0,1.6605906674202968,1.077124935328536,0.9163372293060361,0.6472406435513283,0.705345507564354,,,0.541134803179459,inf,,,0.16459688164268024
306,,0.0,0.0,1.7060211444222806,1.2951256289325344,0.9321459814554808,0.5951867229471223,0.5526872734525007,,,0.585052858160615,inf,,,0.16752421448525842
307,,0.0,0.0,1.6031932694907507,1.1356324026608031,0.8586763876957821,0.4539686889933084,0.39264191211344035,,,0.5713653840954815,inf,,,0.16526513119239647
308,,0.0,0.0,1.6515165781479142,1.0613627491683237,0.8759481308001712,0.4911520263746586,0.4944976036139419,,,0.5451288209179292,inf,,,0.16806825812156168
309,,0.0,0.0,1.4102318601518462,0.9878014894784135,0.8305443296010294,0.5313959532515525,0.5433363839412683,,,0.585052858160615,inf,,,0.16121627278703565
310,,0.0,0.0,1.6272444006025402,1.1625031754636035,0.8674940339779361,0.6136804253774804,0.6925133491795153,,,0.5567373465730988,inf,,,0.1705464771857802
311,,0.0,0.0,1.5465555184596023,1.1391506765684323,0.7886520617164092,0.7977117848850271,0.9443514779035914,,,0.6153451465759925,inf,,,0.17337181205404267
312,,0.0,0.0,1.5141812113028843,1.1614969359303866,0.7665913018572222,0.5716661944733185,0.5373696801709363,,,0.5677978065141052,inf,,,0.16798848484108686
313,,0.0,0.0,1.5742335940040404,1.0964237611075094,0.8275309326473824,0.5489745653616676,0.5362315169906873,,,0.6097226960127671,inf,,,0.17405998816802937
314,,0.0,0.0,1.5810786024870054,1.1608487947718313,0.8326614573441015,0.511338485229748,0.4633810406186806,,,0.5978297680564633,inf,,,0.16662391712789962
315,,0.0,0.0,1.3293884352598204,0.9542045138987589,0.7722241713139611,0.7100353847839801,0.7142697234056761,,,0.6008849035917525,inf,,,0.16706861049314162
316,,0.0,0.0,1.4276291664762086,1.1432777831211534,0.8857216274116174,0.5127447136522099,0.5512751149879257,,,0.6207552362147116,inf,,,0.16903248557424191
317,,0.0,0.0,1.254605027473607,0.9503796330447352,0.7852161939695576,0.783971116460351,0.5179111978156237,,,0.5915533975974677,inf,,,0.172425597299165
318,,0.0,0.0,1.4111364841183605,0.9009652245449156,0.8426171208650818,0.5127033224205185,0.554668281276483,,,0.5978297680564633,inf,,,0.1696622951970759
319,,0.0,0.0,1.606114822293161,1.07442507295818,0.8564550222860096,0.6377620405577094,0.5409605416245993,,,0.585052858160615,inf,,,0.16793590518441068
320,,0.0,0.0,1.436844332920696,1.1411516865795328,0.8360060753424596,0.40972382318192113,0.44070834624330557,,,0.5641709578113449,inf,,,0.1663471062316002
321,,0.0,0.0,1.5400287040947638,1.1600250666467784,0.7608726639843603,0.44799290930427144,0.4601974622212376,,,0.5567373465730988,inf,,,0.1688472655100563
322,,0.0,0.0,1.4054359952635693,1.0920419122626472,0.8033977461583481,0.463245297179359,0.43274982226717573,,,0.5748741956352443,inf,,,0.16154724139416585
323,,0.0,0.0,1.622824340752157,1.2593235273164554,0.7598917479545743,0.6326710042938641,0.6603091762453875,,,0.6068309995095971,inf,,,0.1769083200411038
324,,0.0,0.0,1.4950559504557828,0.9693960557840242,0.7556251791354932,0.6061182485048938,0.6032339157880009,,,0.6207552362147116,inf,,,0.17702573174177086
325,,0.0,0.0,1.362587743226645,1.1170448322374096,0.7757284338154932,0.45286356083934004,0.5545596716718246,,,0.5978297680564633,inf,,,0.1711616347752265
326,,0.0,0.0,1.5993390537635148,1.1415613768870319,0.88311674806906,0.4187833965513307,0.49140870880223164,,,0.6233814453054027,inf,,,0.16640706873631383
327,,0.0,0.0,1.525503458725939,1.1436100793380382,0.8928643232606088,0.2113670509608779,0.2847050353168652,,,0.581717464821069,inf,,,0.17429663708355464
328,,0.0,0.0,1.5968378252067046,1.2808866607563176,0.8541094683510725,0.7605739916381417,0.7490831289573987,,,0.541134803179459,inf,,,0.1624943227635131
329,,0.0,0.0,1.2806473476573879,1.0567694057896637,0.7685747731780348,0.4400819441707884,0.502448844042153,,,0.585052858160615,inf,,,0.16490118976809967
330,,0.0,0.0,1.4257509938776853,0.8331308965287273,0.7169006396195322,0.29409476248838484,0.34197818116179995,,,0.5370774965580548,inf,,,0.16981764055445805
331,,0.0,0.0,1.549271364957332,0.911467970303141,0.8785180369990174,0.3219683186092196,0.38101805460971555,,,0.6068309995095971,inf,,,0.1699542642162043
332,,0.0,0.0,1.6247832527284602,0.9986066075812221,0.830528637996854,0.5153508857300242,0.5526197565733505,,,0.5915533975974677,inf,,,0.1663538428803111
333,,0.0,0.0,1.3021236082053422,1.0257029025334155,0.7915725473543839,0.5966411082642462,0.6454762708575476,,,0.5677978065141052,inf,,,0.16624374055395028
334,,0.0,0.0,1.27752626478819,0.6424270814574418,0.76191425240889,0.3116981904393262,0.3287637981299054,,,0.5451288209179292,inf,,,0.16515879936258807
335,,0.0,0.0,1.3680255119311746,0.9077104595873374,0.7996835230518169,0.5674253971413,0.508105447980678,,,0.541134803179459,inf,,,0.16423140067769854
336,,0.0,0.0,1.7069873111309117,0.9705391339925435,0.9066142689024032,0.3392493827505496,0.5463693892673178,,,0.5604843169999094,inf,,,0.16990153937628302
337,,0.0,0.0,1.3002130833694165,1.0710934420302247,0.9069311020729381,0.9071425543322387,0.9181152167102244,,,0.5915533975974677,inf,,,0.16859810737879838
338,,0.0,0.0,1.4612615409746759,1.2392497026820064,0.8104580113324579,0.663601712022722,0.6441332452607541,,,0.5915533975974677,inf,,,0.16877834888358556
339,,0.0,0.0,1.3967575673917971,1.0580676650850591,0.7759762347300313,0.7489273329239261,0.7756225851208968,,,0.5883313578629602,inf,,,0.16860912001305975
340,,0.0,0.0,1.3694039396378053,1.0873691666600278,0.792481046280295,0.7985929090853765,0.8335332859147314,,,0.5451288209179292,inf,,,0.16883756848039516
341,,0.0,0.0,1.027755315717962,0.8444759026904368,0.6303951271274251,0.6925977334929376,0.5959151462047967,,,0.5915533975974677,inf,,,0.17249190390016428
342,,0.0,0.0,1.1758596589792756,0.760940316033209,0.7166552353507106,0.7795105342492789,0.8051751909328135,,,0.5202020156036558,inf,,,0.16738994308561303
343,,0.0,0.0,1.4303587653675591,1.2344226731498078,0.856904595090681,0.7498713730325995,0.7988650024937057,,,0.541134803179459,inf,,,0.16564868027424887
344,,0.0,0.0,1.4128145733389375,1.1829514902919875,0.7531100131426434,0.9385820657314661,1.0400244824873437,,,0.6233814453054027,inf,,,0.1648362493312489
345,,0.0,0.0,1.4609515378012299,1.238576748959246,0.6492279911885622,0.7274909977418044,0.8115791499740993,,,0.5947193981915972,inf,,,0.167430296165743
346,,0.0,0.0,1.3985332665437757,0.9769452815687196,0.7407135180424407,0.516850248985596,0.5872322917488754,,,0.552929491858785,inf,,,0.1627270654829181
347,,0.0,0.0,1.2801160857793752,0.8013009301028422,0.85250148611617,0.5917787469797438,0.6461340739739599,,,0.6357360191111145,inf,,,0.16672381703756792
348,,0.0,0.0,1.6803439930380093,1.1571855635246386,0.8238552199758119,0.8614349442883389,0.6167904757907773,,,0.6125606311107803,inf,,,0.18043595151264732
349,,0.0,0.0,1.1041160951788436,0.5917284869309385,0.7604243199481239,0.19954529484016512,0.2939456841523261,,,0.5677978065141052,inf,,,0.16508725880696626
350,,0.0,0.0,1.577890474610536,0.9158138370546358,0.9058297646501635,0.13056517016800506,0.2923968107237118,,,0.585052858160615,inf,,,0.16168919645356516
351,,0.0,0.0,0.907705104985621,0.5778324467106556,0.6498080785705778,0.4431293994473445,0.3095538101357237,,,0.5883313578629602,inf,,,0.16261808968442806
352,,0.0,0.0,0.6643364892659493,0.3232044082022894,0.319356040973366,0.17884687960960555,0.10782057906803622,,,0.552929491858785,inf,,,0.16371328430798
353,,0.0,0.0,0.8777764004015162,0.7284693203494534,0.6846743789317978,0.6469018978610691,0.6154920441033263,,,0.5604843169999094,inf,,,0.16280489004003207
354,,0.0,0.0,1.5039907316314738,0.7738799697942966,0.9246093698365843,0.015084996078724953,0.013813458181672717,,,0.4928685327679205,inf,,,0.16372091544038764
355,,0.0,0.0,0.26399153511107604,0.1984751757374288,0.46862982282346105,0.1078764674439673,0.06331554889879912,,,0.5068466436745385,inf,,,0.16457894313229754
356,,0.0,0.0,1.2810115783764224,1.0546697715088693,0.8035768006971509,0.4067407709067538,0.49564975816257256,,,0.47824363442641393,inf,,,0.16840589557325233
357,,0.0,0.0,1.3996788516356704,0.8361043743240855,0.823192977063877,0.060836009617749376,0.11714971242624497,,,0.44694259446804574,inf,,,0.16761879409366734
358,,0.0,0.0,1.0660049445824014,0.7723562782019411,0.502848494263561,0.06642879398201923,0.10991532260470172,,,0.38804190201132227,inf,,,0.1665125376384491
359,,0.0,0.0,0.780731590092163,0.5346944794753885,0.43674976755986333,0.053171047579818186,0.11963703102770017,,,0.5158180382284114,inf,,,0.15174950423163244
360,,0.0,0.0,1.5164343346948108,1.2358765658435609,0.8024634886451819,0.14764850076973424,0.2371232594944863,,,0.552929491858785,inf,,,0.1660383137657437
361,,0.0,0.0,1.727154972756224,1.2931474076817948,0.9252552233708572,0.14337804958378825,0.33191429349491,,,0.552929491858785,inf,,,0.1623127689992139
362,,0.0,0.0,1.6120689703676532,1.0017931935057145,0.9077054250030387,0.15743703867616404,0.3528276421603945,,,0.585052858160615,inf,,,0.16720784156101956
363,,0.0,0.0,1.4591875575428874,0.9981539016404106,0.8826447007478372,0.001430532160378738,0.004039649677265857,,,0.44694259446804574,inf,,,0.16346344068429214
364,,0.0,0.0,1.47002089075671,1.1570999674851727,0.8578189572902466,0.00293911346168122,0.008712911634763357,,,0.43586655696697996,inf,,,0.16390104836974087
365,,0.0,0.0,1.27667013219381,1.1762370093655599,0.8061765752813776,0.38423014325793287,0.30352482764132965,,,0.5202020156036558,inf,,,0.16182261984230575
366,,0.0,0.0,1.3239502128013205,0.7671434834383006,0.8123124700753681,0.2980497064885363,0.33601065945253117,,,0.5604843169999094,inf,,,0.16617878755497992
367,,0.0,0.0,1.1971833175714695,0.99163891621271,0.8213353695755992,0.6179377343331272,0.5381683259331498,,,0.5641709578113449,inf,,,0.17510332305011087
368,,0.0,0.0,1.1068885252645535,0.8367122012738364,0.6382577641087663,0.5106930570188928,0.42697887198095175,,,0.541134803179459,inf,,,0.17554368906553838
369,,0.0,0.0,1.2316558714598347,0.9151065230296256,0.7207720013631398,0.6893267645927309,0.7366958532389759,,,0.5783247308855777,inf,,,0.17216948705729554
370,,0.0,0.0,1.2869917817191558,0.9111745634369733,0.7565605622850883,0.6843745934943385,0.6331927261756788,,,0.5490601803369085,inf,,,0.16815705185991492
371,,0.0,0.0,1.4427231585817553,1.2148715762321598,0.8361188150003284,0.6667438701182685,0.5568117470736533,,,0.5677978065141052,inf,,,0.1687992710254321
372,,0.0,0.0,1.2676347531788412,1.138270940168475,0.7288070318716067,0.5875824141229214,0.6154632192606266,,,0.5883313578629602,inf,,,0.170397586422821
373,,0.0,0.0,1.127562902688977,1.0944702256132814,0.7000824019933497,0.281754079304336,0.2706094185303594,,,0.585052858160615,inf,,,0.16662387108320353
374,,0.0,0.0,1.525976373655018,1.4598205054601232,0.8696325202458919,0.5672714941808409,0.5509617191847237,,,0.5567373465730988,inf,,,0.1644052844436391
375,,0.0,0.0,1.5072160268817412,0.9116701733427413,0.8599519997262312,0.2619804804861326,0.2463237839941711,,,0.5451288209179292,inf,,,0.16418338238708186
376,,0.0,0.0,1.3240181365875692,0.8521724791753158,0.7967252820707983,0.43499202439419427,0.40166258858431164,,,0.5641709578113449,inf,,,0.16828123388649413
377,,0.0,0.0,1.2584021202576405,0.8080721003870412,0.6686983273658851,0.41496832419471874,0.36117931023353034,,,0.5202020156036558,inf,,,0.17542251017909977
378,,0.0,0.0,1.3985714457007017,1.1093759499586866,0.9083784588641932,0.5918991478892701,0.5226369048188184,,,0.5915533975974677,inf,,,0.169941966525614
379,,0.0,0.0,1.2762592492603742,0.995211031023908,0.7636995595626929,0.5815811268062493,0.5314274684022462,,,0.5677978065141052,inf,,,0.16450014569659466
380,,0.0,0.0,1.5136707768408868,1.446491577869184,0.8922497376271481,0.47812047040571815,0.4521971466045692,,,0.541134803179459,inf,,,0.16439021633868045
381,,0.0,0.0,1.3287749782490925,1.1087907321803299,0.7948242399035971,0.5641184080358139,0.5927740896162684,,,0.6180765742263259,inf,,,0.16771599306752472
382,,0.0,0.0,1.0436785051740325,0.9266174145564645,0.7591553032400827,0.4415077730030736,0.3461580624227442,,,0.5915533975974677,inf,,,0.1685067342200944
383,,0.0,0.0,1.5173641007939247,1.1786551294740606,0.8558130535474731,0.610776922479118,0.6468663354508289,,,0.5947193981915972,inf,,,0.16684874600896848
384,,0.0,0.0,1.0207316550087742,0.93214590085063,0.5260222766145158,0.08873427335358167,0.08622321210513534,,,0.5068466436745385,inf,,,0.16514079669377463
385,,0.0,0.0,1.3538054353886524,1.0482313115785498,0.7686324016804519,0.5755970133618719,0.5646482918384049,,,0.5713653840954815,inf,,,0.16976301531982066
386,,0.0,0.0,1.4461153523155634,1.2246025879769684,0.8293944103676946,0.4184959858700135,0.37149414560309824,,,0.6008849035917525,inf,,,0.17149000469992365
387,,0.0,0.0,1.3374407060866027,0.919955987270413,0.7335325734075167,0.5857546498268968,0.4790004242105498,,,0.5915533975974677,inf,,,0.17082382761685244
388,,0.0,0.0,1.2367952835072256,1.0972931463180136,0.7273939329998741,0.5525937925883111,0.5935034548262159,,,0.6008849035917525,inf,,,0.17507241481380675
389,,0.0,0.0,1.3299309183887504,0.9164973273646875,0.749775350110949,0.5426234030231858,0.5803200738446402,,,0.5883313578629602,inf,,,0.1732560426120828
390,,0.0,0.0,0.9912142498954355,0.7098963239068614,0.7099875142414074,0.5313894846285446,0.4428834466027697,,,0.5783247308855777,inf,,,0.166993004637031
391,,0.0,0.0,1.1626502742090106,0.9673653259170807,0.8649571715994196,0.5380567206449524,0.5135629721300873,,,0.5713653840954815,inf,,,0.16938466876593178
392,,0.0,0.0,1.1243253341819002,0.9028232135200276,0.6351595761495589,0.3316307266067194,0.2010598785908856,,,0.4629450596409901,inf,,,0.16824713097644003
393,,0.0,0.0,1.6936824854082273,1.062303294299852,0.8385021306751541,0.372825649971376,0.4814411674934664,,,0.5713653840954815,inf,,,0.16721011661489657
394,,0.0,0.0,1.3105145794236783,0.9768206134876952,0.7304760491378439,0.4284293706426957,0.3334137207098746,,,0.541134803179459,inf,,,0.17458825381618057
395,,0.0,0.0,1.292636280315059,0.9955785912345009,0.6434242709367176,0.2559521565244188,0.3169273304149958,,,0.5641709578113449,inf,,,0.17778139825635433
396,,0.0,0.0,1.4326714081173821,1.0627041087158067,0.7686517554302635,0.6785504785660071,0.723698587071968,,,0.5641709578113449,inf,,,0.17503754814805075
397,,0.0,0.0,1.4756408939708117,1.112500423600752,0.8511007440699241,0.5414011091388038,0.5666956765564004,,,0.5604843169999094,inf,,,0.17053161842541173
398,,0.0,0.0,1.4714205597046006,1.1600002796362965,0.8623323498782518,0.5885590452892454,0.561446337379854,,,0.6008849035917525,inf,,,0.16962759753816664
399,,0.0,0.0,1.3164999024722586,1.054416591680673,0.7038362832494914,0.402684383727026,0.38012971779826515,,,0.5947193981915972,inf,,,0.1654224015805798
400,,0.0,0.0,1.4032879761354073,1.0013626824539235,0.7594195619881162,0.5153492205117975,0.5104308358486463,,,0.5978297680564633,inf,,,0.1715411072737889
401,,0.0,0.0,1.2609237144856182,0.9177462144496318,0.7080095579200155,0.47315371354705166,0.41147828001148196,,,0.47824363442641393,inf,,,0.17629532330273107
402,,0.0,0.0,1.428556892269778,1.0099373179804818,0.8837750241290123,0.7583071635738233,0.7204268482141978,,,0.48319206230712763,inf,,,0.17156984673116552
403,,0.0,0.0,1.4734128573531433,1.224571941443287,0.8193283432929839,0.752349461736136,0.6718854515771756,,,0.5713653840954815,inf,,,0.16562442364161448
404,,0.0,0.0,1.3948967558877248,1.372738413076246,0.797092805877447,0.6550194412004868,0.7315108045860838,,,0.5677978065141052,inf,,,0.16673015835798355
405,,0.0,0.0,1.371041535633827,1.2400914047269467,0.7662327605251736,0.5339218628421584,0.5560427068675816,,,0.5287703885177266,inf,,,0.16973787968273352
406,,0.0,0.0,1.2973797077500182,1.2439489468825013,0.7962726392698171,0.6042328981393992,0.6690970462218566,,,0.585052858160615,inf,,,0.16930481066686942
407,,0.0,0.0,1.3135290752369544,1.1149760366659878,0.7481762092534808,0.5539454256718812,0.4606040620073124,,,0.5978297680564633,inf,,,0.1705449221495138
408,,0.0,0.0,1.366465707798168,1.1140540899684488,0.8404329167655867,0.4285024006392141,0.28708306021873503,,,0.5915533975974677,inf,,,0.16903582111726298
409,,0.0,0.0,1.1318826206312682,0.9554617160743827,0.7226951893687923,0.4164813022315105,0.27375106612385064,,,0.5451288209179292,inf,,,0.1631559656764298
410,,0.0,0.0,1.1623551692975655,0.5925936200351891,0.7003267474402155,0.16229020744376713,0.28413998088948655,,,0.5370774965580548,inf,,,0.16297834236040787
411,,0.0,0.0,1.6527560737436366,1.013591630026434,0.9156747565987476,0.5555380724763179,0.5813462964119894,,,0.5748741956352443,inf,,,0.1690304608758907
412,,0.0,0.0,1.4203859690121823,1.0580834206632876,0.7993533317993455,0.5026137728185076,0.4439734010689523,,,0.581717464821069,inf,,,0.16625135911067399
413,,0.0,0.0,1.2323685638238076,0.7641580723406696,0.6763772589080036,0.31642256940492564,0.21491911707429284,,,0.5713653840954815,inf,,,0.17265357147462976
414,,0.0,0.0,1.2285579022416826,0.9700729109104055,0.6685976173685519,0.45727728337508744,0.319065257063296,,,0.5490601803369085,inf,,,0.17425935353367536
415,,0.0,0.0,1.1497311647305932,0.6738750618495716,0.6242038439359531,0.10333883013935086,0.17417536243971826,,,0.5202020156036558,inf,,,0.15245246791563852
416,,0.0,0.0,1.2785334358353582,0.9687771874546687,0.7689054221154462,0.32071365358579385,0.27927279473940575,,,0.5604843169999094,inf,,,0.16798437009737233
417,,0.0,0.0,1.4103301408725653,0.8764296635581278,0.8465035496706597,0.8459695874127049,0.9374773786933213,,,0.6153451465759925,inf,,,0.1800809197587952
418,,0.0,0.0,1.4049557334252623,0.8155716927180796,0.7684763669311594,0.42175690077106526,0.5047835134290259,,,0.5883313578629602,inf,,,0.1759807854592043
419,,0.0,0.0,1.4542091701758508,0.7440588992943444,0.7771301749108245,0.6092018651224576,0.29242308612006995,,,0.6068309995095971,inf,,,0.161508638389192
420,,0.0,0.0,0.7672883667982863,0.580599921950248,0.561906695775159,0.09364212552558177,0.13074346937198347,,,0.4880666971167561,inf,,,0.1673513700061359
421,,0.0,0.0,1.3921570834223382,1.0051023444937988,0.7767291109191797,0.6550462421091618,0.4481596616346285,,,0.6309483474627791,inf,,,0.17868939444159995
422,,0.0,0.0,0.6435762586394265,0.4496192729493738,0.5958077014458015,0.12240632029239322,0.11649412656991881,,,0.5490601803369085,inf,,,0.172161082367798
423,,0.0,0.0,1.6175288815481323,0.6747424929426205,0.8423302790577262,0.2807884109041949,0.3722479331584048,,,0.5287703885177266,inf,,,0.16737253971683236
424,,0.0,0.0,1.0316703437493957,0.941385954097635,0.6172169613561563,0.4346667650372563,0.403559385157281,,,0.5451288209179292,inf,,,0.17988749961493822
425,,0.0,0.0,1.2744792381869146,0.9082468007931043,0.7944949799715467,0.6947280161601734,0.6187406779708127,,,0.6097226960127671,inf,,,0.17467646859207925
426,,0.0,0.0,1.4225463954932676,1.0016676010178334,0.8562738321443996,0.608960945186404,0.682973280971566,,,0.6309483474627791,inf,,,0.16656631955276194
427,,0.0,0.0,1.394829231949268,0.7549567846843912,0.7302872092828551,0.3317960625204248,0.28744424045505845,,,0.581717464821069,inf,,,0.17446559868882774
428,,0.0,0.0,1.4973950287707332,1.1289917587650933,0.839139675440132,0.3001676393438827,0.2977043746599199,,,0.5978297680564633,inf,,,0.17013945640526987
429,,0.0,0.0,1.3519892840557075,0.9995692466968132,0.7893475538633202,0.4004708991184745,0.39929930199047975,,,0.47824363442641393,inf,,,0.16647929736569395
430,,0.0,0.0,1.3116525771370464,1.0278086280720566,0.7219075465707141,0.4214494751960052,0.44240755390302794,,,0.5783247308855777,inf,,,0.1657879600668755
431,,0.0,0.0,1.4831756079967622,1.0356433331077797,0.7811138372155669,0.5883397753542771,0.5789851842000496,,,0.5287703885177266,inf,,,0.16939595043231642
432,,0.0,0.0,1.0155728779590034,0.8504418747779657,0.5969118917060706,0.40393694177501616,0.27347121748336256,,,0.5567373465730988,inf,,,0.17401647792695843
433,,0.0,0.0,1.4560088149625763,1.2466874821941174,0.784186168732123,0.5009651547647772,0.5909273514274979,,,0.581717464821069,inf,,,0.1736402327713342
434,,0.0,0.0,1.0631017505013012,0.8294548082834527,0.5723689443042884,0.34250483832798795,0.29205881667191386,,,0.5451288209179292,inf,,,0.1728005957254221
435,,0.0,0.0,1.3865594694126473,1.1356068030719575,0.8884012016740013,0.6037998722869721,0.68658627317655,,,0.5748741956352443,inf,,,0.16978812773457852
436,,0.0,0.0,1.275065276381351,1.0739776666295473,0.7879997853032087,0.5315087661741978,0.533477568762919,,,0.552929491858785,inf,,,0.16855013346468367
437,,0.0,0.0,1.1182019196462945,0.8240058882205914,0.6646392438590695,0.6050637494125475,0.6462632531546093,,,0.5677978065141052,inf,,,0.16891166284381132
438,,0.0,0.0,1.1215319291143606,0.9469636002962178,0.6565209380829312,0.4632681074312944,0.42806629802234997,,,0.5370774965580548,inf,,,0.17029028078193542
439,,0.0,0.0,1.4395423454148624,1.0012722928674753,0.7759148745477691,0.5416058574227822,0.43141812891127385,,,0.5947193981915972,inf,,,0.17316233927354638
440,,0.0,0.0,1.4486902239935144,1.3445238145673708,0.798641763821978,0.6321756423977395,0.6318802149425681,,,0.5677978065141052,inf,,,0.17271839660303023
441,,0.0,0.0,1.4239203886022664,1.0895633961392017,0.7857126560495299,0.5425325549105156,0.5911294303457183,,,0.5883313578629602,inf,,,0.17374593798523452
442,,0.0,0.0,1.3550748242848951,1.2073363322283035,0.8688803670610382,0.8621935093701422,1.0417686167699607,,,0.62595550513784,inf,,,0.17359614312779603
443,,0.0,0.0,1.1390200242766082,0.9887942960971438,0.7373294878645438,0.5716723507102187,0.6105575484627089,,,0.5915533975974677,inf,,,0.1753159223256378
444,,0.0,0.0,0.8643713205684511,0.7957302955163135,0.4819195426534468,0.6536495753114819,0.6577788421643759,,,0.5883313578629602,inf,,,0.17612231853782467
445,,0.0,0.0,0.5352171607276706,0.35260947186192637,0.3484796333418454,0.27334154114189785,0.16519277701114238,,,0.5783247308855777,inf,,,0.18253316993699117
446,,0.0,0.0,1.3781670403534372,0.42622186846263616,0.86064351358998,0.00518451986981476,0.01568725499072873,,,0.4880666971167561,inf,,,0.1642203086201027
447,,0.0,0.0,1.577448272483061,1.3007288659875453,0.8834123744829164,0.0057631317090421,0.017227999100122602,,,0.48319206230712763,inf,,,0.16249323895489695
448,,0.0,0.0,1.6177220924567561,1.2287258427753818,0.9090799887911077,0.001014629594525665,0.003097080420454068,,,0.43586655696697996,inf,,,0.16329473076310752
449,,0.0,0.0,1.7653920738667463,1.6045875571807273,0.9779071231411974,0.001088509408160854,0.0033648892655046714,,,0.43586655696697996,inf,,,0.1633791037551406
450,,0.0,0.0,1.1903594657223406,0.6493710179822477,0.7767966751306324,0.006797646451244687,0.01988396902556084,,,0.4928685327679205,inf,,,0.16356385493671943
451,,0.0,0.0,1.6955284264929862,1.1773246776975113,0.9316790559462761,0.0018945260309242704,0.00576179833109324,,,0.4880666971167561,inf,,,0.1632944453255011
452,,0.0,0.0,1.6846816815460046,0.8931563507263122,0.9088775339694617,0.004602613007416792,0.013928158271932094,,,0.4629450596409901,inf,,,0.16340565223539869
453,,0.0,0.0,1.3016758706243161,0.7335911386001543,0.7686087055810068,0.003452103565558499,0.010209831023220995,,,0.44694259446804574,inf,,,0.16367639456365982
454,,0.0,0.0,1.6604280018316728,0.9614709243217967,0.8903242910893715,0.011526673678990502,0.029145143166873562,,,0.5068466436745385,inf,,,0.1642146203078324
455,,0.0,0.0,1.5995165018282178,1.044089547038393,0.9162860210139437,0.01683563734205669,0.04878450957766581,,,0.4732203808476458,inf,,,0.1613734141360757
456,,0.0,0.0,1.3717922389032573,0.7741046545595098,0.8523338876298948,0.007572857266675503,0.022663571186569094,,,0.5158180382284114,inf,,,0.16311796497129463
457,,0.0,0.0,1.7200807284360244,0.8848700129699212,0.9577311147795827,0.0013445896604523339,0.004187062005628008,,,0.44694259446804574,inf,,,0.16383332546784582
458,,0.0,0.0,1.7051617273551942,1.257094835835572,0.9470691404501485,0.003065451238768244,0.009381144192423712,,,0.4928685327679205,inf,,,0.1635459003662207
459,,0.0,0.0,1.6710111054709582,1.0908352129251997,0.8964281214986884,0.0102396796469509,0.03013262130390962,,,0.44694259446804574,inf,,,0.16285908904581928
460,,0.0,0.0,1.3867885875196644,0.7237425223949465,0.8559696711405017,0.0014306911764006825,0.004378812060114678,,,0.3480560589391537,inf,,,0.16366047455273294
461,,0.0,0.0,1.4113703665666903,1.1889667626283136,0.8528511160830289,0.004861870274691201,0.014953806433992741,,,0.4066654671944331,inf,,,0.1629542463492144
462,,0.0,0.0,1.605646224230442,1.329769633839645,0.8403100670662257,0.013029806020986818,0.03482731223235858,,,0.43586655696697996,inf,,,0.1628347597962735
463,,0.0,0.0,1.6509105119540373,1.379478280883483,0.927400937330844,0.004935851538619796,0.015478455400274553,,,0.4576907132971797,inf,,,0.1635793574893255
464,,0.0,0.0,1.35590548999398,0.9946974861844706,0.8011375698855512,0.0031776366596793703,0.009938699100777623,,,0.4928685327679205,inf,,,0.16369503006502792
465,,0.0,0.0,1.5976508509847493,0.9747765511715236,0.9095833129151669,0.0034884859873898478,0.01066314022206646,,,0.47824363442641393,inf,,,0.16338822876064812
466,,0.0,0.0,1.4095107961918294,0.9825359303052849,0.7614576864575582,0.0251324198581115,0.043955724580218625,,,0.40055318934786044,inf,,,0.1636841965605397
467,,0.0,0.0,1.6226420291177295,1.0752028988492108,0.8994773301619244,0.0029811965653366206,0.008672904984247876,,,0.40055318934786044,inf,,,0.16309695650021372
468,,0.0,0.0,1.5544009571865474,1.002916777582028,0.7658597319963694,0.005062316237079359,0.015355727725630113,,,0.4928685327679205,inf,,,0.16298425031848757
469,,0.0,0.0,1.730564662869722,1.3120161945723652,0.9645763956958073,0.15483541633207054,0.330971750213791,,,0.5370774965580548,inf,,,0.16911586334333345
470,,0.0,0.0,1.098182496484045,0.4309904064327166,0.7477084534411413,0.004864226479882673,0.014625789624707392,,,0.44144624493110796,inf,,,0.16449724272273808
471,,0.0,0.0,1.549515758785314,1.1939989681154088,0.8750389319128964,0.0005046378794875404,0.0014539015485981566,,,0.2461092077232671,inf,,,0.16335536050955554
472,,0.0,0.0,1.6484346698741101,1.143212226479566,0.9220827951673988,0.00506882660222465,0.015604874248735832,,,0.5158180382284114,inf,,,0.16327870014005597
473,,0.0,0.0,0.4832032875615162,0.16000690974239162,0.5103381644150498,0.024700254630717,0.04896033232478805,,,0.49759852643134905,inf,,,0.16524558484905577
474,,0.0,0.0,1.6321316633173328,1.1456228905616457,0.9298577571127351,0.18484806325350844,0.35971357180169455,,,0.5451288209179292,inf,,,0.16103743108879304
475,,0.0,0.0,1.746670805475179,1.1975887789603792,0.976180410802958,0.11098036654002455,0.24493986357167635,,,0.5567373465730988,inf,,,0.16509220180723275
476,,0.0,0.0,1.7091663412161755,1.372012717401736,0.9372964770978841,0.26531712843245436,0.4710975949546919,,,0.6068309995095971,inf,,,0.16685260758889922
477,,0.0,0.0,1.763254549047377,0.9987278472582596,0.9619507097964559,0.1768937689055533,0.3560615825205454,,,0.5287703885177266,inf,,,0.16510560208902106
478,,0.0,0.0,1.7043350706099683,1.018814633278273,0.9412466114405359,0.09791071881152218,0.23032269808972858,,,0.5604843169999094,inf,,,0.16808882283544274
479,,0.0,0.0,1.6388855782099851,1.1653169697444878,0.9112274769182064,0.0020879759855696547,0.006493753449142542,,,0.44144624493110796,inf,,,0.1634594273816968
480,,0.0,0.0,1.5727541605634539,0.9280918035606796,0.9047756744485023,0.0015927970604693188,0.005024849056268064,,,0.4928685327679205,inf,,,0.1637761540586696
481,,0.0,0.0,1.5132014639715048,0.9089502949987942,0.8689777382576223,0.06388293004787322,0.13434742395412283,,,0.5287703885177266,inf,,,0.16094244893312967
482,,0.0,0.0,1.2669468169906122,1.0764068137621294,0.8109207313504685,0.13272069491720395,0.23112620025550085,,,0.524519217297268,inf,,,0.17006709883668492
483,,0.0,0.0,1.3981072205506782,0.9653222110748169,0.8441361489712015,0.10620485559440901,0.21445774531782685,,,0.5287703885177266,inf,,,0.1714495698529075
