,eda+temp_XAp0,eda+temp_XAp1,eda+temp_XAp2,eda+temp_XCond1,eda+temp_XCond2,eda+temp_XDist,eda+temp_XFuzz1,eda+temp_XFuzz2,eda+temp_XK2_1,eda+temp_XK2_2,eda+temp_XPermEn,eda+temp_XSamp0,eda+temp_XSamp1,eda+temp_XSamp2,eda+temp_XSpec
0,,0.0,0.0,1.5214880407508107,0.9954652305654215,0.9134859940249721,0.0012113027748664922,0.0029997841846671727,,,0.4732203808476458,inf,,,0.15847853108260287
1,,0.0,0.0,1.597356747647992,0.9010616447661487,0.9112106594040452,0.006449328057324696,0.01724174031581901,,,0.5068466436745385,inf,,,0.1696441244801363
2,,0.0,0.0,1.6538649045151619,1.3567493368405654,0.8069581561622744,0.0194310936708347,0.0462861020351191,,,0.5068466436745385,inf,,,0.16065322448175456
3,,0.0,0.0,1.1132629706616988,0.514218165366996,0.8423113384624812,0.026365956649910052,0.05295542485289573,,,0.5113665138247345,inf,,,0.1691799853657814
4,,0.0,0.0,1.6531879761986243,1.1878753222053895,0.9392198410099587,0.0176615208094027,0.043259530564154776,,,0.42445136339222655,inf,,,0.16589704960870486
5,,0.0,0.0,1.6437569363340974,1.1625650506066607,0.8885209115438996,0.03776872867807781,0.08355520255629761,,,0.43586655696697996,inf,,,0.16559571112052973
6,,0.0,0.0,1.3266102244296112,1.037700471102019,0.881212423427624,0.034612350376471174,0.07275881576773843,,,0.47824363442641393,inf,,,0.16275352989541506
7,,0.0,0.0,1.7469299292010712,0.9656473300154415,0.9321766265031024,0.018064772678710383,0.04386730376198572,,,0.4576907132971797,inf,,,0.16560385646941092
8,,0.0,0.0,1.4787805382420607,0.7071549807082675,0.935431170287769,0.029146127959578827,0.06172120141466166,,,0.44694259446804574,inf,,,0.16166265195400098
9,3.1505754703151925,0.18923846437253378,0.2305211575382624,1.6623956255283088,0.6256696429374808,0.9741683551331151,0.16265634944042479,0.24689755599805827,0.3315320539887243,0.36322993485576904,0.4302020962658841,3.1055471395611978,0.1754996409704961,0.20172225482427325,0.16321599564933145
10,,0.0,0.0,1.3230658429851394,1.2296143401595365,0.9355483609548707,0.450901840803673,0.5270404452967234,,,0.4629450596409901,inf,,,0.16710884958551164
11,2.4466818121270566,0.30484464333272854,0.18863104197260983,1.5972296610703094,0.8898694353220254,0.9344101369508436,0.2141517248354327,0.26425534969441644,0.4106285806854745,0.302787689943712,0.4629450596409901,2.438277549193997,0.3138987099507683,0.19603649844124935,0.1633831340965721
12,2.838602238493614,0.2567398319876997,0.23967741885687577,1.70474997070965,0.7728856400229746,0.8766623722335716,0.3202904448115103,0.33027558462751067,0.3456987338487083,0.2367451852499401,0.5158180382284114,2.8372102097819325,0.26412952349830865,0.24600097559120362,0.18196295894662345
13,,0.0,0.0,1.6263195484852706,1.2013524595845557,0.8801129576275947,0.02026904175925363,0.03758383905970744,,,0.45235697871908603,inf,,,0.16181604186289106
14,,0.0,0.0,1.7046985391102343,1.102503244379418,0.8997735564465689,0.04453853209955507,0.0785173908327394,,,0.5113665138247345,inf,,,0.1740845591815491
15,,0.0,0.0,1.52698835442399,0.7226955358035572,0.873888478598525,0.05444141788219253,0.10880781626407693,,,0.468121228110369,inf,,,0.16149604866497685
16,,0.0,0.0,1.7556171001727123,1.3456192197674262,0.8921110811317036,0.10110193339270448,0.18412909241660114,,,0.5022576003740722,inf,,,0.16840019392241018
17,,0.0,0.0,1.43899006159993,1.1126843472169807,0.8763634237926976,0.097750204228432,0.18181061605347718,,,0.5329562494928909,inf,,,0.16967117146368585
18,,0.0,0.0,1.5687915053411976,1.2222285877344883,0.9090963941964052,0.06896128980839081,0.13702414323201378,,,0.48319206230712763,inf,,,0.16322944690806793
19,,0.0,0.0,1.7514632105506438,0.786255594911958,0.9413808930074011,0.03497106611571281,0.07748014515211986,,,0.4732203808476458,inf,,,0.1665273656225955
20,,0.0,0.0,1.4639543319854609,0.9647930423272439,0.8705943636978536,0.03171991466196269,0.06783596670815781,,,0.4576907132971797,inf,,,0.16200365810746067
21,,0.0,0.0,1.6013513678415057,1.0178471747785485,0.9603068779318957,0.018810151205655132,0.048493999220993386,,,0.4066654671944331,inf,,,0.15652633165384136
22,,0.0,0.0,1.5652659251483207,0.9364426314047891,0.9048507212927615,0.02986305422583161,0.06901362037689968,,,0.541134803179459,inf,,,0.1681317211991607
23,,0.0,0.0,1.2799967729509405,0.7945833667343934,0.8988675792407278,0.02161206699833636,0.05542311015504253,,,0.43586655696697996,inf,,,0.1671737244772145
24,,0.0,0.0,1.4940756164454556,1.0540197237438838,0.832338846559703,0.019478714509556058,0.050790168794629886,,,0.5158180382284114,inf,,,0.17245935668336393
25,,0.0,0.0,1.5180442900174689,1.1649435226390517,0.8996506938861646,0.08475656088022879,0.15864299214421085,,,0.49759852643134905,inf,,,0.1571392117611837
26,,0.0,0.0,1.5957076461666129,1.2612822399444132,0.9571701333177595,0.03704873934330222,0.07953900692791414,,,0.44144624493110796,inf,,,0.16270377671363043
27,,0.0,0.0,1.590859044920958,0.9228825784302395,0.8698683167609358,0.024296249526462824,0.061492740315556016,,,0.524519217297268,inf,,,0.16303822100897047
28,,0.0,0.0,1.685559064842106,1.1365724480124484,0.8859825815354239,0.01005027096468477,0.02342228479706443,,,0.524519217297268,inf,,,0.1621697221048023
29,,0.0,0.0,1.6892866353936657,0.7821164019477704,0.8612987688338093,0.04920852936983033,0.0839986889346902,,,0.48319206230712763,inf,,,0.17285698952484105
30,,0.0,0.0,1.4577619370337145,0.6568180715851073,0.9586997891777543,0.009262430582102537,0.0231620230221219,,,0.41861278947482794,inf,,,0.16828192562324581
31,,0.0,0.0,1.69032702945688,0.9941846521767886,0.9032732073337513,0.001071322737256886,0.0025203804814738044,,,0.4928685327679205,inf,,,0.1634945332321666
32,,0.0,0.0,1.474400359536605,1.0339788711235334,0.8564795295103038,0.00147797140644611,0.003551894293190704,,,0.4302020962658841,inf,,,0.16536156493647014
33,,0.0,0.0,1.7436429015751322,1.2206155412750364,0.9063357270752022,0.0011861004198904992,0.0028737678735504552,,,0.4732203808476458,inf,,,0.16425112018492005
34,,0.0,0.0,1.6798154226118982,1.421513246022985,0.9030414260186622,0.0036831607082015087,0.010683443038099564,,,0.4928685327679205,inf,,,0.16831361893334715
35,,0.0,0.0,1.513619652670271,1.0547242332214966,0.9091007395647936,0.0015046816173000315,0.004277279847977229,,,0.4880666971167561,inf,,,0.16787411417302045
36,,0.0,0.0,1.6116767638998328,1.2944908224403013,0.8827214702280961,0.0012500040444280577,0.0032078904717831474,,,0.47824363442641393,inf,,,0.16413270089579143
37,,0.0,0.0,1.3768517922068515,0.9979216559472048,0.900120637243801,0.006430279216309648,0.013757127565524392,,,0.4732203808476458,inf,,,0.18385753415777004
38,,0.0,0.0,1.659473969589667,0.8875913845762051,0.936265834701148,0.0006595817399921221,0.0017435539720762393,,,0.4066654671944331,inf,,,0.16821601731454328
39,,0.0,0.0,1.725113104112176,1.0320707374852691,0.9639672600151425,0.0025664475154233,0.006844983986891251,,,0.40055318934786044,inf,,,0.1678091525817956
40,,0.0,0.0,1.6290127985811649,0.926278534997126,0.9087707640137208,0.0014354812309634159,0.0036651876376055546,,,0.43586655696697996,inf,,,0.16296436942496187
41,,0.0,0.0,1.7428466201477892,1.1673167700341505,0.9446373464440228,0.0020803273804055286,0.005570223167897076,,,0.5567373465730988,inf,,,0.16834901927163254
42,,0.0,0.0,1.3963692279668938,1.0196883839943964,0.8360249189448403,0.0023279604263817945,0.0065840295074284655,,,0.5068466436745385,inf,,,0.1671413894391532
43,,0.0,0.0,1.6257785896812573,1.5323358292659175,0.8467641039815236,0.0013690987557837223,0.003418222779761071,,,0.5068466436745385,inf,,,0.16448807229756368
44,,0.0,0.0,1.6935381119259518,1.3528539721251212,0.8928689309460505,0.0009395635301397819,0.002058308039400244,,,0.47824363442641393,inf,,,0.1673983130842195
45,,0.0,0.0,1.488710413071785,1.0155857420817205,0.7775733416173365,0.004946190923542973,0.01008188083442346,,,0.5068466436745385,inf,,,0.16781856060719183
46,,0.0,0.0,1.498553041688405,1.379819183665609,0.7752254651903153,0.001265808849761842,0.003054171733738633,,,0.5068466436745385,inf,,,0.1692282949107941
47,,0.0,0.0,1.6857476714331678,1.0369377589587487,0.9329659475028663,0.0004376374677773669,0.0010219201234188667,,,0.5202020156036558,inf,,,0.1610168400618755
48,,0.0,0.0,1.655471110747407,1.1941945542444177,0.9421801825951713,0.0015185955841891515,0.004274860332309122,,,0.44694259446804574,inf,,,0.15913286894018275
49,,0.0,0.0,1.6127190043341768,1.1580126165213906,0.8791157204651269,0.001148298818023609,0.0030868965565113136,,,0.5202020156036558,inf,,,0.16261894625641432
50,,0.0,0.0,1.036348294210907,0.3262545984471931,0.73091583824538,0.00040082656510387094,0.0010510631704279878,,,0.5329562494928909,inf,,,0.15952986750303633
51,,0.0,0.0,1.5448399170496243,0.8544279352447298,0.912711668801354,0.0008827650189765713,0.0025665499802077964,,,0.4629450596409901,inf,,,0.16443137023250473
52,,0.0,0.0,1.6900674063116605,1.2168533712686431,0.9431716838085528,0.00023429173360603984,0.0005187594650371585,,,0.4629450596409901,inf,,,0.1631981604071698
53,,0.0,0.0,1.699707275585034,1.0350550629523334,0.9393749840684577,0.0006190791748193714,0.0016697263037059504,,,0.4928685327679205,inf,,,0.16484299552394485
54,,0.0,0.0,1.6086513752331806,0.8564390521898512,0.9305490769034962,0.000529904431679357,0.001405743081218149,,,0.4732203808476458,inf,,,0.1652932835184442
55,,0.0,0.0,1.5796501056709262,1.068644834120749,0.9007256224717268,0.000534314472197415,0.0013899256022066049,,,0.4880666971167561,inf,,,0.1646357510232778
56,,0.0,0.0,0.9188157452324761,0.5390876421021001,0.6817248447890791,0.0008209235968146086,0.002141858226238267,,,0.47824363442641393,inf,,,0.16278394393113965
57,,0.0,0.0,1.7095549225322866,1.4847051547843892,0.9381618215306227,0.0011247348980775588,0.0029796670393416186,,,0.4880666971167561,inf,,,0.16366612703520508
58,,0.0,0.0,1.3291522002034344,0.7709119295978918,0.8382230087495801,0.0003004043151512557,0.0006852936701550324,,,0.5370774965580548,inf,,,0.16375697283038662
59,,0.0,0.0,1.5415535875911326,0.8199815650388464,0.8987177681704935,0.0004982004038962129,0.0013340677003140459,,,0.48319206230712763,inf,,,0.1640831912234186
60,,0.0,0.0,1.566326025406372,0.7637079128970765,0.9281460298287154,0.0009263099340551111,0.002482400608327341,,,0.45235697871908603,inf,,,0.1631643764195817
61,,0.0,0.0,1.6036672807176582,1.265495365174527,0.8887845225239449,0.0007872714069217153,0.00215382338351493,,,0.5022576003740722,inf,,,0.16359086101195694
62,,0.0,0.0,1.3177501284504165,0.7004556990435157,0.8548264569047972,0.0004031713977319116,0.0010126710684539907,,,0.45235697871908603,inf,,,0.16086383160156176
63,,0.0,0.0,1.594536319123385,0.9930918473462486,0.9200033997396108,0.000218351386855553,0.00042485718078807847,,,0.4928685327679205,inf,,,0.16261669763028938
64,,0.0,0.0,1.4251977734908872,0.7781899175046746,0.8405199488275907,0.0004236395742013592,0.0011345711068481393,,,0.5068466436745385,inf,,,0.16318930658131128
65,,0.0,0.0,1.5376124525565302,0.8227099973179535,0.9023180740915057,0.0005333680704924758,0.0013498999675535743,,,0.5113665138247345,inf,,,0.1653230583194737
66,,0.0,0.0,1.57896726812415,0.9805245893055922,0.908319492529355,0.0002103734117929956,0.00044058506252786733,,,0.5641709578113449,inf,,,0.16327426446801793
67,,0.0,0.0,1.4684204728907586,1.202449892455603,0.8132408915419821,0.0003850170211214708,0.0009168373305407002,,,0.48319206230712763,inf,,,0.1604236049445876
68,,0.0,0.0,1.5988785273858264,1.0792376519004172,0.8957611696775657,0.00022796623602463844,0.0004493683055138577,,,0.541134803179459,inf,,,0.16479546493142896
69,,0.0,0.0,1.6727598965093182,0.9498167073027866,0.9028735001516536,0.00033026104537669864,0.0007969534875764871,,,0.5677978065141052,inf,,,0.16447498183886197
70,,0.0,0.0,1.6527701348325718,1.415482235134266,0.9199884134728615,0.00029368071689526043,0.0006537627073733916,,,0.468121228110369,inf,,,0.16354156543795367
71,,0.0,0.0,1.5638987314604034,1.3808272273670987,0.8821555327942027,0.00022084438021046808,0.0004677295375589203,,,0.44694259446804574,inf,,,0.16228154900738212
72,,0.0,0.0,1.4936735107332217,0.44942834057984843,0.8947041361191773,0.0002152756657302904,0.0004205304358395358,,,0.4629450596409901,inf,,,0.16315066018452334
73,,0.0,0.0,1.5971395979219902,0.5501244082199565,0.8965266452439375,0.00019380032742149348,0.00034879683391382895,,,0.44694259446804574,inf,,,0.16343388444144516
74,,0.0,0.0,1.455572336508125,1.0085835662381382,0.8648863549550154,0.00018319596035948306,0.0003419850336894069,,,0.4629450596409901,inf,,,0.16357539918027003
75,,0.0,0.0,1.3334471072317968,1.0606381018996969,0.7856801849551752,0.00018049367519870616,0.0003650429454293818,,,0.47824363442641393,inf,,,0.16313110390640892
76,,0.0,0.0,1.6408851762133285,0.8038932695730685,0.928711822670403,0.0002131021003225749,0.00042576061406481334,,,0.42445136339222655,inf,,,0.16246460553154948
77,,0.0,0.0,1.4404028689315147,0.8114396962015976,0.8431214277749924,0.002413538197308581,0.004430623629661836,,,0.3751344627501719,inf,,,0.16783489127362364
78,,0.0,0.0,1.6937870732731375,1.344234904218039,0.8985657954146241,0.00038116557212938417,0.0008657034268824428,,,0.5451288209179292,inf,,,0.17897776814980254
79,,0.0,0.0,1.654187503982444,1.6065831106622959,0.7005018332677418,0.005057311168474264,0.00890964776856033,,,0.5022576003740722,inf,,,0.1977809494673168
80,,0.0,0.0,1.6625011816762665,1.147341984469505,0.6606760243393365,0.0013051913719763655,0.0029863040149228567,,,0.5287703885177266,inf,,,0.1735743518447179
81,,0.0,0.0,1.663537387225598,1.48804335607591,0.8748572547897937,0.00019952470801509306,0.0003517745995056388,,,0.4880666971167561,inf,,,0.16319745240619268
82,,0.0,0.0,1.6221381505412105,0.9339238846972936,0.8483822862983827,0.0001784372689276676,0.0003343923282300759,,,0.4928685327679205,inf,,,0.16522244242888448
83,,0.0,0.0,1.5604796016064046,1.1315383546141784,0.7991555479476531,0.00024322981541282304,0.0005400481985483065,,,0.47824363442641393,inf,,,0.17867753282658247
84,,0.0,0.0,1.372115965625369,1.1415025901949838,0.9494060858933973,0.003805884651481135,0.009918911193822839,,,0.43586655696697996,inf,,,0.1739446318208538
85,,0.0,0.0,1.4865142671157685,1.443580326541592,0.9651085278986509,0.011656117018176681,0.028645860701031728,,,0.43586655696697996,inf,,,0.16332610593918426
86,,0.0,0.0,1.680667620350756,1.166071022304913,0.9408988341128742,0.008640446698813857,0.02041245348031568,,,0.43586655696697996,inf,,,0.16307335158255998
87,,0.0,0.0,1.7568007978988518,1.313263373993001,0.8690389632079841,0.006385191963712461,0.016847171235385937,,,0.41268473150466,inf,,,0.16398119779053877
88,,0.0,0.0,1.7879190421922109,1.0329031430210287,0.9175065438748914,0.0021669102145685437,0.005795845544582363,,,0.3943459996787778,inf,,,0.164806358115078
89,,0.0,0.0,1.777992378487264,0.9422235865949536,0.9120943954567001,0.006935263506916947,0.017532061347435207,,,0.4066654671944331,inf,,,0.166987777593663
90,,0.0,0.0,1.693343306226456,1.2846897488441402,0.8689788117454412,0.004008788485533734,0.010416035050800033,,,0.4302020962658841,inf,,,0.1669555228555249
91,,0.0,0.0,1.70428698532483,1.0785228906007271,0.8932831817755353,0.009006687151548228,0.02319678641126271,,,0.44694259446804574,inf,,,0.16359575265217205
92,,0.0,0.0,1.6846286277781046,0.8081433357226016,0.9438163478292909,0.003924611662762119,0.010369231574874585,,,0.41861278947482794,inf,,,0.1637869644593433
93,,0.0,0.0,1.634485984643945,1.2317056416457248,0.9241725314564041,0.008813186643097966,0.022371181622218017,,,0.49759852643134905,inf,,,0.16298755476676655
94,,0.0,0.0,1.1341585851535376,1.091094666227579,0.7933694732649162,0.012648999800321374,0.03093960600433098,,,0.4880666971167561,inf,,,0.16163173909545345
95,,0.0,0.0,1.7163052296236276,1.4575171789303005,0.8284736390233585,0.008936306532741778,0.0221486693046412,,,0.3480560589391537,inf,,,0.16495679510232744
96,,0.0,0.0,1.5633761759173732,0.9436290848526186,0.9383878988038464,0.011876053433152189,0.02912863833828081,,,0.44694259446804574,inf,,,0.16355310566673678
97,,0.0,0.0,1.7357363682574343,1.6129838621638046,0.8960002938004744,0.012547103203915343,0.03144934318096191,,,0.38163879478178075,inf,,,0.16451556898404507
98,,0.0,0.0,1.4105209887412316,1.097702816156174,0.8124205206901666,0.02163308364469313,0.05479304789609557,,,0.4732203808476458,inf,,,0.16629378554706298
99,,0.0,0.0,1.1981079446628602,0.7767068502405465,0.8709973600603051,0.02407570988815239,0.05735374964592885,,,0.48319206230712763,inf,,,0.15833150526946904
100,,0.0,0.0,1.5700795390437778,1.2110003363461277,0.8846206348401343,0.004877903586403032,0.013201327974238682,,,0.47824363442641393,inf,,,0.16298602218128141
101,,0.0,0.0,1.6622914960262474,0.9052086745681103,0.9645211338811476,0.003179524928224674,0.008440128943737042,,,0.524519217297268,inf,,,0.16427890906108752
102,,0.0,0.0,1.6010241270047008,0.790527719432665,0.953571042673721,0.0004065526716375101,0.0009954098253683072,,,0.41861278947482794,inf,,,0.16726106000169727
103,,0.0,0.0,1.7148496913851137,0.618348671508569,0.9283642725585324,0.00019492610259882762,0.00036688857970195116,,,0.36181263880445963,inf,,,0.16441032108211745
104,,0.0,0.0,1.731685414721336,0.6711288863263483,0.928591718775851,0.00017785774874270286,0.0003145121380049353,,,0.44144624493110796,inf,,,0.16414975786554203
105,,0.0,0.0,1.5066590149024726,1.2083123489412757,0.8990431367214645,0.00026812550492101,0.0005277884491904767,,,0.44144624493110796,inf,,,0.1650533355895058
106,,0.0,0.0,1.7437341388766634,0.6727227280999883,0.922590317943149,0.00017578715861859588,0.0003464634552192192,,,0.44144624493110796,inf,,,0.16375973251962195
107,,0.0,0.0,1.764379834153816,1.4944164501676211,0.9151522338635149,0.00029737530152111965,0.0006205202770232812,,,0.44144624493110796,inf,,,0.16341694601573659
108,,0.0,0.0,1.469890130828699,1.047135121604916,0.8544690111471709,0.0003668995091847985,0.0008829454777823209,,,0.44144624493110796,inf,,,0.1607011224379726
109,,0.0,0.0,1.7420719419881445,1.6567810251268014,0.8841185992946551,0.0003643126869110022,0.0008277766760071604,,,0.4732203808476458,inf,,,0.16307498052882632
110,,0.0,0.0,1.741888743689729,1.3415941574897006,0.8780953153440312,0.0006386560898362005,0.0016697788442390279,,,0.4302020962658841,inf,,,0.16469274675988968
111,,0.0,0.0,1.7733658186449202,1.4759900346467467,0.8814895363670682,0.0010896941316443566,0.0029289659849543598,,,0.47824363442641393,inf,,,0.16361868354747097
112,,0.0,0.0,1.7560358279469848,1.1641655705749092,0.9041039153124891,0.0017042718037774637,0.004501957206083575,,,0.45235697871908603,inf,,,0.1625856762335449
113,,0.0,0.0,1.6496973037881473,0.9878261778917781,0.9408417059276316,0.004850898509482715,0.012643683103836465,,,0.524519217297268,inf,,,0.16436590293465886
114,,0.0,0.0,1.6297700043079137,1.4419281832536521,0.8913077750833641,0.007779988277468541,0.020854787717246144,,,0.4928685327679205,inf,,,0.16007002517238886
115,,0.0,0.0,1.5995068238963053,1.2499930316834222,0.8711227528681168,0.003298974119289387,0.00906837008967471,,,0.4629450596409901,inf,,,0.1631575754359426
116,,0.0,0.0,1.6529332100530871,1.3081896313294559,0.8625245146270294,0.0032033063914857964,0.008702405642105965,,,0.44144624493110796,inf,,,0.16314645837594782
117,,0.0,0.0,1.7214899433519517,1.2001663233578563,0.8402804076836085,0.0030466999163415586,0.008101467732610541,,,0.48319206230712763,inf,,,0.16281962583766757
118,,0.0,0.0,1.2069184605032846,1.150523293807966,0.7639224848531688,0.0026154915210675977,0.00720458955090238,,,0.44694259446804574,inf,,,0.1630102401199822
119,,0.0,0.0,1.5242047510669958,0.8933635073408842,0.912835691967176,0.0011524264978981689,0.0027810431626930296,,,0.4302020962658841,inf,,,0.16268617384200473
120,,0.0,0.0,1.6144225733765691,0.5942535138784287,0.9270618694029753,0.00022384220993807005,0.00042193921585403275,,,0.41268473150466,inf,,,0.16440668749534137
121,,0.0,0.0,1.2394891284607445,1.2335817951055947,0.5206568911812791,0.010295949554395748,0.007367939116671527,,,0.4732203808476458,inf,,,0.16380835520062215
122,,0.0,0.0,1.6996432657410465,1.1439976120993645,0.8213516288223353,0.0003658264657822078,0.000773627353124741,,,0.4732203808476458,inf,,,0.16607255407633809
123,,0.0,0.0,1.6284072786159405,1.3151723330893057,0.9239678870005098,0.0012738790156119407,0.003293438143044395,,,0.38163879478178075,inf,,,0.15727408490041203
124,,0.0,0.0,1.5744757194209684,1.4095655201675523,0.9611199962810284,0.0006127166974228423,0.0015928703205400861,,,0.41861278947482794,inf,,,0.1690008500383327
125,,0.0,0.0,1.6462400763158342,1.0064249213337937,0.9188963030280024,0.0022381572318075915,0.005865874097579931,,,0.3751344627501719,inf,,,0.16701486695654044
126,,0.0,0.0,1.5612414300032744,1.1593739105466703,0.9249238172742174,0.011185058145608032,0.026169090156344763,,,0.4576907132971797,inf,,,0.15780308451906258
127,,0.0,0.0,1.3185729140819995,0.2586653128657081,0.925939247792462,0.0004133274328277662,0.0009463756796934284,,,0.41268473150466,inf,,,0.16922900049656409
128,,0.0,0.0,1.5101616878241995,0.824508254277532,0.921852403668843,0.0001807556310008931,0.000324328884800155,,,0.41861278947482794,inf,,,0.1650662004111037
129,,0.0,0.0,1.6443319295671,1.055044898408601,0.894751817271614,0.000200388865425572,0.0003583634691021433,,,0.4732203808476458,inf,,,0.1640395071625366
130,,0.0,0.0,1.558852137999526,1.1298973860340487,0.8394616807915076,0.00021414797657037544,0.00041932289616147095,,,0.5370774965580548,inf,,,0.16452440056273515
131,,0.0,0.0,1.5632126123197871,0.8026112315378966,0.9191776395950363,0.0001407877044283265,0.0002647984980460985,,,0.43586655696697996,inf,,,0.16356936182259993
132,,0.0,0.0,1.7006071547496004,1.2492051287173922,0.8795701420102715,0.00020991829814375615,0.0004125947500466056,,,0.4302020962658841,inf,,,0.16345986289539813
133,,0.0,0.0,1.6977589426366926,1.6009510269712595,0.7873432794221915,0.0008869503405338058,0.0017883737547225798,,,0.36181263880445963,inf,,,0.1647605100787834
134,,0.0,0.0,1.6684500041981045,0.7806815178583404,0.9224721182801928,0.00022159084940876015,0.00037021089984385844,,,0.44694259446804574,inf,,,0.16375818464787786
135,,0.0,0.0,1.595145623600308,1.1043129062277184,0.8872185613157112,0.0002783450161973392,0.00058111067382675,,,0.5113665138247345,inf,,,0.16204282473114093
136,,0.0,0.0,1.6161232765845186,1.4479158830879055,0.8644209018773489,0.0003752240078382317,0.0008210304322003707,,,0.4629450596409901,inf,,,0.16251689087763566
137,,0.0,0.0,1.5084952149321051,1.2492309013239855,0.8887260606033597,0.00041285242033481086,0.0009535042233078549,,,0.5370774965580548,inf,,,0.16422533424601926
138,,0.0,0.0,1.672630430935968,1.5504431137443475,0.8433719563797681,0.0006164153539993449,0.0012580826207863247,,,0.4066654671944331,inf,,,0.16465171334524087
139,,0.0,0.0,1.4105293903006313,1.0834216099435798,0.8046852947629415,0.0002627160044689078,0.000478992578901498,,,0.5490601803369085,inf,,,0.16301045824037916
140,,0.0,0.0,1.5780269313914121,1.219426877632154,0.7886734322835877,0.00018777588046914076,0.0003859320802293089,,,0.5113665138247345,inf,,,0.16183127782338255
141,,0.0,0.0,1.4294236570464438,1.245840293995463,0.8286848055561342,0.0002001448383160941,0.0003581061684614746,,,0.5287703885177266,inf,,,0.1633037726845745
142,,0.0,0.0,1.7408072104182737,1.117135749048232,0.9535836237084664,0.0002136189899982768,0.0003795835734348546,,,0.5113665138247345,inf,,,0.16351720695308514
143,,0.0,0.0,1.7428690275778203,1.217059628651989,0.9425641069378069,0.00020042014733017048,0.0003846806900996905,,,0.5158180382284114,inf,,,0.16276337593015858
144,,0.0,0.0,1.4400200674133856,0.975349667080059,0.8271291119430584,0.0002768967264126586,0.0005291718881486821,,,0.49759852643134905,inf,,,0.16407932357176871
145,,0.0,0.0,1.558447539866281,0.6553852149722714,0.8649128450478454,0.0002135291624045498,0.0003822692241869266,,,0.47824363442641393,inf,,,0.16345158564890222
146,,0.0,0.0,1.710233553079715,1.3827602716154905,0.818009732569875,0.0005326235008266584,0.001146572947323989,,,0.48319206230712763,inf,,,0.1646515163339579
147,,0.0,0.0,1.734524526938455,0.7557910925421623,0.9613173384913181,0.00020739160635363914,0.00035961681610366717,,,0.4880666971167561,inf,,,0.16336454163532968
148,,0.0,0.0,1.7273290648157056,1.5948843346513388,0.92378586744488,0.00023832778506702892,0.0004705475430521048,,,0.5748741956352443,inf,,,0.16376179686601047
149,,0.0,0.0,1.6127704115960348,1.2981151333895773,0.8915932101027888,0.00021979952365236825,0.00040699655290761733,,,0.5022576003740722,inf,,,0.16319909214297643
150,,0.0,0.0,1.7010184680603246,1.6435110332445133,0.8904112828659169,0.0002627215816418389,0.00048737517391911426,,,0.524519217297268,inf,,,0.16351504256505095
151,,0.0,0.0,1.7016264845430205,1.148068423223401,0.9343954821930636,0.000170033124913753,0.0003375575009174454,,,0.41268473150466,inf,,,0.16343932073956455
152,,0.0,0.0,1.6237566906774383,1.0418912935925284,0.8293078381673434,0.0002205907207462262,0.00040630711064316614,,,0.5158180382284114,inf,,,0.1638175182292995
153,,0.0,0.0,1.4831049364963567,1.122148050630381,0.8491967863209595,0.00018142358287419997,0.00035207385615659685,,,0.5068466436745385,inf,,,0.16343808151207737
154,,0.0,0.0,1.3812753436723022,1.0590033703680701,0.8179308916890303,0.00013117725977770654,0.0002199339659102359,,,0.5329562494928909,inf,,,0.16342945674046658
155,,0.0,0.0,1.234776768035563,0.9633930028594306,0.8207260494213864,0.00017257057942258542,0.00035533871097106313,,,0.48319206230712763,inf,,,0.16377431011949187
156,,0.0,0.0,1.612153545671219,1.2395030193444634,0.8366888279429731,0.002962450372602031,0.007167946664481341,,,0.468121228110369,inf,,,0.1659077969021316
157,,0.0,0.0,0.34299487433162446,0.1598326372211032,0.41301780932708776,0.016049989323206965,0.024249327299249928,,,0.18952474069199465,inf,,,0.15725550367076813
158,,0.0,0.0,1.6692457117326356,0.9325074401522657,0.8806859103238475,0.031943937560638576,0.06455193689588248,,,0.47824363442641393,inf,,,0.15267352972812914
159,,0.0,0.0,1.3192106012065978,1.164783228369677,0.7421485070051442,0.3120953507990328,0.3632651351594565,,,0.468121228110369,inf,,,0.18456674470881276
160,,0.0,0.0,1.738945032302304,1.4271626897803065,0.88378507263114,1.4587713250920564,1.8847124251280227,,,0.4302020962658841,inf,,,0.18157294569910729
161,,0.0,0.0,1.4754370243179522,1.198074798189986,0.9168156339044742,1.548213878228117,1.6673643096665023,,,0.585052858160615,inf,,,0.18997591270301045
162,,0.0,0.0,1.5233341296022125,1.4563564247832401,0.926321245603144,1.818159800509073,2.1595211871455984,,,0.5783247308855777,inf,,,0.1813681294301781
163,,0.0,0.0,1.326003627837604,1.2859308453888412,0.8927547811672353,1.5778895220357485,1.8139963787034876,,,0.6125606311107803,inf,,,0.18452725804252865
164,,0.0,0.0,1.6417940245950788,1.540897608595956,0.914549370301962,1.4561461512635108,1.9868735605284635,,,0.5783247308855777,inf,,,0.1845045212654185
165,,0.0,0.0,1.714449949679159,1.6659995387031925,0.8655641175576555,1.679210593463205,1.8764734675034738,,,0.5978297680564633,inf,,,0.188178987224164
166,,0.0,0.0,1.4908618411232544,1.4439894722628523,0.7337417885884312,1.0056707441827444,1.2487000157825754,,,0.5978297680564633,inf,,,0.20003294389195117
167,,0.0,0.0,1.6828002321801918,1.3291070174150559,0.8779207053909109,0.8507529872953408,0.8458402769052282,,,0.6233814453054027,inf,,,0.18885196033112162
168,,0.0,0.0,1.48848487244237,1.4084681732976014,0.815098794475836,1.1814324832859338,1.4046702590822697,,,0.5915533975974677,inf,,,0.20095741829123512
169,,0.0,0.0,1.4497961482626283,1.37788178171218,0.8405617247544337,0.5738927453400574,0.7859756523993916,,,0.6284777104787076,inf,,,0.1886036525710319
170,,0.0,0.0,1.6855609926614705,1.6138347124222132,0.8651406161266468,0.49224923079579674,0.6634820616665884,,,0.4880666971167561,inf,,,0.1888442731561244
171,,0.0,0.0,1.6087316620004533,1.1734199172515283,0.8590219256423136,0.6340370729438304,0.9143909790863852,,,0.541134803179459,inf,,,0.18123122195445793
172,,0.0,0.0,1.6801711040397753,1.3554420642251164,0.8404184711055254,0.6468481782788839,0.8876432502468092,,,0.5158180382284114,inf,,,0.1845381015650378
173,,0.0,0.0,1.5909084140103091,1.3922263131720518,0.8925936410148291,1.0888405556506122,1.176263214934283,,,0.5022576003740722,inf,,,0.17698139665828114
174,,0.0,0.0,1.6630722385811367,1.618442018119569,0.814626675423848,1.6536672144914546,1.9807681894354767,,,0.5947193981915972,inf,,,0.19629617225559612
175,,0.0,0.0,1.6781721945145778,1.6082574980901465,0.9059591214369788,2.5798445332836684,2.516542308914721,,,0.552929491858785,inf,,,0.18554823075181576
176,,0.0,0.0,1.5713162217948298,1.5154605428778742,0.8489812313502846,1.858826869142958,2.1683019341999255,,,0.6153451465759925,inf,,,0.20589938696918347
177,,0.0,0.0,1.5843479713701896,1.3643114031025816,0.9457510489822734,1.652778692939093,1.045960950717645,,,0.5915533975974677,inf,,,0.1862206949491486
178,3.4208511280032514,1.0586597294717022,-1.1235920185979995,1.533984288976989,1.2984991548205054,0.8340564920947637,0.9110097374575281,0.3404120493671996,1.4258655952707846,4.771021777415677,0.524519217297268,3.4055401310962923,0.9527699769602732,1.149357487673345,0.20869475048783015
179,,0.0,0.0,1.6347439688937753,1.5909749086312654,0.9137484769199052,1.03422161714297,0.7641315982460368,,,0.581717464821069,inf,,,0.17879436879508054
180,,0.0,0.0,1.5552714959486567,1.5153207701884677,0.8479632286782143,1.3495775996652755,1.5834030145393627,,,0.6207552362147116,inf,,,0.1729656314576273
181,,0.0,0.0,1.5906155329902567,1.5424441507014526,0.8759985287231793,1.2669521998323858,1.575999118677267,,,0.5915533975974677,inf,,,0.17772265556772412
182,,0.0,0.0,1.6562997465221414,1.4913590565414283,0.7889369372632574,0.9423853235275946,1.1310228283958996,,,0.5677978065141052,inf,,,0.1876087561033449
183,,0.0,0.0,1.43055880741101,1.3728202130875387,0.834346117773072,0.744745739461698,1.045207880898955,,,0.552929491858785,inf,,,0.18600892180470802
184,,0.0,0.0,1.5072260036999705,1.5080472510686775,0.8406204460438559,0.8569707638398403,1.099055768045658,,,0.4732203808476458,inf,,,0.18411766794776957
185,,0.0,0.0,1.5523264607556815,1.5137355342993541,0.9147628231426863,0.5776907530460809,0.8561823358477744,,,0.5113665138247345,inf,,,0.18657494904215838
186,,0.0,0.0,1.6434003438042482,1.4738830766528266,0.8772202387429413,0.1986861793606125,0.33232124840087773,,,0.5490601803369085,inf,,,0.19812037967047508
187,,0.0,0.0,1.682184424935359,1.6514547918360765,0.8828116554421322,0.3422332525844868,0.5261443762124229,,,0.4880666971167561,inf,,,0.17755218197335762
188,,0.0,0.0,1.646823862976476,1.5228494453703314,0.7976221740994829,0.20329239296274726,0.32014943025792186,,,0.5113665138247345,inf,,,0.1806663195058166
189,,0.0,0.0,1.346519126358887,1.2546003919631208,0.8706591450219515,0.3278963185801708,0.5229265649023108,,,0.5713653840954815,inf,,,0.17418584259021958
190,,0.0,0.0,1.536529801160161,1.4648839662380873,0.9063905886682131,0.2407103711468242,0.3226802471142197,,,0.5202020156036558,inf,,,0.17741672748742077
191,,0.0,0.0,1.5857638891931782,1.2197092987405584,0.8778469920863244,0.05408722938166804,0.08140327012065643,,,0.524519217297268,inf,,,0.16010703739579438
192,,0.0,0.0,1.5437080668841712,1.4851357144867743,0.8483116609730954,0.12924932081861087,0.16806946075988893,,,0.5202020156036558,inf,,,0.17372252687260747
193,,0.0,0.0,1.50523650058756,1.1494902501878754,0.8602148188748796,0.16705033303820266,0.19170917697510007,,,0.5287703885177266,inf,,,0.1608512597629974
194,,0.0,0.0,1.5032095870205877,1.2536929906158731,0.8727741739806553,0.007347713533959466,0.011633713484756229,,,0.4928685327679205,inf,,,0.1657558857891854
195,,0.0,0.0,1.6057078262454023,1.395557929679503,0.8151910872591008,0.12833131071339837,0.14413592984895265,,,0.49759852643134905,inf,,,0.1559373091688259
196,,0.0,0.0,1.7668572460681191,1.2447216653910957,0.8025291322122647,0.010197452634919432,0.022327139331468078,,,0.42445136339222655,inf,,,0.17656598600928117
197,,0.0,0.0,1.5743854453972008,1.3171802860986075,0.8817304492660056,0.02172025722618323,0.0535219781918751,,,0.44694259446804574,inf,,,0.1596844730506642
198,,0.0,0.0,1.2417267079234362,1.0191039611072463,0.8324313497968165,0.013386179885035073,0.029612568896200425,,,0.5022576003740722,inf,,,0.16503680277990945
199,,0.0,0.0,1.7145986444725567,1.5066982169323533,0.834951121544305,0.008542866537252948,0.021682715039369513,,,0.48319206230712763,inf,,,0.16389780176278287
200,,0.0,0.0,1.6028471256821344,1.2273642916561585,0.9243239196846521,0.05635659860411824,0.10037112135609293,,,0.4066654671944331,inf,,,0.16125566577763759
201,,0.0,0.0,1.4937209404202474,1.0708109432514312,0.9625353530970366,0.04393084719804364,0.06900405078511856,,,0.43586655696697996,inf,,,0.16762119453422208
202,,0.0,0.0,1.5505598380604204,1.1820299345613534,0.7594459783602735,0.008962728749635714,0.01210203542288244,,,0.4732203808476458,inf,,,0.24566861735704934
203,,0.0,0.0,1.5959686414110204,0.9701880916387005,0.9414581835413366,0.06053878730672788,0.10212487025694197,,,0.468121228110369,inf,,,0.1486933441330652
204,,0.0,0.0,1.5541429312778408,1.0973914308274122,0.8897253563851691,0.07218331184842519,0.12418427780356761,,,0.3480560589391537,inf,,,0.16574475520855578
205,,0.0,0.0,1.6144173727111946,1.516369622286791,0.7075205813435984,0.09300015202793203,0.15001193238299043,,,0.49759852643134905,inf,,,0.16483075375197506
206,,0.0,0.0,1.2835669071278841,1.048005912413669,0.7887366052346872,0.08510235499671626,0.15124452101061286,,,0.41268473150466,inf,,,0.17437323706804264
207,,0.0,0.0,1.421646740536979,1.156762578325869,0.6846724602288266,0.14227175912142606,0.2500960751699357,,,0.1792956407887421,inf,,,0.1618326889861428
208,,0.0,0.0,1.614160336333879,1.316880957763881,0.8152650208215032,0.17417863677359932,0.24224443773999976,,,0.41268473150466,inf,,,0.16627467729287268
209,,0.0,0.0,1.1442505949052175,0.934936709728132,0.9378879991074931,0.6820398087214525,0.5434944249649859,,,0.3751344627501719,inf,,,0.16700959937844345
210,,0.0,0.0,1.5746530080605838,1.3096417545471764,0.8853649278249123,0.9676150484181876,0.9608630399699288,,,0.4629450596409901,inf,,,0.2121663562176733
211,,0.0,0.0,1.704618185247072,1.4529022604073742,0.9357341723479873,1.2282108922265824,1.0364486393494636,,,0.4576907132971797,inf,,,0.1796152246859192
212,1.9930462847718224,0.40577640613925836,0.3638630616892873,1.6423422311151232,1.421345531104844,0.9345578341101983,1.2506316512935656,1.1152935659927155,0.6782815814861894,0.6973246203347216,0.5068466436745385,1.9914306643571225,0.4095025516546991,0.36245353012985415,0.19189750930504967
213,2.1854696884598828,0.7553792853151204,0.5217813026759304,1.6729316270449828,1.50203249225003,0.9794122500576535,1.931749778449636,1.5020008937103817,0.9128701004604525,0.7329905615286124,0.5113665138247345,2.18253302859323,0.7555594655143468,0.5168573435538258,0.1802838031425138
214,2.832619656142561,1.098731860312328,1.0196914355314162,1.5305574238037687,1.3772582656222345,0.9677525905929373,2.1177402837378314,1.6452411467282637,1.3973026713922092,1.1471311888580464,0.48319206230712763,2.8311598982643185,1.0842020084293422,0.968640736469229,0.19649913686889192
215,,0.0,0.0,1.5502342951671682,1.3967506108511067,0.9517512432759174,1.7331898546877935,1.2585381124967534,,,0.49759852643134905,inf,,,0.19057389269371383
216,5.554125697035303,-1.629210204463689,0.0,1.6547185208013784,1.464854801890917,0.9574189680297055,1.1326769540959916,0.7236254748156434,,,0.48319206230712763,6.734736114850496,inf,,0.19464526271923271
217,5.502769792293816,-3.863177326368735,-1.639592465925081,1.4033552686886561,1.144291384061428,0.9387828800370511,1.2873857793754495,1.0460118410765447,1.4973995942452447,,0.42445136339222655,5.44914025628262,1.5040773967762742,inf,0.19172355517222217
218,,0.0,0.0,0.9481558521429622,0.8369831679002161,0.8989342079597439,1.4638046945576526,1.0291495104000106,,,0.45235697871908603,inf,,,0.203412131457936
219,,0.0,0.0,1.639499740811888,1.540630541577125,0.8787299451796157,1.218671238738593,1.0019221239270455,,,0.47824363442641393,inf,,,0.20344012564100739
220,,0.0,0.0,1.6058209908334073,1.4683987507272975,0.9632823126939227,1.2443260986824234,0.7911931052717975,,,0.5022576003740722,inf,,,0.1923637357504756
221,,0.0,0.0,1.4744333216832934,1.360453758251342,0.9381190017733738,0.7739615052241982,0.5953032057919815,,,0.44694259446804574,inf,,,0.18933860492841337
222,,0.0,0.0,1.3455950636999616,0.9540681137342896,0.8482825985236448,0.4756232865385948,0.6207151066802652,,,0.5604843169999094,inf,,,0.22124589368561948
223,,0.0,0.0,1.5888266496607506,1.3326728077159868,0.9608074969126658,0.4925075737472984,0.5275773867881769,,,0.5068466436745385,inf,,,0.1822333691510122
224,,0.0,0.0,1.5132048842544719,1.3338867012209623,0.8355716508605311,0.36059056091094416,0.4180424454321495,,,0.4302020962658841,inf,,,0.20653575250504896
225,,0.0,0.0,1.6013538864428787,1.4443659518213552,0.9353372560865214,0.2009164457586152,0.2969804691718315,,,0.45235697871908603,inf,,,0.19923789321460753
226,,0.0,0.0,1.485046386417706,1.3296685364825174,0.9066291790733657,0.3054201252319001,0.35829127593990273,,,0.44694259446804574,inf,,,0.19483463749018504
227,,0.0,0.0,1.4516058546935382,1.22273225302811,0.8207299217821712,0.4721459698572946,0.5671351387394843,,,0.4928685327679205,inf,,,0.20160106322870888
228,,0.0,0.0,1.6530176460811818,1.3589115672115812,0.9402701697800588,0.6791641157651316,0.622361198055345,,,0.4629450596409901,inf,,,0.18963966537127364
229,,0.0,0.0,1.762177409238721,1.283031603862709,0.8879829563862092,0.6671223959157936,0.7720883272711617,,,0.5202020156036558,inf,,,0.18313219342690043
230,,0.0,0.0,1.5283556008426262,1.1794194435576133,0.8883811635592381,0.6670208174609084,0.7720241177440291,,,0.552929491858785,inf,,,0.1817272946759899
231,,0.0,0.0,1.5975994391688277,1.3678514837398685,0.9642418541222193,1.0415645416491521,0.953966047591349,,,0.49759852643134905,inf,,,0.19337624522326508
232,,0.0,0.0,1.5699110935396108,1.3578812621567666,0.9220319441395901,0.8454190889549711,0.589137719140871,,,0.5490601803369085,inf,,,0.19075790048235833
233,,0.0,0.0,1.5032279560152597,1.3094978162163786,0.842767943961333,1.0084501714724872,0.7513896930933945,,,0.4732203808476458,inf,,,0.20317305259758622
234,,0.0,0.0,1.4570638634903406,1.1527506649255266,0.930280892487978,0.4246252978827302,0.43741021331832036,,,0.38804190201132227,inf,,,0.19650256933971225
235,3.531133748313855,0.31527333901351096,0.4487511245148319,1.7656889207093045,1.2191259795028624,0.8966951625903896,0.5418371855260254,0.42391794338784994,0.7903839819398367,0.6425574786189516,0.36181263880445963,3.428911220229671,0.21989318492506837,0.23690129195603324,0.17076298551500893
236,,0.0,0.0,1.5433612599978832,1.0034373544861666,0.8246478502754985,0.804020344996039,0.8257297963742599,,,0.42445136339222655,inf,,,0.21110521534244697
237,,0.0,0.0,1.275443916774504,0.9631076818684267,0.9491561546509995,0.3925974532769243,0.4092323817498829,,,0.44144624493110796,inf,,,0.1858337470772332
238,,0.0,0.0,1.5118083156287199,1.3343116924006266,0.9145075765648872,0.41038259614142825,0.4679609387245473,,,0.44694259446804574,inf,,,0.18638093976814712
239,,0.0,0.0,1.39086161366423,1.3505113178990849,0.8593109744832654,0.5275343652526747,0.7683582759374996,,,0.468121228110369,inf,,,0.1884075650811468
240,,0.0,0.0,1.476666259534333,1.2761193588296706,0.825304249137874,0.6957075680656497,0.8810070859920799,,,0.4629450596409901,inf,,,0.17718521331991188
241,,0.0,0.0,1.7720781808127288,1.7213547949446841,0.8906926015516141,0.3620050729739027,0.5776910854242665,,,0.524519217297268,inf,,,0.1725411667662068
242,,0.0,0.0,1.707834991902597,1.517781988779616,0.8585546245320526,0.2776362859654028,0.37106537447929444,,,0.581717464821069,inf,,,0.1899161892902218
243,,0.0,0.0,1.6173533104426596,1.218683790439337,0.7719444380709909,0.06502524965761942,0.10683691092930843,,,0.5158180382284114,inf,,,0.17380526885042147
244,,0.0,0.0,1.6665922193591884,1.3971400000347192,0.9075036788842513,0.06802651618993479,0.12142040584556982,,,0.4928685327679205,inf,,,0.15422362553266086
245,,0.0,0.0,1.6606046379738073,1.4237828961895673,0.7728129594543727,0.06889743213826238,0.11489795156007006,,,0.20924377657122822,inf,,,0.1529504901464573
246,,0.0,0.0,1.4377650912718498,1.3449563832598104,0.5871089592536505,0.04380313875462158,0.0664295765772537,,,0.4880666971167561,inf,,,0.1633015348493782
247,,0.0,0.0,1.745764366789899,1.310082180752167,0.8751044291625825,0.15097800637020106,0.11009141145066456,,,0.26342377874763145,inf,,,0.1608888385692481
248,,0.0,0.0,1.5152282041308631,1.4167468325210961,0.96617109415574,0.5273766711664845,0.4943885525509203,,,0.468121228110369,inf,,,0.19392964271223279
249,,0.0,0.0,1.671321684693162,1.54259299840974,0.9174654714727696,0.6088765331039011,0.5293873496290401,,,0.44144624493110796,inf,,,0.18510447104665764
250,,0.0,0.0,1.6027301057126528,1.52490966843727,0.9152291759969765,0.6852609662055321,0.8506311355588847,,,0.48319206230712763,inf,,,0.18434992179893434
251,,0.0,0.0,1.5443874298025695,1.4281844630664935,0.8331966304136109,0.6997436586792716,0.910106481154226,,,0.4928685327679205,inf,,,0.1869398860781453
252,,0.0,0.0,1.1760321570444154,0.95192035774172,0.894674569383022,0.5817936872167639,0.6821352346200428,,,0.48319206230712763,inf,,,0.19783630939001762
253,,0.0,0.0,1.2539834257779838,0.7626762777398514,0.8741577839200694,0.28414694058191065,0.2451109517870712,,,0.38163879478178075,inf,,,0.16758509213734588
254,,0.0,0.0,1.250078156261504,0.7648035490564556,0.8740694289066337,0.28421986212786854,0.24523795520581992,,,0.5022576003740722,inf,,,0.16758065904438385
255,,0.0,0.0,1.7424049039874083,1.1104889590042062,0.7578288977856366,0.042026107105974354,0.0634796493544097,,,0.40055318934786044,inf,,,0.15873543978833232
256,,0.0,0.0,1.610351535668196,0.8921034202410858,0.8479573157501171,0.01104783758025508,0.025490024130967258,,,0.5068466436745385,inf,,,0.16420462205651445
257,,0.0,0.0,1.5458392563992978,1.4064193343130444,0.9389275464077698,0.40604997180277175,0.4091264759390028,,,0.34100769111774265,inf,,,0.1946297856507797
258,,0.0,0.0,1.3829914010179678,1.2716823802916242,0.9083729401836608,0.6183933140808802,0.5837941999625887,,,0.3943459996787778,inf,,,0.18075624139228677
259,,0.0,0.0,1.5654323952775455,1.354899583867774,0.8882094794669825,0.3517448909488739,0.3226381582142946,,,0.4928685327679205,inf,,,0.1817266878018384
260,,0.0,0.0,1.7173651756839585,1.541689401336377,0.9151441194135541,0.584416892274705,0.7255938612484105,,,0.41268473150466,inf,,,0.19474755428237978
261,,0.0,0.0,1.7707781301221153,1.4718823447712408,0.8880573680305516,0.5062106090741351,0.5972109219349924,,,0.48319206230712763,inf,,,0.16770535173313303
262,,0.0,0.0,1.4718492888400116,1.311875641118937,0.9477274013180297,0.547033179423625,0.5672794707661516,,,0.41861278947482794,inf,,,0.19315950930388737
263,,0.0,0.0,1.0803213529177589,0.8945251004888415,0.9340214400802918,0.757913532022836,0.4390168724918817,,,0.40055318934786044,inf,,,0.18121845679213255
264,,0.0,0.0,1.628949669290615,1.5422854292533335,0.9307710621423279,1.0046143329475135,0.9527362807212818,,,0.48319206230712763,inf,,,0.18356063435042452
265,,0.0,0.0,1.6378740118914181,1.4263028733446095,0.9255231984531813,0.4195477517333905,0.32703559867073345,,,0.5158180382284114,inf,,,0.18197298404986317
266,,0.0,0.0,1.3931530702276227,0.8192376537834338,0.8505948030088323,0.2837073848789894,0.23732580575210493,,,0.4732203808476458,inf,,,0.1849371044014968
267,,0.0,0.0,1.5493969537341505,1.4538560441140098,0.8993369115366838,1.3985284513141427,1.8046133468175203,,,0.468121228110369,inf,,,0.1797151342141187
268,,0.0,0.0,1.2406217879119974,1.0954861676227914,0.8750742514324602,0.5235709502319297,0.4465694334173246,,,0.48319206230712763,inf,,,0.17372748671505073
269,,0.0,0.0,1.4378997574574286,0.9597611093973271,0.8050468659859696,0.19699201394181806,0.2224221183482118,,,0.45235697871908603,inf,,,0.16258307671737743
270,,0.0,0.0,1.3766616067931787,0.825837957652037,0.8327348733227985,0.18605568928016764,0.2013330421895763,,,0.38163879478178075,inf,,,0.17466035222870868
271,,0.0,0.0,1.6847758621002318,1.3039006067738261,0.9534887118971777,0.332863873225962,0.29847014668043537,,,0.40055318934786044,inf,,,0.17276471359774256
272,,0.0,0.0,1.7449222644608873,1.6953028622361674,0.9151630788518877,0.8101521866765101,0.9878100874166159,,,0.5068466436745385,inf,,,0.18761290010388185
273,,0.0,0.0,1.667950328085424,1.6409096517118764,0.9176535107074638,0.7796342955982055,0.9604302747234643,,,0.47824363442641393,inf,,,0.18350417873589392
274,,0.0,0.0,1.636928362856582,1.1726114439214372,0.9241117347529058,0.5294753505662941,0.6304921062159206,,,0.4880666971167561,inf,,,0.16434205113895084
275,,0.0,0.0,1.6124161328097182,1.5410427824787845,0.8638804356137588,0.4269276837674293,0.6135113742648283,,,0.5370774965580548,inf,,,0.18292467107829707
276,,0.0,0.0,1.514075383044968,1.0864648863409532,0.7719092661175664,0.11796399263622745,0.17992136644668558,,,0.42445136339222655,inf,,,0.15945087317856363
277,,0.0,0.0,1.702505455166231,1.413798496019239,0.6389126446602212,0.09305465277456097,0.14605560385959115,,,0.2961247884481232,inf,,,0.1533893117006147
278,,0.0,0.0,1.6669531589944857,1.3081925759056179,0.7070592265036608,0.172930662133575,0.24147986010444206,,,0.31914402280573173,inf,,,0.18008809900283568
279,,0.0,0.0,1.6669531589944857,1.3081925759056179,0.7070592265036608,0.172930662133575,0.24147986010444206,,,0.31914402280573173,inf,,,0.18008809900283568
280,,0.0,0.0,1.7313257585669874,1.3120746558762035,0.9225176700158885,0.21181538197574526,0.36290749619987106,,,0.4732203808476458,inf,,,0.14884289486289287
281,,0.0,0.0,1.457257876641441,0.8742502435570362,0.790397774840345,0.16336376136787992,0.24981075283895543,,,0.4576907132971797,inf,,,0.16783481617609422
282,,0.0,0.0,1.2338010151837846,0.4547794281290451,0.8125984028461255,0.07098280591679981,0.11383946673982663,,,0.31914402280573173,inf,,,0.17113594865710238
283,,0.0,0.0,1.207784237330624,0.5089267067236111,0.7955727870804288,0.06387969197955233,0.07461911535551227,,,0.3338418249889409,inf,,,0.18276992087501917
284,,0.0,0.0,1.1490904068116135,1.0330549985098108,0.9015117678244672,0.31702621445087414,0.2759655039335738,,,0.4302020962658841,inf,,,0.1907948249327682
285,,0.0,0.0,1.7169564960546229,1.4899235583743127,0.9303070874354626,0.40745316625110195,0.5204822099796091,,,0.41268473150466,inf,,,0.17016357814016853
286,,0.0,0.0,1.5734730502523506,1.317171035820808,0.8643929993287853,0.1457306481328351,0.2585566528352783,,,0.47824363442641393,inf,,,0.1613235701990174
287,,0.0,0.0,1.5911991457255477,1.5603764399924196,0.6340536860564676,0.14187922117513974,0.30047745290043093,,,0.36181263880445963,inf,,,0.16717077590930468
288,,0.0,0.0,1.6464131026263276,1.6464969902878044,0.5945394752974954,0.14831456956149644,0.24016642800153884,,,0.4880666971167561,inf,,,0.16700073799751458
289,,0.0,0.0,1.3653145321467703,1.0455013584797626,0.8575979285475621,0.2598930749839981,0.3188781157163079,,,0.4928685327679205,inf,,,0.17553544425925738
290,,0.0,0.0,1.5759454367405348,1.4630531149722874,0.9323100871028908,0.3790276302835683,0.5195176783935485,,,0.41861278947482794,inf,,,0.18864570987051996
291,,0.0,0.0,1.5326822297903144,1.3204185441761096,0.8553830941330622,0.2949885313801092,0.42025717939235674,,,0.4928685327679205,inf,,,0.19701578093640357
292,,0.0,0.0,1.4360061415361816,1.238539757120343,0.826104471507737,0.1490407781221439,0.20140654215348755,,,0.4629450596409901,inf,,,0.22569699655475892
293,,0.0,0.0,1.4941137913781466,0.9414580183509265,0.8910487499523205,0.0699192949239873,0.12494800826069513,,,0.47824363442641393,inf,,,0.17832268942827537
294,,0.0,0.0,1.4827595905507527,1.2210773882593229,0.8974100323880647,0.23582906183148009,0.3545287637076512,,,0.42445136339222655,inf,,,0.18333912389324375
295,,0.0,0.0,1.5267982329553083,1.4555409143425377,0.8507892453042979,0.16607892623574122,0.26779093858313263,,,0.4928685327679205,inf,,,0.17324871350496432
296,,0.0,0.0,1.4454095789978083,1.2851078378938126,0.8639353049920251,0.09748409779929988,0.14708003402815623,,,0.5022576003740722,inf,,,0.18659337808999904
297,,0.0,0.0,1.1488727847413835,0.7649935223636545,0.8824184833720233,0.042853066441320684,0.05921029225043022,,,0.38804190201132227,inf,,,0.1756828182003203
298,,0.0,0.0,1.2436213889884078,1.0464091733418082,0.864491440331189,0.03582190191426636,0.049824184345131736,,,0.31914402280573173,inf,,,0.19086962999154786
299,,0.0,0.0,1.4715043351357613,1.351321287924813,0.931297105130982,0.14612371623462383,0.2023469935217654,,,0.3685265678147087,inf,,,0.1874812689421157
300,,0.0,0.0,1.6631572588887642,1.5344114154137776,0.9576679894319503,0.16118370789128336,0.23943041764389933,,,0.35499006010413947,inf,,,0.1906708043624779
301,,0.0,0.0,1.6869972961776665,1.5873653705411983,0.9437464595491887,0.17188656449515705,0.28533684706861007,,,0.4302020962658841,inf,,,0.1906389198669073
302,,0.0,0.0,1.75876272220491,1.6181631908927394,0.9225400387780388,0.20619247949247327,0.3220167085920783,,,0.45235697871908603,inf,,,0.18238223860386257
303,,0.0,0.0,1.6949153415734486,1.6163958802830611,0.8985424936614207,0.20287498042809082,0.3323062301945915,,,0.4732203808476458,inf,,,0.18343874624455525
304,,0.0,0.0,1.6884924886616322,1.518677675823607,0.8380183772639787,0.16845071836972358,0.25083635415329203,,,0.48319206230712763,inf,,,0.2010835888064519
305,,0.0,0.0,1.5719521247067465,1.286507791941121,0.9552746183994787,0.24206810921691357,0.27256381634831406,,,0.45235697871908603,inf,,,0.18443452475691793
306,,0.0,0.0,1.653841746007175,1.544078445161489,0.9471418398971003,0.7615981896887298,0.9407560744312364,,,0.45235697871908603,inf,,,0.1953548837621245
307,,0.0,0.0,1.650308400267175,1.4802987372618261,0.9615266325644556,1.1834934879550405,0.8843487791138502,,,0.45235697871908603,inf,,,0.17705437940492497
308,,0.0,0.0,1.6211242552003944,1.3326631556867061,0.9233035409227248,0.7428516662962413,0.6534529162371906,,,0.44694259446804574,inf,,,0.19193062972748026
309,,0.0,0.0,1.5914464835429143,1.4579127311782676,0.8946061628747124,0.6213240593270757,0.7975109710589073,,,0.468121228110369,inf,,,0.19158239931296667
310,,0.0,0.0,1.7101167205277006,0.9531795049171568,0.9032785054869202,0.18614333802563296,0.21154459659278693,,,0.468121228110369,inf,,,0.17847700919350523
311,,0.0,0.0,1.4959719219946734,1.1190004367531088,0.8847261300892117,0.2040633364478507,0.16179980164875396,,,0.41268473150466,inf,,,0.1634266910831159
312,,0.0,0.0,1.6121981970295838,1.553093595708749,0.9366242032707658,0.6074150265554608,0.7341325266123748,,,0.4732203808476458,inf,,,0.1872610784193689
313,,0.0,0.0,1.6119236322202877,1.4507182724480139,0.9339749975507993,0.4539130142475758,0.6212189047518992,,,0.5370774965580548,inf,,,0.18315252026016338
314,,0.0,0.0,1.5486362611995588,1.4355388640488238,0.9578671857835407,0.31784093660164753,0.4129462493896341,,,0.45235697871908603,inf,,,0.1905033866419098
315,,0.0,0.0,1.5925598326403139,1.5115324910871617,0.9531613459424931,0.32214626149545156,0.4492433977738787,,,0.5202020156036558,inf,,,0.19136061044236602
316,,0.0,0.0,1.6595777718290863,1.5415232450661442,0.9452472902244339,0.29902214424636414,0.454260989148965,,,0.44694259446804574,inf,,,0.192218156634595
317,,0.0,0.0,1.6220146888125027,1.3320777810604507,0.9336404548790384,0.1884044229568488,0.2528799834550908,,,0.44694259446804574,inf,,,0.1977130897437811
318,,0.0,0.0,1.6588085027803183,1.3457835766927133,0.9594963988633203,0.19033949748915446,0.267925997345701,,,0.5022576003740722,inf,,,0.17673180464789093
319,,0.0,0.0,1.7015241191246,1.5717444742638191,0.9113113581638006,0.2164243835757249,0.3168244898750422,,,0.42445136339222655,inf,,,0.18029977468137537
320,,0.0,0.0,1.7364643910764626,1.6385969981420594,0.9381490009317027,0.15903875283193178,0.2323959373923374,,,0.468121228110369,inf,,,0.18387125650043207
321,,0.0,0.0,1.3476356759189898,1.222697022780235,0.9259291291406438,0.12832787842550028,0.18951348415454755,,,0.44144624493110796,inf,,,0.18941039406620927
322,,0.0,0.0,1.6366361741496036,1.4832403148935358,0.9442103638587318,0.11925209447321956,0.18908845204443725,,,0.41268473150466,inf,,,0.1796128057017701
323,,0.0,0.0,1.6616929478902882,1.600916225019641,0.8892683954368423,0.2618491735308999,0.39608849634531745,,,0.4629450596409901,inf,,,0.18966948758373264
324,,0.0,0.0,1.704729321064688,1.6149457386055643,0.8879738286309308,0.15638679052310936,0.2560921840561977,,,0.468121228110369,inf,,,0.17621695901421683
325,,0.0,0.0,0.5111159728030057,0.40486228899606175,0.6317355563477457,0.11100379801766241,0.1286590268235988,,,0.45235697871908603,inf,,,0.17287465195698226
326,,0.0,0.0,0.8457585375500443,0.4310499399417065,0.8271954555322046,0.06018302371191534,0.08328484061969904,,,0.5490601803369085,inf,,,0.18475691695786794
327,,0.0,0.0,1.192925191637112,1.065738173850232,0.8558350065039962,0.04023262453116591,0.07528293205404943,,,0.48319206230712763,inf,,,0.20165289306378348
328,,0.0,0.0,1.5693220002757848,1.5076815344404924,0.8535145459934026,0.06715496476255721,0.11706144057300259,,,0.4880666971167561,inf,,,0.1876470597618053
329,,0.0,0.0,1.4980213473348791,1.3678791048733556,0.8284949619917773,0.027425988227544808,0.05010558244921338,,,0.541134803179459,inf,,,0.19768029607028167
330,,0.0,0.0,1.5943716827125756,1.2290890809662451,0.908519974847532,0.021550271622505193,0.0407762344698068,,,0.4732203808476458,inf,,,0.18186784729383002
331,,0.0,0.0,1.5794523323887613,1.2857886403776733,0.9229028517864031,0.022772987609708584,0.040800343924180006,,,0.4302020962658841,inf,,,0.1678698963071654
332,,0.0,0.0,1.5925778042081158,1.4825561270677001,0.9474747112545054,0.07316071238281849,0.13366653725672853,,,0.47824363442641393,inf,,,0.18513847385398005
333,,0.0,0.0,1.6606925182965548,1.6002580073079438,0.9169741166372285,0.10475172879967885,0.18325310901380026,,,0.552929491858785,inf,,,0.18555626421946092
334,,0.0,0.0,1.7551537511050366,1.547017472519251,0.9525147438857738,0.051431821283531444,0.09077007320470731,,,0.47824363442641393,inf,,,0.17798409921607194
335,,0.0,0.0,1.7474393753421509,1.7323072705244733,0.8976954977863508,0.09210291066302842,0.1535582927065775,,,0.3943459996787778,inf,,,0.18027873823703985
336,,0.0,0.0,1.7341110484414453,1.6526648327178113,0.81837654724784,0.08021158070940401,0.129716458860763,,,0.4629450596409901,inf,,,0.19282033314565522
337,,0.0,0.0,1.5875084187723147,1.5556240571681668,0.896838835298064,0.05859842183059042,0.09956828368147845,,,0.48319206230712763,inf,,,0.18210457998389482
338,,0.0,0.0,1.6931462928348615,1.6504174002772256,0.9030764999804527,0.06266742660061421,0.10145057288139982,,,0.4880666971167561,inf,,,0.17534634439534333
339,,0.0,0.0,1.7068296473449047,1.6456261344951992,0.8764422970083066,0.05988607302588755,0.09978298173909667,,,0.42445136339222655,inf,,,0.17422521333823301
340,,0.0,0.0,1.5824207144942286,1.5171684232903027,0.8684687187053209,0.05882324499297689,0.10441617811212117,,,0.41268473150466,inf,,,0.17328875617765055
341,,0.0,0.0,1.5888172842487116,1.5485393754447279,0.7653025992487666,0.06718201790402237,0.11561501470310515,,,0.41861278947482794,inf,,,0.1781323462768766
342,,0.0,0.0,1.6133559241933613,1.480449569295751,0.8839663639231514,0.079691457602003,0.13636489683951072,,,0.5022576003740722,inf,,,0.1763498995418288
343,,0.0,0.0,1.5884333040728527,1.5215107144746318,0.6072423468252651,0.08552324149100062,0.12598742376093985,,,0.4629450596409901,inf,,,0.19094083042682414
344,,0.0,0.0,1.5084128706416582,1.4617142169749677,0.8151104044344885,0.060421580805338035,0.12170993567790496,,,0.5022576003740722,inf,,,0.1689547951204172
345,,0.0,0.0,1.5682965957928618,1.474147254415672,0.773051958870397,0.0188301810543871,0.02991344867104965,,,0.4576907132971797,inf,,,0.17438175365057246
346,,0.0,0.0,1.6222144839146724,1.4705135662085485,0.836999925782979,0.009409871355732097,0.019867882882923252,,,0.4302020962658841,inf,,,0.16598022289293166
347,,0.0,0.0,1.5876079893997495,1.2300260274204013,0.903165296971813,0.00576010623108548,0.008677028969884808,,,0.48319206230712763,inf,,,0.17282048420280965
348,,0.0,0.0,1.4314784881447506,1.0625976065425993,0.7943619201854215,0.007139302848098875,0.012762634229156133,,,0.1687963801566332,inf,,,0.17166632481340635
349,,0.0,0.0,1.4253167619431815,1.2832364620495331,0.6196957065034614,0.023656857298020768,0.03479041898848594,,,0.48319206230712763,inf,,,0.17289307708758375
350,,0.0,0.0,1.6847273954052695,1.5812278501624955,0.9120735348326124,0.04522713035373921,0.06915059634492843,,,0.4576907132971797,inf,,,0.1618935061509806
351,,0.0,0.0,1.5435450236843427,1.3714748506022665,0.8305144398769833,0.02677919617640162,0.04205463278114058,,,0.4302020962658841,inf,,,0.17370784177479842
352,,0.0,0.0,1.725707303567732,1.2105565817569408,0.7832600072749403,0.029409980841719686,0.05391102575239801,,,0.41861278947482794,inf,,,0.17865627555595417
353,,0.0,0.0,1.586764920676545,1.2072461451524639,0.8243104970847062,0.10435564060469145,0.13803425851592782,,,0.4576907132971797,inf,,,0.1646148741983898
354,,0.0,0.0,1.6614073715849902,1.1004599398207817,0.839170613551253,0.1327898360486177,0.1759578947076716,,,0.4732203808476458,inf,,,0.17666949360716497
355,,0.0,0.0,1.6109570772629198,1.1992307174225318,0.8050831826159809,0.23485712341200402,0.3882387355056933,,,0.28007874463063287,inf,,,0.19023393500708216
356,,0.0,0.0,1.092408659797584,1.0252157402994266,0.8613127055862427,0.3951141893923489,0.7410882123500775,,,0.4880666971167561,inf,,,0.1675208461357813
357,,0.0,0.0,1.217077433992715,1.1294188790493531,0.8719822871557753,0.2571322179040898,0.49836162337573414,,,0.41861278947482794,inf,,,0.17211562400094924
358,,0.0,0.0,1.3907193486582299,0.9295800341420077,0.7319690367739095,0.04423485882489572,0.07623847109145662,,,0.3116047106179316,inf,,,0.16302300968914768
359,,0.0,0.0,1.5959444719197065,1.4106217873129492,0.5095755594754925,0.010113912661934366,0.015998994643564537,,,0.4629450596409901,inf,,,0.16374588808364032
360,,0.0,0.0,1.5959444719197065,1.4106217873129492,0.5095755594754925,0.010113912661934366,0.015998994643564537,,,0.4629450596409901,inf,,,0.16374588808364032
361,,0.0,0.0,0.8922564883248087,0.8501316014493577,0.5590108987578045,0.018470905519983736,0.025291969724611185,,,0.47824363442641393,inf,,,0.16417939694016284
362,,0.0,0.0,1.0372192911673754,0.6828743856247372,0.7333114154946697,0.028550338828199406,0.04350436132970109,,,0.22807408875533447,inf,,,0.16564225225282111
363,,0.0,0.0,1.1574265762158158,0.4758200945701502,0.7871042575623881,0.04839136441702457,0.07296519883412586,,,0.42445136339222655,inf,,,0.17756415344412652
364,,0.0,0.0,0.7661341090626367,0.3784005614820287,0.8864569944519476,0.07531596692619365,0.08647424450484557,,,0.27183033608702345,inf,,,0.15769989515612942
365,,0.0,0.0,0.800161719901063,0.45046256078272123,0.8727198714864827,0.10894153953448908,0.10946850896629547,,,0.4302020962658841,inf,,,0.16555463973655035
366,,0.0,0.0,1.6145754249416893,1.3167505852558476,0.8877637574180496,0.16396693751215358,0.18006282476310603,,,0.36181263880445963,inf,,,0.18524074674886953
367,,0.0,0.0,1.6502290639849653,1.4418245812483015,0.8712405777641351,0.7625366863249478,0.42716284407914673,,,0.4302020962658841,inf,,,0.1970949396226357
368,3.139005291549598,0.8263875242579757,0.19190151756648843,1.6791533089867812,1.5748943099968802,0.933832029265176,1.9041811491351044,1.0189718102450747,0.8615537593582913,0.20042369084395775,0.5202020156036558,3.1362722963329905,0.8323210605835496,0.19688923313889997,0.18790613942516465
369,3.5088798464441115,-3.5088798464441115,0.0,1.7004348463546508,1.6056052490670472,0.9324237548911511,3.0818073736792435,2.893291002113995,,,0.4928685327679205,3.5050775121495477,inf,,0.18666152813210213
370,5.7037824746562,-5.7037824746562,0.0,1.7356014246104716,1.6881700653043474,0.876325987662401,2.6749347198131765,2.993400593293224,,,0.43586655696697996,5.703782474656201,inf,,0.1891159914937559
371,5.57901598215541,-5.57901598215541,0.0,1.680211585595498,1.637440658710277,0.9324189513643639,2.81157401735398,3.503524251506447,,,0.5022576003740722,5.538268036178628,inf,,0.18285630913058254
372,,0.0,0.0,1.6433388324769858,1.612828600860588,0.9391876644670529,1.8230406499574339,0.8518230902369874,,,0.49759852643134905,inf,,,0.1930989318465526
373,,0.0,0.0,1.4590492451848611,1.4107253573187697,0.8923904864512758,1.0744526735211977,0.3498118325303272,,,0.3943459996787778,inf,,,0.19061926908145682
374,,0.0,0.0,1.4787615853828975,1.444913070327522,0.9269975282742485,2.015013737128994,0.9566392267444375,,,0.44144624493110796,inf,,,0.1718118867937151
375,,0.0,0.0,1.5789135594483532,1.361030949943672,0.8106657116751493,0.6227374509480819,0.16738987739707112,,,0.45235697871908603,inf,,,0.17606863481388182
376,,0.0,0.0,1.7810061877938947,1.6819716683615362,0.9625482221361257,1.5432778935138525,0.44566510580941787,,,0.42445136339222655,inf,,,0.19169397200367994
377,,0.0,0.0,1.7245049938285961,1.6292147549434264,0.9540076448031498,1.9993827324226305,1.0230921475197017,,,0.43586655696697996,inf,,,0.1904410401442321
378,5.7037824746562,-5.7037824746562,0.0,1.5883152402082201,1.4589599944316445,0.9458981926867348,1.5838831642903257,0.6363746611118963,,,0.4576907132971797,5.703782474656201,inf,,0.19409284254705375
379,2.672579466771528,1.1010294597498271,1.9234845599840495,1.5468565896128785,1.480061272154464,0.974713263018951,2.159001647812475,1.6584075365115871,1.1091231694195258,1.9159305535067017,0.5068466436745385,2.672039763579177,1.1070075591581694,1.9314241400696512,0.18830489525661054
380,,0.0,0.0,1.4909447783612297,1.4424278146073428,0.9415649451417227,2.3610923700318134,1.8680742377708808,,,0.41861278947482794,inf,,,0.19325942824115996
381,,0.0,0.0,1.6423305130126546,1.582251924679315,0.9363007876629488,1.586146159590304,0.5431237219488776,,,0.3751344627501719,inf,,,0.19062361037870776
382,,0.0,0.0,1.5003219712292188,1.444149476068912,0.9505197454285416,2.0958308677578064,1.2247760649879829,,,0.41861278947482794,inf,,,0.18868216550351447
383,,0.0,0.0,1.6025503839638537,1.4884603810081378,0.8358692323581521,2.014001453999585,2.6905898405123674,,,0.41268473150466,inf,,,0.2014519601797096
384,5.010635294096255,-5.010635294096255,0.0,1.4965884916918206,1.4212761912185428,0.35521935812655386,0.2272517391322964,0.10476826759068134,,,0.36181263880445963,5.0106352940962555,inf,,0.16277029197068607
385,4.060039638748205,-4.060039638748205,0.0,1.6572215566863706,1.5512644851736515,0.9528708321375452,1.2832973338800093,0.30792186763274665,,,0.3943459996787778,4.053842618912771,inf,,0.19386164408150544
386,5.7037824746562,-5.7037824746562,0.0,1.4425090408441485,1.3031761180641677,0.9177911503018226,1.5928924224867052,0.5569481241162182,,,0.47824363442641393,5.703782474656201,inf,,0.20433607290387243
387,,0.0,0.0,1.5227989468914274,1.3505085934898293,0.9388984712673741,1.5984358360002255,0.5271123703329446,,,0.4302020962658841,inf,,,0.1960376994954874
388,,0.0,0.0,1.394549470069217,1.3298426150420033,0.937151663186343,1.899501442708775,0.7635191828940768,,,0.36181263880445963,inf,,,0.18794699815588947
389,,0.0,0.0,1.7097255182785258,1.6097449425879053,0.9595460202927594,1.960250548569952,1.3564926010672,,,0.42445136339222655,inf,,,0.19060899910907877
390,,0.0,0.0,1.6758512728328787,1.4611316634815728,0.8905735538787998,1.549380217450821,1.1722052975615829,,,0.44694259446804574,inf,,,0.19548617827051834
391,,0.0,0.0,1.553696129155616,1.417764459611083,0.8779821708404836,1.1817516790137614,0.3443559788636845,,,0.48319206230712763,inf,,,0.18020243883001275
392,,0.0,0.0,1.7429771085854706,1.550898913855081,0.9418529218821279,1.6375113476418466,0.6106081269171524,,,0.5451288209179292,inf,,,0.19433257905765003
393,,0.0,0.0,1.6515489966122123,1.2531217907564314,0.6829730773992557,0.5669181135590731,0.1253552313791445,,,0.48319206230712763,inf,,,0.16966758614932503
394,,0.0,0.0,1.548700341312432,1.4142463912875223,0.941623524780245,1.3270659036108337,0.4432894183189615,,,0.43586655696697996,inf,,,0.18082390525066744
395,,0.0,0.0,1.4075903551132798,1.198559283961173,0.7963178233506881,0.7881033180973855,0.26985729268567127,,,0.5158180382284114,inf,,,0.18735815907162104
396,,0.0,0.0,1.6130325140242623,1.5360810143316614,0.9657539424583595,2.0198935101180817,1.2426929190351426,,,0.41861278947482794,inf,,,0.19338347619379978
397,,0.0,0.0,1.6420827447980846,1.486182791284662,0.8727980405560855,1.186182668862882,0.2887853717806983,,,0.541134803179459,inf,,,0.18490830746422782
398,,0.0,0.0,1.5689989196436258,1.4750567578788623,0.9697538002587869,2.123139324144927,1.476190814955923,,,0.44144624493110796,inf,,,0.19267791750856914
399,,0.0,0.0,1.5734615577421616,1.4057746787365069,0.9243259314326863,1.2888869369943066,0.5754556560748059,,,0.5113665138247345,inf,,,0.1852489227721368
400,,0.0,0.0,1.4997157755627677,1.4279460142279827,0.9566190675072717,1.7487588822153384,0.7614807806675843,,,0.44144624493110796,inf,,,0.1914863882730957
401,,0.0,0.0,1.7263128784029316,1.5876107884294475,0.9424554531235406,1.557500922446742,0.5578371631828496,,,0.41861278947482794,inf,,,0.18070339375012995
402,,0.0,0.0,1.6678261414205393,1.5843893573609396,0.9369199992728773,1.628769315053867,1.0954649080892327,,,0.4302020962658841,inf,,,0.20433087588514492
403,,0.0,0.0,1.453909384378604,1.4164388113704827,0.9491022433249754,1.5956867913562829,0.9752511649195978,,,0.5158180382284114,inf,,,0.1869485737992915
404,,0.0,0.0,1.588910657270655,1.5199031441645274,0.9415690424848921,1.8018067854640596,1.2618378530621492,,,0.47824363442641393,inf,,,0.1851253104135622
405,,0.0,0.0,1.600247709388631,1.5587532127066865,0.8898582472117367,1.252408639637554,0.4270837198215738,,,0.43586655696697996,inf,,,0.18737935858978555
406,,0.0,0.0,1.4500661630627576,1.3912683297960482,0.9318165460814999,1.8860413498936774,0.8672388987330633,,,0.4928685327679205,inf,,,0.19808546643461747
407,,0.0,0.0,1.640779963252002,1.6085144007036898,0.9339889176165413,1.6761734363823961,0.7834885372575617,,,0.44694259446804574,inf,,,0.19073989662599186
408,,0.0,0.0,1.37468245656608,1.3426635209044149,0.8716295644380677,1.1710076447492703,0.472887582335215,,,0.38804190201132227,inf,,,0.19886893180327825
409,,0.0,0.0,1.4836066502562764,1.383715698371247,0.7539762431361133,0.7479488384198559,0.16773954974574135,,,0.38804190201132227,inf,,,0.1801474056087186
410,,0.0,0.0,1.7698045497272026,1.554329734236603,0.895688861685722,1.5203174193553757,0.5890394600516675,,,0.41268473150466,inf,,,0.19938550089931845
411,,0.0,0.0,1.6372285622911016,1.2457952293204324,0.668299709122881,0.5755613645281336,0.11490892319447177,,,0.3943459996787778,inf,,,0.1743567709508514
412,,0.0,0.0,1.70781334470872,1.2016444862327762,0.8527160188616569,1.1202705203132048,0.3014379296623708,,,0.4732203808476458,inf,,,0.1960236049672868
413,,0.0,0.0,1.5820210776316093,1.3126778244698136,0.9317088183836142,2.2197613355791046,2.7599811691785336,,,0.45235697871908603,inf,,,0.17898892731070945
414,,0.0,0.0,1.4226971614646717,1.1367575716256408,0.835489650224775,0.9410371039007239,0.3080872254637361,,,0.38163879478178075,inf,,,0.17732801607706797
415,,0.0,0.0,1.7505010663391083,1.4419274523045467,0.8112796466807145,0.7803233136687172,0.2877030704877702,,,0.4302020962658841,inf,,,0.21044019453229942
416,,0.0,0.0,1.6672754383857311,0.9905018165582159,0.7459595336607913,0.05311263562062137,0.09575112799691135,,,0.5113665138247345,inf,,,0.1876920836375411
417,,0.0,0.0,1.6672754383857311,1.002300947220521,0.7068753000196123,0.06529177027242854,0.09180665189256466,,,0.4928685327679205,inf,,,0.18772380296134053
418,,0.0,0.0,1.7022953831909413,1.5876386973650378,0.9089207130360382,0.23645435135995704,0.3525631599815683,,,0.38804190201132227,inf,,,0.1731306985943311
419,,0.0,0.0,1.6116134303987786,1.0563876221603532,0.9430751163623763,0.0980332503967681,0.13756270669486487,,,0.5158180382284114,inf,,,0.18234763036138643
420,,0.0,0.0,1.5291406097909914,1.4021771944635004,0.7532354142972728,0.07046314851084119,0.09299144984235706,,,0.34100769111774265,inf,,,0.17167500768971203
421,,0.0,0.0,1.7438793696526287,1.7386938675901082,0.6024666914698534,0.042173716910846724,0.0476958251756053,,,0.4302020962658841,inf,,,0.16904399304033224
422,,0.0,0.0,1.7665533442536894,1.360873270085067,0.9531448898627166,0.14497764217227407,0.21497810834155895,,,0.3338418249889409,inf,,,0.18377529148497954
423,,0.0,0.0,1.7597077751076358,1.2751005085818594,0.8752057434895454,0.07848877314441022,0.11239108358450911,,,0.5287703885177266,inf,,,0.16669666265322006
424,,0.0,0.0,1.5776851571308113,1.19207411309808,0.9517896726906356,0.12690526825339357,0.17562211465497787,,,0.2548524784312949,inf,,,0.19446602083462827
425,,0.0,0.0,1.6637630382678594,1.5956270980317853,0.9310381318171448,0.19307804250359373,0.32332439734670426,,,0.41268473150466,inf,,,0.18511642050503035
426,,0.0,0.0,1.7774168513896527,1.6774938034430065,0.951631604018554,0.1738932088003093,0.28400413662367074,,,0.4576907132971797,inf,,,0.18610546249046114
427,,0.0,0.0,1.7277914063122877,1.407551446101773,0.9467583978382178,0.1208111762072689,0.19306452217832346,,,0.43586655696697996,inf,,,0.17655321998055762
428,,0.0,0.0,1.2936313137611095,0.7059801606241679,0.8325618978451047,0.024390046144728377,0.04106320256388084,,,0.31914402280573173,inf,,,0.1639687083985235
429,,0.0,0.0,1.512363988457901,1.1735781110384924,0.905430856287049,0.05203322982256677,0.07677564479342543,,,0.4576907132971797,inf,,,0.17213806437284948
430,,0.0,0.0,1.731663370236724,1.5698047139856182,0.9211406909260332,0.0785118405012523,0.1351629995492552,,,0.44694259446804574,inf,,,0.1898508180293712
431,,0.0,0.0,1.67437983241643,1.3982671880961755,0.9611041130396685,0.08596077482474355,0.1421592350361905,,,0.4576907132971797,inf,,,0.17231873220509544
432,,0.0,0.0,1.6074697537192542,1.3249238516553805,0.7157660646742415,0.09514597385285947,0.148037131931272,,,0.43586655696697996,inf,,,0.18878675616761775
433,,0.0,0.0,1.5911938218695891,1.3874824745885816,0.6236069329561212,0.06778127226444085,0.09357355361033762,,,0.43586655696697996,inf,,,0.16928831173223693
434,,0.0,0.0,1.6660275584239164,1.362555188822545,0.8323011284148697,0.18275038233156438,0.22098223418321142,,,0.40055318934786044,inf,,,0.18813181079504668
435,,0.0,0.0,1.4943596092793248,1.4055850561300474,0.9441095688627764,0.33358952733628494,0.4891819440150876,,,0.47824363442641393,inf,,,0.18816157240956474
436,,0.0,0.0,1.7293817599677959,1.5846536420617132,0.9734785999877478,0.2489620486036697,0.34373910842449895,,,0.47824363442641393,inf,,,0.19638511992324698
437,,0.0,0.0,1.6624532138794055,1.350663685561004,0.9583482365276188,0.17516090131178122,0.263894903609797,,,0.5113665138247345,inf,,,0.18287138290838936
438,,0.0,0.0,1.6201433622379673,1.535449542276809,0.9627847843230465,0.1675249641950869,0.24580900185220347,,,0.40055318934786044,inf,,,0.18790275304094742
439,,0.0,0.0,1.570956341761928,1.3579065137663842,0.904467007797782,0.09365459607891095,0.1281441701286887,,,0.5068466436745385,inf,,,0.18728825666136595
440,,0.0,0.0,1.2629935399136822,1.2551677580923788,0.9271543051901026,0.17412416012194934,0.2745098331529238,,,0.3685265678147087,inf,,,0.19236087239187316
441,,0.0,0.0,1.658312883944509,1.5978082802973526,0.9455371552718276,0.1790372436073434,0.27490016099757003,,,0.48319206230712763,inf,,,0.19458830082409193
442,,0.0,0.0,1.6182641659044181,1.4971655521972367,0.9135980102125373,0.135816270902253,0.2176054883445719,,,0.468121228110369,inf,,,0.18629792984408583
443,,0.0,0.0,1.3264048465566252,1.2778260806543364,0.8516372215376689,0.13725825477312253,0.22747539966223404,,,0.5202020156036558,inf,,,0.18749345614373267
444,,0.0,0.0,1.5204382364768487,1.427732529415568,0.8948382643586114,0.07417623626653638,0.11741916767218166,,,0.4880666971167561,inf,,,0.18736462541316443
445,,0.0,0.0,1.4570248419075327,1.01244044978216,0.9160312479211034,0.030651356412210475,0.04991916784261985,,,0.47824363442641393,inf,,,0.1735455662426299
446,,0.0,0.0,1.7776345667945912,1.1109793397210357,0.9626707223170111,0.0001974933036667865,0.0003625204131985618,,,0.5748741956352443,inf,,,0.16315166328459993
447,,0.0,0.0,1.5810278513733729,1.372399889413047,0.6426859480590402,0.0009432855325704963,0.001953315057179817,,,0.4576907132971797,inf,,,0.16303623506005746
448,,0.0,0.0,1.6939539995368222,1.3371423692234987,0.9271857008603559,0.00021214538222210616,0.00038331800522693694,,,0.5567373465730988,inf,,,0.1634290359816982
449,,0.0,0.0,1.514443657285175,1.3826544285540532,0.8149124405643273,0.00020776099130641825,0.00040729454362115254,,,0.4732203808476458,inf,,,0.16340159879059
450,,0.0,0.0,1.7217923825510297,1.6859798510305897,0.5640713248914069,0.011159581549664054,0.011918969970421073,,,0.43586655696697996,inf,,,0.1679498479882281
451,,0.0,0.0,1.6787832786575092,1.5269779464305357,0.6306001893104448,0.002686538864991707,0.004111444512098316,,,0.4732203808476458,inf,,,0.16727259835781697
452,,0.0,0.0,1.7399740724919435,1.4942396435032077,0.7246170091973395,0.0027250198895275965,0.005196654531793772,,,0.4928685327679205,inf,,,0.16514424072377099
453,,0.0,0.0,1.7352450382588192,1.669822423043002,0.5736702997535139,0.004733809996825399,0.008252366245616595,,,0.48319206230712763,inf,,,0.1656170315257081
454,,0.0,0.0,1.677238279369751,1.1451150943351547,0.698303576878197,0.004625339048234932,0.009176143666637967,,,0.49759852643134905,inf,,,0.16293995388958984
455,,0.0,0.0,1.5310824168661865,1.4286944172051799,0.6684172724862131,0.011141299380932813,0.01739490701236935,,,0.541134803179459,inf,,,0.16543448335109895
456,,0.0,0.0,1.7344051328353047,1.3362765455856385,0.8327878253615127,0.00037862623662971774,0.0007270787598609496,,,0.4928685327679205,inf,,,0.16346263798671293
457,,0.0,0.0,1.767063086714592,0.7360046689452443,0.9683044465537355,0.00018525705713868452,0.0003474410140859762,,,0.48319206230712763,inf,,,0.16342559482802352
458,,0.0,0.0,1.7774596070369484,1.2734390093973313,0.8857940582570156,0.00040081211804696734,0.0007813160508018483,,,0.49759852643134905,inf,,,0.1638706296308612
459,,0.0,0.0,1.5947075687354977,1.5455860282508243,0.5584276895064068,0.0058258713761124075,0.010147542226471993,,,0.38804190201132227,inf,,,0.1642550834844915
460,,0.0,0.0,1.6596633657186197,1.3570118242553377,0.7953111739899206,0.003992867334178928,0.00819023066015503,,,0.4880666971167561,inf,,,0.1672667044441187
461,,0.0,0.0,1.4311384719533249,1.260526442098843,0.7545197645147468,0.0034211955328056327,0.006303235745737809,,,0.49759852643134905,inf,,,0.16377528600637462
462,,0.0,0.0,1.5890774318468521,1.5400258419214212,0.8427205697807796,0.0002591849505500191,0.0005333853751188841,,,0.4302020962658841,inf,,,0.16291447061077144
463,,0.0,0.0,1.652577463934995,1.2442425024844386,0.8722060836787879,0.0006567094758556333,0.0014440708114557689,,,0.4576907132971797,inf,,,0.16589386486528743
464,,0.0,0.0,1.6699867721223127,1.5850545656161057,0.7452650257708706,0.0009400509008514677,0.0022001793610369027,,,0.4880666971167561,inf,,,0.16339940549919485
465,,0.0,0.0,1.622244574224546,1.590424054540794,0.7850899611007152,0.00046181129117591494,0.0008659074963587371,,,0.468121228110369,inf,,,0.16301541969047773
466,,0.0,0.0,1.74628990735983,1.6297884806160283,0.8695975024151649,0.0010163862645801195,0.002044852172898594,,,0.4928685327679205,inf,,,0.16311607585678253
467,,0.0,0.0,1.5704758140097503,0.9516664054910291,0.8979182253819368,0.00019148132190301026,0.00034609115931377244,,,0.581717464821069,inf,,,0.16328988379517698
468,,0.0,0.0,1.5657110492502386,1.5087454196184489,0.3827030908364713,0.007634411236621922,0.011209693275491008,,,0.43586655696697996,inf,,,0.16933853451520087
469,,0.0,0.0,1.693462313024561,1.6010119239987457,0.6923886544804562,0.01031070660839304,0.016795787951965083,,,0.541134803179459,inf,,,0.16632395220681606
470,,0.0,0.0,1.5689972451682248,1.3823702085926768,0.7720324021995797,0.002823490018621451,0.006369144281628488,,,0.48319206230712763,inf,,,0.1634633171313526
471,,0.0,0.0,1.3503946811739682,1.193634804009311,0.6242393052544838,0.0013034084710129552,0.003251914030211216,,,0.44694259446804574,inf,,,0.1672880832790281
472,,0.0,0.0,1.612411811367581,1.5245915754401336,0.836639746687458,0.002100152604741516,0.004656957885504834,,,0.5113665138247345,inf,,,0.16240870319853865
473,,0.0,0.0,1.6887700283444933,1.5588333807726578,0.8177048466361075,0.001184801558151085,0.00234213289098499,,,0.36181263880445963,inf,,,0.16534399169039748
474,,0.0,0.0,1.5967389638394303,1.5532963950922885,0.42179213576595526,0.026188551278096873,0.023137326981362425,,,0.4576907132971797,inf,,,0.20119570993861305
475,,0.0,0.0,1.649130147872926,1.2281187246568388,0.7626970230138737,0.004098394631207302,0.008835913283984698,,,0.49759852643134905,inf,,,0.1625637716380547
476,,0.0,0.0,1.6362845712512555,0.8244661340996291,0.8922230720792831,0.06750111839851153,0.13411226441430307,,,0.5202020156036558,inf,,,0.169319064283223
477,,0.0,0.0,1.6405213490608626,1.0365477428602001,0.8850154643855935,0.09819685287846973,0.17126256285240907,,,0.47824363442641393,inf,,,0.17022217997872538
478,,0.0,0.0,1.6806646608290563,1.1993447891698736,0.7890455920131312,0.0292507352343055,0.06018835555938889,,,0.45235697871908603,inf,,,0.17713961812275902
479,,0.0,0.0,1.6846963535058244,1.2785426109109992,0.8997469898177802,0.00286749947172186,0.007489454579062557,,,0.468121228110369,inf,,,0.16374489533850345
480,,0.0,0.0,1.7301660749712513,0.8405682675130128,0.9112641225209701,0.007066733030813535,0.01887631409309745,,,0.4576907132971797,inf,,,0.1588611134894488
481,,0.0,0.0,1.784898195228653,0.8734487877909112,0.8782966455421393,0.018296766745684197,0.04557356687924797,,,0.44144624493110796,inf,,,0.1744999024581115
482,,0.0,0.0,1.5192431101081532,1.4566323933248022,0.8855150668556738,0.00612810105758219,0.015888776199444565,,,0.47824363442641393,inf,,,0.1633304425706726
483,,0.0,0.0,1.5537914344189083,1.034000033982991,0.9187438779650592,0.005372445396066391,0.012179142521617475,,,0.42445136339222655,inf,,,0.16488292335910834
