,hr+bvp_XAp0,hr+bvp_XAp1,hr+bvp_XAp2,hr+bvp_XCond1,hr+bvp_XCond2,hr+bvp_XDist,hr+bvp_XFuzz1,hr+bvp_XFuzz2,hr+bvp_XK2_1,hr+bvp_XK2_2,hr+bvp_XPermEn,hr+bvp_XSamp0,hr+bvp_XSamp1,hr+bvp_XSamp2,hr+bvp_XSpec
0,,0.0,0.0,0.8482289447736988,0.8123239561645221,0.47791099270346704,2.8384209672898044,4.075149169708567,,,0.675384900321601,inf,,,0.7722021082824422
1,2.0402208285265546,-0.006800736095088515,0.0,0.6914843872220138,0.660865426355171,0.660636886643111,3.074532453327985,3.314360209390741,,,0.6652988471865258,7.7440033031827555,inf,,0.5472764308358488
2,1.0395590175354892,-0.020791180350709784,0.0,1.1904581149898472,1.1503822840630438,0.8189915772529633,4.848805224114785,18.787398890700263,,,0.6528756675646988,4.913811109460716,inf,,0.8024816179771421
3,1.524918266273596,-0.010166121775157307,0.0,0.8321203971699761,0.7087791254269262,0.7022978051585379,2.681039176087,1.9746811622393623,,,0.6566669596287297,6.49491006357635,inf,,0.7980135625198369
4,1.5267101286085574,-0.045801303858256724,0.0,0.9325765583073623,0.8993606255212716,0.7042870574436846,2.9323049827787915,2.831263227914061,,,0.648888643467878,4.4692804652954425,inf,,0.6352322139187586
5,1.3322416562695958,-0.05218349013029987,-0.01442859268317992,1.033579631531804,0.9903879895828206,0.6760689669066987,3.190084468455639,1.5262504184190782,,,0.6584896970785714,4.123430143117197,5.897840445075314,inf,0.6365608739177161
6,1.6181240372963357,-0.01078749358197557,0.0,0.8920777267074979,0.8226749725131515,0.6642830024290648,2.9976550993846685,1.665032938626772,,,0.675384900321601,6.628441456200873,inf,,0.8200295772538526
7,2.1629281816034136,-0.014419521210689424,0.0,0.5392341759944189,0.49964127105956097,0.5662120923665975,2.6597319261513217,1.8236627566639192,,,0.6547956803312163,7.173458444715143,inf,,0.7486034251562595
8,,0.0,0.0,0.5324433429461604,0.5069474196090574,0.4377815200864765,2.1202255247367754,1.8110209580411456,,,0.6403206450210053,inf,,,0.704568722225357
9,1.880580104815889,-0.025074401397545187,0.0,1.126126738883968,1.0936751662316264,0.7397070507060738,3.72299035459895,5.125008253529815,,,0.6447042257417027,6.15006957728462,inf,,0.7530701736785462
10,1.8899501509473837,-0.10709717522035175,0.0,1.2269883911039579,1.121132677768446,0.7871591415432775,4.421332781916128,15.9323275839288,,,0.6468212168108125,4.5210333067818915,inf,,0.7315572683429065
11,1.3550205130133717,-0.02710041026026743,0.0,1.162192761587073,1.087830268598917,0.7786631524642815,3.410063309698858,4.8323603951571705,,,0.6284777104787076,5.002336491281561,inf,,0.4639018089382543
12,1.6099774763713344,-0.05903250746694893,0.0,1.3100435483766526,1.2873159269327012,0.7689428241895132,4.622804332543119,10.693322334938852,,,0.6233814453054027,4.683732508491193,inf,,0.6509100630524597
13,,0.0,0.0,0.61275045656526,0.5727475623406304,0.5797095862064988,2.7295698200617973,3.3559172316336667,,,0.5978297680564633,inf,,,0.6620784711666905
14,2.4849066497880004,-0.008283022165960002,0.0,1.0840511258362038,1.0629026629994756,0.6317538957225557,3.194042143478036,3.028211158551236,,,0.6619902821573977,8.1886891244442,inf,,0.690594668782726
15,1.97857151066783,-0.0197857151066783,0.0,1.088608470223655,1.0413144167401787,0.7411442181147576,3.936969623154725,3.0375187912389756,,,0.6602640781246099,6.524763026726031,inf,,0.7995769244356355
16,1.0034583316198225,-0.02006916663239645,0.0,1.1754663497507456,1.1360589995391144,0.7557918528853257,3.969838960431314,4.087324516326907,,,0.6357360191111145,4.866534950122499,inf,,0.7551810803307506
17,1.5777387738417021,-0.06836868019980709,0.0,1.0328563215686166,1.020582398702535,0.6729096043798648,3.9787976245491743,4.811717727804684,,,0.648888643467878,4.522055279277585,inf,,0.8066749905108637
18,0.8304179007320296,-0.04552291217303895,-0.0015341022017760669,1.3402470959267265,1.3291379933547873,0.8068783282199904,4.122119766338938,18.9431717283316,2.719355682264511,,0.6566669596287297,3.551632749593788,2.6141851846589717,inf,0.7950088579897947
19,2.2931409834644465,-0.07643803278214822,0.0,1.1840441630861807,1.1612698638768038,0.7299750820046943,4.716662710808303,9.152504086255568,,,0.6566669596287297,4.697041839859974,inf,,0.830889176185389
20,3.1240769813391163,-0.08330871950237644,0.0,1.2388668291219045,1.2398545543684467,0.7504507331294262,4.561072164358236,9.58399597331584,,,0.6468212168108125,6.271766512262141,inf,,0.7736778466922667
21,1.87654012237041,-0.037530802447408196,0.0,1.28932999839338,1.2869359676825332,0.8227366675473479,4.71853120840271,43.775606781283045,,,0.6380535849069913,5.744604469176456,inf,,0.7290914344827681
22,1.7990727622658498,-0.02398763683021133,0.0,1.3581810738442752,1.3342262735108013,0.8229139114088649,4.557000025515363,32.54519058711458,,,0.6668815377411301,5.995918897457362,inf,,0.5581066389072156
23,1.756611510626013,-0.03513223021252026,0.0,1.2781731136566876,1.2479750510436796,0.7645829395318796,3.800050867163167,4.293467291761106,,,0.6380535849069913,5.633013403767994,inf,,0.6424407881022147
24,2.2411071833958895,-0.07470357277986299,0.0,1.4452190134476246,1.4047661782095715,0.8242838026634907,4.424779347916653,12.896355754796502,,,0.6528756675646988,5.194958853560883,inf,,0.742783742506031
25,1.8348821832989803,-0.05504646549896941,0.0,1.1036739987887616,1.0742158319310802,0.7289071075800393,4.405060529601191,3.732119166643563,,,0.6602640781246099,4.990832666800076,inf,,0.7482917836399217
26,1.0494804316183106,-0.026056633251275184,-0.005427779697274137,1.1298872604999963,1.1103683223238863,0.7102026743084747,4.139949286902393,27.29076958159533,3.010256678673565,,0.6652988471865258,4.365278777372659,2.964748728034024,inf,0.8371757784733723
27,,0.0,0.0,0.9732120691149536,0.9178645115177223,0.6192169681893153,3.7262931921118887,9.054889833355045,,,0.6602640781246099,inf,,,0.629502636426335
28,,0.0,0.0,1.1138161158058457,1.0971618325988386,0.7620922386924388,3.7478190124600563,3.4236395863701707,,,0.6380535849069913,inf,,,0.7307551046671362
29,,0.0,0.0,0.9212809236900987,0.9090257816606198,0.657516539204094,4.010312181528884,12.428747023754646,,,0.6584896970785714,inf,,,0.6633987334085695
30,0.0,0.0,0.0,1.0629856894649508,1.03195811285299,0.7238411484345354,5.0778887302520594,9.654832779669832,,,0.648888643467878,5.703782474656201,inf,,0.6692396249283074
31,2.087410317577133,-0.05186800543499731,-0.010754304092316676,1.171646220388654,1.1569172076647407,0.7481952601834637,3.765041550727508,4.379005674988383,4.090044882096039,,0.6528756675646988,5.364932115630021,3.5577261838943812,inf,0.7506952924656759
32,1.2805059650167676,-0.04876095262248775,-0.006727639194905519,1.1797353472748031,1.145327417626134,0.7827676528434468,3.8423392644083108,21.464429901875338,,,0.6668815377411301,4.294422840605314,3.4242626545931514,inf,0.4735916755866368
33,0.8897893648366221,-0.00889789364836622,0.0,1.064514835517,1.0604246340635193,0.7425332426224384,4.333998369195433,26.347508983528915,,,0.6602640781246099,5.311740386880177,inf,,0.842518995042976
34,0.5621189181535413,-0.001873729727178471,0.0,1.1424881594972005,1.1370753877110626,0.7840781491816335,3.8871291574860622,4.201858285895623,,,0.6668815377411301,6.2659013928097425,inf,,0.6819405516764244
35,0.21898554116554605,-0.0007299518038851535,0.0,0.7518716546034093,0.6986777818078839,0.5770756195765273,4.080046822436212,16.581528851721576,,,0.676637947632344,5.922768015821747,inf,,0.5312837111170529
36,,0.0,0.0,1.065765508377723,1.0295533924991545,0.6651915934053056,3.6078933774493027,5.252722755633818,,,0.663668482632973,inf,,,0.6988284697405834
37,1.8206827447127047,-0.04248259737662977,0.0,0.9806186619206165,0.9397352323639417,0.7585359633984561,3.9865025381241885,8.367576421635897,,,0.6566669596287297,5.480638923341991,inf,,0.6037577273033241
38,,0.0,0.0,1.3663887502925682,1.3466885358472809,0.80885310121383,3.6581600522905897,3.422145027697781,,,0.6403206450210053,inf,,,0.933365454640897
39,1.9205019179616407,-0.01920501917961641,0.0,0.9137670260958985,0.883971842515424,0.5639454817990928,3.8135351360877077,3.242855103615855,,,0.663668482632973,6.094358970270615,inf,,0.5867221612082526
40,1.030852789879482,-0.0343617596626494,0.0,0.9931045625212185,0.9588550787898524,0.7338778695426585,4.436109981429545,4.733616592055416,,,0.648888643467878,4.295237504601491,inf,,0.6113808848314342
41,2.170385567665403,-0.0940500412655008,0.0,1.1393857338982067,1.0732959227983665,0.7780211602417604,4.082947106658504,5.397179427997643,,,0.675384900321601,4.42470219784346,inf,,0.4578753450143275
42,0.8595953881976097,-0.002865317960658699,0.0,0.9465598559696559,0.8667270581948179,0.6938176460638519,4.06860891647796,14.144060097320578,,,0.648888643467878,6.563377862853811,inf,,0.7378865236070781
43,2.2380465718564744,-0.007460155239521581,0.0,1.059952444582579,0.9746999711879172,0.7354294209391606,4.774945231267893,14.78673865550396,,,0.663668482632973,7.941829046512676,inf,,0.7087374425913497
44,2.0446313319534086,-0.06815437773178028,0.0,1.0189988602395907,0.9622954284662605,0.7273030078930415,3.052641327536199,1.9499007440291019,,,0.6584896970785714,5.20502943212448,inf,,0.6860374787554082
45,1.7334905611040792,-0.00577830187034693,0.0,1.1569069749456597,1.1416849927411574,0.7692428871333821,3.1591118524192052,2.022611415395851,,,0.6509067234006624,7.43727303576028,inf,,0.5455077043395316
46,2.21235109892173,-0.014749007326144866,0.0,1.1312215866611495,1.0004238281949895,0.7780449921921557,2.7017147925132514,1.6160910944450673,,,0.6468212168108125,7.144885072271086,inf,,0.8470039034477641
47,2.5682882587270512,-0.008560960862423504,0.0,0.7193536237064216,0.6231380573401362,0.6711083753004102,2.4581339951809844,2.7453428637847725,,,0.6125606311107803,8.272070733383252,inf,,0.7159730528294769
48,1.6094379124341003,-0.005364793041447001,0.0,0.9715469656984569,0.9194360445905512,0.6574887136933911,3.6214919535999863,31.24928970462134,,,0.6619902821573977,7.313220387090301,inf,,0.7700077081802089
49,,0.0,0.0,1.1025382673226114,1.0669785555606428,0.7927157598293265,4.5936179266967505,44.69828296911648,,,0.6652988471865258,inf,,,0.9440776718321497
50,,0.0,0.0,1.1452270733488246,1.1037353116564403,0.6456311163551608,5.301514784765391,18.030718879872065,,,0.648888643467878,inf,,,0.8136927360029829
51,0.2744368457017603,-0.0009147894856725344,0.0,1.1545402055877045,1.096040465322286,0.8264350889708493,3.5949842436153645,34.30134490225955,,,0.663668482632973,5.978219320357962,inf,,0.8415829031606863
52,,0.0,0.0,0.9000294659777863,0.8682965914511709,0.6530484605480442,4.20012842107687,8.438788816943362,,,0.6858323589451731,inf,,,0.6955040030195819
53,,0.0,0.0,1.009681013771254,0.9702443080454642,0.5704542805550634,3.9620609557772024,5.341324428355323,,,0.676637947632344,inf,,,0.7023112007865084
54,,0.0,0.0,0.9995329473936609,0.9580716444079889,0.6748427149761481,3.7532886640281147,2.457796948902471,,,0.663668482632973,inf,,,0.8980514393006994
55,,0.0,0.0,1.3703419035218305,1.289668001100782,0.7199469134642245,4.942622075446241,15.2245988309645,,,0.6873705427232264,inf,,,0.9149098275473064
56,1.3132351070548935,-0.00875490071369929,0.0,1.0763706008408682,1.0847783625227934,0.6134185459571622,5.130383023843035,14.25531495198154,,,0.680118107274185,6.009402247794649,inf,,0.7665805447657258
57,1.3746031685117135,-0.03207407393193998,0.0,1.3198629217841182,1.300059657312806,0.740983413641316,4.7050895462772235,52.07225346290052,,,0.6509067234006624,4.735532003851334,inf,,0.5101889919733815
58,,0.0,0.0,1.3923495364821814,1.3463957175132617,0.6964910084613826,3.5796971401093467,7.387139402664431,,,0.6904195972802146,inf,,,0.7961523743578133
59,,0.0,0.0,0.913353095585388,0.8854573919270611,0.743269134535401,3.9154678635529474,32.0376197405802,,,0.688071247053758,inf,,,0.7507082157409911
60,,0.0,0.0,0.8708151038314809,0.8336971195445628,0.7118435320263177,3.223594481545273,5.297371198311444,,,0.684994737851132,inf,,,0.6773124256461651
61,0.008403559158190644,-5.602372772127096e-05,0.0,0.8303531479625404,0.7865362658849026,0.6055987254919125,3.722506201214887,1.8531643069884187,,,0.6841113288387766,5.019003543766773,inf,,0.5205946486502524
62,,0.0,0.0,1.1991556894199862,1.1303852352730102,0.6764042267026019,3.944019040328498,5.14006904760051,,,0.6684167106117298,inf,,,0.9284213283122369
63,,0.0,0.0,0.8057301735580783,0.7696050327583912,0.5220066228047341,3.7401669894488503,4.448825560252027,,,0.6893362020498699,inf,,,0.8875913272514385
64,,0.0,0.0,0.9227081807420519,0.889754664886722,0.5135018947703388,4.017200380458339,6.246455713056596,,,0.688071247053758,inf,,,0.6395135935106689
65,0.36624439495488303,-0.00122081464984961,0.0,0.9704059614500258,0.9502374004440446,0.4571973869677906,3.3808928432875804,3.510393556421889,,,0.6699045166045591,6.070026869611084,inf,,0.5461727886619525
66,,0.0,0.0,0.8317247937680249,0.8194617647982746,0.5681322863772262,4.122632770645869,22.826674644594508,,,0.6822068148872973,inf,,,0.9465192787130641
67,3.0647251450409425,-0.010215750483469808,0.0,0.8593957198472549,0.8262011274588363,0.5789509768919034,3.848338738794743,6.859345633607088,,,0.6468212168108125,8.768507619697143,inf,,0.5627528359737668
68,,0.0,0.0,0.9224447622995099,0.8993246004332347,0.6894081768381392,3.456002211082231,3.4457628550456594,,,0.6841113288387766,inf,,,0.9207032656084025
69,,0.0,0.0,1.1974506746216131,1.178016737773724,0.6613373377155849,3.4504837533871093,2.9820011236836312,,,0.6917051107235048,inf,,,0.8940031848005219
70,,0.0,0.0,0.9629653208650536,0.926884766875328,0.6667308165933842,3.537325286491201,2.9868011661768175,,,0.6713451011121618,inf,,,0.8334541080769091
71,,0.0,0.0,1.3235096077116772,1.27776501283038,0.7189259174109901,4.066467019472896,29.82117907470903,,,0.6811855325194978,inf,,,0.8257192963321779
72,,0.0,0.0,1.7822376434080789,1.7548179301786468,0.9297301697894019,4.068497792716686,3.67821102837424,,,0.6684167106117298,inf,,,0.8677559147773102
73,,0.0,0.0,1.7892846471935617,1.7803031441442285,0.910960281339344,3.553306126595957,30.066758977785806,,,0.6740851607140061,inf,,,0.8890987523555688
74,,0.0,0.0,0.812722182086122,0.7967143036969062,0.6253810382036765,3.806789520975534,13.458220632996833,,,0.6740851607140061,inf,,,0.9221827150710425
75,,0.0,0.0,1.582164427478296,1.5532947388568472,0.9275983019259618,4.8753726356685405,33.75704388500771,,,0.6509067234006624,inf,,,0.9024441920846308
76,,0.0,0.0,1.4000340959192514,1.3857513818635603,0.8741707848779964,3.4386782551235466,6.313484362504529,,,0.680118107274185,inf,,,0.9105520281093352
77,,0.0,0.0,0.9534741934820224,0.9345304464150497,0.7046915167624804,4.2338383743581325,30.006829074559956,,,0.6547956803312163,inf,,,0.8768996536116092
78,2.7780037220278673,-0.037254204843708505,-0.009045857190089282,1.079440741714735,0.8917340954702855,0.6951139199257508,1.4299340495250155,0.685192892917684,1.836374961084576,,0.6509067234006624,6.620073206530356,1.791759469228055,inf,0.6224015720728374
79,1.1908464781377006,-0.011908464781377005,0.0,0.6022706240527312,0.4845250130122269,0.5402393312273017,1.0212295517431147,0.5810304122541754,,,0.6668815377411301,5.772775346143153,inf,,0.860312393895462
80,,0.0,0.0,1.61592819576263,1.5896112474581916,0.8413409281605365,4.667146057738512,79.3765910182862,,,0.676637947632344,inf,,,0.8437677820450727
81,,0.0,0.0,1.1789043191247228,1.1607228723052918,0.7844339417126369,4.04356974409028,16.286323559526927,,,0.6357360191111145,inf,,,0.8925611919549105
82,,0.0,0.0,1.3427512279811151,1.3177888757472827,0.8073479757303458,4.0898550773796485,23.536574984169178,,,0.68318204999448,inf,,,0.920616099706564
83,,0.0,0.0,1.4510679445830357,1.4133943961711815,0.8483954266878727,3.739207529725965,18.56081683922242,,,0.648888643467878,inf,,,0.8918114552262563
84,,0.0,0.0,1.6752687500453636,1.6872557275115612,0.8944858155836406,3.8468174144165643,2.7841687475094608,,,0.6380535849069913,inf,,,0.9345412964269254
85,,0.0,0.0,1.5603581032201155,1.5739650853960665,0.856364086603739,3.4284013450984943,18.7754385402115,,,0.6528756675646988,inf,,,0.9048727812181746
86,,0.0,0.0,0.7326364216207244,0.7206487699850711,0.8023950964741692,3.4131551460706273,45.94542588260206,,,0.6528756675646988,inf,,,0.6528484083569076
87,,0.0,0.0,1.545639599672621,1.5376093188467173,0.8773763558799019,3.5860163254679756,35.5361961162911,,,0.6425374456860184,inf,,,0.9028235107635156
88,,0.0,0.0,1.7120540966984428,1.7005375583018616,0.9032056884073005,3.1615320060143492,6.723690500399841,,,0.6068309995095971,inf,,,0.8921218326505765
89,,0.0,0.0,1.7020681156575026,1.6872819630697526,0.9328032714184518,3.2805094487269373,3.392745703723044,,,0.6403206450210053,inf,,,0.9144163499026418
90,,0.0,0.0,1.6998580819399278,1.669787696750925,0.9320649333627914,3.194456193675809,3.703414048024393,,,0.6125606311107803,inf,,,0.901397318595029
91,,0.0,0.0,1.7001748970608894,1.675633460807211,0.9282804377073646,3.3183809749464093,8.759356733452323,,,0.5978297680564633,inf,,,0.9044979125464357
92,,0.0,0.0,1.4877681949568056,1.4567533544244762,0.9104246656039456,2.58856314024223,2.55164031395428,,,0.581717464821069,inf,,,0.9195406186320366
93,,0.0,0.0,1.7318951678294017,1.7125254517130566,0.9318419415953829,2.934133186565681,8.860103818262678,,,0.5978297680564633,inf,,,0.9024146844468939
94,,0.0,0.0,0.8811359971759821,0.8731107438513193,0.6967431316948631,2.747944906571636,6.6696464862894125,,,0.5947193981915972,inf,,,0.9292726727114738
95,,0.0,0.0,0.9762779187879704,0.9434678594280498,0.5582262332671922,2.543696476620546,3.267347260674155,,,0.6425374456860184,inf,,,0.943813995245196
96,,0.0,0.0,1.144754745470645,1.150531231231873,0.7751183609571198,3.660929138668787,13.862588986432199,,,0.6602640781246099,inf,,,0.9271096393447038
97,,0.0,0.0,1.3961193505129244,1.3730687850680345,0.8957781795323034,3.823299017309014,27.16853814626149,,,0.6233814453054027,inf,,,0.9180017871324335
98,,0.0,0.0,0.9938921249066314,0.9369541999113453,0.8635092427941914,2.830882382169843,10.16522534045265,,,0.6008849035917525,inf,,,0.9441541692143743
99,,0.0,0.0,0.7516261833766725,0.7220686267307814,0.570626402844331,3.0119439889695268,6.125058151028508,,,0.585052858160615,inf,,,0.9501855978539837
100,,0.0,0.0,1.7590381343823276,1.7518999302249885,0.9574451018088107,3.4448422493074813,7.677869872399993,,,0.5641709578113449,inf,,,0.8974149843100757
101,,0.0,0.0,1.3066009414895356,1.2837366252321796,0.7532748965182348,3.6014507346309883,9.509674263478342,,,0.5748741956352443,inf,,,0.8916047261904942
102,,0.0,0.0,1.73394106038575,1.6934121313600692,0.9393301480927282,3.1679606840572094,5.288866803025529,,,0.581717464821069,inf,,,0.8688498498913434
103,,0.0,0.0,1.7585363338008049,1.7212289453428962,0.937764938856231,3.217728843773144,54.724767984775575,,,0.6380535849069913,inf,,,0.870100681711506
104,,0.0,0.0,1.7507411329211309,1.7440542100125984,0.9218003153518647,3.1417766726494643,34.62474513655344,,,0.62595550513784,inf,,,0.8422647978042734
105,,0.0,0.0,1.3195756854275913,1.2982337027838782,0.8176541742646436,2.9988883658753394,25.179843900333896,,,0.6038851895711802,inf,,,0.895328174023695
106,,0.0,0.0,1.6480228677963829,1.6288111753262993,0.9168188656356808,2.4321721039531856,3.6731988259065065,,,0.6207552362147116,inf,,,0.890003519717239
107,,0.0,0.0,0.25998205414125564,0.20701290579565557,0.4731015342334481,2.701358826373847,2.6676414884121735,,,0.5978297680564633,inf,,,0.9574768436902197
108,,0.0,0.0,1.6688977874265785,1.6738633412485984,0.9089484582705986,2.9521212422732255,9.714260542046144,,,0.6038851895711802,inf,,,0.885375057391543
109,,0.0,0.0,1.727454038584059,1.686643873681632,0.9124548256488112,3.1380733912455385,9.061141853383244,,,0.5915533975974677,inf,,,0.8893534245541103
110,,0.0,0.0,1.705527935972332,1.6766985938940966,0.9541486356701775,2.887474163140842,10.768487920059643,,,0.6180765742263259,inf,,,0.8766147883706995
111,,0.0,0.0,1.6978517065555478,1.6793822112402363,0.903052953660913,3.487692985022616,10.802958769060238,,,0.5641709578113449,inf,,,0.8863451294451455
112,,0.0,0.0,1.7740107794489919,1.7472148958787337,0.9650936481453783,3.2942488755673716,10.335312988220572,,,0.5883313578629602,inf,,,0.8242637464162915
113,,0.0,0.0,1.745188670078288,1.7313499643699282,0.944254366814132,3.3249930174264812,3.4244014478871203,,,0.5641709578113449,inf,,,0.8489581430548502
114,,0.0,0.0,1.3874659062507722,1.3018645052108127,0.873461439339529,2.957850235074215,9.221159959961426,,,0.5677978065141052,inf,,,0.8970317417490495
115,,0.0,0.0,1.7327275332948893,1.728906071490723,0.9400691550033853,3.521684061254756,5.808257068174479,,,0.5113665138247345,inf,,,0.8534801463796797
116,,0.0,0.0,1.7457798895704142,1.7424291766988513,0.9365850540628572,3.7098490421554646,4.322934050736691,,,0.5677978065141052,inf,,,0.8513567819285529
117,,0.0,0.0,1.4208428225791412,1.4164094724464358,0.8900332994245439,3.211191821973506,9.306329094826179,,,0.5567373465730988,inf,,,0.8548617883929952
118,,0.0,0.0,1.7396214694033012,1.7293168124675606,0.9493282908419607,3.263391695295336,4.070049219159462,,,0.6097226960127671,inf,,,0.841438036880379
119,,0.0,0.0,1.067279710343158,1.0180826252398238,0.8335692980211507,3.3449028176682454,1.622320875733687,,,0.5713653840954815,inf,,,0.9180447480450922
120,,0.0,0.0,1.6753056266527573,1.6328986008869721,0.963788571432956,2.6897653642653627,6.359856027114159,,,0.5287703885177266,inf,,,0.8820174211302789
121,,0.0,0.0,1.1356398811931685,1.0549742825109394,0.8351243093845595,4.356567554491485,14.150433436229857,,,0.5677978065141052,inf,,,0.8733301788029801
122,,0.0,0.0,1.213345706933987,1.1888302348490698,0.8786290913892143,3.289354669793228,19.9085573826528,,,0.6125606311107803,inf,,,0.859449462519605
123,1.4411025976148857,-0.004803675325382953,0.0,0.7880121171449741,0.7537239301266233,0.7629883267224754,3.109030781944612,10.81529904553173,,,0.5713653840954815,7.144885072271086,inf,,0.8946459133911924
124,,0.0,0.0,1.5107544312744439,1.4992212770843012,0.8355178332138911,2.381378809693325,2.575179172507309,,,0.5567373465730988,inf,,,0.8078231092982159
125,0.7409378443962937,-0.0024697928146543125,0.0,0.9607241892622701,0.9531292702082458,0.7217680058740862,3.783951164245697,2.513680258997986,,,0.5978297680564633,6.444720319052495,inf,,0.8825468442069893
126,1.875141078167106,-0.0062504702605570206,0.0,0.9688693250413477,0.948544663286252,0.7798194914340693,2.6051842963954925,2.3016021529081105,,,0.6547956803312163,7.578923552823307,inf,,0.9421530483045718
127,,0.0,0.0,1.7606967387362484,1.79373319579843,0.9397690506125533,5.675619752716661,64.54195214949706,,,0.5783247308855777,inf,,,0.9013801464633018
128,,0.0,0.0,1.7533252601315148,1.7318186562947693,0.9511417449299439,4.3387640649610235,91.12755424909605,,,0.5370774965580548,inf,,,0.8821192991210196
129,,0.0,0.0,1.7002951903544583,1.6633400937020828,0.9611635539763038,3.6593986145549917,29.063859986807692,,,0.6008849035917525,inf,,,0.8897313000660156
130,,0.0,0.0,1.2508395063804152,1.2288050366529033,0.8174846108302208,3.952915995978345,11.533279102743464,,,0.6125606311107803,inf,,,0.9342149104300359
131,,0.0,0.0,1.60619901413412,1.55830410758748,0.8868751891789419,4.245287321691877,17.977225713125456,,,0.5604843169999094,inf,,,0.8856911949615082
132,,0.0,0.0,1.1910595997461422,1.1672617302224493,0.7967983628474589,3.7152031731761155,2.780941864706928,,,0.62595550513784,inf,,,0.9019590231729315
133,,0.0,0.0,1.0797987393489061,1.0647699911522157,0.7976384074308004,4.110987097342264,24.524175915428113,,,0.6207552362147116,inf,,,0.8110621386081648
134,,0.0,0.0,1.7512411597286162,1.7115689168778294,0.9487385016270046,4.183076002683815,112.04734360304835,,,0.5783247308855777,inf,,,0.8687006548261531
135,,0.0,0.0,1.1993988473223747,1.1687322312820168,0.7188814141743326,3.6271284670755306,10.069358856662287,,,0.5978297680564633,inf,,,0.8447738385888367
136,,0.0,0.0,0.9197961285039005,0.9003879179441006,0.6118530457298315,3.7496205506594484,6.713704149459941,,,0.6038851895711802,inf,,,0.9049556849011959
137,,0.0,0.0,1.2878518171722473,1.3048114651158316,0.8507970238037041,2.996127650110942,3.537539466528644,,,0.5947193981915972,inf,,,0.9010713706817004
138,,0.0,0.0,1.1440991941480116,1.098943181564349,0.7656611060550258,3.1865081379696307,3.121489520472145,,,0.5883313578629602,inf,,,0.9172766159323278
139,,0.0,0.0,0.7309569917955911,0.7291757941429851,0.6079985516159948,2.5391721795327213,3.375873512870089,,,0.5287703885177266,inf,,,0.9262808679950446
140,,0.0,0.0,0.7855720514087351,0.7691005018207685,0.6625792355913818,2.044445485235187,2.4476704727460574,,,0.5604843169999094,inf,,,0.9296707564682505
141,,0.0,0.0,1.7014592433172329,1.665353966818011,0.9455764622889503,1.939255803842859,2.8867453921498183,,,0.47824363442641393,inf,,,0.8870145777908783
142,,0.0,0.0,1.656264753584205,1.6348804753121142,0.9522064575007646,2.0346660838970756,2.7527902263278046,,,0.5490601803369085,inf,,,0.8852093448123192
143,,0.0,0.0,1.6674891227252968,1.6637424629992297,0.9540629741798602,2.2794697967792272,2.836265525124895,,,0.5567373465730988,inf,,,0.8738868848385324
144,,0.0,0.0,1.0144979350984837,1.0005741443300065,0.7497759466295467,2.3396229389876466,2.347873688556379,,,0.524519217297268,inf,,,0.9238470214115843
145,,0.0,0.0,1.6512814569627623,1.6504525971828818,0.9464728091343663,2.890529031196889,6.281766275221804,,,0.47824363442641393,inf,,,0.8753645120611786
146,2.2380465718564744,-0.007460155239521581,0.0,0.7675695769073584,0.7367770288318628,0.6715249789403687,2.4562979131540885,2.353433724707034,,,0.6153451465759925,7.941829046512676,inf,,0.7903704687405433
147,,0.0,0.0,1.683754984900589,1.6302047495465026,0.9476036930378882,1.9145498472252633,3.2316741124227697,,,0.5451288209179292,inf,,,0.8389728295661567
148,,0.0,0.0,0.3143726890835052,0.23724177019232273,0.6813351894982512,2.2911385757417113,2.6898572178684605,,,0.5947193981915972,inf,,,0.9356268333141973
149,,0.0,0.0,0.2286284036166141,0.1772935865052864,0.4968985266470775,1.7600701744420892,1.924572179319484,,,0.5287703885177266,inf,,,0.9500497343376968
150,,0.0,0.0,0.3759772781255959,0.3472363637796833,0.4898414309622301,1.7225088436644163,2.591326719653517,,,0.552929491858785,inf,,,0.8332361177685422
151,,0.0,0.0,1.554267924138453,1.5461226304285771,0.8979257486245608,1.5950119908015703,1.8291972272181336,,,0.49759852643134905,inf,,,0.8607424254238595
152,,0.0,0.0,0.17406567852275817,0.10353493762206598,0.5963428387678902,1.8803463147375195,1.9443797433345262,,,0.5329562494928909,inf,,,0.8470332334792602
153,,0.0,0.0,1.586523963966067,1.539756096094097,0.9030796685224741,2.0344847851933747,2.4901291272807473,,,0.585052858160615,inf,,,0.9064057066979105
154,,0.0,0.0,1.6318604060527129,1.594756240123846,0.8772727184634866,2.2551554730587244,2.81752870847752,,,0.6509067234006624,inf,,,0.8952387803607527
155,1.2001602166733256,-0.008001068111155503,0.0,0.5816404457503969,0.5114653041056686,0.6312922693447852,2.3875893943549245,2.807061215353149,,,0.6284777104787076,6.074846156047033,inf,,0.711740668550362
156,3.624340932976365,-0.01208113644325455,0.0,0.6759969644467755,0.6422740978509688,0.5712523582106795,2.4848663044484147,1.8031723691579562,,,0.6668815377411301,9.328123407632566,inf,,0.7156926079113866
157,,0.0,0.0,0.696511695451884,0.6341494508896296,0.6564864514785791,2.1929453888772725,1.6621926435888352,,,0.6528756675646988,inf,,,0.6883406001004408
158,,0.0,0.0,1.1546298146711076,1.1197047519778545,0.6657874275521363,3.127580128678249,2.671881184806892,,,0.6509067234006624,inf,,,0.8105139962328347
159,,0.0,0.0,0.9536997635779458,0.9223976884398694,0.6786804106286658,3.6122577935270805,3.8206102441248717,,,0.6822068148872973,inf,,,0.7852168485015641
160,,0.0,0.0,1.1202481807117661,1.117294173539066,0.7752967514595577,3.120402910590083,3.087315793866024,,,0.6619902821573977,inf,,,0.8945543609237591
161,,0.0,0.0,1.2431001774643051,1.240097255760831,0.7700539660775723,3.1321490802429475,2.601627266023891,,,0.5604843169999094,inf,,,0.9315505271127567
162,,0.0,0.0,0.8668030223245311,0.8383851158590004,0.72277093752231,2.5920625782951685,2.312904431450608,,,0.6153451465759925,inf,,,0.9252537373070964
163,,0.0,0.0,0.9559433396968748,0.9232840737550638,0.7573965883501249,3.2753927960356433,2.5640646964759974,,,0.6584896970785714,inf,,,0.9206396957619701
164,,0.0,0.0,1.1584640376743982,1.143235972736236,0.8251246857972595,2.979917887293807,2.7740446774876526,,,0.6547956803312163,inf,,,0.9428560533037541
165,,0.0,0.0,1.2492733108901632,1.187244940868511,0.8366397388371867,3.351788582469933,3.3849045591512366,,,0.6528756675646988,inf,,,0.9360518367879167
166,,0.0,0.0,1.0957650456384205,1.0580254669451061,0.7265409303157354,3.373399910794062,3.251995492296743,,,0.6509067234006624,inf,,,0.9174817804836666
167,,0.0,0.0,1.206931301017573,1.172932009184448,0.8227088540590028,3.6113945491972683,3.33208706663927,,,0.6284777104787076,inf,,,0.8877799376917354
168,,0.0,0.0,0.7939354633262714,0.7868729243656892,0.7419365723095706,2.957813740503022,2.400378033647878,,,0.6357360191111145,inf,,,0.8595300123426151
169,,0.0,0.0,1.0987445922618182,1.0576641424157598,0.8024028401915595,2.762252164171823,2.9154769306343082,,,0.6207552362147116,inf,,,0.9411326265876606
170,,0.0,0.0,0.9549222939297372,0.9360397670902796,0.7502355231856388,2.951135791959728,2.9471840632957167,,,0.6357360191111145,inf,,,0.9248060438020107
171,,0.0,0.0,0.896527936684407,0.875205643385795,0.7847399643948428,3.3733045590225457,3.326112411741789,,,0.6380535849069913,inf,,,0.9337439019142078
172,,0.0,0.0,1.0065184674536825,0.9688440494262742,0.7552105553296539,3.4150299328110862,3.828459567820298,,,0.6447042257417027,inf,,,0.9439190655650372
173,,0.0,0.0,1.0950421683279827,1.090218596841534,0.7537730307206949,3.3044020297600882,2.6703210964708357,,,0.6403206450210053,inf,,,0.8741343012543435
174,1.6784307839210517,-0.005594769279736839,0.0,0.9757487289069477,0.9513587848677676,0.7633878234894232,3.6379384242501027,3.5659958311567244,,,0.6528756675646988,7.382213258577253,inf,,0.9187139530347812
175,,0.0,0.0,1.1736472236243063,1.1365562248187013,0.8092065820493184,3.4054583983030002,3.731802665440822,,,0.6284777104787076,inf,,,0.9364592136851728
176,,0.0,0.0,1.2758046689794391,1.2668870749366132,0.7994289210966957,3.840240479172112,4.2883529927825705,,,0.6357360191111145,inf,,,0.9226239452108327
177,1.9316164206293571,-0.012877442804195715,0.0,0.8221060011761919,0.7992478482860258,0.7832610607529793,3.5815818755144977,4.08726774834724,,,0.6713451011121618,6.832853970809019,inf,,0.9142920898343652
178,,0.0,0.0,1.172706820085218,1.1487222007840265,0.7944281249485323,2.9721602620307137,4.360077610754729,,,0.6380535849069913,inf,,,0.900070344158381
179,3.362716861094091,-0.02241811240729394,0.0,0.726688153620525,0.6843749509222175,0.7057921450001384,3.1432505354823776,3.784911923692374,,,0.6447042257417027,7.7440033031827555,inf,,0.9134582563872234
180,0.9246589815446716,-0.0030821966051489055,0.0,1.0590172249334886,1.0515328381672608,0.8472190451226859,3.3959071206211573,3.659719110409714,,,0.6584896970785714,6.628441456200873,inf,,0.8861055444583892
181,,0.0,0.0,1.123751014772829,1.0931470213661503,0.7638061142271674,2.8550686673302685,2.966278165117373,,,0.663668482632973,inf,,,0.8785252700943154
182,,0.0,0.0,1.0301477410277318,1.0213366870722387,0.7852067305350181,2.9817462422817647,3.583328618818301,,,0.6180765742263259,inf,,,0.8697523179481939
183,,0.0,0.0,0.8676276759606941,0.8017393757483482,0.6907991651742096,2.763973284727334,2.2940352223042715,,,0.6284777104787076,inf,,,0.9301986754517095
184,,0.0,0.0,0.539605328741753,0.4935076091725385,0.6518248874414283,2.6409946384655796,2.6157874315979837,,,0.5947193981915972,inf,,,0.9477679134508435
185,,0.0,0.0,0.5839839041301698,0.5293662992670954,0.6773458289151706,2.1179414499684777,1.8152571658662642,,,0.6684167106117298,inf,,,0.9330342003368163
186,,0.0,0.0,0.402570505102691,0.3682174451083309,0.6956253220125401,1.8611079988788148,1.4105461556290222,,,0.648888643467878,inf,,,0.9296251185181076
187,,0.0,0.0,1.1330205397833597,1.0925715338982442,0.8723622041862237,2.324209748624196,1.8391021583021465,,,0.6468212168108125,inf,,,0.925765013812322
188,,0.0,0.0,0.8450131304327383,0.8282329232176836,0.7128590662604035,3.927246755390714,2.38628138890544,,,0.581717464821069,inf,,,0.8738268511455515
189,3.2188758248682006,-0.010729586082894002,0.0,0.8524698180379792,0.8125660573132889,0.627622629508557,3.9968508834108714,2.0776450683437453,,,0.6008849035917525,8.922658299524402,inf,,0.7106494952086181
190,,0.0,0.0,0.8548861785365951,0.8389545583228085,0.6445362864492337,2.5877466877707587,1.9704206864383864,,,0.6468212168108125,inf,,,0.7748329707052937
191,,0.0,0.0,0.7279490565925645,0.686562408199459,0.8262687804349903,1.903281858286579,1.556646926145025,,,0.6668815377411301,inf,,,0.8820286617873483
192,,0.0,0.0,0.8833010860379539,0.8458964612645182,0.7511170041059193,2.1110196158746604,2.1003149050590846,,,0.6309483474627791,inf,,,0.9201646829882815
193,,0.0,0.0,0.8697681218666531,0.8530277726456782,0.6779879505943049,2.3396228660109615,1.9319155683321285,,,0.6357360191111145,inf,,,0.9267438134021128
194,2.0661963149298153,-0.006887321049766051,0.0,0.6270126390535037,0.5786274177293346,0.6216064517964638,2.2398264986821195,1.5854333696789094,,,0.6153451465759925,7.769978789586016,inf,,0.7149833171811769
195,1.4788972171067996,-0.009859314780711998,0.0,0.9699281950819557,0.963246256381276,0.6994704768914675,2.3868246569822476,2.198292975901272,,,0.6668815377411301,6.326160584327939,inf,,0.5757102203821549
196,,0.0,0.0,0.8699925201968584,0.8299320045317058,0.6587616808153136,2.048763010104706,1.285215426169243,,,0.6468212168108125,inf,,,0.9386160638531098
197,1.160487692386197,-0.00386829230795399,0.0,0.7693376127008589,0.6465856112725828,0.6500220980696466,1.9408537465202471,1.4973797489133027,,,0.6509067234006624,6.864270167042398,inf,,0.843375544644167
198,,0.0,0.0,0.6616548761309371,0.6425824264670584,0.6529082536581696,1.5420926726388267,1.2473640578233758,,,0.6841113288387766,inf,,,0.9036231792569831
199,,0.0,0.0,0.34109599965040793,0.29970952458295,0.6707419346464053,1.867834502744269,1.4064592295957852,,,0.6547956803312163,inf,,,0.8196214448595586
200,3.2188758248682006,-0.021459172165788003,0.0,1.0638163462058468,1.0199202925111732,0.7242898952602354,2.5950817070962615,2.0073762237082193,,,0.6602640781246099,8.229511118964457,inf,,0.7512177381024673
201,1.6439791641072863,-0.049319374923218584,0.0,1.253735156305169,1.2388172613556925,0.7970024684648243,3.431996106483974,1.9707405488742817,,,0.648888643467878,4.929055307103833,inf,,0.6576597643127222
202,3.506557897319982,-0.023377052648799877,0.0,0.7986203307312966,0.7688769375576762,0.6864895239715376,3.3562145812557542,2.524083549318428,,,0.648888643467878,8.517193191416238,inf,,0.8967184326877651
203,,0.0,0.0,0.9702889955744194,0.9418305000185843,0.6263756300640034,3.377702484546403,2.637993102122839,,,0.6180765742263259,inf,,,0.8459264401454221
204,,0.0,0.0,1.0764013265476249,1.0648744504845613,0.7112871545908447,2.558514368736476,1.5890337222671786,,,0.6584896970785714,inf,,,0.8274839658791173
205,,0.0,0.0,0.9253585382201605,0.7695216773072232,0.7781982255968982,0.9412534707758684,0.5447848811611379,,,0.6528756675646988,inf,,,0.925452815006254
206,,0.0,0.0,0.9347042621508248,0.88723681000686,0.8235090626993332,1.3171224075594337,0.5387971683762722,,,0.6547956803312163,inf,,,0.90634758903395
207,,0.0,0.0,1.304294363292179,1.2817550772744484,0.7872789781013657,3.270591632452297,3.397493127648847,,,0.6403206450210053,inf,,,0.8806663868598604
208,,0.0,0.0,0.674441412382956,0.6648102712722203,0.595680803773302,2.206853856492959,1.5238207158930517,,,0.6602640781246099,inf,,,0.8918069579033695
209,,0.0,0.0,0.7446989969341247,0.6255076972123716,0.7582283410696478,1.7648327015978256,1.6265979784734004,,,0.6357360191111145,inf,,,0.9284749943041269
210,2.5915983668236287,-0.034554644890981714,0.0,1.0700845677649595,1.01963032851375,0.7582777812973057,3.577114568850903,2.8510869518476305,,,0.6425374456860184,6.023069886523313,inf,,0.7364994633589007
211,2.4205257179794875,-0.024205257179794878,0.0,0.7604718455884483,0.6393887263604161,0.7686002989850252,2.352561386278225,1.2137604778587558,,,0.6180765742263259,6.864270167042398,inf,,0.8258628232872178
212,,0.0,0.0,0.928592381659433,0.9149306011031285,0.7410562927874479,1.621272614699949,0.648057916264567,,,0.6619902821573977,inf,,,0.8739174697003611
213,1.3862943611198906,-0.0046209812037329686,0.0,1.0267757303786782,1.0181937968145456,0.7990369671302343,2.818505792255423,1.6688193611934845,,,0.6357360191111145,7.090076835776092,inf,,0.9153879350496243
214,,0.0,0.0,1.4313651495614803,1.4075982928248991,0.8760638092960137,3.7104743878469475,3.947063007674364,,,0.6528756675646988,inf,,,0.9356578492691648
215,,0.0,0.0,1.106381885359578,1.0689878350763626,0.8325238204980082,3.3415766953017347,3.419273982433972,,,0.6602640781246099,inf,,,0.9138882093517596
216,,0.0,0.0,1.27995027095294,1.2251063644578921,0.8594513421125659,2.3114271543491105,1.0844287066936835,,,0.6357360191111145,inf,,,0.9344032276942621
217,2.159524548085552,-0.02159524548085552,0.0,0.8017279061472188,0.7077820127610274,0.7295449813593129,1.3811725164511788,0.7146099901961545,,,0.6713451011121618,6.54003049885682,inf,,0.8722666922453585
218,,0.0,0.0,1.1686064824284952,1.1349121484496913,0.7328642718058374,2.8323286919706283,1.5255053823794817,,,0.6284777104787076,inf,,,0.8496743050266278
219,,0.0,0.0,0.6366479975992541,0.5804245990419289,0.5295788164287496,1.6090131610364853,0.8673975624324508,,,0.648888643467878,inf,,,0.8183122201239428
220,,0.0,0.0,0.7233774229479919,0.6827580182224147,0.7484432162325843,1.9639893672140187,1.5707948979468358,,,0.6619902821573977,inf,,,0.9495128172577698
221,,0.0,0.0,0.6266768997822265,0.5962775065694826,0.8318797102686407,1.7477316669283556,1.073509461249294,,,0.6357360191111145,inf,,,0.9372256242973825
222,,0.0,0.0,0.5565314128793359,0.5383870434112361,0.6708020022327874,2.01990628801972,1.4716976236599968,,,0.6528756675646988,inf,,,0.9451819505376113
223,,0.0,0.0,0.6011899669259717,0.6014154173035633,0.7979515345168735,1.2901605012029949,0.9161952323596829,,,0.6333676938231112,inf,,,0.9374661813347609
224,,0.0,0.0,1.175339876141414,1.131197761764611,0.8147482814418783,2.877363475850043,2.8700836890717647,,,0.6403206450210053,inf,,,0.8982522632462943
225,,0.0,0.0,0.6728897218785738,0.641678022137924,0.7580647362658287,1.0871586540332079,0.7080142622340355,,,0.6547956803312163,inf,,,0.9257571346324222
226,,0.0,0.0,0.9859414835807843,0.9462543630087958,0.8414424166221786,2.735212999775365,1.7851674219440965,,,0.6309483474627791,inf,,,0.856221972092829
227,,0.0,0.0,0.5255908848276468,0.39410913545313525,0.7728582659341452,0.8569875321727117,0.4447287063296891,,,0.6566669596287297,inf,,,0.837402600045833
228,3.2188758248682006,-0.010729586082894002,0.0,0.6140730091512222,0.5624151344266738,0.8163194168418618,0.9653731301875667,0.7957009126562017,,,0.6425374456860184,8.922658299524402,inf,,0.8473489451967944
229,2.17742195004004,-0.007258073166800133,0.0,0.9628240190967428,0.8924258181716939,0.689434612243987,2.5856824267417897,1.4159959772636865,,,0.6357360191111145,7.881204424696241,inf,,0.8099467210420053
230,,0.0,0.0,0.6169103155997555,0.5962952324835403,0.7903273603921227,1.652315669978279,0.8499625373477016,,,0.6684167106117298,inf,,,0.8752716552093684
231,3.757872325600888,-0.012526241085336292,0.0,0.6913117196174252,0.6578898842196517,0.8063665403607538,2.00806338037245,1.0120415717822757,,,0.6684167106117298,9.461654800257088,inf,,0.9075043400001443
232,,0.0,0.0,0.6639613318159587,0.6140768364335518,0.7721013936856407,1.6735073553143753,1.1963720772988133,,,0.6566669596287297,inf,,,0.860182852783729
233,,0.0,0.0,0.7211578530882007,0.6750733473871126,0.7972690919294971,1.3890416975403765,0.7641241707573729,,,0.6740851607140061,inf,,,0.9224286627847633
234,1.5929086104828898,-0.005309695368276299,0.0,0.6485766147953828,0.5978098474215723,0.814959537922545,1.8529675075667447,0.8722101195002312,,,0.6468212168108125,7.2966910851390905,inf,,0.9218528571038542
235,,0.0,0.0,0.7885349280636801,0.7691657227357909,0.8145893981781729,1.0899094554709963,0.7782634288673049,,,0.648888643467878,inf,,,0.927871484957643
236,,0.0,0.0,0.8709858831577788,0.8653117451366763,0.6727666850459825,1.484315506509585,0.7331375557004018,,,0.6447042257417027,inf,,,0.8634784535150174
237,2.2072749131897207,-0.007357583043965736,0.0,0.9369114387696675,0.7890904092620303,0.8149208956147914,1.791051526309726,1.2621230947180844,,,0.6528756675646988,7.911057387845922,inf,,0.9051145596036491
238,,0.0,0.0,0.4327889371445444,0.35611052316642033,0.5379890384511484,1.354997354984807,1.0617303278618002,,,0.6425374456860184,inf,,,0.9545959213055035
239,,0.0,0.0,0.9906290522908594,0.9436334088896323,0.7601231266257067,1.5169470397806537,1.185112415499915,,,0.6684167106117298,inf,,,0.9535244129871778
240,,0.0,0.0,0.5156198287750643,0.4942647431764267,0.6854385542423502,1.6134688249155686,1.2579130586158036,,,0.6357360191111145,inf,,,0.9380333789294276
241,,0.0,0.0,0.742832619839964,0.7055618786114256,0.8404359399659587,1.5467200997821249,1.3441393060139073,,,0.6468212168108125,inf,,,0.9225087017373415
242,,0.0,0.0,0.7957235272204818,0.7683914035173536,0.7662423989991496,1.1038076159768264,1.051191564085409,,,0.6284777104787076,inf,,,0.8969888061775847
243,,0.0,0.0,0.5817427728441622,0.47910157957435645,0.7411243011005418,1.6440349897005708,1.1356210251885024,,,0.6584896970785714,inf,,,0.9140264607280126
244,,0.0,0.0,1.0145448206591519,0.9678126688093442,0.7116327826756756,1.6407351868625857,0.6287005549585323,,,0.6333676938231112,inf,,,0.9174556669639379
245,,0.0,0.0,0.6512950792752691,0.5773621175813601,0.7021912205912829,0.945371658274287,0.5684118193780342,,,0.6357360191111145,inf,,,0.7055444159599432
246,,0.0,0.0,1.0694848148818321,1.046067568659819,0.7589419777005195,2.773042135791193,1.5040855539890026,,,0.6740851607140061,inf,,,0.5936573974338544
247,,0.0,0.0,0.9891724053446258,0.9846019524619433,0.6894587912913447,2.3514950854661625,1.2501756625354195,,,0.6528756675646988,inf,,,0.9334175440793824
248,,0.0,0.0,0.793347618369133,0.7510927674948379,0.7812758804706482,2.2287090223256807,1.6884874723125858,,,0.6008849035917525,inf,,,0.9277108770395402
249,3.138833117194664,-0.010462777057315548,0.0,0.7523035425361165,0.7303974211483896,0.7787797715067818,1.7954416357266672,1.1304542426042616,,,0.6425374456860184,8.842615591850866,inf,,0.8940414907126215
250,,0.0,0.0,1.0420559669520595,1.0109074958589819,0.8443990429820505,3.1836082712189624,2.8160116487225526,,,0.6357360191111145,inf,,,0.9289569807517246
251,1.3470736479666092,-0.00449024549322203,0.0,1.0575560662434513,1.0211766053756142,0.8135667064842466,4.090421579521548,2.2175518424987866,,,0.6684167106117298,7.05085612262281,inf,,0.9131340598589288
252,2.6127400212978853,-0.01741826680865257,0.0,1.1578949959392544,1.0921535420615975,0.8116197243381017,3.1452049411409906,0.8445067566222999,,,0.6333676938231112,7.623375315394141,inf,,0.7917033629011327
253,,0.0,0.0,1.5396686253281637,1.5270369504873127,0.8445063838904836,0.26197537306656277,0.4729486117085029,,,0.6727386042041725,inf,,,0.9413520482178854
254,,0.0,0.0,0.9931737886014416,0.8700209378820679,0.8232871724351154,0.8030784742076674,0.5710898085337297,,,0.676637947632344,inf,,,0.9552660087275757
255,,0.0,0.0,0.5917590678902017,0.5051715143039655,0.6640146778496252,0.6371381784441976,0.40115798131507296,,,0.648888643467878,inf,,,0.9533401368262382
256,,0.0,0.0,1.3752212584474626,1.3474732320029321,0.8308787709347588,0.49368563893211037,0.5771878576353946,,,0.6403206450210053,inf,,,0.8679914997092638
257,,0.0,0.0,0.8298394756377532,0.7905338325846474,0.8118524370214639,1.6243014324469376,1.088200373387006,,,0.6357360191111145,inf,,,0.9351101487323958
258,,0.0,0.0,0.7163152694101803,0.6737477449767101,0.7313267669991178,2.4179390491537918,1.869411139069272,,,0.675384900321601,inf,,,0.8304565422952018
259,,0.0,0.0,1.0912646850115564,1.0161531692286647,0.7869415832125238,2.9214384122904,2.374431976687223,,,0.6904195972802146,inf,,,0.9168895775041965
260,,0.0,0.0,0.6641287030457083,0.6335095340614065,0.7565211843816803,2.512854727799856,1.5685546877722016,,,0.62595550513784,inf,,,0.9192584956849852
261,,0.0,0.0,1.0261589743039252,0.9358727016287013,0.8791639140487474,1.999437511766257,1.2898696768848752,,,0.6528756675646988,inf,,,0.9180069711076534
262,3.0647251450409425,-0.010215750483469808,0.0,0.6233311791439701,0.603185224824935,0.7147017827903972,1.5838791337295954,1.1254109438617699,,,0.6584896970785714,8.768507619697143,inf,,0.8670070085721931
263,,0.0,0.0,0.8113613342043792,0.7795375778115583,0.7318050028689116,1.6905933012747059,1.1580856278943468,,,0.6447042257417027,inf,,,0.7782532708422972
264,,0.0,0.0,0.5804582657383015,0.5165528634574733,0.733545066359084,1.8021449650769028,1.464055407898048,,,0.6528756675646988,inf,,,0.9331691375595899
265,,0.0,0.0,0.8204998544592144,0.758395371668936,0.7392151110352922,1.0836704148916623,0.6644765567403803,,,0.6668815377411301,inf,,,0.9439940381680552
266,,0.0,0.0,0.9315712966188764,0.7997510428488368,0.8634999518617964,0.6211083273838266,0.5204919567421489,,,0.6668815377411301,inf,,,0.9217156852142505
267,,0.0,0.0,0.6358225083360473,0.612664869618712,0.6364457085105821,2.1574791710300594,1.9289769840732927,,,0.6357360191111145,inf,,,0.8394582867570088
268,,0.0,0.0,1.155408049360878,1.07629172798726,0.7279903762127925,3.1982641618390732,2.0647967494785573,,,0.6528756675646988,inf,,,0.7842652533216874
269,,0.0,0.0,0.7449506028943855,0.7048559225915516,0.7244781632249849,1.7115192196659401,0.8482762272843165,,,0.6403206450210053,inf,,,0.8691221041724867
270,,0.0,0.0,0.13417498074283643,0.06704268357604669,0.5612848766198805,0.4773821218522502,0.5091039748513748,,,0.648888643467878,inf,,,0.950451577213957
271,1.8325814637483102,-0.006108604879161034,0.0,0.39641185538116785,0.31544959925451976,0.699826978255904,1.292329069494471,0.8395755612524332,,,0.6547956803312163,7.536363938404511,inf,,0.7902293123585963
272,,0.0,0.0,0.9897138122662659,0.9317706467046585,0.7739446696442406,2.77442935883883,2.443428155247382,,,0.6602640781246099,inf,,,0.9406473047250469
273,2.6127400212978853,-0.008709133404326285,0.0,0.4907159900896255,0.45584887646113437,0.8421886331207379,2.7173194055434093,2.403740188846442,,,0.6425374456860184,8.316522495954086,inf,,0.8432233911263557
274,,0.0,0.0,0.7790421005637234,0.7664612882517443,0.754250506807847,3.1884914735018652,3.3571337779922352,,,0.6333676938231112,inf,,,0.8903392684792125
275,,0.0,0.0,1.0540521787756645,1.027232031824483,0.8698127831916258,3.1522571103423713,1.8652037881806756,,,0.6509067234006624,inf,,,0.916793214250519
276,,0.0,0.0,0.8968471785906362,0.8412431658528149,0.7939444782963151,2.072628346157632,1.132956778157173,,,0.6566669596287297,inf,,,0.7909072819929445
277,,0.0,0.0,1.0142742440797976,0.9986507302094136,0.7178368632484565,2.3371155715953504,1.4525467073380485,,,0.648888643467878,inf,,,0.8615200433840209
278,,0.0,0.0,0.6674704583554917,0.5976915100921837,0.7178219208091591,0.892102580009163,0.5834761325719691,,,0.6713451011121618,inf,,,0.9557084347774104
279,,0.0,0.0,1.4555431828399366,1.4419850110521217,0.9534291608656827,0.21871301863820858,0.5210596624066361,,,0.6652988471865258,inf,,,0.9250851356322894
280,,0.0,0.0,1.1553240914488978,1.129491926928069,0.6770647179379705,3.027314781910821,2.288729007961426,,,0.6403206450210053,inf,,,0.6670688682847176
281,2.445685936634719,-0.008152286455449062,0.0,0.4717797974606965,0.31117357566084847,0.7324528944867753,0.6593361214146237,0.46881069283512056,,,0.6684167106117298,8.14946841129092,inf,,0.9516339208469251
282,2.760730458931123,-0.018404869726207487,0.0,0.4767175655707214,0.40902995038218215,0.8693257765154074,0.7618466328108552,0.6397071689656292,,,0.6566669596287297,7.769978789586016,inf,,0.7981146943466195
283,1.9902104079518934,-0.006634034693172978,0.0,0.34076602459371574,0.24411827246401271,0.8045172926122374,0.7176791806199331,0.5715422653537257,,,0.6699045166045591,7.693992882608094,inf,,0.9376755446998926
284,,0.0,0.0,0.8658125017899343,0.8201721088206307,0.8129596926698984,1.186181352195331,0.7343602404882137,,,0.6447042257417027,inf,,,0.9431325624175667
285,,0.0,0.0,0.9686778430510524,0.8831239606248663,0.777683478361946,3.0126995661180707,2.5964370044729845,,,0.6153451465759925,inf,,,0.9178164161300993
286,3.1853061734493866,-0.021235374489662576,0.0,1.1387424057035735,1.1093993480813518,0.7155934954871344,3.3988027039099378,2.1347354404281518,,,0.6403206450210053,8.1886891244442,inf,,0.8990838444160748
287,2.713075369028961,-0.01808716912685974,0.0,0.715658801909826,0.5736591877685571,0.7534955190841673,1.0528862487901838,0.5951801744954939,,,0.6652988471865258,7.557417347602343,inf,,0.7922334183395785
288,,0.0,0.0,0.5020095215699085,0.36504596555138913,0.5420586091237463,0.3519369347917698,0.26732586492716653,,,0.6380535849069913,inf,,,0.9594369055702021
289,,0.0,0.0,0.21103373620254542,0.19239014732062149,0.43517658270380827,0.6847294265031497,0.3472162695276013,,,0.6713451011121618,inf,,,0.82462663556323
290,,0.0,0.0,0.7961014301340102,0.7677911864356396,0.7171385995472515,1.9245972110299479,1.629621632384565,,,0.62595550513784,inf,,,0.9401658407168026
291,,0.0,0.0,0.7618333147040992,0.7140941855374529,0.8499085239276564,1.3868685136799366,1.1846141844303164,,,0.6380535849069913,inf,,,0.9468441234182134
292,,0.0,0.0,1.0602571288330727,0.9983638248054494,0.7584656037374203,2.6645819547851124,1.2076328342578764,,,0.6584896970785714,inf,,,0.9502110267921531
293,2.659260036932778,-0.00886420012310926,0.0,0.6291985838438281,0.5039343910051408,0.7962834451971069,0.8952244534057922,0.5918904793751824,,,0.648888643467878,8.36304251158898,inf,,0.941577166422685
294,,0.0,0.0,0.9772266848260617,0.8693517377759147,0.7561994264071396,1.6643553213469462,0.9470481877707078,,,0.6125606311107803,inf,,,0.8029218209274823
295,,0.0,0.0,1.0019327883500284,0.9843657437061184,0.8151429737689646,2.6649996354581793,2.5419092013968907,,,0.6566669596287297,inf,,,0.9420757965212129
296,,0.0,0.0,0.3175025880884312,0.29819906583140554,0.4934796053826062,0.3328161261251128,0.18600755646498984,,,0.6547956803312163,inf,,,0.9493149619763842
297,,0.0,0.0,0.8807750821698038,0.8287551080461135,0.749762613341688,1.6234234055262298,0.8163794181567554,,,0.648888643467878,inf,,,0.9251449006925965
298,,0.0,0.0,0.7815114670037924,0.6961770204939673,0.6838878763464541,1.0400904506865996,0.6753846801611476,,,0.6547956803312163,inf,,,0.768826714772889
299,,0.0,0.0,0.6654616928512856,0.6344139637355984,0.7987263344693893,1.5919483876678968,0.8816865950330601,,,0.6547956803312163,inf,,,0.8704306156149342
300,2.70805020110221,-0.01805366800734807,0.0,0.43814003149833536,0.379917485095298,0.8063031843631917,2.065497360359689,0.9062212773693172,,,0.6699045166045591,7.693992882608094,inf,,0.9231684875569798
301,,0.0,0.0,1.0842840770482443,1.0193628920369866,0.8569421693844744,1.648857262296484,0.865529354332798,,,0.6528756675646988,inf,,,0.9312526213828483
302,2.3722161266608,-0.015814774177738668,0.0,0.7088628041976526,0.6331557229805009,0.796473571103831,2.9076381785506054,2.020711401996412,,,0.6425374456860184,7.382213258577253,inf,,0.9327710907458351
303,,0.0,0.0,0.8466001840222108,0.811471707905417,0.798276384766978,2.0675062346904896,0.9635990416398288,,,0.6509067234006624,inf,,,0.8732222633064027
304,,0.0,0.0,1.0987417316197114,1.0614936583594161,0.763051355434138,1.6104484798829928,0.9242132345856198,,,0.6233814453054027,inf,,,0.9123606329132521
305,2.6820494792206966,-0.026820494792206967,0.0,0.8594588010747876,0.8191040458937093,0.7025953944677585,2.719597378420972,1.7590922417305204,,,0.6380535849069913,7.144885072271086,inf,,0.9425362233671706
306,2.445685936634719,-0.008152286455449062,0.0,0.9693649544828011,0.9560151040303092,0.8836731508773921,2.9034529055656497,1.5038000008516392,,,0.6528756675646988,8.14946841129092,inf,,0.9193936413294085
307,,0.0,0.0,0.9312435392525484,0.9104193638955576,0.7828966659059121,2.521580425027996,2.0438095966825034,,,0.6619902821573977,inf,,,0.9224072942385193
308,,0.0,0.0,0.6686149310852246,0.650222408838427,0.7143131699045153,1.832868066522483,1.1111890247184384,,,0.6468212168108125,inf,,,0.948790311346176
309,,0.0,0.0,0.7368497109308256,0.7093463781796325,0.75435434164272,1.6813293371153164,0.9961018914327411,,,0.6153451465759925,inf,,,0.9537836309060954
310,,0.0,0.0,0.8857689213420625,0.8646600717932159,0.7493171189377648,2.2759210119010316,1.5376495765531866,,,0.6447042257417027,inf,,,0.9501459522465168
311,,0.0,0.0,0.8700882090050199,0.8431334335797589,0.7237864643607093,2.1344773524435925,1.5624514119893917,,,0.6357360191111145,inf,,,0.8835777249524515
312,3.506557897319982,-0.011688526324399939,0.0,0.7131052633255952,0.6384719029361221,0.7517338501681454,1.7208395809741897,1.0761217818745608,,,0.6447042257417027,9.210340371976182,inf,,0.9399471930520857
313,3.3058872018578307,-0.011019624006192769,0.0,0.4581677251338348,0.4210806085440504,0.7480141727073137,1.3689612012025776,0.8823170110919318,,,0.6528756675646988,9.009669676514031,inf,,0.900912984353141
314,,0.0,0.0,0.9039318374906059,0.8710098503047445,0.654350360339669,2.432200656013214,1.8871901838161929,,,0.6357360191111145,inf,,,0.8211100023248227
315,,0.0,0.0,0.5334709609053047,0.5172650003817028,0.6882962808218841,2.839786229341762,2.5937093587340927,,,0.6403206450210053,inf,,,0.9265717614116773
316,,0.0,0.0,0.7668556299345417,0.731206046007047,0.7417104144092649,2.1136468591021393,1.9901756531795827,,,0.6380535849069913,inf,,,0.9179889750036245
317,,0.0,0.0,0.8658605793569686,0.8402584893909657,0.8036985694165707,2.375596149457281,1.6039911368475077,,,0.6309483474627791,inf,,,0.9459637687617201
318,5.703782474656201,-0.019012608248854004,0.0,1.1063119064401383,1.0729761081245535,0.7599287198040717,2.249581679416181,1.1413677120243926,,,0.6153451465759925,11.407564949312402,inf,,0.865782108303591
319,,0.0,0.0,0.3667480660207617,0.3341047811568808,0.7639438457753696,1.8126612527706194,1.2518801488184519,,,0.6403206450210053,inf,,,0.9200452122266868
320,3.3058872018578307,-0.011019624006192769,0.0,0.3824327600310664,0.33104389496755976,0.6541219001182692,1.8517025666444755,1.2688588163421601,,,0.6125606311107803,9.009669676514031,inf,,0.8338893639375695
321,,0.0,0.0,0.33724959989125003,0.2955836574369403,0.7308915119044274,0.9876052139353646,0.727986394336672,,,0.6509067234006624,inf,,,0.948668123213625
322,,0.0,0.0,0.49267087903998547,0.4457034135292195,0.7522922048618159,1.4541070050357598,1.1138229090311447,,,0.6380535849069913,inf,,,0.9540494952889232
323,,0.0,0.0,0.5261567536317384,0.48436872049505175,0.7608345456454346,1.8956393570799612,1.402055827346379,,,0.6233814453054027,inf,,,0.9370034391981822
324,,0.0,0.0,1.226310572093892,1.1914920524045538,0.8118376033036141,2.8764182133057927,1.8254835573046648,,,0.6333676938231112,inf,,,0.9430794571080395
325,,0.0,0.0,1.0473728950953403,0.9828141693582156,0.7784907788003567,2.2659462736560942,1.0935611924745836,,,0.6740851607140061,inf,,,0.8716373352407448
326,3.8664705059940445,-0.06444117509990074,0.0,0.7436882856266206,0.6292171219348309,0.6795256853844933,1.323683992222554,0.7116770732326514,,,0.6447042257417027,7.515744651201776,inf,,0.7388337953214184
327,1.8136672519498658,-0.04231890254549687,0.0,0.8572019313327142,0.7344469910223643,0.7079954152737072,1.1664137608913205,0.47921995194141664,,,0.6566669596287297,5.367310238034988,inf,,0.6908255069993938
328,4.605170185988091,-0.01535056728662697,0.0,0.7938371858720297,0.7678430113660838,0.6645145977196945,2.5233157683925507,1.4832385519502997,,,0.6652988471865258,10.308952660644293,inf,,0.8076661888486357
329,,0.0,0.0,0.8901682776898203,0.8512522868436783,0.6936957310047458,1.0582509697950753,0.9403809382349209,,,0.6309483474627791,inf,,,0.9187597913427373
330,,0.0,0.0,0.8482916313146268,0.8062839365352251,0.7324021768684822,2.0337632990086596,1.757588831051431,,,0.6380535849069913,inf,,,0.9498919120003528
331,,0.0,0.0,0.6235254368696245,0.5902378721112838,0.8043788867430887,1.0498900752415283,0.8729413889333326,,,0.6333676938231112,inf,,,0.8974050396435507
332,,0.0,0.0,0.22068435247514884,0.21077754528663,0.7900758001091216,1.2810240553124503,1.1502297387782767,,,0.6584896970785714,inf,,,0.7778977370594226
333,,0.0,0.0,0.29963016350741184,0.272970401166769,0.7452358631403501,1.9740716081224257,1.742191864022188,,,0.6447042257417027,inf,,,0.9388418977977434
334,,0.0,0.0,0.7484162251857436,0.7312277495529375,0.6932547243293259,1.871653650871906,1.6530848348314897,,,0.6284777104787076,inf,,,0.6542792588688932
335,,0.0,0.0,0.5020311902563126,0.4682929200561947,0.7220541321759989,1.9300904861459007,1.667265932586139,,,0.648888643467878,inf,,,0.9213078361163304
336,,0.0,0.0,1.0433220458933816,0.9949613041847378,0.7972487619827473,2.492774311066738,2.0988088866298886,,,0.6584896970785714,inf,,,0.8638832683028671
337,,0.0,0.0,0.8969874770869216,0.8821489641773351,0.7584573400570764,3.2676018591774056,2.9484544483090005,,,0.6233814453054027,inf,,,0.9203942280882452
338,,0.0,0.0,0.21741154249979314,0.1879017078634589,0.80353217533568,2.878681101784624,2.424235129912211,,,0.663668482632973,inf,,,0.8745342542434779
339,,0.0,0.0,0.8755683910622466,0.7764767587137391,0.8058246545141495,3.3730135031970305,3.6851143072498735,,,0.6309483474627791,inf,,,0.8409181696752527
340,,0.0,0.0,0.6640472134824328,0.6503638842501104,0.8415233407929982,2.891744114660441,2.3096501518974706,,,0.663668482632973,inf,,,0.9143393707166375
341,,0.0,0.0,0.8573527849707253,0.8274159226577597,0.7562270755016475,3.2614327151543505,2.3632948936909415,,,0.6207552362147116,inf,,,0.8466988548989226
342,,0.0,0.0,1.308480698666113,1.292543653719148,0.8264225504535766,4.208475449873363,4.254907960554372,,,0.6153451465759925,inf,,,0.8520323533334102
343,0.8765910512847085,-0.008765910512847086,0.0,0.971840868282259,0.9430858626505211,0.684248408046659,3.2983908406103315,2.701201683058909,,,0.6547956803312163,5.451727579847571,inf,,0.7366272826163394
344,3.6371036521002034,-0.18185518260501018,0.0,1.1922456962692152,1.0982884804415747,0.7307837531897572,4.510641241602187,3.7957167286659805,,,0.6619902821573977,5.9870299500401165,inf,,0.6141923048997261
345,3.400924827333148,-0.10202774481999445,0.0,0.9361470078556893,0.8842665763447649,0.6743134347766442,3.6265764603650683,2.1323606878549763,,,0.6778444222523095,6.587283383707366,inf,,0.8908496211546676
346,2.6136177097242244,-0.026136177097242242,0.0,0.9091987273661558,0.8773954390588232,0.679550641617736,3.4824433184028067,3.0400266867499,,,0.6403206450210053,6.129450290081885,inf,,0.6017857114741622
347,,0.0,0.0,0.76714538761377,0.745860907632488,0.7641616388369246,1.6691863263350355,1.4622550914229138,,,0.6858323589451731,inf,,,0.9385133840437643
348,3.064099490997054,-0.056079829698055195,-0.00651172668433132,0.7320961557911417,0.6956687026995282,0.7524002081372141,2.475967346449774,1.6109364277701506,2.0727637391488067,,0.6068309995095971,6.555534685392785,2.018816919863401,2.833213344056216,0.8689580232200026
349,4.31748811353631,-0.014391627045121034,0.0,1.000224206818874,0.9682900248642249,0.7030057750473546,3.800015375833743,1.5915455051317098,,,0.6509067234006624,10.021270588192511,inf,,0.697553111894807
350,,0.0,0.0,0.9547860813513858,0.8502203427163244,0.7099610092306033,2.5582316763777575,1.4567380588408545,,,0.68318204999448,inf,,,0.8137805741696792
351,,0.0,0.0,0.6749831091447491,0.6250319825055458,0.582474298268146,2.006111819161068,1.2174010135636921,,,0.6403206450210053,inf,,,0.7687621059150272
352,1.9661128563728327,-0.006553709521242776,0.0,0.5953459852544137,0.558223040105752,0.44277987290529996,3.0270503835292857,2.370092437511232,,,0.6233814453054027,7.669895331029034,inf,,0.7838186300455147
353,,0.0,0.0,0.7507247622100317,0.7222534860207656,0.6989909001587966,2.582675453362537,2.5049167895175595,,,0.6357360191111145,inf,,,0.7461983562282292
354,,0.0,0.0,0.37922852095395165,0.24168543638516007,0.4025110209589455,1.8562515861417481,1.7153073961162575,,,0.6619902821573977,inf,,,0.624739608509316
355,,0.0,0.0,0.32263165612361516,0.3190895193927689,0.4166060499577635,0.3308887972040047,0.17086555330212777,,,0.6309483474627791,inf,,,0.8223339729422482
356,,0.0,0.0,1.0521080599448485,1.0204818923808319,0.8060414068147054,0.4619165313950209,0.5966098466200711,,,0.6380535849069913,inf,,,0.9074908358874397
357,2.0661963149298153,-0.006887321049766051,0.0,0.6597270888416251,0.5914505910510484,0.6736919204963342,1.2027258392958131,0.31562145296970723,,,0.6357360191111145,7.769978789586016,inf,,0.8825446073696709
358,,0.0,0.0,1.4623451210854335,1.4255504746585046,0.5179847332285479,0.12579755921552627,0.19696288183913718,,,0.6380535849069913,inf,,,0.9372523328478607
359,,0.0,0.0,1.4505153101982238,1.4619922787419817,0.43930284121616936,0.12736481748891773,0.21701222577274537,,,0.648888643467878,inf,,,0.9127812545607151
360,,0.0,0.0,1.3865735822707888,1.3907765082523997,0.7972807456104893,0.20728155966656225,0.33011922356610945,,,0.6180765742263259,inf,,,0.938979542382523
361,2.317222822024022,-0.023172228220240218,0.0,0.9962841167333539,0.9659582599828376,0.7608549151717231,2.0098863795265394,0.6815015053786988,,,0.6547956803312163,6.653974758206037,inf,,0.7499114876446489
362,1.990292637833198,-0.019902926378331978,0.0,0.7514551927586568,0.6569713053396519,0.6967768545687966,0.7320288523658597,0.4765882073105894,,,0.6380535849069913,6.437751649736401,inf,,0.6308238068384264
363,,0.0,0.0,1.4266234163860272,1.4261272381743333,0.8256199062229767,0.06816967372334354,0.0882290969612004,,,0.6668815377411301,inf,,,0.9502137234022798
364,,0.0,0.0,0.9202419725590191,0.7304853963261198,0.7139594407028074,0.6599070820992584,0.15399776854610192,,,0.6097226960127671,inf,,,0.8353091193302583
365,,0.0,0.0,0.5718703244118706,0.5279312783093058,0.7133011434493737,0.8914137233262406,0.40940742069734537,,,0.62595550513784,inf,,,0.8912695272703551
366,,0.0,0.0,0.7714500295143255,0.7243840294008284,0.6935570174974958,1.1098898010339855,0.5753594602808172,,,0.6097226960127671,inf,,,0.8330454014654132
367,,0.0,0.0,1.237234335849808,1.1633558139262088,0.8750159938314118,1.3589498779198121,0.7800611123531986,,,0.6284777104787076,inf,,,0.8667455819152806
368,,0.0,0.0,1.5997361759941306,1.552000561494025,0.8071798193673252,2.6009823605620115,1.6064806973833217,,,0.62595550513784,inf,,,0.8904919228584823
369,,0.0,0.0,1.4601729575101587,1.4166392006656745,0.8456257318715894,2.410704047835928,1.3528006610492,,,0.62595550513784,inf,,,0.8864268467206726
370,,0.0,0.0,1.611635458891562,1.6071163161175661,0.8728394128211757,3.0065050977079473,3.5774447258336894,,,0.6068309995095971,inf,,,0.8812024763261016
371,,0.0,0.0,1.5773330190898711,1.5565335772309168,0.9437337043905838,2.857247971149441,2.3785513620735608,,,0.6447042257417027,inf,,,0.9112118712758454
372,,0.0,0.0,1.4290345734469045,1.3733150270882393,0.8376769659017722,2.665505833135812,1.3499275680533338,,,0.6740851607140061,inf,,,0.8664926100487003
373,,0.0,0.0,1.5476054679953157,1.5219041232506079,0.8739697124234149,1.1858347390125303,0.5206322592553039,,,0.648888643467878,inf,,,0.8862271721757149
374,,0.0,0.0,1.0086842212502205,0.9522898387804044,0.77354941283656,3.321808979725765,4.741181444479445,,,0.6584896970785714,inf,,,0.9118297604832551
375,,0.0,0.0,1.137339134259454,1.0458945850470045,0.8905391305329301,1.5098751163577782,0.655816612951206,,,0.6566669596287297,inf,,,0.8881970977717939
376,,0.0,0.0,1.4876338896788879,1.465782260636948,0.915251515206644,2.3210665248326054,1.0988382212671648,,,0.648888643467878,inf,,,0.8999416561833704
377,,0.0,0.0,0.5755500269119459,0.5125566877869341,0.7708641848480678,1.6651388939307306,0.6696667849148239,,,0.6425374456860184,inf,,,0.9122786232263789
378,2.659260036932778,-0.00886420012310926,0.0,0.6586256751256496,0.6392755494978297,0.6198867307803825,1.596979167633511,0.8592448420645251,,,0.6699045166045591,8.36304251158898,inf,,0.9240070005193395
379,,0.0,0.0,1.4117143522286435,1.358318860745587,0.8792234993729705,2.0580289652307795,0.9583140246266821,,,0.6333676938231112,inf,,,0.8918891320372362
380,,0.0,0.0,1.4806032691113344,1.4601076346218533,0.9372807000710089,2.470915469136517,2.0519231233486606,,,0.6619902821573977,inf,,,0.906441064660894
381,,0.0,0.0,1.4257269983637753,1.392646461504562,0.8906986686617488,1.8855613790398407,0.9953960756626568,,,0.6547956803312163,inf,,,0.9051460296471522
382,,0.0,0.0,0.8956779516282052,0.8912224078120912,0.7544354863883714,1.822382478177728,0.8189444536182016,,,0.676637947632344,inf,,,0.936934950822087
383,,0.0,0.0,1.5524328694189637,1.5214305952085985,0.8877999644072986,2.200601432902754,1.449166465076682,,,0.6380535849069913,inf,,,0.8926139632488814
384,,0.0,0.0,1.4881140721153463,1.4813070895076794,0.8388303089621979,1.5618013498265675,0.5998767553442756,,,0.6713451011121618,inf,,,0.9113540738333803
385,,0.0,0.0,1.1427282174760198,1.1137782975069648,0.8546257585461909,2.796502555224178,1.8461012261171659,,,0.6547956803312163,inf,,,0.9038197204856618
386,,0.0,0.0,0.7121716278693155,0.6839921201067909,0.7710440567784976,2.2657571446794194,1.0642562364266506,,,0.6357360191111145,inf,,,0.9576238661509632
387,,0.0,0.0,1.581982801385355,1.5606206584748075,0.9056194330521378,3.1840482773512093,2.3571044125282556,,,0.6380535849069913,inf,,,0.8897339484679612
388,,0.0,0.0,0.9209785486186688,0.9183353884402752,0.8378800317516488,2.8207064726155986,1.5400699464850898,,,0.6668815377411301,inf,,,0.9184251299382515
389,,0.0,0.0,1.2369400217692537,1.1846872018183452,0.8853654238095272,2.8911002060389155,1.5214547941670173,,,0.6740851607140061,inf,,,0.9132141736237449
390,,0.0,0.0,1.2587767615292622,1.213844242490482,0.7720243635381663,3.840517322268011,3.4073482631170195,,,0.648888643467878,inf,,,0.8635639667716231
391,,0.0,0.0,1.223811312676642,1.1950897209983777,0.8183477895297714,3.2963476762011856,1.841798720226453,,,0.648888643467878,inf,,,0.8318181989216122
392,,0.0,0.0,1.2330138930591472,1.129904264525096,0.787134655445881,1.1481781450318083,0.330071216251566,,,0.6584896970785714,inf,,,0.7785917200854421
393,,0.0,0.0,1.5322962423633903,1.2398884100373435,0.9304648543733259,1.7711912982924016,0.704736388179801,,,0.6873705427232264,inf,,,0.769774616120987
394,,0.0,0.0,1.5064005026513732,1.2967827327023813,0.9201780187293536,1.971129732050988,0.5386264114399102,,,0.6425374456860184,inf,,,0.808432980927327
395,,0.0,0.0,1.3617060464634405,1.2928979801449392,0.8450169306648864,1.1360005738140408,0.5159039736416331,,,0.6778444222523095,inf,,,0.872076767580785
396,,0.0,0.0,1.6092114639048596,1.5434432429256237,0.8483959887544833,2.450976794510834,1.3637566509253252,,,0.663668482632973,inf,,,0.8974276654349967
397,1.4930009944557074,-0.009953339963038049,0.0,0.9220305051571729,0.9088132190147221,0.7162232996899965,2.996765313116962,2.1318329679296038,,,0.648888643467878,6.502290170873972,inf,,0.6800214276602344
398,,0.0,0.0,1.6542554705558201,1.6220468079674677,0.9372023660381275,3.451082734359924,2.851636749988088,,,0.680118107274185,inf,,,0.8576397513395825
399,,0.0,0.0,1.7743852593386469,1.6900140638120007,0.9329263819936562,3.732510250515729,1.8447455883514108,,,0.6887264468386587,inf,,,0.7808313292576459
400,,0.0,0.0,1.3607565147352316,1.3015779421082567,0.8669422257518103,3.7244133501247685,2.417400652768145,,,0.6380535849069913,inf,,,0.914386950055189
401,,0.0,0.0,1.2459059826948746,1.1587619075378308,0.8799819193769112,1.370440301138342,0.5743873270088056,,,0.6584896970785714,inf,,,0.8197024726851679
402,,0.0,0.0,1.336554497245869,1.2299592360100486,0.9314158398735525,2.024485326712992,0.9962891572073476,,,0.6509067234006624,inf,,,0.8510081083372716
403,,0.0,0.0,1.514079149184214,1.4351764351841674,0.9473056568186772,2.179144782951933,1.0103121992085136,,,0.6584896970785714,inf,,,0.8465115586594041
404,,0.0,0.0,1.5868004880224522,1.580964776681082,0.9280589650564774,2.5541941725151798,1.6888346848875435,,,0.6425374456860184,inf,,,0.8674425879257379
405,,0.0,0.0,1.3781693956782541,1.3282403215245386,0.8842689300625559,2.039980533136458,1.0465678957690705,,,0.6309483474627791,inf,,,0.8781635900448136
406,,0.0,0.0,1.5297405954347565,1.520329209145797,0.9058289458015097,3.0231956189333826,1.8158037151372457,,,0.6566669596287297,inf,,,0.8963752350180783
407,,0.0,0.0,1.4701311016898955,1.4287210239587684,0.9097379233003545,2.3408230690008653,0.8824036641599,,,0.6740851607140061,inf,,,0.87794989518979
408,,0.0,0.0,1.4952236292628054,1.455356555194031,0.911093294972053,2.5167638734783635,1.0336362115902227,,,0.6547956803312163,inf,,,0.8600087351317497
409,,0.0,0.0,0.8627790936525646,0.8439424630364948,0.7941433576806634,4.406183734911057,4.377415777001606,,,0.6509067234006624,inf,,,0.8398527442063158
410,,0.0,0.0,1.6926436604046136,1.6550504880293553,0.7475505276621708,3.0099581303151157,2.2048237043651926,,,0.6923361870099347,inf,,,0.8695632927426619
411,,0.0,0.0,1.0341088934392824,0.9161773804674836,0.8520121844663248,2.3191122388019054,1.253323426126042,,,0.676637947632344,inf,,,0.917609718401235
412,,0.0,0.0,1.2450606251748237,1.2044024866258962,0.8877648881112984,2.3377375939293383,1.1091260761095327,,,0.6333676938231112,inf,,,0.8702468304389174
413,,0.0,0.0,0.6052022665923898,0.5985776553139718,0.7273270065051529,1.9102439272294414,0.7594457279151967,,,0.6778444222523095,inf,,,0.9254720360432623
414,,0.0,0.0,1.042890504134787,0.8741545446385457,0.7685401145152553,1.3868309293346712,0.7160622553895342,,,0.6619902821573977,inf,,,0.813173554267459
415,,0.0,0.0,0.5469833619706004,0.48936543432680557,0.650290804163866,1.0890854096737739,0.6974338000093228,,,0.6684167106117298,inf,,,0.9533834877859392
416,,0.0,0.0,1.4106124544972394,1.2831465701801426,0.9032944334355242,1.7118315830291473,0.5400389358241051,,,0.675384900321601,inf,,,0.8839312822402629
417,,0.0,0.0,1.6131374885472503,1.4445049129639758,0.9406463851579767,2.195288185904677,1.1520203822556279,,,0.6425374456860184,inf,,,0.8577326479441184
418,,0.0,0.0,1.4596444806858417,1.4441016024326316,0.7678629323311507,0.47414278480174116,0.6164723687564673,,,0.6652988471865258,inf,,,0.9501350767425263
419,,0.0,0.0,1.542937172788595,1.5173843375841032,0.7766548411852896,0.6691292222247913,0.3859687623760105,,,0.6547956803312163,inf,,,0.8943498848609941
420,,0.0,0.0,1.0242894748744922,0.9631476671141636,0.681754530037949,1.352014971491058,0.24496677691367585,,,0.6509067234006624,inf,,,0.8452063897680974
421,,0.0,0.0,0.7038420050731133,0.6937240140289587,0.8252773690968157,3.282035812079857,5.415010252020245,,,0.6233814453054027,inf,,,0.8883148359918241
422,,0.0,0.0,0.8401678927780996,0.7849435271275629,0.6064838669350681,2.0956921732849336,1.3858065173573757,,,0.684994737851132,inf,,,0.887880438960433
423,,0.0,0.0,0.6999793344194875,0.4471813680988978,0.7844540082862119,2.050424620877227,1.3243160868008381,,,0.6584896970785714,inf,,,0.8665660692592639
424,1.3519430753312556,-0.013519430753312557,0.0,0.7735385032843245,0.7740925094648515,0.6562521573383503,1.8200588419519537,0.6383645313857171,,,0.6584896970785714,5.772775346143153,inf,,0.9129228282326901
425,,0.0,0.0,1.5892656362922875,1.535592418452869,0.8722546385318641,3.0586051757269073,1.920124442256459,,,0.6684167106117298,inf,,,0.9145433710580824
426,,0.0,0.0,1.3425268499349148,1.316176664380679,0.9268056793770248,1.7275401511841184,1.0395580159162259,,,0.6652988471865258,inf,,,0.8904092915158612
427,,0.0,0.0,0.758692787138713,0.7309897981943073,0.8057464649872992,2.8101321383578095,1.128310276689941,,,0.663668482632973,inf,,,0.9228902301329862
428,,0.0,0.0,1.4312171969218184,1.3000321058022004,0.8760512330897728,1.9618411032003782,0.7285932087970162,,,0.6468212168108125,inf,,,0.8888723224595321
429,,0.0,0.0,1.5899450274144926,1.5540388525538733,0.8954686995063006,2.559692785509624,1.4437893472278613,,,0.6652988471865258,inf,,,0.8833069373054386
430,,0.0,0.0,1.0222097626845654,0.941600912108335,0.8298675756077657,1.2874751713542127,0.751507091984472,,,0.6684167106117298,inf,,,0.8772431963398964
431,,0.0,0.0,0.9911115563778684,0.8445572500426259,0.8705942078027616,1.1048291667625993,0.723777508085973,,,0.62595550513784,inf,,,0.8521215305731981
432,,0.0,0.0,0.8352573058721444,0.8184971855801552,0.702948470462106,0.9556144866494172,0.41605898616188164,,,0.6468212168108125,inf,,,0.8786323164855477
433,,0.0,0.0,1.1325983082165936,1.0597349466328527,0.8660314357294937,1.2522903198851518,0.8359326286980235,,,0.675384900321601,inf,,,0.8733819164791545
434,0.49977578757940566,-0.0016659192919313522,0.0,0.6144539773879297,0.601851564812666,0.7578003562324782,1.8022684543603689,0.6483944858689821,,,0.6509067234006624,6.203558262235607,inf,,0.9496878452896151
435,,0.0,0.0,0.46333068750202383,0.44004137776802704,0.7748507007741118,3.176227708649545,2.1596408833749012,,,0.6380535849069913,inf,,,0.9221115404863637
436,,0.0,0.0,1.2075289874181643,1.1612539551621412,0.8568156502463229,1.9632426748144132,0.8258391837757633,,,0.68318204999448,inf,,,0.8976067517085458
437,,0.0,0.0,1.5833542542654437,1.5138840592329346,0.9222924148225062,2.240008411321854,1.0434792951798366,,,0.6403206450210053,inf,,,0.8624428920973175
438,,0.0,0.0,1.2297713222590714,1.1801353622113335,0.8289272122444901,1.2613224678770467,0.5766523138688269,,,0.6740851607140061,inf,,,0.8525884986874019
439,,0.0,0.0,1.336094841627395,1.3234059893426473,0.8827198442511671,2.129086263438571,0.852058490534159,,,0.6038851895711802,inf,,,0.8572688362171775
440,,0.0,0.0,1.6543067691782312,1.6375727169585301,0.9381986168870743,2.5934036066829758,1.3134067071816329,,,0.6333676938231112,inf,,,0.896335827434095
441,,0.0,0.0,1.2829418178784433,1.2212187748205277,0.868889871873643,2.4867512821578437,1.1260388261891006,,,0.6380535849069913,inf,,,0.9074119854794505
442,,0.0,0.0,0.8323706659553414,0.8103249494100886,0.737198305286453,2.474330610822419,1.762686061665951,,,0.6309483474627791,inf,,,0.8815524972375959
443,2.17742195004004,-0.007258073166800133,0.0,0.7252690158136605,0.7005689022490669,0.7746257937870309,2.281300314169196,1.5471225661694725,,,0.6357360191111145,7.881204424696241,inf,,0.8902440424282161
444,,0.0,0.0,1.4484120056458798,1.4405139521262749,0.733467376947887,3.5293143095393504,2.0574444675468837,,,0.648888643467878,inf,,,0.8903386786369233
445,,0.0,0.0,1.3722829514037402,1.3277927935054032,0.7790622901827293,4.637295417330617,8.584207027469741,,,0.676637947632344,inf,,,0.8424249477478787
446,,0.0,0.0,1.7548054538697078,1.7760054524495925,0.8905938069581606,3.7826351889998273,3.9462411790652134,,,0.6778444222523095,inf,,,0.8265598482288141
447,,0.0,0.0,0.7418021596397213,0.7281478502312028,0.5164416614503156,3.773316896471108,59.20284156820218,,,0.676637947632344,inf,,,0.9192710498881445
448,,0.0,0.0,1.7727194529333417,1.7654768749110656,0.9251778692599094,3.814755159471632,30.797661177647683,,,0.6778444222523095,inf,,,0.8424845967402588
449,,0.0,0.0,1.7854704065240898,1.7647657302035884,0.9500236275869796,3.703429524486904,64.4703629026122,,,0.6652988471865258,inf,,,0.8583761525770841
450,,0.0,0.0,0.7263470051891594,0.6516564829088555,0.5281501340187614,3.8358302524253105,53.286310543404745,,,0.680118107274185,inf,,,0.7512155911539979
451,,0.0,0.0,1.4116231395468872,1.396290361937494,0.7480866391711891,4.480126405990131,39.884073189105415,,,0.6866242695638369,inf,,,0.9114448600586599
452,,0.0,0.0,1.6137898822268717,1.559988883153067,0.8746086023711531,4.04904193325929,31.863716111367825,,,0.6740851607140061,inf,,,0.8904346362692792
453,,0.0,0.0,1.54416712598088,1.5275044160229194,0.9207727049309838,4.317035814461818,8.556176678849038,,,0.6858323589451731,inf,,,0.8734390794486745
454,,0.0,0.0,1.0649581637045926,1.0471934067876398,0.6365674763276378,4.030028544964335,17.82372083021684,,,0.6929444732904678,inf,,,0.916345783051798
455,,0.0,0.0,0.9578195035986137,0.9402319233414607,0.5604542222324377,4.656241577873636,76.61085850250078,,,0.6866242695638369,inf,,,0.7760143697842476
456,,0.0,0.0,1.3808182798176176,1.3546796196585644,0.8273227279715551,3.991881354356362,32.893500853003644,,,0.6931246588828293,inf,,,0.8667998837380784
457,,0.0,0.0,1.695412219914128,1.6596246122031448,0.9352763081988105,3.7808729631544793,2.5615351944600406,,,0.6913218275001582,inf,,,0.8382831392858521
458,,0.0,0.0,1.064373039261313,1.0547555542546634,0.6323921614156279,4.217894723799658,8.641086929769212,,,0.6899005683814056,inf,,,0.7285827329512543
459,,0.0,0.0,1.062058214458689,1.0232189065018304,0.5582231826324062,4.167038320313619,2.2629178830243495,,,0.6822068148872973,inf,,,0.777880541883326
460,,0.0,0.0,1.3795302391345343,1.3689951564943017,0.8713149604886676,4.400295306261759,4.597941420735467,,,0.6866242695638369,inf,,,0.8964302397874897
461,,0.0,0.0,1.1511778156269,1.1188197218288216,0.6586856921319031,4.2612375600462595,4.782637231239649,,,0.6920432203634352,inf,,,0.9315474642790315
462,,0.0,0.0,1.1067978157647087,1.0813758304774401,0.7464944412228275,4.350942667735757,2.289748515059264,,,0.6699045166045591,inf,,,0.9146880742542141
463,0.05480823649499503,-0.00018269412164998342,0.0,1.0686585932522925,0.9839261758936824,0.7419190896057791,4.370678839698246,19.124803157292593,,,0.648888643467878,5.7585907111511965,inf,,0.8626849261655434
464,,0.0,0.0,1.4553881754710725,1.3989597575929462,0.8211106136844377,3.8727875872977275,1.8444733696596107,,,0.680118107274185,inf,,,0.9132686069099232
465,,0.0,0.0,1.7647660988653517,1.670205760660708,0.9452552194844261,4.254163750326762,3.4578197532858876,,,0.6904195972802146,inf,,,0.8707155590850539
466,,0.0,0.0,0.8325738770285513,0.8110937497030837,0.6693773671792301,3.5033019694045016,1.822557236290065,,,0.676637947632344,inf,,,0.809796544572747
467,,0.0,0.0,1.422331826496533,1.3678475311796348,0.9168213533423266,2.8320730940371766,1.6260461119235985,,,0.6841113288387766,inf,,,0.9055078036992574
468,,0.0,0.0,1.3810391205342123,1.3212935936522547,0.7874608702423209,3.6647053551102595,11.807022795893731,,,0.680118107274185,inf,,,0.8945653073415926
469,1.2971375934216827,-0.008647583956144551,0.0,0.994796901669768,0.9890808956591656,0.6656256963204239,2.98427232713003,1.6339447582225834,,,0.648888643467878,6.307698521488204,inf,,0.7993245529229148
470,,0.0,0.0,1.146581520219101,1.0970524559579378,0.7955213951731923,3.7606061878406125,2.254928386037319,,,0.6652988471865258,inf,,,0.8109681962353901
471,0.09798040836020379,-0.00032660136120067927,0.0,0.9964438100779238,0.9266189705873156,0.4648206391337161,4.159426638234135,3.147129358090221,,,0.6873705427232264,5.801762883016405,inf,,0.6574053230682474
472,,0.0,0.0,1.2411444919625787,1.2058725231128398,0.7651358777626006,4.081542192330718,12.373079964375908,,,0.6858323589451731,inf,,,0.915109892184655
473,,0.0,0.0,0.9124565424109827,0.9067567893317751,0.6247589289839294,3.486266133402994,3.689312434827927,,,0.6811855325194978,inf,,,0.8839226086759895
474,,0.0,0.0,1.0499609694913357,1.003636709617707,0.7669924589277495,2.7741757960814266,2.154445517056537,,,0.6509067234006624,inf,,,0.954963512116161
475,1.7334905611040792,-0.00577830187034693,0.0,0.9702766899139268,0.9156322014329713,0.7718315325706113,3.0135759180791917,3.2476221841245243,,,0.6668815377411301,7.43727303576028,inf,,0.7534274542241249
476,2.418051548988887,-0.07997525128119179,-0.016746810678363686,1.2948758893712575,1.2459311571388696,0.7777112794231983,3.4849169780029627,1.6269185013026375,,,0.6740851607140061,5.250585963726847,5.4638318050256105,inf,0.7829443422912697
477,2.5682882587270512,-0.008560960862423504,0.0,0.9546610547760853,0.8951944719758204,0.6975084839132742,2.9680872332978523,1.7921742799536147,,,0.6740851607140061,8.272070733383252,inf,,0.7983642293832037
478,3.2188758248682006,-0.010729586082894002,0.0,0.9698629981676913,0.9382705043580635,0.6840682075252711,3.141158905757176,4.779770774424485,,,0.6547956803312163,8.922658299524402,inf,,0.7421691305827969
479,,0.0,0.0,1.5522307219749374,1.5272667533684028,0.8542455322939151,2.8258776691253757,4.60954717689836,,,0.5915533975974677,inf,,,0.9002577419105213
480,,0.0,0.0,1.4289905894843753,1.4179086065254871,0.7572788090718319,3.3900088303704945,15.135394164652432,,,0.5883313578629602,inf,,,0.8905413597589846
481,,0.0,0.0,1.0492600990131444,1.0384919972270086,0.7095571598989523,2.323902782445863,1.9860567721727675,,,0.6207552362147116,inf,,,0.9234911411713651
482,1.1190232859282372,-0.007460155239521581,0.0,1.0250345015467854,0.9832886514360464,0.7152953766492729,2.9716081172871154,2.3817290222359273,,,0.6778444222523095,6.041588934290551,inf,,0.858933201926584
483,0.7201758529478646,-0.002400586176492882,0.0,1.1190275963311138,1.081412733164803,0.8060321433309114,2.6648405504931563,2.0215073445870995,,,0.6425374456860184,6.4239583276040655,inf,,0.7578455560648844
