,bvp+temp_XAp0,bvp+temp_XAp1,bvp+temp_XAp2,bvp+temp_XCond1,bvp+temp_XCond2,bvp+temp_XDist,bvp+temp_XFuzz1,bvp+temp_XFuzz2,bvp+temp_XK2_1,bvp+temp_XK2_2,bvp+temp_XPermEn,bvp+temp_XSamp0,bvp+temp_XSamp1,bvp+temp_XSamp2,bvp+temp_XSpec
0,5.7037824746562,-5.7037824746562,0.0,1.5214880407508107,1.4989483193521518,0.4869657224670089,2.8431119738641604,4.24500132507929,,,0.5451288209179292,5.703782474656201,inf,,0.7710191081283813
1,4.0147308157554065,-1.5172120595206908,-2.4975187562347156,1.597356747647992,1.6001708842254423,0.641429654931672,3.1252166320102206,3.4469934352978027,,,0.5883313578629602,4.010616346691388,2.5217512794198624,inf,0.5329568659293316
2,2.8055058971704807,2.894937676220206,-5.700443573390687,1.6538649045151619,1.6281857838675935,0.8235735822699557,4.852529493317416,20.564767116032943,2.896799819004346,,0.6038851895711802,2.8036437543863406,2.9034776215353753,inf,0.7784762359404976
3,3.9339015922434206,-3.9339015922434206,0.0,1.1132629706616988,1.0697314811536698,0.6086789703679746,2.7201776191283025,1.9525420245318013,,,0.5978297680564633,3.9322257127456655,inf,,0.7756911137024523
4,4.605170185988091,-4.605170185988091,0.0,1.6531879761986243,1.6384069879260523,0.7502741868596997,2.934010594976266,2.775390229539306,,,0.6038851895711802,4.605170185988091,inf,,0.6406843950280212
5,3.1388331171946646,-3.1388331171946646,0.0,1.6437569363340974,1.593873771737265,0.6993200890486608,3.1787992877395426,1.37153721970349,,,0.541134803179459,3.138833117194664,inf,,0.6080269963039042
6,3.7440740816963536,-3.7440740816963536,0.0,1.3266102244296112,1.3450575016353532,0.7048106947609099,2.9809033818921105,1.5788571322838316,,,0.5202020156036558,3.743218317213785,inf,,0.816178779156986
7,4.795738786798927,-4.795738786798927,0.0,1.7469299292010712,1.695696524812176,0.5012973255860017,2.6482338292885923,1.5905503195048691,,,0.5490601803369085,4.775563171916772,inf,,0.7562649353875391
8,5.010635294096255,-5.010635294096255,0.0,1.4787805382420607,1.4517243118366128,0.42693126366565687,2.1175625044302526,1.8202461388427404,,,0.468121228110369,5.0106352940962555,inf,,0.7061966960195827
9,3.757872325600888,1.942571247789799,-5.700443573390687,1.6623956255283088,1.596441039944677,0.6937558103664583,3.807761253426816,5.304612227201858,1.9425712477897987,,0.5883313578629602,3.757872325600888,1.949249050320828,inf,0.7818501673689279
10,3.133645559143904,2.5667980142467828,-5.700443573390687,1.3230658429851394,1.2688687009670707,0.8249917726463724,4.46282582181359,22.49001672586002,2.566980626370616,,0.5490601803369085,3.1334629470200706,2.5736584289016453,inf,0.718438945786587
11,3.122538091780338,2.577905481610349,-5.700443573390687,1.5972296610703094,1.4867170469258646,0.8263511198199492,3.4005096697882125,6.349756112708723,2.5786440445926146,,0.5158180382284114,3.1217995287980718,2.5853218471236437,inf,0.48316869824293057
12,2.9404317716838833,-2.9404317716838833,0.0,1.70474997070965,1.695744207572583,0.7890985126869674,4.614650358885773,16.673109506105156,,,0.6447042257417027,2.9393519401178834,inf,,0.6406246616522547
13,,0.0,0.0,1.6263195484852706,1.5733832390751172,0.5728128475863344,2.7244245746722857,3.392388212559569,,,0.48319206230712763,inf,,,0.6658781458138905
14,4.8979806242862,-4.8979806242862,0.0,1.7046985391102343,1.684865891886492,0.6698314309840869,3.174429665866547,2.9887300178879705,,,0.552929491858785,4.873776111379058,inf,,0.6731620318389074
15,3.5175629454273363,-3.5175629454273363,0.0,1.52698835442399,1.506308484444029,0.7172043819126857,3.953401686217694,2.8752142629670048,,,0.5490601803369085,3.511756572229219,inf,,0.7917120884498006
16,3.0855945801000075,2.6148489932906793,-5.700443573390687,1.7556171001727123,1.7421251862820843,0.754086802593978,3.951739718710795,3.808783490094848,2.616001511666019,,0.5604843169999094,3.0844420617246673,2.622679314197048,inf,0.726051526213494
17,2.5636067011409835,2.7019740365546605,-5.265580737695644,1.43899006159993,1.4386359776473927,0.6475895176284933,3.895188828963137,6.729447304680187,3.1369265230207746,,0.581717464821069,2.563517050369912,2.6557837758599008,inf,0.7989989479079639
18,2.7314741388725245,-2.7314741388725245,0.0,1.5687915053411976,1.5659312671538392,0.8481349475763298,4.129475742276276,19.00616263648311,,,0.5713653840954815,2.731148252348187,inf,,0.7843865623333783
19,2.3652615269149684,2.642034865915773,0.6897970936746631,1.7514632105506438,1.7298476929008963,0.7652427616318344,4.867275596377331,13.966055039814602,2.642126424645074,0.6897970936746634,0.5113665138247345,2.365169968185667,2.6488042271761034,0.6964972674452273,0.8303429121335724
20,2.5829643390743495,2.5263336455444776,-5.109297984618827,1.4639543319854609,1.4424459764889364,0.78954489432195,4.596942024278226,9.570075581335393,2.5012764810667476,,0.5713653840954815,2.5824459789673413,2.507954283597777,inf,0.7779979550684877
21,2.6977060137189537,-2.6977060137189537,0.0,1.6013513678415057,1.587368109085006,0.8519678788185999,4.62618791612868,53.76205647932494,,,0.552929491858785,2.6972751279342515,inf,,0.7331209647545147
22,3.0191898498595537,-3.0191898498595537,0.0,1.5652659251483207,1.5499059080471285,0.8998591575583189,4.5205178235044725,43.743277462230736,,,0.49759852643134905,3.0186597781976956,inf,,0.5439233068404964
23,2.919068828053133,2.0882275647776085,-5.0072963928307415,1.2799967729509405,1.2533696256059812,0.7733944867779494,3.837689076353427,4.559680518679335,2.5211105747402365,,0.552929491858785,2.9187712324178627,2.0952029629439077,inf,0.6107867179145101
24,2.6589235987222075,2.7795613412127143,-5.438484939934922,1.4940756164454556,1.472642362852734,0.8830385559893738,4.399468752905808,21.449325176154908,2.8289174402297204,,0.5677978065141052,2.658466700913382,2.7280748990494934,inf,0.7126410969488435
25,2.6127400212978853,-2.6127400212978853,0.0,1.5180442900174689,1.475093029628928,0.746495797087592,4.371591611788029,4.537051314854049,,,0.552929491858785,2.6127400212978853,inf,,0.7273788244441014
26,2.232405101100903,2.7748912917298383,-5.0072963928307415,1.5957076461666129,1.572082147993338,0.7774019859923702,4.172514312420972,36.277382710187105,3.468109818940899,,0.5567373465730988,2.232333754449787,2.781640440911983,inf,0.8248884766858409
27,4.605170185988091,-4.605170185988091,0.0,1.590859044920958,1.5631624286211814,0.697178732918842,3.739234261656086,9.544104099672778,,,0.5641709578113449,4.605170185988091,inf,,0.6107368553732144
28,4.0943445622220995,-4.0943445622220995,0.0,1.685559064842106,1.6737148418285375,0.7668957607901762,3.7440132503327193,3.4017159594744313,,,0.5490601803369085,4.0943445622221,inf,,0.7289796744721363
29,3.377707088050243,-3.377707088050243,0.0,1.6892866353936657,1.6954851191918272,0.6805742239412677,4.020958116003562,12.402670036334898,,,0.581717464821069,3.375204801387902,inf,,0.66416951004444
30,3.302736964971716,-3.302736964971716,0.0,1.4577619370337145,1.449208645749811,0.7602334235895054,5.072897804658517,9.655823964112354,,,0.581717464821069,3.2965371111187225,inf,,0.6677324189889682
31,2.813410716760036,-2.813410716760036,0.0,1.69032702945688,1.6658830838895546,0.7771704024931319,3.769890273092992,5.562678447691105,,,0.524519217297268,2.8134107167600364,inf,,0.762329997521843
32,2.965829425426916,2.0414669674038253,-5.0072963928307415,1.474400359536605,1.464920160913479,0.8460495717275494,3.8161279754573125,25.452401476413502,2.2978492481344803,,0.524519217297268,2.9653108445606584,2.048663350801112,inf,0.466327126471137
33,2.8414183395416113,-2.8414183395416113,0.0,1.7436429015751322,1.722358616381702,0.7563982356550119,4.328351220621444,34.03534728745607,,,0.524519217297268,2.8410103283584407,inf,,0.8413012535283699
34,3.185699606072377,-1.660497312188581,-1.5252022938837957,1.6798154226118982,1.6683937175980177,0.8243605709267873,3.9056352291940257,4.562133257120518,5.1261751242894755,,0.6180765742263259,3.1836695691335812,3.841868745504939,inf,0.6761556291070191
35,4.620037239952057,-4.620037239952057,0.0,1.513619652670271,1.4223559432193276,0.6396621474536641,4.083871667241342,16.579493917220933,,,0.5329562494928909,4.617467713798497,inf,,0.5335696351649912
36,4.948463977519669,-4.948463977519669,0.0,1.6116767638998328,1.5775143321202532,0.7181063270194774,3.60469423275416,5.463895661521623,,,0.6008849035917525,4.9367654455298,inf,,0.695565714291236
37,3.170316582212922,-3.170316582212922,0.0,1.3768517922068515,1.344916116995998,0.7374603673256095,4.0816956573854615,8.868683540378328,,,0.5567373465730988,3.1695567000939993,inf,,0.6104589233352439
38,4.803848088961091,-4.803848088961091,0.0,1.659473969589667,1.6511934051092896,0.8253615586797806,3.6828843668667135,3.418088109126908,,,0.4576907132971797,4.783499721512508,inf,,0.9297270613385868
39,4.393244392615279,-4.393244392615279,0.0,1.725113104112176,1.697309904557173,0.5439952829581534,3.8012852625867923,4.728033020030587,,,0.5713653840954815,4.385588526240242,inf,,0.5772289482838512
40,3.106572056425162,-3.106572056425162,0.0,1.6290127985811649,1.6003156417261206,0.7475150583496919,4.472846886929504,6.633043776574518,,,0.5915533975974677,3.105299154439034,inf,,0.6025215507214525
41,3.237334045217785,1.1094924923510332,-4.346826537568818,1.7428466201477892,1.7025769919106986,0.8119867284791245,4.087846060613112,6.403931200218149,2.876089355979916,,0.6153451465759925,3.2365307601069215,2.74168856025104,inf,0.43350479738675696
42,3.144169297706233,-3.144169297706233,0.0,1.3963692279668938,1.361640748567228,0.7259669307083538,4.0655030858705965,16.81144468110316,,,0.5883313578629602,3.1439745166950828,inf,,0.7317323444461326
43,3.3400505034460575,2.3603930699446294,-5.700443573390687,1.6257785896812573,1.5678855393440068,0.7630138236664049,4.775745780099266,15.40427829906396,2.3640971640481476,,0.524519217297268,3.336346409342539,2.3707749665791766,inf,0.7070155777317907
44,3.5065578973199822,2.1938856760707046,-5.700443573390687,1.6935381119259518,1.6509908008805774,0.6935463155909661,3.019782628467406,2.0892478066693654,2.1938856760707046,,0.552929491858785,3.506557897319982,2.200563478601734,inf,0.6916491719593905
45,3.1817893703127953,-3.1817893703127953,0.0,1.488710413071785,1.4059959811366498,0.7122592095596489,3.1061596727830065,1.943168472537037,,,0.5641709578113449,3.1809914743352885,inf,,0.5343716318712007
46,4.137485648809514,-4.137485648809514,0.0,1.498553041688405,1.473233425657095,0.7847417852999061,2.6685864644572335,1.6573818809634204,,,0.5641709578113449,4.133778631467508,inf,,0.8463776944237587
47,4.605170185988091,-4.605170185988091,0.0,1.6857476714331678,1.6389361217912857,0.656300871603163,2.4540471774978565,2.825269680806141,,,0.5329562494928909,4.605170185988091,inf,,0.7018185923681695
48,5.00117444157373,-5.00117444157373,0.0,1.655471110747407,1.5964983728017446,0.7082738550330768,3.619053441855068,34.702235488751214,,,0.6008849035917525,4.9990361582529035,inf,,0.7601002766948562
49,,0.0,0.0,1.6127190043341768,1.5730513883475916,0.791390147106317,4.594235518721166,42.29453500029032,,,0.5604843169999094,inf,,,0.9442431256446251
50,4.605170185988091,-4.605170185988091,0.0,1.036348294210907,1.0098351678300803,0.6807266221589546,5.302334459077536,18.027910119673393,,,0.5567373465730988,4.605170185988091,inf,,0.8116377252835077
51,4.138229460647228,-4.138229460647228,0.0,1.5448399170496243,1.503421122512914,0.8335949817662809,3.5929576485902475,35.16590133143875,,,0.4928685327679205,4.13447235331288,inf,,0.8395887589323991
52,4.465164910728223,-4.465164910728223,0.0,1.6900674063116605,1.6753765418573976,0.7702272101890414,4.200450504584319,8.437112404967321,,,0.48319206230712763,4.454836304687534,inf,,0.6935815500508702
53,3.757872325600888,-3.757872325600888,0.0,1.699707275585034,1.5707293483537075,0.725827466585435,3.9633655670666545,5.340541267745719,,,0.5113665138247345,3.757872325600888,inf,,0.7039961338600383
54,4.0943445622220995,-4.0943445622220995,0.0,1.6086513752331806,1.5447412554290747,0.678197343968481,3.7587947963829067,2.4654463163218514,,,0.585052858160615,4.0943445622221,inf,,0.8980396160908874
55,2.787098002408502,-2.787098002408502,0.0,1.5796501056709262,1.5019608323855547,0.7678361640489182,4.94136805383446,15.228770096241522,,,0.5713653840954815,2.7867327231366787,inf,,0.9141959175110225
56,4.437355643724552,-4.437355643724552,0.0,0.9188157452324761,0.8828622643944241,0.694545623238951,5.155208122433448,14.253183531044993,,,0.552929491858785,4.427489008750639,inf,,0.7601282764605958
57,3.380229142105204,-3.380229142105204,0.0,1.7095549225322866,1.684676132174944,0.7902829961104033,4.690134761320569,52.21207695893746,,,0.585052858160615,3.3794358898806425,inf,,0.5063661061924631
58,5.338724959561295,-5.338724959561295,0.0,1.3291522002034344,1.26047903654099,0.757865855303164,3.5774352812682126,7.51422772160115,,,0.541134803179459,5.280695765198217,inf,,0.7960737095760257
59,5.12157009221461,-5.12157009221461,0.0,1.5415535875911326,1.5229380757702509,0.7466543157389333,3.9145389019634242,33.60246271317371,,,0.552929491858785,5.025748931906304,inf,,0.7495811399457298
60,5.703782474656201,-2.9089290620746624,0.0,1.566326025406372,1.4953466996346692,0.7135481285703363,3.2227816939046896,5.716653725549753,,,0.5370774965580548,6.3771270279199666,inf,,0.6787036973159117
61,4.536126488599663,-4.536126488599663,0.0,1.6036672807176582,1.6003017111938018,0.6945864636660568,3.724119904531542,1.8401219388960146,,,0.5978297680564633,4.528209144851963,inf,,0.5229137962820203
62,5.7037824746562,-5.7037824746562,0.0,1.3177501284504165,1.2965080564350373,0.6677900805201544,3.9393878281494916,5.145382096812418,,,0.4928685327679205,5.703782474656201,inf,,0.928311733646298
63,5.703782474656202,-3.8975846910150715,0.0,1.594536319123385,1.5549296896136027,0.5431683025564334,3.7401951493655994,4.478359305379522,,,0.524519217297268,6.084554970173994,inf,,0.8870228468510678
64,5.7037824746562,-5.7037824746562,0.0,1.4251977734908872,1.3468452634046375,0.676246515448998,4.00756175439086,6.2528852063067255,,,0.4880666971167561,5.703782474656201,inf,,0.6388887564909737
65,4.817363592564696,-4.817363592564696,0.0,1.5376124525565302,1.4851210197700668,0.563481139416407,3.379042135235324,3.548918611251575,,,0.541134803179459,4.796868904594643,inf,,0.5428931180849581
66,,0.0,0.0,1.57896726812415,1.5568867190509674,0.5693587196307694,4.123110092906237,23.32112764851918,,,0.5490601803369085,inf,,,0.9464164083634663
67,5.7037824746562,-5.7037824746562,0.0,1.4684204728907586,1.4689875243500599,0.629224539776426,3.8687741545107848,7.555328269739245,,,0.5451288209179292,5.703782474656201,inf,,0.5382772007288991
68,5.703782474656203,-4.658089020969232,0.0,1.5988785273858264,1.6073272725760064,0.687412130196248,3.449994259376312,3.4540393532692355,,,0.5068466436745385,5.906306738767675,inf,,0.9154850549377697
69,,0.0,0.0,1.6727598965093182,1.6527269156384887,0.6687110700275518,3.4499864894626464,2.981193193942835,,,0.5915533975974677,inf,,,0.8937755017780304
70,,0.0,0.0,1.6527701348325718,1.6427231485960236,0.6647903855726466,3.5321337137354183,2.9608561333251124,,,0.541134803179459,inf,,,0.8297319874961161
71,5.334103978357562,-5.334103978357562,0.0,1.5638987314604034,1.4817701192751775,0.736545018749025,4.067311872777442,30.423281443286825,,,0.5567373465730988,5.276338459829262,inf,,0.8220802820000412
72,,0.0,0.0,1.4936735107332217,1.4678728063348925,0.9541150575978873,4.069092175554172,3.6952963618482135,,,0.5202020156036558,inf,,,0.8674667121539608
73,,0.0,0.0,1.5971395979219902,1.5769575019184443,0.9352942268695845,3.554391241587591,29.856633273395847,,,0.4302020962658841,inf,,,0.8893055525334717
74,,0.0,0.0,1.455572336508125,1.4467016143534939,0.6330895411358203,3.8070797859877725,14.069181112197573,,,0.5202020156036558,inf,,,0.9219946204520914
75,5.7037824746562,-5.7037824746562,0.0,1.3334471072317968,1.3179931363368662,0.9446759803489332,4.880869949241304,33.5815169790355,,,0.45235697871908603,5.703782474656201,inf,,0.9024678507157915
76,,0.0,0.0,1.6408851762133285,1.6260252095698406,0.8883657153043909,3.4417368064471594,6.527264705270887,,,0.4928685327679205,inf,,,0.9101895712980089
77,5.7037824746562,-5.7037824746562,0.0,1.4404028689315147,1.381547875773771,0.6979921928991842,4.241347617421833,36.74336241181808,,,0.5068466436745385,5.703782474656201,inf,,0.8775395612670753
78,3.8878727322552087,-3.8878727322552087,0.0,1.6937870732731375,1.6598275911800566,0.7172802601412553,1.3671621965877547,0.4888182809944037,,,0.524519217297268,3.886246969113162,inf,,0.5542372393953078
79,3.4707353219963206,-3.4707353219963206,0.0,1.654187503982444,1.4796951281677295,0.43879354399528525,0.9649564486066049,0.39056908258698775,,,0.4928685327679205,3.46947622241545,inf,,0.8623842911833323
80,2.416500082994651,-2.416500082994651,0.0,1.6625011816762665,1.6382563831694286,0.8556969930667293,4.652670195570415,79.29503976474422,,,0.4576907132971797,2.416376107380892,inf,,0.8398269476291198
81,5.703782474656201,-5.684769866407347,0.0,1.663537387225598,1.6272838627765627,0.7832095216215211,4.044698733969772,16.28544939958876,,,0.6008849035917525,5.707121375921716,inf,,0.8907317193417006
82,,0.0,0.0,1.6221381505412105,1.578159952427522,0.8154089625046855,4.088955810587537,24.687678425267492,,,0.48319206230712763,inf,,,0.9208994755535029
83,5.7037824746562,-5.7037824746562,0.0,1.5604796016064046,1.5460697079557102,0.8516515666592213,3.7416267290314873,19.391573210838658,,,0.4629450596409901,5.703782474656201,inf,,0.8912612905677731
84,,0.0,0.0,1.372115965625369,1.3637543494453543,0.9238200030629778,3.848127836861817,2.789350689438045,,,0.36181263880445963,inf,,,0.934512694571936
85,,0.0,0.0,1.4865142671157685,1.470357843203689,0.8740702901708666,3.4282221637293615,19.34396669503002,,,0.4576907132971797,inf,,,0.9039060904220858
86,,0.0,0.0,1.680667620350756,1.6815499335944342,0.5766338859452381,3.4132120946652535,46.755842518479575,,,0.5113665138247345,inf,,,0.6467153898781497
87,,0.0,0.0,1.7568007978988518,1.7539681713808553,0.9051460464288774,3.5840403003899035,37.04695774268019,,,0.5158180382284114,inf,,,0.9019307040964811
88,,0.0,0.0,1.7879190421922109,1.769489355657905,0.9521736956726882,3.1636572576122366,7.0177415201865365,,,0.5677978065141052,inf,,,0.8904158216508966
89,,0.0,0.0,1.777992378487264,1.759210705022267,0.9559052346625294,3.2833601957236134,3.4587884502610597,,,0.47824363442641393,inf,,,0.9136194037405966
90,,0.0,0.0,1.693343306226456,1.6782079248340223,0.9542636617132353,3.1957127616469823,3.7293983347109885,,,0.5158180382284114,inf,,,0.9007979359667658
91,,0.0,0.0,1.70428698532483,1.6847655193463233,0.9616437916905266,3.3214761577683705,9.034890819601223,,,0.5113665138247345,inf,,,0.9040189873494013
92,,0.0,0.0,1.6846286277781046,1.639918598298177,0.9442514077535105,2.587928363868051,2.553982024181639,,,0.44694259446804574,inf,,,0.9189799562989961
93,,0.0,0.0,1.634485984643945,1.633667925158028,0.9729417212770194,2.934662217866606,8.888433817741127,,,0.468121228110369,inf,,,0.9017587321765262
94,,0.0,0.0,1.1341585851535376,1.1436945912073953,0.727322227640683,2.750527028320917,6.605881287801157,,,0.41861278947482794,inf,,,0.9289817486492576
95,5.010635294096255,-5.010635294096255,0.0,1.7163052296236276,1.6208750843899995,0.5265383854860254,2.5345542929777594,3.2001896264248537,,,0.4732203808476458,5.0106352940962555,inf,,0.9429369437291248
96,,0.0,0.0,1.5633761759173732,1.5544596260581265,0.7968691032700262,3.651091734859195,13.892402537262473,,,0.5113665138247345,inf,,,0.9256120373688155
97,,0.0,0.0,1.7357363682574343,1.690444356801979,0.9206626990684488,3.825575919062249,27.2039404896761,,,0.41268473150466,inf,,,0.9173691427751562
98,,0.0,0.0,1.4105209887412316,1.3806804307654044,0.8796817975333904,2.8343150345764685,10.331410853888952,,,0.47824363442641393,inf,,,0.9430529195706056
99,5.7037824746562,-5.7037824746562,0.0,1.1981079446628602,1.1826521101561316,0.6003027139163087,3.019758899044275,6.487779906035346,,,0.5370774965580548,5.703782474656201,inf,,0.9496278423808834
100,,0.0,0.0,1.5700795390437778,1.5483316245110397,0.9635417916862965,3.444547911416903,7.6803149313611305,,,0.5113665138247345,inf,,,0.8972018961091089
101,,0.0,0.0,1.6622914960262474,1.6249918149897804,0.7609826042018335,3.600586645435053,9.847446448548737,,,0.5370774965580548,inf,,,0.8906877649724193
102,,0.0,0.0,1.6010241270047008,1.5666772808302178,0.9441194792207879,3.168949393189151,5.282607720341674,,,0.5022576003740722,inf,,,0.8660615285454846
103,,0.0,0.0,1.7148496913851137,1.6885760591535846,0.9609590393408735,3.2137606594511468,55.18967738891235,,,0.5783247308855777,inf,,,0.8700639711936504
104,,0.0,0.0,1.731685414721336,1.7227668447130973,0.9516973693452393,3.144224542304544,34.60867669060035,,,0.44694259446804574,inf,,,0.8413836005468535
105,,0.0,0.0,1.5066590149024726,1.4973718592870966,0.8171300022377237,3.001485341362505,26.443207084502703,,,0.5202020156036558,inf,,,0.8941601990706928
106,,0.0,0.0,1.7437341388766634,1.7165339084941862,0.949975806107092,2.433131296323948,3.6465542738184293,,,0.44694259446804574,inf,,,0.8898640444253448
107,,0.0,0.0,1.764379834153816,1.7010315001490541,0.4757672955115886,2.695071302387787,2.6667885749160294,,,0.4576907132971797,inf,,,0.9570805383103322
108,,0.0,0.0,1.469890130828699,1.4617370500839655,0.927733520054468,2.952431630985819,9.7196570754069,,,0.5202020156036558,inf,,,0.885290981988711
109,,0.0,0.0,1.7420719419881445,1.6989738066302693,0.9300184017527086,3.1396003776270165,9.062493705960007,,,0.5068466436745385,inf,,,0.889589435375496
110,,0.0,0.0,1.741888743689729,1.7012620911083292,0.9680438572970772,2.886387504374441,10.775534759112569,,,0.5068466436745385,inf,,,0.8767115885743582
111,,0.0,0.0,1.7733658186449202,1.7322879828985855,0.9324189962581744,3.488012485073086,10.80162719771393,,,0.47824363442641393,inf,,,0.8861314559364946
112,,0.0,0.0,1.7560358279469848,1.7344873128471188,0.9665107714515211,3.294695284702818,10.366864576723568,,,0.5113665138247345,inf,,,0.8242303114902388
113,,0.0,0.0,1.6496973037881473,1.6358070438468604,0.9514722339474077,3.3257101348170903,3.423418744625536,,,0.5068466436745385,inf,,,0.8489502328597445
114,,0.0,0.0,1.6297700043079137,1.5800030084567398,0.8908822773459103,2.957971326835423,9.437546151783504,,,0.5713653840954815,inf,,,0.8970155045461418
115,,0.0,0.0,1.5995068238963053,1.5705564187781844,0.9601886684985851,3.5214714296729825,5.894729834627812,,,0.5202020156036558,inf,,,0.8531988953154365
116,,0.0,0.0,1.6529332100530871,1.6267010929863799,0.9394710946216325,3.7087507970023976,4.358622610629298,,,0.468121228110369,inf,,,0.851499595576412
117,,0.0,0.0,1.7214899433519517,1.7181094008265985,0.8964290591228582,3.2112260125919447,9.371853507561289,,,0.5641709578113449,inf,,,0.854938642886212
118,,0.0,0.0,1.2069184605032846,1.1907325739466106,0.9708194530288303,3.262777087931727,4.058261994442384,,,0.468121228110369,inf,,,0.841377522689733
119,,0.0,0.0,1.5242047510669958,1.4818559710686732,0.8461428117486233,3.342561263642478,1.5630826927144845,,,0.4732203808476458,inf,,,0.9169254639567763
120,,0.0,0.0,1.6144225733765691,1.5885640647587063,0.9706386632643201,2.6873844368953574,6.434336695510833,,,0.468121228110369,inf,,,0.8795374714573418
121,,0.0,0.0,1.2394891284607445,1.2404796632124049,0.8480132209145266,4.3591115002591865,14.55700580998792,,,0.44694259446804574,inf,,,0.8723843540755791
122,5.7037824746562,-5.7037824746562,0.0,1.6996432657410465,1.6317583755406195,0.8935079935557455,3.28658113793468,20.290761316773363,,,0.47824363442641393,5.703782474656201,inf,,0.8590642775095476
123,,0.0,0.0,1.6284072786159405,1.6060526997789208,0.7633440817579378,3.1054972946942163,11.79584880510787,,,0.3685265678147087,inf,,,0.8931105637816437
124,,0.0,0.0,1.5744757194209684,1.5191216983490772,0.8986113057224034,2.3782909306486375,2.5520096496609375,,,0.468121228110369,inf,,,0.8065496220118238
125,4.605170185988091,-4.605170185988091,0.0,1.6462400763158342,1.6463339593167332,0.7294062889456291,3.780743805954145,2.4838396967489724,,,0.468121228110369,4.605170185988091,inf,,0.8801831922048314
126,4.605170185988091,-4.605170185988091,0.0,1.5612414300032744,1.5607942953662337,0.7478253477354377,2.598383779946679,2.0795766919972802,,,0.581717464821069,4.605170185988091,inf,,0.9397073355410398
127,,0.0,0.0,1.3185729140819995,1.2937800619963022,0.960458627966295,5.647514322949946,64.55761393688577,,,0.41268473150466,inf,,,0.8986850125646191
128,,0.0,0.0,1.5101616878241995,1.4867816843783295,0.9543694743621132,4.338620031264329,92.65507941869409,,,0.43586655696697996,inf,,,0.8823187316673946
129,,0.0,0.0,1.6443319295671,1.6218882365615848,0.9615089623574049,3.659157069006749,29.512085451909535,,,0.5068466436745385,inf,,,0.8897683314459603
130,5.7037824746562,-5.7037824746562,0.0,1.558852137999526,1.5364529433233507,0.8352027118961022,3.9535677588031164,11.535139585786279,,,0.5113665138247345,5.703782474656201,inf,,0.9339225796531575
131,,0.0,0.0,1.5632126123197871,1.5421987074644834,0.8910121502688249,4.245400243940156,18.34660623657267,,,0.4302020962658841,inf,,,0.885359925882398
132,5.7037824746562,-5.7037824746562,0.0,1.7006071547496004,1.7055748868974494,0.8002467688477488,3.715882575142642,2.801095963825214,,,0.5202020156036558,5.703782474656201,inf,,0.9001755781400533
133,,0.0,0.0,1.6977589426366926,1.6749939982527586,0.8061372946974245,4.114562093604192,24.518915934067046,,,0.48319206230712763,inf,,,0.8107076853471171
134,,0.0,0.0,1.6684500041981045,1.6340920910661372,0.9504454862101804,4.183357968904764,112.64966056753295,,,0.5202020156036558,inf,,,0.8686890199381188
135,3.9120230054281455,-3.9120230054281455,0.0,1.595145623600308,1.5568210761752177,0.7804279050315079,3.6322919978589834,12.402813285326305,,,0.585052858160615,3.912023005428146,inf,,0.8429885799469571
136,5.7037824746562,-5.7037824746562,0.0,1.6161232765845186,1.6520360521770656,0.6272223791148647,3.7701498007208665,8.21521766744284,,,0.5068466436745385,5.703782474656201,inf,,0.9028258664334755
137,5.170059145625042,-5.170059145625042,0.0,1.5084952149321051,1.4906336820106054,0.8622879714161965,2.997714139777287,3.587881933033764,,,0.524519217297268,5.132802928070463,inf,,0.9005976684242865
138,5.650641190813271,-5.650641190813271,0.0,1.672630430935968,1.6434916932120147,0.7794875467841236,3.189398806865928,3.132811426281193,,,0.5202020156036558,5.629912626089745,inf,,0.9170442459420226
139,,0.0,0.0,1.4105293903006313,1.405966433817666,0.60751014009834,2.5398213967136125,3.3722774220529024,,,0.5022576003740722,inf,,,0.9264109657023555
140,,0.0,0.0,1.5780269313914121,1.5629268795239875,0.6635862182835709,2.046816648672434,2.442178782703506,,,0.4629450596409901,inf,,,0.9286069885083166
141,,0.0,0.0,1.4294236570464438,1.4080334668777086,0.9795695686445746,1.9396412130953684,2.894953141585988,,,0.49759852643134905,inf,,,0.886990971042139
142,,0.0,0.0,1.7408072104182737,1.6928779833136274,0.9785455702924678,2.0314843870269828,2.7453522763896143,,,0.5022576003740722,inf,,,0.8849333851804665
143,,0.0,0.0,1.7428690275778203,1.7363521892321052,0.9711294335241185,2.280475722433135,2.847735716268042,,,0.4732203808476458,inf,,,0.8736763124506309
144,,0.0,0.0,1.4400200674133856,1.3778028614341415,0.7650817856675041,2.3383974386184265,2.3426986045768956,,,0.44144624493110796,inf,,,0.9239268952534426
145,,0.0,0.0,1.558447539866281,1.5428014445547487,0.9627314368132089,2.887825853216734,6.246678868645208,,,0.4576907132971797,inf,,,0.8749242561207465
146,,0.0,0.0,1.710233553079715,1.683294960957202,0.6536431472917694,2.4570203856952832,2.340662245064559,,,0.5287703885177266,inf,,,0.7897301891603027
147,,0.0,0.0,1.734524526938455,1.675859415268877,0.9605288693043678,1.9131969911817321,3.2500951422826265,,,0.468121228110369,inf,,,0.836846837577339
148,,0.0,0.0,1.7273290648157056,1.7019600851717518,0.6561366723488239,2.282403343514504,2.6429489688498484,,,0.5370774965580548,inf,,,0.9332016674967175
149,5.7037824746562,-5.7037824746562,0.0,1.6127704115960348,1.5852411207157404,0.47002906083106233,1.7659268984656806,1.993270223678079,,,0.5202020156036558,5.703782474656201,inf,,0.946836474893739
150,,0.0,0.0,1.7010184680603246,1.6734214698946728,0.46091831464462535,1.7211447606638135,2.6270923543368996,,,0.48319206230712763,inf,,,0.833030190346888
151,,0.0,0.0,1.7016264845430205,1.684047040139129,0.9353318466275758,1.5952230556879106,1.8299704983076122,,,0.41861278947482794,inf,,,0.8596019490599879
152,,0.0,0.0,1.6237566906774383,1.611380916357251,0.5796987928290254,1.8805297043775993,1.9414590108877001,,,0.4928685327679205,inf,,,0.8473143881880095
153,,0.0,0.0,1.4831049364963567,1.4727875701669277,0.9347106934289451,2.031768563031912,2.4272211826877306,,,0.47824363442641393,inf,,,0.9040376736837888
154,,0.0,0.0,1.3812753436723022,1.3562683901102552,0.9161170121618316,2.25503381151523,2.8164801386027567,,,0.48319206230712763,inf,,,0.8951994545456664
155,,0.0,0.0,1.234776768035563,1.1999699799834105,0.5857905866904103,2.384494656997272,2.8686934030459184,,,0.468121228110369,inf,,,0.7040916155600861
156,,0.0,0.0,1.612153545671219,1.6108815519654374,0.701961948083619,2.484009500941258,1.7871098046314704,,,0.49759852643134905,inf,,,0.6791643425165922
157,4.58407350067496,-4.58407350067496,0.0,0.34299487433162446,0.3322870840932947,0.6365347317337106,2.1987805085231624,1.6071439329902661,,,0.23718601089358102,4.581019725755808,inf,,0.6728777269940455
158,5.7037824746562,-5.7037824746562,0.0,1.6692457117326356,1.6417171051942474,0.7282281808684566,3.0652502575317344,2.6040169233881527,,,0.5287703885177266,5.703782474656201,inf,,0.7732868882519065
159,4.605170185988091,-4.605170185988091,0.0,1.3192106012065978,1.3279507527067418,0.6743621882438011,3.5684170917713374,4.272020051461247,,,0.6207552362147116,4.605170185988091,inf,,0.7559908814095843
160,,0.0,0.0,1.738945032302304,1.7022093007486339,0.7326696490559643,2.683933185065318,2.439634349629017,,,0.6038851895711802,inf,,,0.8335568162455964
161,5.042141984121707,-1.4790283153423673,0.0,1.4754370243179522,1.4453061173459623,0.7682059154275642,2.957076193296495,2.1536726703718867,,,0.6153451465759925,6.260070472498949,inf,,0.9242900923093758
162,,0.0,0.0,1.5233341296022125,1.514441009441744,0.6386980227496988,2.3394463605507547,2.0215021287131467,,,0.6125606311107803,inf,,,0.9151505595083161
163,5.186232579838108,-5.186232579838108,0.0,1.326003627837604,1.3209627558020232,0.7199577178005465,2.8390141404050193,1.8317325309629982,,,0.6207552362147116,5.14607326499136,inf,,0.907472555651333
164,5.012945784698121,-5.012945784698121,0.0,1.6417940245950788,1.6585486332642405,0.7760503338265338,2.7696943142719674,2.463629716304578,,,0.6284777104787076,5.012303351196953,inf,,0.9363807669641228
165,5.703782474656204,-2.0913869073739413,0.0,1.714449949679159,1.6814959113835188,0.7692855917609922,3.0236285131437883,2.8415386682289303,,,0.6284777104787076,6.707084583519986,inf,,0.9369754684751759
166,5.7037824746562,-5.51365639216766,0.0,1.4908618411232544,1.4688365299262591,0.7190166352321674,3.2073597746807576,3.109719502069624,,,0.5883313578629602,5.737684026331882,inf,,0.8877005090251522
167,4.280203268433862,-4.280203268433862,0.0,1.6828002321801918,1.6532600932960329,0.7723292234362956,3.406827764365516,2.67552683159276,,,0.6403206450210053,4.2568634917198755,inf,,0.8008326565676459
168,5.6621936438226035,-4.718494703185503,0.0,1.48848487244237,1.4530348815685692,0.6353257300672658,2.5307056619928794,1.7615260591757647,,,0.5641709578113449,5.82783512332618,inf,,0.7912569995107048
169,,0.0,0.0,1.4497961482626283,1.4040281079278358,0.6890103925428092,2.388998511260193,2.6303394878601694,,,0.6008849035917525,inf,,,0.9423231376870906
170,5.703782474656202,-4.106723381752465,0.0,1.6855609926614705,1.6918513056546316,0.6087890901409758,2.496021945948325,2.382652658282486,,,0.5883313578629602,6.032286541628237,inf,,0.9012766977049084
171,,0.0,0.0,1.6087316620004533,1.6134951055811162,0.6996735618015557,3.0395307206849376,2.8839927351902697,,,0.6068309995095971,inf,,,0.9219681420104602
172,,0.0,0.0,1.6801711040397753,1.6664601819294709,0.7350214545819254,3.2030032338689933,5.394403951763222,,,0.6207552362147116,inf,,,0.9428283093061527
173,4.990928368813497,-4.990928368813497,0.0,1.5909084140103091,1.5647354413059642,0.7573363181620797,3.055963167252539,2.137465732681385,,,0.5451288209179292,4.984317985778882,inf,,0.8097782192771844
174,4.784926383916043,-4.784926383916043,0.0,1.6630722385811367,1.6585706096330717,0.6675494349942444,3.3547218132867145,3.1366211904373547,,,0.6068309995095971,4.765078147945146,inf,,0.8691239544466648
175,5.703782474656203,-0.5703782474656203,0.0,1.6781721945145778,1.6438311935880592,0.754710894579915,3.206325460697278,4.159073375668166,,,0.5713653840954815,8.006367567650246,inf,,0.9145769866446503
176,4.1560809447523654,-4.1560809447523654,0.0,1.5713162217948298,1.5655884809633065,0.8164968619885998,3.658233083829931,5.848172257112461,,,0.5947193981915972,4.151267709621722,inf,,0.8925959309719201
177,4.340502679332452,-4.340502679332452,0.0,1.5843479713701896,1.558955981090784,0.715539307944899,3.1682543125207765,3.861747521311773,,,0.6097226960127671,4.33769082085383,inf,,0.8729268822231634
178,,0.0,0.0,1.533984288976989,1.5022870710886644,0.7099514903835006,2.685382434531293,4.291418643893355,,,0.552929491858785,inf,,,0.8656919362751593
179,5.520030716640924,-5.520030716640924,0.0,1.6347439688937753,1.6160678329095313,0.6595196930951306,2.966807407356877,3.8174110961234886,,,0.5490601803369085,5.44914025628262,inf,,0.8969594257336745
180,,0.0,0.0,1.5552714959486567,1.5346670525572286,0.8521484434273453,3.0440269255352455,3.5062477222813033,,,0.5783247308855777,inf,,,0.8450410671347784
181,5.703782474656199,-1.1597691031800939,0.0,1.5906155329902567,1.5616523185455489,0.582012615504424,2.344363614863419,2.4703530860976666,,,0.6038851895711802,7.2966910851390905,inf,,0.7924321150834412
182,5.703782474656204,-4.544013371476108,0.0,1.6562997465221414,1.6454981127666561,0.6598957427398126,2.4780311569836626,4.6657432012845135,,,0.6008849035917525,5.931101397380892,inf,,0.8161080606901991
183,5.703782474656201,-1.8442230001388384,0.0,1.43055880741101,1.3525978922542499,0.5482897563085024,2.2441386353005637,1.6011662043531598,,,0.5370774965580548,6.832853970809019,inf,,0.9253123057070983
184,,0.0,0.0,1.5072260036999705,1.4694793387310623,0.48541450866373403,2.1928322188980993,2.1422691898531645,,,0.552929491858785,inf,,,0.9513343423214627
185,5.133091295995178,-5.133091295995178,0.0,1.5523264607556815,1.5393687609735343,0.43426943658808165,1.6497158930040539,1.4069001821242735,,,0.5641709578113449,5.103116146890421,inf,,0.9327604297276524
186,,0.0,0.0,1.6434003438042482,1.5992863992206845,0.42162617109433603,1.63147323420234,1.1993827055679889,,,0.552929491858785,inf,,,0.9273476083157022
187,,0.0,0.0,1.682184424935359,1.7092935752539162,0.7935020960159854,2.1458713387570922,1.9827566478114482,,,0.5022576003740722,inf,,,0.9425004635509441
188,,0.0,0.0,1.646823862976476,1.5940829854590761,0.6726299859260998,2.351304289594628,1.649585843443067,,,0.552929491858785,inf,,,0.9513858631035349
189,,0.0,0.0,1.346519126358887,1.3253984579716385,0.6223802168739453,2.1059803237316093,1.5336273367534088,,,0.5022576003740722,inf,,,0.6904988427564516
190,,0.0,0.0,1.536529801160161,1.5257900801912463,0.5787852237989298,2.545088850583497,1.7268929495222505,,,0.541134803179459,inf,,,0.7676242059506161
191,,0.0,0.0,1.5857638891931782,1.537374599465167,0.6482993372291722,1.8652047003424748,1.5204012194155185,,,0.5490601803369085,inf,,,0.8763708231817705
192,,0.0,0.0,1.5437080668841712,1.5580009012790976,0.6180915869005706,1.7320611290486256,1.752449217143922,,,0.552929491858785,inf,,,0.9312232964258699
193,5.010635294096255,-5.010635294096255,0.0,1.50523650058756,1.4728999280918906,0.6345115532093647,1.9522080721765898,1.5407286746623197,,,0.5202020156036558,5.0106352940962555,inf,,0.9441036894008992
194,5.703782474656201,-0.7605043299541602,0.0,1.5032095870205877,1.460660224863723,0.533676346971005,2.1535749663233266,1.3590606648414396,,,0.5490601803369085,7.718685495198466,inf,,0.7127806794824971
195,5.7037824746562,-5.7037824746562,0.0,1.6057078262454023,1.6174377795401433,0.6566132738899774,2.3809798771371176,2.246865212827688,,,0.5329562494928909,5.703782474656201,inf,,0.5613312628939756
196,5.703782474656202,-0.5323530309679122,0.0,1.7668572460681191,1.742650560789395,0.5614009453199764,2.047964561673648,1.2116903745346335,,,0.44694259446804574,8.075360439137198,inf,,0.9381386520894296
197,5.7037824746562,-5.7037824746562,0.0,1.5743854453972008,1.533727748784318,0.6398687746508263,1.9437336382429218,1.5025293632928916,,,0.5370774965580548,5.703782474656201,inf,,0.8427268777638126
198,,0.0,0.0,1.2417267079234362,1.2426491247754257,0.3951684241549468,1.5412796910405866,1.2214624594938615,,,0.5677978065141052,inf,,,0.9009207708400888
199,5.010635294096255,-5.010635294096255,0.0,1.7145986444725567,1.6986937989595596,0.3428963932105011,1.893502047303794,1.3448716328266972,,,0.5158180382284114,5.0106352940962555,inf,,0.8136036993176283
200,3.0733710751255434,-3.0733710751255434,0.0,1.6028471256821344,1.5958604334925275,0.7213843621573532,2.571293552529649,1.9911656732715706,,,0.5158180382284114,3.073093394711459,inf,,0.7770738412554933
201,2.7588729983520563,-2.7588729983520563,0.0,1.4937209404202474,1.4557505631543495,0.8365469940817444,3.427912274409719,2.0716071304164143,,,0.4928685327679205,2.758466687016226,inf,,0.6678005261066423
202,3.3612288093934066,-3.3612288093934066,0.0,1.5505598380604204,1.5444040270657236,0.6487991553762396,3.171775136322588,2.242999881849447,,,0.49759852643134905,3.357499526396436,inf,,0.8126001368674691
203,3.6425902233017164,-3.6425902233017164,0.0,1.5959686414110204,1.5894331981376886,0.6229963382876696,3.373177566835697,2.1237362914614395,,,0.5370774965580548,3.6415718699047273,inf,,0.8286778565511846
204,5.7037824746562,-5.7037824746562,0.0,1.5541429312778408,1.5210199128800064,0.6882849375825957,2.3560945379186875,1.1975074864847803,,,0.40055318934786044,5.703782474656201,inf,,0.7802844351667735
205,,0.0,0.0,1.6144173727111946,1.6066336734232372,0.6604634237656857,0.6933253849547496,0.19632692877949587,,,0.5113665138247345,inf,,,0.9341946162377368
206,5.413220028502427,-5.413220028502427,0.0,1.2835669071278841,1.1647256023195984,0.6940560344087645,1.1140932636579446,0.17866315903239594,,,0.47824363442641393,5.300542061570148,inf,,0.8564507695369945
207,3.757872325600888,-3.757872325600888,0.0,1.421646740536979,1.3939096931173331,0.8163332413023591,3.1670850309364615,3.5261297989703873,,,0.1792956407887421,3.757872325600888,inf,,0.8563486007108457
208,5.256960325204336,-2.120307331165749,0.0,1.614160336333879,1.609329998530078,0.4814617715527217,1.8435788461107003,1.2137993176158575,,,0.4629450596409901,6.11426012458791,inf,,0.7964877996016108
209,5.521253717108748,-5.521253717108748,0.0,1.1442505949052175,1.101651286518694,0.5443943251901854,1.6989922437719704,1.4954574781338152,,,0.44694259446804574,5.4700287442299755,inf,,0.9084768164566729
210,4.610576387429533,-4.610576387429533,0.0,1.5746530080605838,1.4257932819783163,0.7694456651903623,3.1941512970278616,2.232717376264849,,,0.5068466436745385,4.6096245363374715,inf,,0.6003317840372178
211,3.913846220996085,-3.913846220996085,0.0,1.704618185247072,1.659750626250114,0.6653834990526533,1.9580190342823347,0.660798962498542,,,0.5113665138247345,3.913691062528843,inf,,0.7202756035122632
212,5.331046477188001,-5.331046477188001,0.0,1.6423422311151232,1.5954818700321922,0.6381505071465587,1.2386415685667718,0.29837213220636083,,,0.5567373465730988,5.233778845410465,inf,,0.6981277890328255
213,4.611927937789893,-4.611927937789893,0.0,1.6729316270449828,1.6670854163490783,0.700607878933399,2.2676689842526283,0.9203351416274734,,,0.4928685327679205,4.610741231037546,inf,,0.7831807920563127
214,4.303570817023536,-4.303570817023536,0.0,1.5305574238037687,1.5090634084560173,0.8405783194518038,3.4044494599676263,3.989547237152763,,,0.5329562494928909,4.301778819831131,inf,,0.9105246041447697
215,4.445986105898105,-4.445986105898105,0.0,1.5502342951671682,1.5286942747832486,0.7458177711048058,3.1748859662765514,4.0324243031226406,,,0.5022576003740722,4.435896344586612,inf,,0.8369611760440405
216,4.668693052925037,-4.668693052925037,0.0,1.6547185208013784,1.6015434431638467,0.8062726498740144,1.8182243419496484,0.3007117702572968,,,0.5567373465730988,4.6588054018207234,inf,,0.8531491806165049
217,4.710288844199881,-4.710288844199881,0.0,1.4033552686886561,1.3166007566063291,0.4892746324989727,0.9721734446442536,0.13015847004448855,,,0.4576907132971797,4.690970175791424,inf,,0.7385822811663604
218,4.287386097676672,-4.287386097676672,0.0,0.9481558521429622,0.9289272957282092,0.7079943137577102,2.4330626762841567,0.8120582768560904,,,0.5490601803369085,4.279871249965003,inf,,0.7388762660865228
219,5.703782474656202,-3.7454838250242393,0.0,1.639499740811888,1.6019320182590833,0.4990255088673447,1.25799275067769,0.38684545779155566,,,0.585052858160615,6.124361220574413,inf,,0.7957976719835306
220,,0.0,0.0,1.6058209908334073,1.5642493789228917,0.6057182426433904,1.5227728464160792,1.0017866447431731,,,0.5370774965580548,inf,,,0.9494769382169923
221,5.703782474656203,-0.3992647732259342,0.0,1.4744333216832934,1.4450608297342455,0.5628065359101554,1.0138124716693153,0.3493915605544031,,,0.5451288209179292,8.36304251158898,inf,,0.9520582434494926
222,,0.0,0.0,1.3455950636999616,1.3168143718622087,0.5517167626310091,1.7115661063432268,0.9839529733244909,,,0.524519217297268,inf,,,0.9455331953785736
223,,0.0,0.0,1.5888266496607506,1.5072774852770099,0.5167914689718001,0.8989649181814234,0.3398705385004114,,,0.524519217297268,inf,,,0.9342691150474381
224,5.329482997153829,-5.329482997153829,0.0,1.5132048842544719,1.4513777762148958,0.745524234622495,2.7336293672775263,3.443462283019823,,,0.47824363442641393,5.272000058230663,inf,,0.8853472754972103
225,,0.0,0.0,1.6013538864428787,1.5285039043392212,0.4376292121918136,0.7507806546415797,0.2748798088332747,,,0.4928685327679205,inf,,,0.9225623272592453
226,4.794387236438567,-4.794387236438567,0.0,1.485046386417706,1.4368879843164395,0.778312700689381,2.4888306734707393,1.5460669275359509,,,0.4732203808476458,4.774246516032026,inf,,0.7205436246719943
227,5.7037824746562,-5.7037824746562,0.0,1.4516058546935382,1.386637353912946,0.46902679051222795,0.5347168861324563,0.12332385937507051,,,0.47824363442641393,5.703782474656201,inf,,0.682400669835254
228,,0.0,0.0,1.6530176460811818,1.5779033690967266,0.24620796539391948,0.4133499756740803,0.16947523123328212,,,0.5022576003740722,inf,,,0.7608753601783586
229,5.365873224133227,-2.8617990528710546,0.0,1.762177409238721,1.6764394926473738,0.6367702026561979,2.306395427272969,0.8558668580760225,,,0.5022576003740722,5.935294275640928,inf,,0.7635948199324502
230,,0.0,0.0,1.5283556008426262,1.4903529613491704,0.541526406280215,1.304002920103917,0.42857599909475685,,,0.5883313578629602,inf,,,0.7103473162115171
231,5.7037824746562045,-2.41460124760446,0.0,1.5975994391688277,1.5768952291541327,0.6978270519348007,1.5885882557826994,0.44667574619034056,,,0.5068466436745385,6.563377862853811,inf,,0.8124007880526863
232,5.1839220892362405,-5.1839220892362405,0.0,1.5699110935396108,1.5332865491097525,0.544345892331133,1.2591613086998916,0.45827439034759676,,,0.5883313578629602,5.144166686720778,inf,,0.7569380026963543
233,,0.0,0.0,1.5032279560152597,1.4916500833576476,0.5257109586739812,0.9404921507791244,0.2279597531734423,,,0.524519217297268,inf,,,0.8569821531542071
234,5.703782474656198,-1.1977943196778016,0.0,1.4570638634903406,1.4272045325453158,0.5826354593710862,1.4128861559414176,0.3577034029357349,,,0.44144624493110796,7.264430222920869,inf,,0.9504004251618056
235,5.7037824746562,-5.7037824746562,0.0,1.7656889207093045,1.7419607722120154,0.34502320585151386,0.36166930714875656,0.08531334454812545,,,0.38804190201132227,5.703782474656201,inf,,0.9566925867967471
236,,0.0,0.0,1.5433612599978832,1.5295681378996846,0.5336473180849742,1.3050269536331354,0.3554040735927835,,,0.41861278947482794,inf,,,0.7559363823331365
237,5.11229688057838,-5.11229688057838,0.0,1.275443916774504,1.17676561823842,0.6268955329853393,1.3663893279512265,0.4445207010699137,,,0.38804190201132227,5.0867966550618195,inf,,0.8628308956137587
238,5.703782474656201,-1.2358195361755102,0.0,1.5118083156287199,1.4885394109195098,0.3765580914057519,1.0665413563211135,0.7741063834851754,,,0.38163879478178075,7.233177679416765,inf,,0.9534230341972181
239,,0.0,0.0,1.39086161366423,1.3207015711422632,0.6202093345811176,1.0790676918399236,0.6391773231962803,,,0.4629450596409901,inf,,,0.9518612924643763
240,5.7037824746562,-5.7037824746562,0.0,1.476666259534333,1.4498270810774248,0.427670646035999,0.9615889784475664,0.4475407345015434,,,0.5022576003740722,5.703782474656201,inf,,0.9480640384905163
241,,0.0,0.0,1.7720781808127288,1.6376036736161232,0.5461905994213943,0.8678698815175198,0.3589896804970718,,,0.5783247308855777,inf,,,0.9518973181659819
242,,0.0,0.0,1.707834991902597,1.6756055278354438,0.5583008259445621,0.367925009370152,0.2869095398523309,,,0.5641709578113449,inf,,,0.9401963226873228
243,5.7037824746562,-5.7037824746562,0.0,1.6173533104426596,1.5444966718540531,0.41125755620999666,1.2501183873874593,0.49212405561108086,,,0.5641709578113449,5.703782474656201,inf,,0.8570318534196589
244,4.591745022607007,-4.591745022607007,0.0,1.6665922193591884,1.5928285643706905,0.6535159498006884,1.5767317022613898,0.3591414230322314,,,0.4629450596409901,4.589734377858252,inf,,0.9114080360802751
245,,0.0,0.0,1.6606046379738073,1.5943904256836716,0.5207707269839752,0.7685497076200476,0.16719186713018697,,,0.2461092077232671,inf,,,0.695241672328756
246,4.9390031249971456,-4.9390031249971456,0.0,1.4377650912718498,1.427037182391058,0.7070094478927552,2.809151703039045,1.2664825084115976,,,0.5329562494928909,4.925987820035971,inf,,0.5581372306709793
247,4.423930480343469,-4.423930480343469,0.0,1.745764366789899,1.7140760921452185,0.6340085659315381,2.279920514025912,1.0898867436137314,,,0.3751344627501719,4.414549826379441,inf,,0.9228085653550905
248,5.7037824746562,-5.7037824746562,0.0,1.5152282041308631,1.493783365092154,0.585393797772461,1.6895623132954838,1.1086766053369763,,,0.47824363442641393,5.703782474656201,inf,,0.9259263177619075
249,5.703782474656204,-1.9582986496319632,0.0,1.671321684693162,1.641034478160724,0.6150721652145165,1.4983603003333608,0.7827657469769298,,,0.5329562494928909,6.772835961082766,inf,,0.7788516596843105
250,,0.0,0.0,1.6027301057126528,1.5847212537849888,0.7080586736716469,2.613369006464917,2.5800788972220596,,,0.5490601803369085,inf,,,0.9342100148665602
251,3.9405867159925325,-3.9405867159925325,0.0,1.5443874298025695,1.5322667516419057,0.7135615624770575,3.677012977665303,1.5156894664346634,,,0.5329562494928909,3.9384810643911674,inf,,0.780830127525124
252,4.420101679818693,-4.420101679818693,0.0,1.1760321570444154,1.127608287868853,0.7768430876674713,2.9150443874939964,0.37799549077151307,,,0.552929491858785,4.4026829595995425,inf,,0.6531129947128124
253,,0.0,0.0,1.2539834257779838,1.2491454511110103,0.7957548618881799,0.05411604953636383,0.06763613979896985,,,0.38804190201132227,inf,,,0.9260612947130474
254,,0.0,0.0,1.250078156261504,1.1338291519970498,0.6737089610332495,0.6611728862908505,0.21445002768662402,,,0.5068466436745385,inf,,,0.9526200131888253
255,5.703782474656201,-5.551681608665368,0.0,1.7424049039874083,1.6812779277457501,0.39551181055514956,0.48979819078539133,0.2154983619843876,,,0.4576907132971797,5.73081114704412,inf,,0.9510318996893391
256,,0.0,0.0,1.610351535668196,1.571710273045282,0.854100314803121,0.18737967092593333,0.2028238136358585,,,0.4880666971167561,inf,,,0.8654058345615332
257,,0.0,0.0,1.5458392563992978,1.540526377007656,0.5415340844210498,1.0487923234545222,0.41006606656607114,,,0.35499006010413947,inf,,,0.8691887044738189
258,5.010635294096255,-5.010635294096255,0.0,1.3829914010179678,1.371215496657571,0.48884762856183267,1.8871383474115249,1.3018297739847453,,,0.49759852643134905,5.0106352940962555,inf,,0.6995746189635069
259,4.943057776078228,-4.943057776078228,0.0,1.5654323952775455,1.5579915337035586,0.6745129199696539,2.552042728121252,2.1893197471228945,,,0.45235697871908603,4.930592586422719,inf,,0.8819114607101248
260,5.703782474656201,-5.1714294436882895,0.0,1.7173651756839585,1.6515711872464804,0.5664334229009055,1.8388652366109595,0.9257129989097606,,,0.45235697871908603,5.801762883016405,inf,,0.9535103499346035
261,,0.0,0.0,1.7707781301221153,1.7829507758434417,0.7590984828580426,1.6171305404860057,0.8052369114946656,,,0.5287703885177266,inf,,,0.9065478008411624
262,,0.0,0.0,1.4718492888400116,1.4630383884146176,0.3933336957690945,1.2819418451329831,0.691605886939936,,,0.4576907132971797,inf,,,0.732434171444803
263,5.488906848682617,-5.488906848682617,0.0,1.0803213529177589,1.0683614521981455,0.6252904876004918,1.30433000756618,0.5789511276157604,,,0.43586655696697996,5.433755337443141,inf,,0.6661418853995705
264,5.703782474656201,-0.7605043299541602,0.0,1.628949669290615,1.623318225681597,0.49951708184409066,1.0490195559761168,0.6484776173930518,,,0.5022576003740722,7.718685495198466,inf,,0.9554947241273293
265,5.103054918170914,-5.103054918170914,0.0,1.6378740118914181,1.6320595229335517,0.5291469730486468,0.9312562583896343,0.3757583400318466,,,0.5567373465730988,5.079628165583207,inf,,0.919296781257831
266,,0.0,0.0,1.3931530702276227,1.3307307477372254,0.6942495476428278,0.4473131133339264,0.24929989290178933,,,0.5158180382284114,inf,,,0.9320343294322451
267,5.703782474656202,-3.7835090415219472,0.0,1.5493969537341505,1.5362437797326178,0.4553602616624668,1.7157052186177333,1.170087319552966,,,0.4928685327679205,6.11426012458791,inf,,0.8331193088808745
268,5.6899195310450015,-5.6899195310450015,0.0,1.2406217879119974,1.1901768442693519,0.7387752329024455,3.142299500966805,1.6859808179379971,,,0.4880666971167561,5.683979847360021,inf,,0.7681160319476575
269,5.7037824746562,-5.7037824746562,0.0,1.4378997574574286,1.3653037526913276,0.5365246452913442,1.4491805444078356,0.4186019928164859,,,0.49759852643134905,5.703782474656201,inf,,0.8277019537961506
270,5.7037824746562,-5.7037824746562,0.0,1.3766616067931787,1.3463605162355858,0.15402282825844532,0.3726123664525411,0.29088670053004595,,,0.41861278947482794,5.703782474656201,inf,,0.9492120228631103
271,5.7037824746562,-5.7037824746562,0.0,1.6847758621002318,1.5326063828599275,0.30416566532466255,0.985607537514761,0.49251095264809175,,,0.3943459996787778,5.703782474656201,inf,,0.6151147676576917
272,,0.0,0.0,1.7449222644608873,1.7105840948307718,0.7020599639956407,2.221079734024919,1.6495988345484958,,,0.48319206230712763,inf,,,0.9545887239089029
273,,0.0,0.0,1.667950328085424,1.6349285970487673,0.656206085627472,2.1810895571572813,1.8065837006267795,,,0.45235697871908603,inf,,,0.6862838462377088
274,4.72467294782247,-4.72467294782247,0.0,1.636928362856582,1.6265456404568714,0.6413936798281893,2.8465370593152675,3.5845025142367954,,,0.4732203808476458,4.706833839764592,inf,,0.7751550589876528
275,,0.0,0.0,1.6124161328097182,1.5619886250611992,0.7050092356517401,2.5998019908898975,1.2552087110407735,,,0.5451288209179292,inf,,,0.9517640479041303
276,4.605170185988091,-4.605170185988091,0.0,1.514075383044968,1.4661710810021233,0.6764193671264891,1.84193020092788,0.622885757255526,,,0.41861278947482794,4.605170185988091,inf,,0.7433635022543266
277,4.198478219502065,-4.198478219502065,0.0,1.702505455166231,1.6850789778353539,0.6552777582144498,2.205617743855902,1.1648226279255853,,,0.41861278947482794,4.1923249705823045,inf,,0.8246719093935319
278,,0.0,0.0,1.6669531589944857,1.5869105631124032,0.5169399704579863,0.6446652523617696,0.2674023000066269,,,0.41861278947482794,inf,,,0.9466974554727099
279,,0.0,0.0,1.6669531589944857,1.659552226825735,0.780665241617193,0.06789781203634858,0.08158774270496226,,,0.3943459996787778,inf,,,0.9239435268641234
280,3.4050606005696085,-3.4050606005696085,0.0,1.7313257585669874,1.7394579333128233,0.781617080926804,3.0326766316233,2.6213527895535993,,,0.48319206230712763,3.4048707870284645,inf,,0.6621358801571501
281,5.555911076136745,-5.555911076136745,0.0,1.457257876641441,1.3932668157421297,0.36042967470651216,0.4949854225096383,0.11133476817500187,,,0.4928685327679205,5.510411081675661,inf,,0.9438114470921907
282,5.703782474656201,-1.387920402166342,0.0,1.2338010151837846,1.1465225003968704,0.4288201974236248,0.4869550925938781,0.12234848814157057,,,0.468121228110369,7.117105508164011,inf,,0.7581427168094906
283,,0.0,0.0,1.207784237330624,1.1481123974816678,0.44462692250721664,0.3056637548976512,0.10490541445386348,,,0.5068466436745385,inf,,,0.9415403751128776
284,,0.0,0.0,1.1490904068116135,1.1160408216846913,0.6892259140510177,0.8806112618642747,0.3591332697406726,,,0.5158180382284114,inf,,,0.951017435541014
285,,0.0,0.0,1.7169564960546229,1.608108978793807,0.6627927633446453,2.5751765268503775,2.5387547610477523,,,0.43586655696697996,inf,,,0.8701259866852253
286,3.790767683447901,-3.790767683447901,0.0,1.5734730502523506,1.5703534313585572,0.8201503620521469,3.2245702257104023,1.9440198814249148,,,0.4928685327679205,3.785879950587791,inf,,0.8675970437038028
287,4.100295056923812,-4.100295056923812,0.0,1.5911991457255477,1.4701855920561269,0.6077109209849414,0.8419343649599592,0.1403627383857481,,,0.4302020962658841,4.099692168548696,inf,,0.7582439465848327
288,,0.0,0.0,1.6464131026263276,1.5820082905946355,0.21383368663025018,0.25617459247131635,0.13637212427276618,,,0.4880666971167561,inf,,,0.9569319993048233
289,5.010635294096255,-5.010635294096255,0.0,1.3653145321467703,1.3145859673697717,0.2885427643154118,0.4985035154524803,0.20549045174657282,,,0.4880666971167561,5.0106352940962555,inf,,0.7995435637673844
290,,0.0,0.0,1.5759454367405348,1.576775769378094,0.5937158166107046,1.5191838998566,1.270648082923827,,,0.30393309777884125,inf,,,0.9317662965741459
291,,0.0,0.0,1.5326822297903144,1.494719219647895,0.41442388019482657,0.7972091906961899,0.2912212967399749,,,0.524519217297268,inf,,,0.9514357567891181
292,4.39533101499874,-4.39533101499874,0.0,1.4360061415361816,1.3844146856605284,0.6864764935826795,2.274002955687415,0.6790715792357802,,,0.4880666971167561,4.359178540590519,inf,,0.9483763915800039
293,4.484802377112203,-4.484802377112203,0.0,1.4941137913781466,1.4405633395014548,0.4733345478722132,0.5889553648174766,0.11301575569290234,,,0.5068466436745385,4.446268903402236,inf,,0.9194057950361194
294,5.7037824746562,-5.7037824746562,0.0,1.4827595905507527,1.431817898614655,0.676878233139415,1.1468478406284148,0.21269315463675964,,,0.4928685327679205,5.703782474656201,inf,,0.7552350498781194
295,,0.0,0.0,1.5267982329553083,1.483435456735627,0.6037946665776089,2.0661987139642197,2.0499128165139404,,,0.5113665138247345,inf,,,0.9512443215985765
296,,0.0,0.0,1.4454095789978083,1.343639241604371,0.30211379575123,0.1953815630737768,0.11156512969466617,,,0.5022576003740722,inf,,,0.9494523265002913
297,5.703782474656201,-3.2131307940563265,0.0,1.1488727847413835,1.082344676927932,0.5351798501497574,1.136845060244273,0.3817640932686921,,,0.44694259446804574,6.277666234389328,inf,,0.9529333659397741
298,,0.0,0.0,1.2436213889884078,1.2121335802624487,0.35356073453259146,0.801847450684826,0.254646266969464,,,0.38163879478178075,inf,,,0.7596931628235355
299,,0.0,0.0,1.4715043351357613,1.4349115476536765,0.5454974648929606,1.250279451433942,0.3518309988785957,,,0.3685265678147087,inf,,,0.6795499037215746
300,4.809254290402533,-4.809254290402533,0.0,1.6631572588887642,1.6278590091611642,0.5015394635211442,1.6803544416504466,0.4213642464793357,,,0.42445136339222655,4.788825965795183,inf,,0.8103610269008326
301,,0.0,0.0,1.6869972961776665,1.5783518306206457,0.6694557400593628,1.203229228129025,0.3437606487611613,,,0.468121228110369,inf,,,0.9449092504250035
302,,0.0,0.0,1.75876272220491,1.715037083665555,0.5870096723628664,2.500073987304643,1.3638895102649764,,,0.4302020962658841,inf,,,0.8949611028696154
303,,0.0,0.0,1.6949153415734486,1.6666843011551666,0.663056882695427,1.759501501986691,0.4696624819518431,,,0.4629450596409901,inf,,,0.8337703410186997
304,5.7037824746562,-5.7037824746562,0.0,1.6884924886616322,1.5654816566251337,0.595819137106917,1.1078439304118777,0.24179912532748093,,,0.5068466436745385,5.703782474656201,inf,,0.8087594512499926
305,4.150130450050653,-4.150130450050653,0.0,1.5719521247067465,1.5145256411803307,0.6104790784440276,2.2983788388559545,1.039111129275983,,,0.5202020156036558,4.1456378566096515,inf,,0.9237186401914917
306,4.0943445622220995,-4.0943445622220995,0.0,1.653841746007175,1.6214471158465162,0.7489615159099645,2.532503067629665,0.8337145120168548,,,0.5068466436745385,4.0943445622221,inf,,0.8298505102615931
307,,0.0,0.0,1.650308400267175,1.6595307289239065,0.6021983661023084,2.2125390055708625,1.9259508787765274,,,0.552929491858785,inf,,,0.8916142129021438
308,5.703782474656201,-0.30420173198166406,0.0,1.6211242552003944,1.5999675798891957,0.5171801348234653,1.4625979133096334,0.6031826663363069,,,0.4928685327679205,8.63497622707262,inf,,0.954670999273983
309,,0.0,0.0,1.5914464835429143,1.5840410199466242,0.5374984990990407,1.2466358226096128,0.42568160876268846,,,0.5490601803369085,inf,,,0.9546869627737243
310,,0.0,0.0,1.7101167205277006,1.7028102706477446,0.5588380044858199,1.8456635758960638,0.7902709077673427,,,0.47824363442641393,inf,,,0.9479589949667948
311,,0.0,0.0,1.4959719219946734,1.4697159142811416,0.5655607617601318,1.5045211086060872,0.6023377323956656,,,0.4576907132971797,inf,,,0.7674339958733558
312,5.7037824746562,-5.7037824746562,0.0,1.6121981970295838,1.5591743061202632,0.49143225222997505,1.2702913984143187,0.504102049764346,,,0.45235697871908603,5.703782474656201,inf,,0.9055241472299351
313,,0.0,0.0,1.6119236322202877,1.6088893974781215,0.4814000346439265,0.8750107983552974,0.3297812108267223,,,0.47824363442641393,inf,,,0.7318535398676164
314,,0.0,0.0,1.5486362611995588,1.5113703648059982,0.502583630742997,2.0947884273199207,1.447861602781134,,,0.5022576003740722,inf,,,0.7858042444764661
315,,0.0,0.0,1.5925598326403139,1.5533509665590435,0.523269190101212,2.461163832248279,2.2077750578168485,,,0.4629450596409901,inf,,,0.9390083118867582
316,,0.0,0.0,1.6595777718290863,1.6203351502935246,0.398307693678226,1.689161253437429,1.6087829922485815,,,0.4928685327679205,inf,,,0.8647229287707635
317,,0.0,0.0,1.6220146888125027,1.5187259136876272,0.5495490006063234,1.7221976180356815,1.1029460029701874,,,0.44694259446804574,inf,,,0.9462914179798165
318,4.313025242510026,-4.313025242510026,0.0,1.6588085027803183,1.6095174996350454,0.7083135057471928,1.8848494463831886,0.5592695240837717,,,0.5158180382284114,4.312500572025272,inf,,0.8015268364560515
319,5.703782474656203,-4.639076412720378,0.0,1.7015241191246,1.6641185545412254,0.4587151876957025,1.2894059262866475,0.7598329079842383,,,0.4732203808476458,5.910396724019201,inf,,0.8917749516273137
320,,0.0,0.0,1.7364643910764626,1.7454232911475167,0.5239581460534598,1.5732936053849587,0.9105983464726566,,,0.5113665138247345,inf,,,0.7974942134829628
321,,0.0,0.0,1.3476356759189898,1.3246159924991916,0.35720379846160183,0.5840679018384132,0.24856263272156576,,,0.4302020962658841,inf,,,0.947536727042404
322,,0.0,0.0,1.6366361741496036,1.6165837324629382,0.5130001219996198,1.086050194104747,0.7161192775205756,,,0.38163879478178075,inf,,,0.9496800296874834
323,,0.0,0.0,1.6616929478902882,1.5977641625829282,0.49757673358070864,1.3745894490245287,0.7484207125702054,,,0.4302020962658841,inf,,,0.9501565298769651
324,5.7037824746562,-5.7037824746562,0.0,1.704729321064688,1.6590813984619153,0.7791346039483424,2.390428650267547,1.2289558206521214,,,0.44694259446804574,5.703782474656201,inf,,0.918564406973716
325,5.015256275299987,-5.015256275299987,0.0,0.5111159728030057,0.4914576395719111,0.7660360691263556,1.9076770097724751,0.543947001694342,,,0.5158180382284114,5.0139741953617705,inf,,0.7225258852577358
326,5.015256275299987,-0.6302996803840744,-4.384956594915913,0.8457585375500443,0.8254058441561779,0.45227703200422237,0.9441810033806716,0.2050549155107203,,,0.5370774965580548,5.0139741953617705,0.9555114450274363,inf,0.5930658118830168
327,4.319405994019323,-4.319405994019323,0.0,1.192925191637112,1.1714496847984168,0.5577910290607367,0.979810334799584,0.1962484412352361,,,0.49759852643134905,4.319156170637007,inf,,0.5679075832284148
328,3.9418021930378253,-3.9418021930378253,0.0,1.5693220002757848,1.5439554241870603,0.5664019998388212,1.8942183128225858,0.7064669935091357,,,0.5022576003740722,3.9396226170265503,inf,,0.6868525020615189
329,,0.0,0.0,1.4980213473348791,1.4513805352184912,0.47603440152609394,0.6925806496723496,0.4929233804194544,,,0.5068466436745385,inf,,,0.8985822129034576
330,5.010635294096255,-5.010635294096255,0.0,1.5943716827125756,1.5598039800745749,0.725598165747131,1.8837249530418605,1.4472814989951241,,,0.45235697871908603,5.0106352940962555,inf,,0.9479385907990323
331,,0.0,0.0,1.5794523323887613,1.5690715914552456,0.447685431842529,0.8220961702508327,0.47247739278014056,,,0.4066654671944331,inf,,,0.8804870822752383
332,,0.0,0.0,1.5925778042081158,1.5794234466803343,0.4924732592887344,0.8249775870882128,0.6400456776817399,,,0.4928685327679205,inf,,,0.7190417732671881
333,,0.0,0.0,1.6606925182965548,1.6578070588034377,0.45513600961325695,1.4473356512374962,1.1712076179920068,,,0.43586655696697996,inf,,,0.9349164052974942
334,5.703782474656201,-1.8442230001388384,0.0,1.7551537511050366,1.6988427992668704,0.49382528383594254,1.6156766097883284,1.3831911822303025,,,0.43586655696697996,6.832853970809019,inf,,0.5923163573611294
335,,0.0,0.0,1.7474393753421509,1.641062243742242,0.3688393674556654,1.4778364860756652,1.2702656859110617,,,0.3943459996787778,inf,,,0.8865733860816163
336,,0.0,0.0,1.7341110484414453,1.6651310634217649,0.6678015733008658,2.438851353737854,2.1589152427544938,,,0.4576907132971797,inf,,,0.8394922366408295
337,5.48659635808075,-5.48659635808075,0.0,1.5875084187723147,1.6077452154674752,0.4419261818151355,2.700655584895925,2.5014618940835875,,,0.5068466436745385,5.431214040014468,inf,,0.8588595757812729
338,,0.0,0.0,1.6931462928348615,1.7114201996362397,0.45434327955502424,2.2735098406668017,1.8277951248051498,,,0.49759852643134905,inf,,,0.752985590784832
339,5.278652203912768,-5.278652203912768,0.0,1.7068296473449047,1.5157012229008335,0.7021869377022971,2.7612838207546524,2.9974857684386906,,,0.5022576003740722,5.225480042595771,inf,,0.692205472620224
340,,0.0,0.0,1.5824207144942286,1.6065881196430882,0.5499839005669219,2.1919185424970404,1.5938704800561485,,,0.4629450596409901,inf,,,0.911324056483429
341,5.7037824746562,-5.7037824746562,0.0,1.5888172842487116,1.565701959542995,0.6658222840662491,2.623593616742527,1.7644215292054501,,,0.43586655696697996,5.703782474656201,inf,,0.668590279771854
342,4.833582196889024,-4.833582196889024,0.0,1.6133559241933613,1.5722648743502157,0.6980314965306079,3.8988016967646217,4.314862767533702,,,0.47824363442641393,4.813151489562624,inf,,0.69318247069766
343,4.0943445622220995,-4.0943445622220995,0.0,1.5884333040728527,1.5672301933941917,0.6411447276973143,2.842635802014813,1.895055162307496,,,0.4928685327679205,4.0943445622221,inf,,0.6553469314274537
344,3.754311488464234,-3.754311488464234,0.0,1.5084128706416582,1.4866960635645357,0.7633884491140362,4.048942227589138,4.0505133801116395,,,0.541134803179459,3.754070039651149,inf,,0.46174346680592093
345,3.0980737325101173,-3.0980737325101173,0.0,1.5682965957928618,1.548489136317723,0.6525579148176496,3.244622273556327,1.0983969606325088,,,0.5113665138247345,3.097395927330491,inf,,0.8138507470186074
346,3.7095340348391703,-3.7095340348391703,0.0,1.6222144839146724,1.4871299657320958,0.7186840077068625,3.361651255751251,2.762634974294963,,,0.48319206230712763,3.7054606092613525,inf,,0.5722831696791597
347,,0.0,0.0,1.5876079893997495,1.5840121640550218,0.5847584775298932,1.1857688104309245,0.9019160905908177,,,0.5068466436745385,inf,,,0.9280004269006583
348,,0.0,0.0,1.4314784881447506,1.3810337082926534,0.5890240575179182,1.8612290664133064,0.9968527033237546,,,0.18952474069199465,inf,,,0.6933184616200945
349,2.75934349548976,2.9411000779009266,-5.700443573390687,1.4253167619431815,1.4021873624656582,0.7210933601925705,3.7895247822649587,1.2180517779101194,2.9411000779009258,,0.5370774965580548,2.7593434954897607,2.947777880431955,inf,0.6303756255784438
350,5.7037824746562,-5.7037824746562,0.0,1.6847273954052695,1.6374892639115008,0.5828281660783151,2.531914886464593,1.4292035108904337,,,0.4576907132971797,5.703782474656201,inf,,0.8020927784091683
351,5.7037824746562,-5.7037824746562,0.0,1.5435450236843427,1.4142860053972484,0.5165272920654724,1.6368426848716933,0.9246636457041559,,,0.48319206230712763,5.703782474656201,inf,,0.7209983834354353
352,5.7037824746562,-5.7037824746562,0.0,1.725707303567732,1.6495398538849813,0.47503073066541945,2.9706877674108276,2.3594796727299507,,,0.42445136339222655,5.703782474656201,inf,,0.76054683387174
353,5.7037824746562,-5.7037824746562,0.0,1.586764920676545,1.513557338375017,0.4756910307870307,1.9441295591863919,1.8974545392555837,,,0.468121228110369,5.703782474656201,inf,,0.7338100868915566
354,5.7037824746562,-5.7037824746562,0.0,1.6614073715849902,1.588136774443663,0.35141494137909945,1.8549174119347556,1.7067353179695255,,,0.5287703885177266,5.703782474656201,inf,,0.6223243178980004
355,,0.0,0.0,1.6109570772629198,1.515696599426922,0.2867586741645408,0.22453000260957026,0.10997652514154427,,,0.31914402280573173,inf,,,0.8119375270915216
356,,0.0,0.0,1.092408659797584,1.0897574747968666,0.7189121221819424,0.07548628387430323,0.09089638396155264,,,0.5490601803369085,inf,,,0.9198971528121289
357,4.640310495357465,-4.640310495357465,0.0,1.217077433992715,1.1882833901708347,0.6450632957854232,1.1527469813255293,0.19079123120828467,,,0.41268473150466,4.6344845736568665,inf,,0.8753561329851108
358,,0.0,0.0,1.3907193486582299,1.3684120426926545,0.8313128080418951,0.06634370957447522,0.08097321853877022,,,0.38163879478178075,inf,,,0.928041712323884
359,,0.0,0.0,1.5959444719197065,1.591870156538799,0.8183795604356292,0.08096722218333915,0.09311139209069133,,,0.4302020962658841,inf,,,0.9143022996491207
360,,0.0,0.0,1.5959444719197065,1.5853285043295686,0.8142389268486268,0.071186431248586,0.08263087224794365,,,0.5329562494928909,inf,,,0.9311788313792831
361,4.042039989247784,-4.042039989247784,0.0,0.8922564883248087,0.8453163536566146,0.7071907603095423,1.917946499568458,0.3554819733979071,,,0.5022576003740722,4.036704782775686,inf,,0.73220743744442
362,5.262478769699702,-5.262478769699702,0.0,1.0372192911673754,0.9481610237766029,0.5181992205841995,0.5997738415902448,0.11233478990800194,,,0.26342377874763145,5.2111208215178815,inf,,0.60641880575771
363,,0.0,0.0,1.1574265762158158,1.1345566825855005,0.8841493002870175,0.0681830795096354,0.08783012929712188,,,0.41268473150466,inf,,,0.950286902292337
364,,0.0,0.0,0.7661341090626367,0.6745851441489789,0.5879477878724658,0.6591334446741797,0.14958317646311425,,,0.21876365787541036,inf,,,0.83510777441386
365,,0.0,0.0,0.800161719901063,0.7387556719572609,0.49417879262825565,0.5181882038249946,0.09968747088882868,,,0.524519217297268,inf,,,0.8601357031969996
366,,0.0,0.0,1.6145754249416893,1.5608303411965987,0.5468179594003866,0.8546846369793142,0.22166787259373721,,,0.40055318934786044,inf,,,0.8170591576878108
367,,0.0,0.0,1.6502290639849653,1.5378003910085112,0.7517012023703981,0.780327935926744,0.2100619193100588,,,0.5022576003740722,inf,,,0.9151785910964159
368,,0.0,0.0,1.6791533089867812,1.586915586796039,0.9299744375769301,2.135057433166963,1.1801343503664738,,,0.524519217297268,inf,,,0.8239007885757419
369,,0.0,0.0,1.7004348463546508,1.643420180226088,0.9076044378465227,1.7657110126096287,0.6085603404076316,,,0.4732203808476458,inf,,,0.9004040660976893
370,,0.0,0.0,1.7356014246104716,1.7085952107811058,0.9094250522730842,2.48422378732242,3.2111970240509398,,,0.4302020962658841,inf,,,0.8806811241719424
371,,0.0,0.0,1.680211585595498,1.6561579581258947,0.9310406931402259,2.2779287114906803,1.8466050210136111,,,0.44694259446804574,inf,,,0.8840313171716498
372,,0.0,0.0,1.6433388324769858,1.5734967183751618,0.9093988274512584,2.1152467290001598,0.7096671389328892,,,0.44694259446804574,inf,,,0.8964362899974042
373,,0.0,0.0,1.4590492451848611,1.4149177688277792,0.8384765719493582,0.9110317144876725,0.24682703995402144,,,0.4066654671944331,inf,,,0.8986079814974473
374,,0.0,0.0,1.4787615853828975,1.4487351554513093,0.6938562121139755,2.985292092430989,17.976366048434304,,,0.42445136339222655,inf,,,0.9259944036675861
375,,0.0,0.0,1.5789135594483532,1.4939897988007613,0.7256616902107483,1.2792275023286703,0.402268676018936,,,0.5113665138247345,inf,,,0.8768332579815096
376,,0.0,0.0,1.7810061877938947,1.757334906020008,0.8930340752991308,1.966662401407224,0.6457207430717817,,,0.42445136339222655,inf,,,0.8950734691117035
377,,0.0,0.0,1.7245049938285961,1.6701305815354481,0.42891683915026435,1.2799194289689075,0.29866948417155625,,,0.5287703885177266,inf,,,0.7758471420160653
378,,0.0,0.0,1.5883152402082201,1.5281388543594219,0.35004763262295907,1.0604046282883257,0.3091220655364242,,,0.4576907132971797,inf,,,0.9331811380246738
379,,0.0,0.0,1.5468565896128785,1.4227257922005698,0.8351156435256378,1.5345461639260007,0.38091799972862206,,,0.4732203808476458,inf,,,0.8935621078803433
380,,0.0,0.0,1.4909447783612297,1.481849827852561,0.8833319048098387,2.1087335864624674,1.5989641752071635,,,0.3751344627501719,inf,,,0.866034016033619
381,,0.0,0.0,1.6423305130126546,1.5892552803400104,0.8883070215223452,1.3833804895695236,0.36236851716551244,,,0.43586655696697996,inf,,,0.916430668761677
382,,0.0,0.0,1.5003219712292188,1.482948171810997,0.6757983409060587,1.4648119980954033,0.41290300449121653,,,0.4732203808476458,inf,,,0.9437350820006808
383,,0.0,0.0,1.6025503839638537,1.545579680432279,0.8901160033209522,1.7098555911197684,0.8524365985872353,,,0.4302020962658841,inf,,,0.9292899644193491
384,,0.0,0.0,1.4965884916918206,1.4740683892858757,0.8651233095684591,1.4855663197291467,0.5074196398036415,,,0.40055318934786044,inf,,,0.9019486743749237
385,,0.0,0.0,1.6572215566863706,1.62598344911232,0.7847154323903501,2.3663904246665957,1.2070197257119326,,,0.3943459996787778,inf,,,0.904486265625324
386,,0.0,0.0,1.4425090408441485,1.4285658458716863,0.540243389866987,1.899561576240064,0.6828965577771393,,,0.42445136339222655,inf,,,0.9352605802481182
387,,0.0,0.0,1.5227989468914274,1.4843743571311254,0.8732130590261241,2.6944036279512495,1.9549051280123275,,,0.4576907132971797,inf,,,0.9100845383947518
388,,0.0,0.0,1.394549470069217,1.373544359981834,0.7341909901323405,2.3010979427169924,0.9987032637986162,,,0.468121228110369,inf,,,0.9335070095347414
389,,0.0,0.0,1.7097255182785258,1.6471586896933044,0.7989842092803305,2.4302989766070793,0.8956972357760837,,,0.41861278947482794,inf,,,0.9364397976726712
390,,0.0,0.0,1.6758512728328787,1.5686604213453808,0.7305843382268211,3.8739148581002762,3.7722036956520433,,,0.5451288209179292,inf,,,0.9142035126219415
391,,0.0,0.0,1.553696129155616,1.5416439355107379,0.8205990403459242,3.0220466246457955,1.1749220092981152,,,0.5329562494928909,inf,,,0.7200225376885554
392,,0.0,0.0,1.7429771085854706,1.5756201650292827,0.6772310331211971,0.8269805510557067,0.1224957189025031,,,0.43586655696697996,inf,,,0.7486909960740827
393,,0.0,0.0,1.6515489966122123,1.4561161336109765,0.8672803352744923,1.4465297713938579,0.18918700292440405,,,0.5113665138247345,inf,,,0.8145846939764166
394,,0.0,0.0,1.548700341312432,1.4190793092555891,0.8866274700022735,1.5564234962830903,0.19897646765421673,,,0.48319206230712763,inf,,,0.883729438386733
395,,0.0,0.0,1.4075903551132798,1.3035328734526892,0.7352063104142982,0.9061954738890677,0.18354847874949787,,,0.4732203808476458,inf,,,0.8528563853956757
396,,0.0,0.0,1.6130325140242623,1.473911701875065,0.922778924052392,1.8482537492658067,0.6131300277339502,,,0.47824363442641393,inf,,,0.8628441746539104
397,5.010635294096255,-5.010635294096255,0.0,1.6420827447980846,1.6267721419565742,0.6796392315474991,2.6161038286970175,1.5567075573833922,,,0.4880666971167561,5.0106352940962555,inf,,0.5490153527020691
398,,0.0,0.0,1.5689989196436258,1.5222298130569818,0.9349790127282123,3.0478210636071283,2.4911403277217494,,,0.5329562494928909,inf,,,0.8920612705492741
399,,0.0,0.0,1.5734615577421616,1.4428415218457138,0.935312915704333,3.6574771113581592,1.2951304455382244,,,0.4576907132971797,inf,,,0.8042713660951953
400,,0.0,0.0,1.4997157755627677,1.4399810849789934,0.7853359924813331,3.391514728402276,1.711501553143644,,,0.5113665138247345,inf,,,0.9198072106910152
401,,0.0,0.0,1.7263128784029316,1.4955818973134611,0.757804432206777,0.9113066144431757,0.15503492817513143,,,0.3338418249889409,inf,,,0.8684507115030388
402,,0.0,0.0,1.6678261414205393,1.4511726316700975,0.8045275085340231,1.3222995287269363,0.23879989342075492,,,0.541134803179459,inf,,,0.8979294288860701
403,,0.0,0.0,1.453909384378604,1.3824251402274008,0.8448515572582148,1.469181685235341,0.31207020737669633,,,0.5329562494928909,inf,,,0.8736100008568374
404,,0.0,0.0,1.588910657270655,1.5729392225946413,0.9135780037921449,2.066363498427101,0.9164201954666176,,,0.5113665138247345,inf,,,0.871199442173674
405,,0.0,0.0,1.600247709388631,1.5773158755394328,0.8222275554602236,1.5584598483830645,0.47899217285975215,,,0.4576907132971797,inf,,,0.8646979878661762
406,,0.0,0.0,1.4500661630627576,1.4030373011556445,0.876913671355962,2.482948530939117,1.1673979872718636,,,0.5158180382284114,inf,,,0.8891819875775578
407,,0.0,0.0,1.640779963252002,1.5910819508564025,0.8233539010940323,1.8476648778797606,0.37539552312907287,,,0.4732203808476458,inf,,,0.9135166426262074
408,,0.0,0.0,1.37468245656608,1.3449524634784429,0.885852976492407,2.1455825131891344,0.719680108029702,,,0.4302020962658841,inf,,,0.8635533308738682
409,,0.0,0.0,1.4836066502562764,1.4468916505297467,0.6490254196244049,4.136988302725668,5.892998662167071,,,0.40055318934786044,inf,,,0.873873697873229
410,,0.0,0.0,1.7698045497272026,1.7390218725452615,0.9369080440232068,2.9760687000001114,2.0019656828937826,,,0.4302020962658841,inf,,,0.8586799076108454
411,,0.0,0.0,1.6372285622911016,1.4910743791163454,0.6925601931947617,1.9829758689933217,0.6622157619285425,,,0.44694259446804574,inf,,,0.9113150879330362
412,,0.0,0.0,1.70781334470872,1.5555251589634045,0.7689259160479317,1.9331450857375923,0.6375889926012499,,,0.49759852643134905,inf,,,0.8919865229591992
413,5.7037824746562,-1.444958226912904,0.0,1.5820210776316093,1.5368334827255312,0.4696463566239847,1.6669687758552618,0.4927263548248748,,,0.44144624493110796,7.076831609026071,inf,,0.9439638799128931
414,,0.0,0.0,1.4226971614646717,1.3766717492901859,0.5650094698551351,0.9528728116058544,0.39198320371545714,,,0.4576907132971797,inf,,,0.8801431586264046
415,,0.0,0.0,1.7505010663391083,1.665953082649573,0.36371201921495205,1.0196945686022703,0.5615002877548849,,,0.5202020156036558,inf,,,0.9588702502217501
416,,0.0,0.0,1.6672754383857311,1.4256835787596578,0.8706071613418969,1.4156045420909344,0.24126034490063186,,,0.552929491858785,inf,,,0.884591067860171
417,,0.0,0.0,1.6672754383857311,1.3758377237101187,0.9014565573130345,1.3966189883035158,0.16807694774325066,,,0.5022576003740722,inf,,,0.891093305360238
418,,0.0,0.0,1.7022953831909413,1.6920741054774548,0.9137340890489234,0.07631958976938877,0.09774970010827909,,,0.35499006010413947,inf,,,0.9366102470169121
419,,0.0,0.0,1.6116134303987786,1.5844073366790201,0.8804985993089762,0.07075111372436263,0.08224184109647562,,,0.4629450596409901,inf,,,0.9191974471275378
420,,0.0,0.0,1.5291406097909914,1.441278755293963,0.6876822675734332,1.268951423391858,0.10548171905424475,,,0.35499006010413947,inf,,,0.7846598531937
421,,0.0,0.0,1.7438793696526287,1.742143666054058,0.5211057858231177,2.7220039719403024,5.378234395599396,,,0.41268473150466,inf,,,0.9321031331146729
422,,0.0,0.0,1.7665533442536894,1.7095640050893806,0.5592623109704787,2.0045936520920833,1.2856099177028657,,,0.28007874463063287,inf,,,0.9031800633866753
423,5.010635294096255,-5.010635294096255,0.0,1.7597077751076358,1.5568285469932686,0.5521575406094666,1.8911375649664772,1.088886723999096,,,0.4576907132971797,5.0106352940962555,inf,,0.7597883348990893
424,,0.0,0.0,1.5776851571308113,1.5013023895322326,0.4588378416732628,1.4134143492516094,0.207102489528469,,,0.2961247884481232,inf,,,0.7542450089388715
425,,0.0,0.0,1.6637630382678594,1.6305661021865447,0.9153200972628184,2.506696490229818,1.233259583423191,,,0.44694259446804574,inf,,,0.8776518613767895
426,,0.0,0.0,1.7774168513896527,1.7476811082756056,0.8398423155081624,1.1654205780962081,0.345848462530882,,,0.5022576003740722,inf,,,0.8690770008555969
427,5.7037824746562,-5.7037824746562,0.0,1.7277914063122877,1.6971078495712324,0.5335324899126206,2.504582935075615,0.8988244425563949,,,0.5022576003740722,5.703782474656201,inf,,0.9293439061724702
428,,0.0,0.0,1.2936313137611095,1.1190774605224652,0.848433803924389,1.6911175550463382,0.4094059091512914,,,0.36181263880445963,inf,,,0.9162331621757052
429,,0.0,0.0,1.512363988457901,1.4095692101953223,0.884452556320167,2.1933403713382016,1.0649217572265925,,,0.4576907132971797,inf,,,0.8983140709771227
430,,0.0,0.0,1.731663370236724,1.6486831930890642,0.6644244309773486,0.9097072525808794,0.2970854057405449,,,0.48319206230712763,inf,,,0.8712244670964371
431,,0.0,0.0,1.67437983241643,1.4867258417794134,0.5655524503907242,0.5279564191448614,0.14233560566515524,,,0.4928685327679205,inf,,,0.8903794237994745
432,,0.0,0.0,1.6074697537192542,1.5204187765915247,0.49220684670548903,0.5609537381850103,0.1364259129792348,,,0.41268473150466,inf,,,0.8768208487613769
433,,0.0,0.0,1.5911938218695891,1.4664061590818414,0.6440870020518571,0.8055385429112779,0.2304237296595807,,,0.4576907132971797,inf,,,0.8487981866780403
434,,0.0,0.0,1.6660275584239164,1.5979506079967138,0.5906838260836185,1.4767077156897264,0.3469285215555684,,,0.41861278947482794,inf,,,0.9202765274173105
435,,0.0,0.0,1.4943596092793248,1.477285305652943,0.4798324961171955,2.656406319223906,1.527300118497687,,,0.5202020156036558,inf,,,0.9441498273789009
436,,0.0,0.0,1.7293817599677959,1.6467389150789042,0.7545625120191618,1.4855899256038074,0.24888595217091192,,,0.468121228110369,inf,,,0.9096169590227811
437,,0.0,0.0,1.6624532138794055,1.5741634835594074,0.9115114280529489,1.6510499585324563,0.3945441110150869,,,0.5022576003740722,inf,,,0.9062113179280702
438,,0.0,0.0,1.6201433622379673,1.3967275004153479,0.7563843503643984,0.8049294813114665,0.14431018639155013,,,0.524519217297268,inf,,,0.907975697515539
439,,0.0,0.0,1.570956341761928,1.5433455412093557,0.7996607143757817,1.6523219996779805,0.3790560671646166,,,0.468121228110369,inf,,,0.9137235780376559
440,,0.0,0.0,1.2629935399136822,1.2387333719258187,0.9126267164179277,2.0993896311003057,0.6387782110816143,,,0.4066654671944331,inf,,,0.9005272717830382
441,5.010635294096255,-5.010635294096255,0.0,1.658312883944509,1.5557549127233459,0.8036178439799637,2.0212642749104717,0.48537882611842864,,,0.44694259446804574,5.0106352940962555,inf,,0.919434457059006
442,5.7037824746562,-5.7037824746562,0.0,1.6182641659044181,1.5900265070228852,0.5607503823383083,1.7812518248592246,0.7922013600518867,,,0.5022576003740722,5.703782474656201,inf,,0.7670225009036284
443,5.010635294096255,-5.010635294096255,0.0,1.3264048465566252,1.302193146186155,0.7214667662726836,1.7668845980056347,1.087700947636094,,,0.5202020156036558,5.0106352940962555,inf,,0.713129793256409
444,,0.0,0.0,1.5204382364768487,1.4920962133140412,0.8947370138377044,2.90481989295374,1.4264129121868074,,,0.5068466436745385,inf,,,0.8726517841714352
445,5.703782474656203,-4.429937721982983,0.0,1.4570248419075327,1.3456624490043283,0.850348336137294,4.376932171179723,9.085219482549288,,,0.581717464821069,5.956526495746702,inf,,0.901656944856107
446,,0.0,0.0,1.7776345667945912,1.7330984706376387,0.9262101660059803,3.782739743878619,3.9115816560248264,,,0.5604843169999094,inf,,,0.8237166410097173
447,,0.0,0.0,1.5810278513733729,1.5531916453772616,0.4991983784289407,3.773421332558784,61.624232862542094,,,0.5567373465730988,inf,,,0.919473966326623
448,,0.0,0.0,1.6939539995368222,1.6629584520133618,0.926293195721871,3.8137905074806615,30.997902088275293,,,0.4928685327679205,inf,,,0.8426792975604837
449,,0.0,0.0,1.514443657285175,1.493827710352578,0.9565237670519044,3.7028290464786062,64.88284541303872,,,0.5451288209179292,inf,,,0.8584053230698941
450,,0.0,0.0,1.7217923825510297,1.6053714471758747,0.5262862653186335,3.8328374394364735,53.280608053239206,,,0.5329562494928909,inf,,,0.7512161438079247
451,,0.0,0.0,1.6787832786575092,1.621334426460689,0.7576835228766858,4.480769154546345,41.617073685183975,,,0.44694259446804574,inf,,,0.9115351597787548
452,,0.0,0.0,1.7399740724919435,1.7020185410544002,0.8903936617236364,4.046312874487493,32.66163894688252,,,0.5370774965580548,inf,,,0.8901444518357868
453,,0.0,0.0,1.7352450382588192,1.7114143020186114,0.9361663332379851,4.313675272515714,8.609139920418848,,,0.5158180382284114,inf,,,0.8728321775338465
454,5.7037824746562,-5.7037824746562,0.0,1.677238279369751,1.6828289784967256,0.6530806102287952,4.033671698388323,21.016328969506834,,,0.5641709578113449,5.703782474656201,inf,,0.9153587160062598
455,4.245338365278048,-4.245338365278048,0.0,1.5310824168661865,1.4408661083889658,0.6045047405416113,4.651845262005385,88.3699220728989,,,0.47824363442641393,4.239755764995958,inf,,0.7789974864824174
456,5.7037824746562,-5.7037824746562,0.0,1.7344051328353047,1.688502739173316,0.8466630921829077,3.9914221501659033,34.74223731256188,,,0.5068466436745385,5.703782474656201,inf,,0.8658660083128153
457,5.15850669261571,-5.15850669261571,0.0,1.767063086714592,1.7549427114689917,0.9384592374699342,3.780060115177819,2.5669337713404325,,,0.5451288209179292,5.1234307882416,inf,,0.8375236949799412
458,5.010635294096255,-5.010635294096255,0.0,1.7774596070369484,1.7724533396759123,0.6327881434422241,4.216677449530173,8.798872496152727,,,0.5068466436745385,5.0106352940962555,inf,,0.7279521355512841
459,5.7037824746562,-5.7037824746562,0.0,1.5947075687354977,1.5605799132816427,0.5545970529365302,4.166315369471481,2.270028269813274,,,0.49759852643134905,5.703782474656201,inf,,0.780875425132617
460,5.7037824746562,-5.7037824746562,0.0,1.6596633657186197,1.629767913663405,0.878331817205091,4.401997211121818,4.592836301394946,,,0.4629450596409901,5.703782474656201,inf,,0.8956156132545517
461,,0.0,0.0,1.4311384719533249,1.4001526687167607,0.708842515451891,4.255718039321158,4.965156414661437,,,0.42445136339222655,inf,,,0.9312275500895069
462,4.0943445622220995,-4.0943445622220995,0.0,1.5890774318468521,1.590791049145659,0.7498339792487212,4.356221939109739,2.3363829303607435,,,0.5713653840954815,4.0943445622221,inf,,0.9144726702927138
463,4.31748811353631,-4.31748811353631,0.0,1.652577463934995,1.6060612079536685,0.7419984220622865,4.373879332842483,19.12475330248043,,,0.4880666971167561,4.31748811353631,inf,,0.8614819768039214
464,4.990362038690846,-4.990362038690846,0.0,1.6699867721223127,1.6000087547955186,0.8339578721404077,3.8740555439790194,1.8202458684998626,,,0.48319206230712763,4.985942681505884,inf,,0.9128887836293539
465,,0.0,0.0,1.622244574224546,1.5089579707172127,0.9666240304591663,4.252942292495057,3.480309934010304,,,0.45235697871908603,inf,,,0.8704727910075578
466,,0.0,0.0,1.74628990735983,1.7133538263062642,0.6581090290676852,3.506009407221776,1.7887298592016063,,,0.49759852643134905,inf,,,0.8071319066633904
467,,0.0,0.0,1.5704758140097503,1.517033187221085,0.9365354772934383,2.8306236198252375,1.6264502560001395,,,0.44144624493110796,inf,,,0.9053709179718817
468,5.7037824746562,-5.7037824746562,0.0,1.5657110492502386,1.5308413719646956,0.8023206239254553,3.667017400784295,12.31661268463115,,,0.4732203808476458,5.703782474656201,inf,,0.8943495409953895
469,3.575718563204412,-3.575718563204412,0.0,1.693462313024561,1.6912339784387254,0.6785960413701944,2.9542738718481782,1.4298903619707408,,,0.5604843169999094,3.5708001660483353,inf,,0.7802273436972645
470,,0.0,0.0,1.5689972451682248,1.5156380321904162,0.815268748303653,3.767501120780386,2.319774148110188,,,0.5641709578113449,inf,,,0.8058507593058454
471,,0.0,0.0,1.3503946811739682,1.345542392289271,0.6463540640060396,4.159619644059101,3.141291451396505,,,0.4629450596409901,inf,,,0.6574523658332663
472,5.186232579838108,-5.186232579838108,0.0,1.612411811367581,1.6158132816384323,0.7727782441765993,4.0814815411306,12.754297256222166,,,0.5451288209179292,5.14607326499136,inf,,0.9152724201545663
473,5.010635294096255,-5.010635294096255,0.0,1.6887700283444933,1.6926985396716239,0.6511048982563873,3.4881246911885535,3.639216423862827,,,0.5113665138247345,5.0106352940962555,inf,,0.8742369648443722
474,4.144923767186654,-4.144923767186654,0.0,1.5967389638394303,1.5655925473854917,0.6871659940369986,2.763702557387117,2.1337933655396757,,,0.5068466436745385,4.140737601791811,inf,,0.9484324146038027
475,5.160817183217576,-5.160817183217576,0.0,1.649130147872926,1.6004361917615144,0.7519856159957674,2.992997291124311,3.093365969303344,,,0.4732203808476458,5.1252982024163956,inf,,0.7379954082858107
476,3.611777409173018,-3.611777409173018,0.0,1.6362845712512555,1.603514910872963,0.8327488459913129,3.438450945517937,1.4318645454652081,,,0.5677978065141052,3.6110957062263447,inf,,0.7606596086939079
477,3.406816609163905,-3.406816609163905,0.0,1.6405213490608626,1.5903852333287092,0.7155423978640838,2.9841124113794946,1.8415533750587794,,,0.4629450596409901,3.4065449879887506,inf,,0.7939345899897216
478,4.151618073726081,-4.151618073726081,0.0,1.6806646608290563,1.6550626645443216,0.6879072346651258,3.130542109083366,6.638822412101449,,,0.49759852643134905,4.14704235122255,inf,,0.7214422591218592
479,,0.0,0.0,1.6846963535058244,1.6581024819321815,0.8809287810795737,2.824852351153875,4.614377840282088,,,0.5202020156036558,inf,,,0.8998170672021766
480,,0.0,0.0,1.7301660749712513,1.7173808899598995,0.7747212208211746,3.388059941461994,15.401021246327693,,,0.44694259446804574,inf,,,0.8902586738020466
481,4.572566217776889,-4.572566217776889,0.0,1.784898195228653,1.686694877742197,0.7125498502510595,2.31094687116345,2.041011360844504,,,0.5158180382284114,4.56808851108356,inf,,0.9247775990669396
482,3.9120230054281455,-3.9120230054281455,0.0,1.5192431101081532,1.4775107154715852,0.7356853419558205,3.00349780031079,2.3201110756472945,,,0.44694259446804574,3.912023005428146,inf,,0.8317560479694831
483,4.605170185988091,-4.605170185988091,0.0,1.5537914344189083,1.55015365352618,0.7723616035301109,2.657556689535416,2.033726655138221,,,0.44144624493110796,4.605170185988091,inf,,0.7240866156083461
