,hr+temp_XAp0,hr+temp_XAp1,hr+temp_XAp2,hr+temp_XCond1,hr+temp_XCond2,hr+temp_XDist,hr+temp_XFuzz1,hr+temp_XFuzz2,hr+temp_XK2_1,hr+temp_XK2_2,hr+temp_XPermEn,hr+temp_XSamp0,hr+temp_XSamp1,hr+temp_XSamp2,hr+temp_XSpec
0,,0.0,0.0,1.5214880407508107,1.0859861812944915,0.74088331836169,0.010073413022258563,0.027560072527547018,,,0.48319206230712763,inf,,,0.16290731399774716
1,,0.0,0.0,1.597356747647992,0.9929148807031293,0.9178236551276603,0.12767335488195528,0.28077790936233094,,,0.468121228110369,inf,,,0.16566688504106808
2,,0.0,0.0,1.6538649045151619,1.1774567355110923,0.8643094715159,0.09303610861781104,0.21920250994921925,,,0.41861278947482794,inf,,,0.16824674012106752
3,,0.0,0.0,1.1132629706616988,0.6859345301170885,0.8364382507014211,0.10875798572406019,0.2151542552337788,,,0.45235697871908603,inf,,,0.16204235656016472
4,,0.0,0.0,1.6531879761986243,1.2465040359208488,0.8366950149477522,0.0550753185690084,0.1308586600054904,,,0.47824363442641393,inf,,,0.16175338166542977
5,,0.0,0.0,1.6437569363340974,1.0765793238328123,0.8991022852620311,0.09638329456182121,0.24137553106313364,,,0.45235697871908603,inf,,,0.16493532044493944
6,,0.0,0.0,1.3266102244296112,1.0187826410192817,0.9332765652120565,0.07396859962022673,0.19198306292159079,,,0.468121228110369,inf,,,0.1655226040439801
7,,0.0,0.0,1.7469299292010712,1.1695614997532418,0.9142176643031715,0.1669778208989604,0.2922388335829459,,,0.45235697871908603,inf,,,0.15779193619894014
8,,0.0,0.0,1.4787805382420607,0.8687724457806383,0.8421986600101541,0.015348195650403278,0.03624201606305749,,,0.4066654671944331,inf,,,0.1633133934697219
9,,0.0,0.0,1.6623956255283088,1.053370318588419,0.9418737293504719,0.18656606483445218,0.3484047719268587,,,0.44694259446804574,inf,,,0.15612125567403826
10,,0.0,0.0,1.3230658429851394,0.9046916938987413,0.9529461340364281,0.10719489121859875,0.29448050224863953,,,0.3751344627501719,inf,,,0.16379823437423618
11,,0.0,0.0,1.5972296610703094,0.7828694223905415,0.9122024266069658,0.1049126587219827,0.2531558980979043,,,0.3943459996787778,inf,,,0.1589703322265845
12,,0.0,0.0,1.70474997070965,1.1439449093151657,0.9544600242192416,0.08180323927264492,0.20365376702313212,,,0.3943459996787778,inf,,,0.16321485871275124
13,,0.0,0.0,1.6263195484852706,1.1663172868274918,0.8395870221292263,0.013745414818253206,0.03947039977191138,,,0.4066654671944331,inf,,,0.16352560637606484
14,,0.0,0.0,1.7046985391102343,1.2483205785829306,0.7584166609266187,0.029363745175624414,0.07677394157938368,,,0.3751344627501719,inf,,,0.16604282944312693
15,,0.0,0.0,1.52698835442399,0.8387925630075179,0.9119483971354757,0.07038166541059665,0.14038931328566823,,,0.3685265678147087,inf,,,0.16623626182330778
16,,0.0,0.0,1.7556171001727123,1.4693297618939216,0.8308457579142542,0.11605945391758454,0.21184998868210214,,,0.42445136339222655,inf,,,0.16886625630974203
17,,0.0,0.0,1.43899006159993,0.8038844178110591,0.9272503626757495,0.20012722315597176,0.41445643617938777,,,0.45235697871908603,inf,,,0.16877252463115855
18,,0.0,0.0,1.5687915053411976,0.9816332648136445,0.9212003668495238,0.04960959456773529,0.1313580768769663,,,0.4576907132971797,inf,,,0.16221352334062936
19,,0.0,0.0,1.7514632105506438,0.9178801548349647,0.8818882946064879,0.07163468919880994,0.17763381389363309,,,0.4066654671944331,inf,,,0.16067554321120617
20,,0.0,0.0,1.4639543319854609,0.8579215667074049,0.905897491137842,0.08744434807760529,0.2364680344736982,,,0.41861278947482794,inf,,,0.15735913011196723
21,,0.0,0.0,1.6013513678415057,0.8658902244351647,0.9373040810273608,0.20606872713959734,0.440602963213379,,,0.48319206230712763,inf,,,0.1539418372117905
22,,0.0,0.0,1.5652659251483207,1.025883850034913,0.9710240901777208,0.20378478817607404,0.4303562473616188,,,0.48319206230712763,inf,,,0.16265046318140117
23,,0.0,0.0,1.2799967729509405,0.589855066902325,0.9194630141044392,0.17853756678333205,0.37256712714488377,,,0.3943459996787778,inf,,,0.16853806837556548
24,,0.0,0.0,1.4940756164454556,0.7466624921848602,0.9383096584705819,0.15578808743711559,0.35180081056621987,,,0.41268473150466,inf,,,0.16985275265453723
25,,0.0,0.0,1.5180442900174689,1.1483871970777724,0.8886604684858916,0.11188638017160973,0.21852684137077494,,,0.4629450596409901,inf,,,0.1694378583939469
26,,0.0,0.0,1.5957076461666129,1.2383680922585107,0.9149472039345361,0.08782510056235043,0.22961639157374314,,,0.40055318934786044,inf,,,0.16338203751777625
27,,0.0,0.0,1.590859044920958,1.1734330656684133,0.732825768613705,0.023506009552139422,0.055579544853438204,,,0.44694259446804574,inf,,,0.16577045612564278
28,,0.0,0.0,1.685559064842106,0.812286424513398,0.9672848725681777,0.002158578036929377,0.0067211392978311635,,,0.468121228110369,inf,,,0.1639342007232796
29,,0.0,0.0,1.6892866353936657,1.2696626709929246,0.9129993790341272,0.004838618266069512,0.014981607049005995,,,0.35499006010413947,inf,,,0.1631210645712036
30,,0.0,0.0,1.4577619370337145,1.1075648832559635,0.9391736898864842,0.0050211360886842585,0.015523315745752088,,,0.3943459996787778,inf,,,0.1637732080977013
31,,0.0,0.0,1.69032702945688,0.9465819321939621,0.926050818654499,0.12922969255642652,0.28027772563265496,,,0.44694259446804574,inf,,,0.16079279485512804
32,,0.0,0.0,1.474400359536605,1.0484428035526316,0.9356366837574512,0.07434061626761394,0.1900161436649031,,,0.3943459996787778,inf,,,0.1622826265820652
33,,0.0,0.0,1.7436429015751322,1.1762585524699019,0.9204071446572246,0.04433638226542779,0.11578933821301562,,,0.44694259446804574,inf,,,0.16464772906009062
34,,0.0,0.0,1.6798154226118982,1.3485755401444335,0.8652050635716293,0.023261548188748826,0.06650491616357648,,,0.3480560589391537,inf,,,0.16428102906899714
35,,0.0,0.0,1.513619652670271,1.0068034322795683,0.9376828920526123,0.008206733579640172,0.025294535681679216,,,0.42445136339222655,inf,,,0.16268819487080918
36,,0.0,0.0,1.6116767638998328,1.3030484732730305,0.8975554469819915,0.00924437402671855,0.028604892422468463,,,0.47824363442641393,inf,,,0.16340040097588882
37,,0.0,0.0,1.3768517922068515,0.9818306488114068,0.8755839004445224,0.15559828089199723,0.26381006467395374,,,0.38804190201132227,inf,,,0.15847485792298127
38,,0.0,0.0,1.659473969589667,1.1331170065832494,0.9498841245964729,0.10899172978986063,0.26641964935864737,,,0.41268473150466,inf,,,0.16120977249763702
39,,0.0,0.0,1.725113104112176,1.2153055314139318,0.8675037582659213,0.13036523771732536,0.25689916193952544,,,0.3751344627501719,inf,,,0.16162949982499697
40,,0.0,0.0,1.6290127985811649,1.1246185013616332,0.9108127593753057,0.08102498381807861,0.1921835422220048,,,0.4302020962658841,inf,,,0.16326798523585792
41,,0.0,0.0,1.7428466201477892,1.2727167121247307,0.8798804390600956,0.08438599020783168,0.20831450603397567,,,0.4066654671944331,inf,,,0.16703603936599024
42,,0.0,0.0,1.3963692279668938,0.7839893792607494,0.9341055726768863,0.037363273006066004,0.0987783160187507,,,0.41861278947482794,inf,,,0.16439453938885715
43,,0.0,0.0,1.6257785896812573,1.205322839344607,0.8007364087164648,0.03695089896993533,0.09612885263376195,,,0.3943459996787778,inf,,,0.16194981150205112
44,,0.0,0.0,1.6935381119259518,0.7310207681953573,0.952852022962878,0.11921658147893317,0.2615032334632694,,,0.41861278947482794,inf,,,0.15871850228997225
45,,0.0,0.0,1.488710413071785,1.0484110281249914,0.9609345913649652,0.20967614585817754,0.4634797437354874,,,0.4066654671944331,inf,,,0.1586245575896966
46,,0.0,0.0,1.498553041688405,1.045244529235142,0.9287439805141263,0.1223840379823189,0.24304359485108762,,,0.4066654671944331,inf,,,0.16076026041924468
47,,0.0,0.0,1.6857476714331678,1.1499168259830015,0.8316935919103339,0.05859999139783481,0.11988422570089358,,,0.4732203808476458,inf,,,0.16442966070896078
48,,0.0,0.0,1.655471110747407,1.312685517477462,0.8189607309176241,0.02472895320196537,0.063758944273694,,,0.40055318934786044,inf,,,0.16513651440753532
49,,0.0,0.0,1.6127190043341768,0.9287087684454098,0.8964622089702271,0.0021976228929433284,0.006545797278781792,,,0.41268473150466,inf,,,0.16366308732902823
50,,0.0,0.0,1.036348294210907,0.7067778582513135,0.9262039955888837,0.003076757355561527,0.009385768033328697,,,0.3751344627501719,inf,,,0.1632682186247751
51,,0.0,0.0,1.5448399170496243,0.9716060051760688,0.9068536182060221,0.007193562661596414,0.022096116328834778,,,0.3480560589391537,inf,,,0.16406287264002542
52,,0.0,0.0,1.6900674063116605,1.2197830774986016,0.8901003003226996,0.0014215261682864288,0.004385811725269556,,,0.38804190201132227,inf,,,0.16359743621175393
53,,0.0,0.0,1.699707275585034,1.2132314002820468,0.8979088027381674,0.0019254686693483743,0.005868047156902102,,,0.44694259446804574,inf,,,0.16366642100956852
54,,0.0,0.0,1.6086513752331806,1.0960240240895827,0.8274589594390943,0.0029147548842087976,0.008852266530138089,,,0.44144624493110796,inf,,,0.16340035737421532
55,,0.0,0.0,1.5796501056709262,0.8793186027973102,0.9375955817806573,0.013935303431731447,0.04121572228458712,,,0.41268473150466,inf,,,0.16349496516793258
56,,0.0,0.0,0.9188157452324761,0.6723504482928798,0.7937600097521413,0.03267322783797669,0.07356780866327949,,,0.42445136339222655,inf,,,0.16350796861869912
57,,0.0,0.0,1.7095549225322866,1.2606839663264529,0.918122991317258,0.046643933959259594,0.12910131788552104,,,0.44144624493110796,inf,,,0.1639577023393831
58,,0.0,0.0,1.3291522002034344,1.0972598024222413,0.8922966707914626,0.004381844094970851,0.013079683308423525,,,0.4576907132971797,inf,,,0.16341534622538245
59,,0.0,0.0,1.5415535875911326,0.9751660319668338,0.8983653900923971,0.005593806047768954,0.016847482996790272,,,0.41861278947482794,inf,,,0.164256747148769
60,,0.0,0.0,1.566326025406372,0.8892695398814049,0.9231779819119381,0.018843263630553348,0.05367970683496691,,,0.41861278947482794,inf,,,0.1634820269925485
61,,0.0,0.0,1.6036672807176582,0.9868637330391261,0.9437280343547485,0.006900349441646007,0.021149876166304513,,,0.45235697871908603,inf,,,0.16339603107473905
62,,0.0,0.0,1.3177501284504165,0.7032863174545068,0.9167821610487625,0.0014225097502093035,0.004372522736412998,,,0.41861278947482794,inf,,,0.16320279028466692
63,,0.0,0.0,1.594536319123385,1.3111070319722393,0.9505996275614788,0.002081635453765908,0.006356717917299083,,,0.43586655696697996,inf,,,0.1633696957287004
64,,0.0,0.0,1.4251977734908872,0.6688017366252178,0.9474118430446165,0.002141102366363562,0.006776025056397905,,,0.40055318934786044,inf,,,0.16289628245259646
65,,0.0,0.0,1.5376124525565302,1.2322400889673961,0.833682004975262,0.012005355305654273,0.03281872264576779,,,0.4928685327679205,inf,,,0.16405142300922657
66,,0.0,0.0,1.57896726812415,1.067919630100005,0.9159346918405736,0.0027152312692486093,0.008334645626460515,,,0.44694259446804574,inf,,,0.16391646602276372
67,,0.0,0.0,1.4684204728907586,1.1086926485721869,0.7555323815620582,0.02376581156130675,0.05552430628438478,,,0.3751344627501719,inf,,,0.1662760866726487
68,,0.0,0.0,1.5988785273858264,0.8543351012816945,0.8097792311270194,0.023137692272146244,0.06346091749719093,,,0.468121228110369,inf,,,0.16682367907520085
69,,0.0,0.0,1.6727598965093182,1.0720083088874486,0.9192231972360739,0.0037283313043806744,0.011490735981634827,,,0.468121228110369,inf,,,0.1640593804157463
70,,0.0,0.0,1.6527701348325718,0.766259247705174,0.9025925601927602,0.005172275344199578,0.01577183151935295,,,0.4066654671944331,inf,,,0.16495644437057658
71,,0.0,0.0,1.5638987314604034,1.1986247026986998,0.770624337448296,0.004859257708357608,0.014934183141355993,,,0.43586655696697996,inf,,,0.16412630878991044
72,,0.0,0.0,1.4936735107332217,1.115462931140407,0.9195126334080378,0.0028046708891631893,0.008840214494025276,,,0.4066654671944331,inf,,,0.16314275209342388
73,,0.0,0.0,1.5971395979219902,1.149687623297922,0.8318719439606093,0.0016397766301092624,0.005135789473492051,,,0.41861278947482794,inf,,,0.16275809761679977
74,,0.0,0.0,1.455572336508125,1.1442569136915097,0.8046436641713757,0.007599818698115936,0.023240550634278136,,,0.4732203808476458,inf,,,0.16323744500511744
75,,0.0,0.0,1.3334471072317968,1.0565109321742936,0.8847430145604948,0.005002569194183004,0.015563802054646903,,,0.44144624493110796,inf,,,0.16336961436967617
76,,0.0,0.0,1.6408851762133285,0.6516644029434534,0.9304390835502963,0.0037681258092119537,0.011668816411744408,,,0.42445136339222655,inf,,,0.163178275970077
77,,0.0,0.0,1.4404028689315147,1.1093626304462196,0.7713615828624802,0.03653401233683098,0.09430382873123108,,,0.35499006010413947,inf,,,0.1615800580453876
78,,0.0,0.0,1.6937870732731375,1.0190086697253617,0.8505951903104432,0.1297847500164013,0.24961912901314534,,,0.468121228110369,inf,,,0.1702346292645576
79,,0.0,0.0,1.654187503982444,0.8789964644536024,0.9382214374314037,0.10795201220040575,0.24101062172170526,,,0.4066654671944331,inf,,,0.16540550001649124
80,,0.0,0.0,1.6625011816762665,0.9878355984003647,0.8902643447471498,0.012549910681220987,0.03307847837179341,,,0.47824363442641393,inf,,,0.16408188180268457
81,,0.0,0.0,1.663537387225598,1.043556170822407,0.717973072650497,0.018495056376776824,0.0516063364493312,,,0.468121228110369,inf,,,0.16489411191567024
82,,0.0,0.0,1.6221381505412105,1.135816903107605,0.9078722066185946,0.0048345220706379555,0.01456155680688602,,,0.38804190201132227,inf,,,0.16263279667611363
83,,0.0,0.0,1.5604796016064046,1.1035309860216684,0.9520932863155733,0.007102423537310816,0.021652503503224292,,,0.40055318934786044,inf,,,0.1634357666145733
84,,0.0,0.0,1.372115965625369,1.194224246951778,0.752243269828104,0.008918981506368348,0.02236106027460645,,,0.40055318934786044,inf,,,0.16285379519723345
85,,0.0,0.0,1.4865142671157685,1.4398993115169167,0.9257395917509851,0.0065596262491175936,0.019873813825160007,,,0.4880666971167561,inf,,,0.16330572022203968
86,,0.0,0.0,1.680667620350756,1.4450895754940156,0.8715132546472013,0.011670529882818461,0.033898134383100756,,,0.44694259446804574,inf,,,0.16454811258966517
87,,0.0,0.0,1.7568007978988518,1.113893522623326,0.97328030105245,0.005434578721591443,0.016994733218403082,,,0.44144624493110796,inf,,,0.16419671341971992
88,,0.0,0.0,1.7879190421922109,1.388401750613237,0.8278039228073856,0.006391455732896221,0.019996960858142274,,,0.41268473150466,inf,,,0.1640694108129278
89,,0.0,0.0,1.777992378487264,1.1875006840812077,0.9136618982859874,0.005803033601608111,0.01797054869883554,,,0.38804190201132227,inf,,,0.1640202538308692
90,,0.0,0.0,1.693343306226456,1.2236220367291086,0.9627816197366357,0.004025274376704113,0.01244645028640538,,,0.47824363442641393,inf,,,0.16405547470055543
91,,0.0,0.0,1.70428698532483,1.2967983183598184,0.9570351606681128,0.005246222884920026,0.016341467344550477,,,0.42445136339222655,inf,,,0.16378779128247897
92,,0.0,0.0,1.6846286277781046,1.3939141581636,0.9509253116594163,0.007293942671667518,0.022575872579427825,,,0.41861278947482794,inf,,,0.16384110172919794
93,,0.0,0.0,1.634485984643945,1.4452271241343981,0.9021055095470941,0.004019244802623291,0.012616528758374284,,,0.38804190201132227,inf,,,0.16388246631607947
94,,0.0,0.0,1.1341585851535376,1.0597484764204301,0.7725165903639715,0.011557495033823549,0.03218280392547963,,,0.41268473150466,inf,,,0.1637171247900813
95,,0.0,0.0,1.7163052296236276,1.2096517566433558,0.862178427818838,0.020305861064410683,0.050101825216792795,,,0.3685265678147087,inf,,,0.16536013283142173
96,,0.0,0.0,1.5633761759173732,1.2143422684488254,0.8150995594537142,0.012508875052408676,0.030899242836844545,,,0.45235697871908603,inf,,,0.16423205319316764
97,,0.0,0.0,1.7357363682574343,1.166145137092823,0.8964082275743068,0.010579606767574539,0.031110909517429612,,,0.43586655696697996,inf,,,0.16421339619441314
98,,0.0,0.0,1.4105209887412316,0.7666464953351027,0.8715295663171869,0.016588220952232377,0.04806235405620968,,,0.4732203808476458,inf,,,0.1622170123482515
99,,0.0,0.0,1.1981079446628602,0.9437174656303389,0.9200435712595314,0.01865606706266133,0.05404382588705424,,,0.42445136339222655,inf,,,0.16359272145570977
100,,0.0,0.0,1.5700795390437778,0.8292090870246145,0.963055946016526,0.005205760841349362,0.016107989538341742,,,0.42445136339222655,inf,,,0.16270024866850266
101,,0.0,0.0,1.6622914960262474,1.4083808105988294,0.9039575844286121,0.006329938370344684,0.019695757601682004,,,0.5068466436745385,inf,,,0.1639673182735291
102,,0.0,0.0,1.6010241270047008,0.9922910588426269,0.8479050024158132,0.004015952067705084,0.0125449766814472,,,0.4732203808476458,inf,,,0.16522013011119954
103,,0.0,0.0,1.7148496913851137,1.0047604010252573,0.9635403613549796,0.0028867987130162137,0.009199499157689077,,,0.4732203808476458,inf,,,0.16307573516758198
104,,0.0,0.0,1.731685414721336,1.3216333329196526,0.9222026580232964,0.0018076794453920357,0.005697714431320789,,,0.44144624493110796,inf,,,0.1637054624324364
105,,0.0,0.0,1.5066590149024726,1.3483312164501666,0.9782993943257515,0.007642903736898324,0.024131782171542934,,,0.4629450596409901,inf,,,0.16354331160352983
106,,0.0,0.0,1.7437341388766634,1.137869094430446,0.9489627298450511,0.0035985011504523034,0.011255987912905423,,,0.3480560589391537,inf,,,0.16301168880674954
107,,0.0,0.0,1.764379834153816,1.1952126199486388,0.9156530187195494,0.008217430057104937,0.024950884607512346,,,0.43586655696697996,inf,,,0.16352800526523448
108,,0.0,0.0,1.469890130828699,1.3289588830094334,0.9149997356370096,0.0037133704421324844,0.011738332650997876,,,0.4302020962658841,inf,,,0.16323363734985924
109,,0.0,0.0,1.7420719419881445,1.2939599691886137,0.9587686705856973,0.004232279276894928,0.013414152763380613,,,0.468121228110369,inf,,,0.16335197667657372
110,,0.0,0.0,1.741888743689729,1.0088877761298136,0.964451230305063,0.001116968004093401,0.0034713050446496963,,,0.42445136339222655,inf,,,0.16331511258840392
111,,0.0,0.0,1.7733658186449202,1.29394027881545,0.8952440808923445,0.004540067513025487,0.014071726461705947,,,0.47824363442641393,inf,,,0.1633861294570695
112,,0.0,0.0,1.7560358279469848,1.2784679034176771,0.9527934217920627,0.0005888643280443977,0.0016683334090103114,,,0.47824363442641393,inf,,,0.16339174464934547
113,,0.0,0.0,1.6496973037881473,1.1648220882803515,0.8958361172184297,0.0015045690632203418,0.004545662394013778,,,0.5068466436745385,inf,,,0.1632456144845646
114,,0.0,0.0,1.6297700043079137,1.2214997305170496,0.9215808004801884,0.004556737277537018,0.013725402741166667,,,0.468121228110369,inf,,,0.16291480551055246
115,,0.0,0.0,1.5995068238963053,1.3514084862468672,0.8357076096797061,0.0037278136452615217,0.01103503342283575,,,0.44694259446804574,inf,,,0.16321055961555828
116,,0.0,0.0,1.6529332100530871,1.4691038795652733,0.8763302296046487,0.0010581285620597145,0.0032516036288793137,,,0.468121228110369,inf,,,0.16325148968619171
117,,0.0,0.0,1.7214899433519517,1.3246065505136615,0.8920920809305932,0.0017391746321621575,0.005453791473275137,,,0.44144624493110796,inf,,,0.16315685363732077
118,,0.0,0.0,1.2069184605032846,1.1541230064130519,0.9113014874543005,0.0065218041034163015,0.020259874484146574,,,0.4066654671944331,inf,,,0.16332462683729596
119,,0.0,0.0,1.5242047510669958,1.123764331571997,0.9119645013835077,0.015698842405418145,0.04491463865938906,,,0.41268473150466,inf,,,0.1633527075139878
120,,0.0,0.0,1.6144225733765691,0.8485377640205108,0.87975464383886,0.007339228347277678,0.02088655298791407,,,0.44144624493110796,inf,,,0.16537699292038302
121,,0.0,0.0,1.2394891284607445,1.1906084410337467,0.8153525476350714,0.01042381220137231,0.02882284906429068,,,0.468121228110369,inf,,,0.16274027649518494
122,,0.0,0.0,1.6996432657410465,1.2940908011566201,0.8556351356221871,0.009302581391828822,0.02672869820114033,,,0.4576907132971797,inf,,,0.16366699564405493
123,,0.0,0.0,1.6284072786159405,1.3998111060481555,0.916813945895803,0.00971221393170281,0.028486291922388052,,,0.35499006010413947,inf,,,0.16300625164868623
124,,0.0,0.0,1.5744757194209684,1.4597746558490343,0.845049872470061,0.004124723819562354,0.012764928575271804,,,0.43586655696697996,inf,,,0.16372587913052633
125,,0.0,0.0,1.6462400763158342,1.236349495556767,0.9396150312375378,0.016104512038237623,0.0458970198849811,,,0.41268473150466,inf,,,0.1642924551379748
126,,0.0,0.0,1.5612414300032744,0.7645627420062249,0.9123034616816097,0.09364340397322855,0.22329632675196637,,,0.4880666971167561,inf,,,0.1577427679671806
127,,0.0,0.0,1.3185729140819995,0.4749847725422742,0.8212465068424338,0.005885738931526187,0.017499704715391008,,,0.42445136339222655,inf,,,0.164987235854427
128,,0.0,0.0,1.5101616878241995,1.105386975757712,0.947967867480382,0.0021749548722114695,0.006754379674698484,,,0.4732203808476458,inf,,,0.16309422782808666
129,,0.0,0.0,1.6443319295671,1.4561489744220217,0.9256395082847063,0.0025901738432883457,0.008033135667676997,,,0.468121228110369,inf,,,0.16320867513115755
130,,0.0,0.0,1.558852137999526,1.2017769245670264,0.8203439495734042,0.014917040383409077,0.04272390034551251,,,0.49759852643134905,inf,,,0.16316021919104512
131,,0.0,0.0,1.5632126123197871,0.9766341327701069,0.9076701795412976,0.0018825543498505435,0.005847326695764531,,,0.3685265678147087,inf,,,0.16352363622676813
132,,0.0,0.0,1.7006071547496004,1.3279516167692904,0.9485594892836205,0.006809835352120825,0.020847384638953626,,,0.44144624493110796,inf,,,0.1645382920006627
133,,0.0,0.0,1.6977589426366926,1.1831331382597272,0.963282268015148,0.009939900732118274,0.030173060726377016,,,0.43586655696697996,inf,,,0.1627776130671208
134,,0.0,0.0,1.6684500041981045,1.0788596251916582,0.9367959162633185,0.0011465639016407664,0.0034267633210604094,,,0.4880666971167561,inf,,,0.16314690111615815
135,,0.0,0.0,1.595145623600308,1.199623415950784,0.8605606182294129,0.02996561580185134,0.06848246625538014,,,0.4576907132971797,inf,,,0.163416407245106
136,,0.0,0.0,1.6161232765845186,1.2717805179801116,0.7968820031068183,0.033957140105205265,0.08384149411412786,,,0.5202020156036558,inf,,,0.16501641580045107
137,,0.0,0.0,1.5084952149321051,1.1906501131494667,0.9228917285835027,0.005834329990105366,0.01816122993863923,,,0.45235697871908603,inf,,,0.1631071031370093
138,,0.0,0.0,1.672630430935968,1.1036372816948716,0.8601580233059611,0.01633077235964119,0.047509752792740195,,,0.45235697871908603,inf,,,0.1636244962759318
139,,0.0,0.0,1.4105293903006313,1.1580801134043124,0.8557942035209962,0.0016593106203652156,0.004652335673866666,,,0.4576907132971797,inf,,,0.16376638490534484
140,,0.0,0.0,1.5780269313914121,1.1605762757579372,0.8948693740025809,0.006269704667571086,0.019305745352527687,,,0.41861278947482794,inf,,,0.16421895949634271
141,,0.0,0.0,1.4294236570464438,1.298195475496225,0.955588331118296,0.0031494413574933255,0.009867340472545508,,,0.468121228110369,inf,,,0.16290449415765276
142,,0.0,0.0,1.7408072104182737,1.1127216576626315,0.8323456297216674,0.0021134498310423694,0.0063755939293968795,,,0.4880666971167561,inf,,,0.16353261677474382
143,,0.0,0.0,1.7428690275778203,1.332351938983734,0.9158142675667132,0.0021643691819523813,0.006519367396593612,,,0.4880666971167561,inf,,,0.163421964659517
144,,0.0,0.0,1.4400200674133856,0.8114882964199095,0.7446504214053955,0.005667494310358761,0.016715713052154087,,,0.4302020962658841,inf,,,0.16293814952000346
145,,0.0,0.0,1.558447539866281,0.8007685514845586,0.9337093621564002,0.0012180976115469635,0.0036873495958686395,,,0.468121228110369,inf,,,0.1633706988149892
146,,0.0,0.0,1.710233553079715,1.1260870229356168,0.8282248305608932,0.022286296618968096,0.05651632997376829,,,0.4629450596409901,inf,,,0.16223117374472204
147,,0.0,0.0,1.734524526938455,1.1857147799667145,0.9544657464723749,0.005585106797904448,0.01743944918992265,,,0.41268473150466,inf,,,0.16385963344505527
148,,0.0,0.0,1.7273290648157056,1.320812466816135,0.877147090132695,0.007352338883830827,0.02302182851073565,,,0.43586655696697996,inf,,,0.16458961335034142
149,,0.0,0.0,1.6127704115960348,1.1692212893128189,0.8680784151312145,0.024697420818184025,0.06715287568298883,,,0.5022576003740722,inf,,,0.16487700632940497
150,,0.0,0.0,1.7010184680603246,1.1716725385209585,0.9162032332071458,0.010404628364421716,0.03145049592838173,,,0.44144624493110796,inf,,,0.16350533997436545
151,,0.0,0.0,1.7016264845430205,1.052501369605842,0.8855121731542401,0.004821416353001421,0.01342649646113756,,,0.45235697871908603,inf,,,0.16401955801244317
152,,0.0,0.0,1.6237566906774383,1.3138089239990527,0.89323660226002,0.009586544824584566,0.027163902920745712,,,0.468121228110369,inf,,,0.16287236290232976
153,,0.0,0.0,1.4831049364963567,0.9841547269442599,0.9148310274210686,0.004268109712546097,0.013459791044416199,,,0.4066654671944331,inf,,,0.16393951463693596
154,,0.0,0.0,1.3812753436723022,1.048260850490517,0.9516849907401999,0.0019054088290228735,0.006049353933870073,,,0.4066654671944331,inf,,,0.16295991421446432
155,,0.0,0.0,1.234776768035563,0.7662632638691925,0.8462796766181349,0.026439852166050236,0.07065136959511617,,,0.4066654671944331,inf,,,0.16355817788720883
156,,0.0,0.0,1.612153545671219,1.3154234747844258,0.6907981257974282,0.05150136591837752,0.10630778401843687,,,0.42445136339222655,inf,,,0.16917103066677064
157,,0.0,0.0,0.34299487433162446,0.2885794695513302,0.7383997230231172,0.08184110136513355,0.14434561648159172,,,0.22807408875533447,inf,,,0.1634009649261679
158,,0.0,0.0,1.6692457117326356,1.1536537739026957,0.6878813410500878,0.1482456482633263,0.12255977593960754,,,0.468121228110369,inf,,,0.16316023502266047
159,,0.0,0.0,1.3192106012065978,1.192483771767627,0.9434878231712418,0.5309690524261477,0.5895691982564415,,,0.581717464821069,inf,,,0.16653831666695526
160,,0.0,0.0,1.738945032302304,1.500820107745734,0.8718515399764211,0.9246026827009676,1.104964608445663,,,0.6207552362147116,inf,,,0.16640768097007386
161,,0.0,0.0,1.4754370243179522,1.2894912636885518,0.8811386262269606,0.7024409611187539,0.7967467406593806,,,0.6125606311107803,inf,,,0.1677708905706312
162,,0.0,0.0,1.5233341296022125,1.4413553566289967,0.914231218172099,0.6093734207786206,0.7487623950562264,,,0.6008849035917525,inf,,,0.16727914669046268
163,,0.0,0.0,1.326003627837604,1.2754552566997925,0.7920206072984969,0.8588509212895847,1.0066490487868263,,,0.581717464821069,inf,,,0.16912631140955792
164,,0.0,0.0,1.6417940245950788,1.4347964622072833,0.8543784319821441,0.5157318659615319,0.6294848069344912,,,0.6233814453054027,inf,,,0.16626008890616126
165,,0.0,0.0,1.714449949679159,1.6425597256471995,0.9060039337399436,0.7412580542734303,0.8796549091437095,,,0.5947193981915972,inf,,,0.17149755164063582
166,,0.0,0.0,1.4908618411232544,1.3218889457678125,0.8675840283998839,0.6016897797764144,0.5599766582767693,,,0.5947193981915972,inf,,,0.1680614138546934
167,,0.0,0.0,1.6828002321801918,1.1479892699811534,0.8955873871857357,0.6858123703998866,0.7641591397174251,,,0.5287703885177266,inf,,,0.1725327015583629
168,,0.0,0.0,1.48848487244237,1.2878249268373596,0.919719912558618,0.6285805633900574,0.5709638056854984,,,0.5604843169999094,inf,,,0.16704091845637875
169,,0.0,0.0,1.4497961482626283,1.317971176730737,0.8913212656328326,0.5838363537540128,0.5956272366284143,,,0.5713653840954815,inf,,,0.166386843159745
170,,0.0,0.0,1.6855609926614705,1.5848492081006789,0.9343929268878924,0.6359963742076074,0.7200219980774949,,,0.585052858160615,inf,,,0.16690242064088318
171,,0.0,0.0,1.6087316620004533,1.5472451839769705,0.9004854753190691,0.6992895570706313,0.7330058949019412,,,0.6125606311107803,inf,,,0.16503101365361855
172,,0.0,0.0,1.6801711040397753,1.6122775306141992,0.7355150381190618,0.7682578431605196,0.8757627328868568,,,0.5604843169999094,inf,,,0.16304587149118374
173,,0.0,0.0,1.5909084140103091,1.4981983392086247,0.7842499938300272,0.7633281052629364,0.8222098951594183,,,0.6097226960127671,inf,,,0.16545038512198285
174,,0.0,0.0,1.6630722385811367,1.5761047654524913,0.8973635281337934,0.7969930474178624,0.9581112324628641,,,0.6125606311107803,inf,,,0.16629300170612143
175,,0.0,0.0,1.6781721945145778,1.620100821490231,0.8650506669686515,0.8410981454720716,0.9195109928667231,,,0.6038851895711802,inf,,,0.1716176079345549
176,,0.0,0.0,1.5713162217948298,1.4912700203060965,0.9028798267864171,0.7634956194553075,0.7736559542318101,,,0.6038851895711802,inf,,,0.1675622568516961
177,,0.0,0.0,1.5843479713701896,1.4515456434913807,0.8749200732660894,0.6827573931123849,0.6545913987391546,,,0.5978297680564633,inf,,,0.16660634107636257
178,,0.0,0.0,1.533984288976989,1.355858797554168,0.8266130452019514,0.3918778689540936,0.3228230183477168,,,0.524519217297268,inf,,,0.16346177440946483
179,,0.0,0.0,1.6347439688937753,1.546328408567348,0.8018746476450174,0.42639478337142517,0.42242636730486544,,,0.6008849035917525,inf,,,0.16700244250888346
180,,0.0,0.0,1.5552714959486567,1.5021986173637216,0.8704508969123058,0.8894233511518782,0.9297683428991786,,,0.5158180382284114,inf,,,0.16234894972787348
181,,0.0,0.0,1.5906155329902567,1.5625958461923708,0.8767179459568599,0.7587505397228376,0.8534809206201946,,,0.5641709578113449,inf,,,0.1652372696079863
182,,0.0,0.0,1.6562997465221414,1.5943376691723692,0.8528318022601825,0.858267368582432,0.908675300814377,,,0.552929491858785,inf,,,0.1682991876759461
183,,0.0,0.0,1.43055880741101,1.1349232878916002,0.8893854155654445,0.7483823994058602,0.7683669496128306,,,0.5068466436745385,inf,,,0.16466456963813023
184,,0.0,0.0,1.5072260036999705,1.3414392575502627,0.9013860461925541,0.7104829529911596,0.8531182327554501,,,0.44694259446804574,inf,,,0.1653636820195366
185,,0.0,0.0,1.5523264607556815,1.2690862945415775,0.8857219076650295,0.5284316483557793,0.44228245674850086,,,0.4576907132971797,inf,,,0.16557273647378032
186,,0.0,0.0,1.6434003438042482,1.1991005443893126,0.8384472848798296,0.32797624727363744,0.27247323864561024,,,0.42445136339222655,inf,,,0.15956151603017726
187,,0.0,0.0,1.682184424935359,1.3973850644914234,0.9019004219430088,0.5405305228229264,0.4265683985202069,,,0.468121228110369,inf,,,0.16094382794577344
188,,0.0,0.0,1.646823862976476,1.250569179545261,0.7240301049920869,2.8798802790913185,0.47379640395407785,,,0.5713653840954815,inf,,,0.1621703346206332
189,,0.0,0.0,1.346519126358887,1.097105698663766,0.7449238199001786,2.5780616985313483,0.19687256835369737,,,0.581717464821069,inf,,,0.1637789701658088
190,,0.0,0.0,1.536529801160161,1.1864339039187364,0.939079908753845,0.40423194122108547,0.31648690014672143,,,0.4928685327679205,inf,,,0.16465676130868762
191,,0.0,0.0,1.5857638891931782,0.8620656830753991,0.9075391892264569,0.11377868695408432,0.15616416571353756,,,0.44144624493110796,inf,,,0.16366748480148416
192,,0.0,0.0,1.5437080668841712,1.037550926320797,0.8097724264570855,0.4093329233441634,0.37355499593206704,,,0.5113665138247345,inf,,,0.16445835284352894
193,,0.0,0.0,1.50523650058756,1.2211557593656317,0.7616111543206162,0.5128266775883993,0.49414439556583145,,,0.43586655696697996,inf,,,0.16501399027594188
194,,0.0,0.0,1.5032095870205877,0.8977178050147441,0.9013978145154501,0.2380140661653825,0.2791263432894292,,,0.3943459996787778,inf,,,0.1654719468330123
195,,0.0,0.0,1.6057078262454023,1.1962649921309656,0.9179945141913768,0.05026482633993592,0.12074294804880985,,,0.5370774965580548,inf,,,0.1665479989953147
196,,0.0,0.0,1.7668572460681191,1.3554966870674485,0.8820763239468529,0.04952421472650425,0.1279300092399032,,,0.38163879478178075,inf,,,0.1615194729558362
197,,0.0,0.0,1.5743854453972008,1.107967834950622,0.9777728343231479,0.007930214944710584,0.02481530446046981,,,0.468121228110369,inf,,,0.16434036888767947
198,,0.0,0.0,1.2417267079234362,0.9856049148070556,0.8979820132248377,0.030234095881904514,0.0685887751164812,,,0.4576907132971797,inf,,,0.1638194430523864
199,,0.0,0.0,1.7145986444725567,1.1955319460598535,0.8939316648773553,0.12216323926506963,0.24889999974578098,,,0.44694259446804574,inf,,,0.15939171727428275
200,,0.0,0.0,1.6028471256821344,1.0523513475674744,0.8256580213656203,0.07890640379650271,0.17763953599259208,,,0.38804190201132227,inf,,,0.15821507481176902
201,,0.0,0.0,1.4937209404202474,0.9024346446260287,0.8640511974983447,0.11385930815163386,0.22405618069718192,,,0.3338418249889409,inf,,,0.16012600136038788
202,,0.0,0.0,1.5505598380604204,1.1456106222599298,0.7282078784356272,0.32345328346435487,0.228984209455306,,,0.3751344627501719,inf,,,0.168959485194763
203,,0.0,0.0,1.5959686414110204,1.0863325221627933,0.7714470733231018,0.7776172158296552,0.74025516751475,,,0.524519217297268,inf,,,0.15964870952677426
204,,0.0,0.0,1.5541429312778408,1.1412880386735629,0.8649804127720933,0.5137828243850759,0.5370381830770279,,,0.3751344627501719,inf,,,0.16714631278713735
205,,0.0,0.0,1.6144173727111946,1.4574164471721833,0.8035195276668452,0.27977978958624805,0.33830262324564486,,,0.40055318934786044,inf,,,0.1681736997525548
206,,0.0,0.0,1.2835669071278841,0.910200676795629,0.8491328576177998,0.2274704166508028,0.3450408174348133,,,0.3116047106179316,inf,,,0.15839008854213182
207,,0.0,0.0,1.421646740536979,0.8994350733886078,0.9057026887788671,0.17254933212446244,0.278627283034804,,,0.1687963801566332,inf,,,0.17161515637003538
208,,0.0,0.0,1.614160336333879,1.2443629638259235,0.6691700992100674,0.41475144040640616,0.3805076176253147,,,0.4066654671944331,inf,,,0.17039217386365746
209,,0.0,0.0,1.1442505949052175,0.6251911040107131,0.925250978282005,0.14788468351663128,0.24228447152481775,,,0.3116047106179316,inf,,,0.16606618234606685
210,,0.0,0.0,1.5746530080605838,1.1243536412481618,0.7893099380383573,0.5117792172098365,0.5095712962774621,,,0.43586655696697996,inf,,,0.16370244742924248
211,,0.0,0.0,1.704618185247072,1.122342307017162,0.8862465532751298,0.5244825021649356,0.5153291959719292,,,0.45235697871908603,inf,,,0.1626348704973148
212,,0.0,0.0,1.6423422311151232,1.5337715986051852,0.6714927951553447,0.4019837593047072,0.3522528526961109,,,0.48319206230712763,inf,,,0.16946970412160636
213,,0.0,0.0,1.6729316270449828,1.3432963798998334,0.8003780031910944,0.6562304738063276,0.7433232816030518,,,0.45235697871908603,inf,,,0.17263753555218406
214,,0.0,0.0,1.5305574238037687,1.1035884187798006,0.8517895306876871,0.5276963200041237,0.5327900972238804,,,0.48319206230712763,inf,,,0.17674596280294153
215,,0.0,0.0,1.5502342951671682,0.8179409261914712,0.8911007331823257,0.3819560604071173,0.43039156296001213,,,0.3685265678147087,inf,,,0.16805455312379616
216,,0.0,0.0,1.6547185208013784,0.9222095799102008,0.9308380549951388,0.6047996204218323,0.7129912682784343,,,0.4066654671944331,inf,,,0.1682235952850547
217,,0.0,0.0,1.4033552686886561,0.8272402049294407,0.9040165318845029,0.44051059614405275,0.5507732187071595,,,0.41268473150466,inf,,,0.1667305636266051
218,,0.0,0.0,0.9481558521429622,0.6454214213489246,0.9244746164774236,0.5656514813733619,0.6336248207224567,,,0.38804190201132227,inf,,,0.16935435526654702
219,,0.0,0.0,1.639499740811888,1.0875964665924351,0.8095303661600222,0.42242433565934506,0.4683890133439509,,,0.4629450596409901,inf,,,0.1638698989952543
220,,0.0,0.0,1.6058209908334073,1.2507399963292678,0.8303139352590202,0.6504650371204466,0.7162023408858604,,,0.43586655696697996,inf,,,0.17228130791625462
221,,0.0,0.0,1.4744333216832934,1.1773708259320341,0.8358203263172851,0.831010841217949,0.6914339560941752,,,0.44144624493110796,inf,,,0.17236531841666924
222,,0.0,0.0,1.3455950636999616,1.0777080626973952,0.7990776968422401,0.49598525968667284,0.5277603000215298,,,0.44694259446804574,inf,,,0.1641342928115954
223,,0.0,0.0,1.5888266496607506,1.1636779109315138,0.8460613029146061,0.464410653305631,0.5765371483892996,,,0.42445136339222655,inf,,,0.1616448355497488
224,,0.0,0.0,1.5132048842544719,1.089264319802122,0.8919708925006181,0.45611289659917964,0.49013525378639905,,,0.38804190201132227,inf,,,0.16994483508769598
225,,0.0,0.0,1.6013538864428787,1.2653412716959582,0.8992834367482668,0.3942213378996093,0.427445584038055,,,0.35499006010413947,inf,,,0.16401157271662362
226,,0.0,0.0,1.485046386417706,0.9497864764529638,0.7833917046121551,0.3537713734814049,0.3244176407756224,,,0.36181263880445963,inf,,,0.17196060862893411
227,,0.0,0.0,1.4516058546935382,0.9973017967232647,0.821101552031005,0.33201401940070147,0.31410637654538387,,,0.3685265678147087,inf,,,0.17286729111579777
228,,0.0,0.0,1.6530176460811818,1.2161484645638436,0.8701291749042013,0.5983153204053282,0.6072759309250987,,,0.42445136339222655,inf,,,0.16130688009201538
229,,0.0,0.0,1.762177409238721,1.2813600537422976,0.8949555260705757,0.4592458199884959,0.5673274651861206,,,0.4732203808476458,inf,,,0.17021224723879536
230,,0.0,0.0,1.5283556008426262,0.9372406156311796,0.7656136897969881,0.4254702923266774,0.4098256899082182,,,0.4928685327679205,inf,,,0.17394000304157264
231,,0.0,0.0,1.5975994391688277,1.2548479893788982,0.8191530106451379,0.488761773159589,0.5319627248303622,,,0.4629450596409901,inf,,,0.16936015899941004
232,,0.0,0.0,1.5699110935396108,1.0283106170474994,0.9180207615789907,0.5923307208233565,0.8026775463071447,,,0.49759852643134905,inf,,,0.16840778155770966
233,,0.0,0.0,1.5032279560152597,1.0462569639911032,0.8950655501885615,0.497119722020749,0.5039807286033142,,,0.38163879478178075,inf,,,0.17715747098603335
234,,0.0,0.0,1.4570638634903406,1.103948878045856,0.7821587697207665,0.5117636195901212,0.4822537280193486,,,0.43586655696697996,inf,,,0.18385897111071478
235,,0.0,0.0,1.7656889207093045,1.4596919929313266,0.8427693512431933,0.7448275486382381,0.6779562342671525,,,0.38804190201132227,inf,,,0.18747081408137461
236,,0.0,0.0,1.5433612599978832,1.0965922448481535,0.6902265853652416,0.23420163601776303,0.3639485258984139,,,0.3480560589391537,inf,,,0.17248820163838666
237,,0.0,0.0,1.275443916774504,0.8857182198394242,0.873356784649594,0.603858726810631,0.8015225014123618,,,0.3685265678147087,inf,,,0.1767003138995121
238,,0.0,0.0,1.5118083156287199,1.1634798126484451,0.5894380065687558,0.35815375270363925,0.2996736846660247,,,0.31914402280573173,inf,,,0.16481319898900373
239,,0.0,0.0,1.39086161366423,1.1685567367022915,0.7962743213805483,0.550367021292146,0.5765486851108403,,,0.4576907132971797,inf,,,0.16251158003191854
240,,0.0,0.0,1.476666259534333,1.1729711740072575,0.8144664222656158,0.7095255486814918,0.8122225709375356,,,0.45235697871908603,inf,,,0.16734755163914297
241,,0.0,0.0,1.7720781808127288,1.6015721724620193,0.9403387782454581,0.7819362421994813,0.9925219552594096,,,0.48319206230712763,inf,,,0.17208293147303572
242,,0.0,0.0,1.707834991902597,1.4618166327743596,0.7452266042775274,0.8125437225751045,0.7675882304796746,,,0.5158180382284114,inf,,,0.16645168485151948
243,,0.0,0.0,1.6173533104426596,1.0037283522182145,0.9142837929067067,0.5876943586413569,0.6359349629281997,,,0.48319206230712763,inf,,,0.16863317015303597
244,,0.0,0.0,1.6665922193591884,1.2267453117005729,0.947558897748243,0.10971430171068561,0.2689316126395563,,,0.41861278947482794,inf,,,0.16170210321669426
245,,0.0,0.0,1.6606046379738073,1.3716804953736546,0.9107244687891768,0.22066353816616344,0.37821590455039666,,,0.1995021272786615,inf,,,0.16157541363442485
246,,0.0,0.0,1.4377650912718498,1.157918736354026,0.9803684824146888,0.1972837726664604,0.4399484363653928,,,0.44144624493110796,inf,,,0.1679880919517588
247,,0.0,0.0,1.745764366789899,1.3446537829084149,0.6981776598383064,0.12840655783333565,0.18490569646953264,,,0.2461092077232671,inf,,,0.16354728711560684
248,,0.0,0.0,1.5152282041308631,1.3054545625859597,0.8218023438142604,0.6191068383147327,0.6760206481146004,,,0.47824363442641393,inf,,,0.1714105410000821
249,,0.0,0.0,1.671321684693162,1.3532448573229603,0.8736547300059536,0.3974855657128535,0.4490457556704965,,,0.4302020962658841,inf,,,0.17244787239670717
250,,0.0,0.0,1.6027301057126528,1.2423109843835671,0.8194007353971658,0.6993205864733152,0.7901019800223983,,,0.40055318934786044,inf,,,0.17473802356531
251,,0.0,0.0,1.5443874298025695,1.1987802764741802,0.8739326491133069,0.6802917029498572,0.627449125880701,,,0.5113665138247345,inf,,,0.17099528532710548
252,,0.0,0.0,1.1760321570444154,0.5393000151603287,0.8524029766372878,0.31559249277970414,0.42118680593119795,,,0.38163879478178075,inf,,,0.17337327043356207
253,,0.0,0.0,1.2539834257779838,0.6205468267836128,0.8498543378756551,0.2238897527600294,0.38871551965966794,,,0.23718601089358102,inf,,,0.17045772494047653
254,,0.0,0.0,1.250078156261504,0.6999828800133922,0.8163158548290552,0.19229967676272722,0.32119730225422927,,,0.40055318934786044,inf,,,0.15993151238191392
255,,0.0,0.0,1.7424049039874083,1.1025819693016266,0.7839212928056472,0.18357408229167269,0.177999353959723,,,0.35499006010413947,inf,,,0.15916440707830448
256,,0.0,0.0,1.610351535668196,1.0431500974281231,0.8402037473533756,0.35586028484347554,0.37582641041743836,,,0.3943459996787778,inf,,,0.16019458579311013
257,,0.0,0.0,1.5458392563992978,1.1704087417466367,0.8663395367061961,0.6583265919397309,0.6947831398941557,,,0.34100769111774265,inf,,,0.1740729085588756
258,,0.0,0.0,1.3829914010179678,1.0385708484330651,0.9258785087351756,0.7461870128429727,0.7981689348797346,,,0.48319206230712763,inf,,,0.16811110861011455
259,,0.0,0.0,1.5654323952775455,1.1789092454436365,0.8628834600970774,0.5809638188182742,0.6141148901095993,,,0.42445136339222655,inf,,,0.16162634103246726
260,,0.0,0.0,1.7173651756839585,1.3303531138174647,0.9316234309957447,0.8124911589916051,0.663537650005459,,,0.41861278947482794,inf,,,0.16822897407807968
261,,0.0,0.0,1.7707781301221153,1.3966468604115894,0.8879320988622552,0.5374565098357794,0.5350291096356313,,,0.49759852643134905,inf,,,0.1625853808546799
262,,0.0,0.0,1.4718492888400116,0.9662190307407172,0.8013656280594808,0.41229716654927645,0.484259728986614,,,0.31914402280573173,inf,,,0.17704451242583985
263,,0.0,0.0,1.0803213529177589,0.6541287922017534,0.8944120499183937,0.5161906721604007,0.6316033351638003,,,0.38804190201132227,inf,,,0.16543591509848454
264,,0.0,0.0,1.628949669290615,1.254587960592274,0.819891474819411,0.9770799114480988,0.8293019535916252,,,0.524519217297268,inf,,,0.16731003617126053
265,,0.0,0.0,1.6378740118914181,1.2832357264686525,0.7751980221646206,0.2007800684301687,0.3176375088622905,,,0.44694259446804574,inf,,,0.16339815003759614
266,,0.0,0.0,1.3931530702276227,0.7972678412328742,0.8742539156443968,0.2178820385014063,0.2759106071315038,,,0.3685265678147087,inf,,,0.16620833208575542
267,,0.0,0.0,1.5493969537341505,1.3144021185384738,0.9328158103468756,0.7902217983346734,0.886150028362592,,,0.45235697871908603,inf,,,0.16362283169305225
268,,0.0,0.0,1.2406217879119974,0.9098622047370956,0.8723115866921161,0.26067068279522193,0.33592889747703053,,,0.41861278947482794,inf,,,0.16652025882624158
269,,0.0,0.0,1.4378997574574286,1.1684245546807663,0.8763144423968665,0.3730061222619443,0.41518035317436197,,,0.3751344627501719,inf,,,0.16681857064642655
270,,0.0,0.0,1.3766616067931787,1.0552657318608136,0.7576167556114886,0.1523458776418579,0.2269741523684643,,,0.43586655696697996,inf,,,0.1579508947938232
271,,0.0,0.0,1.6847758621002318,1.3199220372159048,0.8123004044233321,0.36000591579638064,0.4086674643754794,,,0.3480560589391537,inf,,,0.1665152775482541
272,,0.0,0.0,1.7449222644608873,1.2984262011711747,0.8210519295304429,0.8802693850884514,1.0387541226252863,,,0.45235697871908603,inf,,,0.16369754923176777
273,,0.0,0.0,1.667950328085424,1.2166290712419587,0.9322427989729418,0.9008809912505477,0.997074421876806,,,0.3685265678147087,inf,,,0.17331904558352398
274,,0.0,0.0,1.636928362856582,0.9710122285392815,0.8174473550996312,0.7037643685613519,0.5942513383117539,,,0.4732203808476458,inf,,,0.16675521447322497
275,,0.0,0.0,1.6124161328097182,1.373817782804585,0.8518215660195805,0.6968278978592249,0.7022067724411837,,,0.44694259446804574,inf,,,0.17647187676197484
276,,0.0,0.0,1.514075383044968,0.9403805658441796,0.8663562340428048,0.4424941941378197,0.5126785327557125,,,0.31914402280573173,inf,,,0.16415078370368416
277,,0.0,0.0,1.702505455166231,1.540719024308022,0.9426454873442163,0.3359228213295094,0.4968887698390418,,,0.36181263880445963,inf,,,0.1638228115753805
278,,0.0,0.0,1.6669531589944857,1.3830945605173126,0.7278802255059509,0.3071929857045288,0.292310927465381,,,0.31914402280573173,inf,,,0.15688968820905058
279,,0.0,0.0,1.6669531589944857,0.9437446251357782,0.9539733242501822,0.1715799159895678,0.4153286556818358,,,0.3116047106179316,inf,,,0.15858360142642003
280,,0.0,0.0,1.7313257585669874,1.229881838510283,0.8995611957970832,0.10718123289509479,0.23060845799025484,,,0.40055318934786044,inf,,,0.1634613893884815
281,,0.0,0.0,1.457257876641441,0.9107670250930799,0.7559857588589792,0.19250480604921824,0.333409121306134,,,0.3751344627501719,inf,,,0.17514867637119252
282,,0.0,0.0,1.2338010151837846,0.7670220916845181,0.973501510111306,0.32145615534782307,0.48909120912782383,,,0.26342377874763145,inf,,,0.17786109452283252
283,,0.0,0.0,1.207784237330624,0.7275192799567437,0.8984791959402278,0.45126612239674785,0.4508464773908265,,,0.31914402280573173,inf,,,0.17741419896579647
284,,0.0,0.0,1.1490904068116135,0.9359012969673015,0.7179490888628566,0.3556083751462347,0.3505637853330134,,,0.43586655696697996,inf,,,0.1812408249277097
285,,0.0,0.0,1.7169564960546229,1.0298261860567774,0.8183684322886224,0.6407356471403162,0.5759220226090243,,,0.42445136339222655,inf,,,0.1661556149564393
286,,0.0,0.0,1.5734730502523506,0.8968320736878399,0.7814136148709531,0.3379109718635757,0.3269659996414504,,,0.38163879478178075,inf,,,0.16872975826536699
287,,0.0,0.0,1.5911991457255477,0.9698120859070175,0.9133406285237536,0.2507137070455272,0.4249789120220365,,,0.3943459996787778,inf,,,0.17008307511984552
288,,0.0,0.0,1.6464131026263276,1.3921598439768859,0.5496657125898503,0.10894442304479372,0.12457524160264682,,,0.38804190201132227,inf,,,0.1619472519978159
289,,0.0,0.0,1.3653145321467703,0.7408344716389039,0.6818372850734578,0.19327582498436555,0.14189711034840158,,,0.4576907132971797,inf,,,0.16436889722217476
290,,0.0,0.0,1.5759454367405348,1.2462200456193488,0.6253222833245264,0.44909591209156635,0.4302996038286986,,,0.3685265678147087,inf,,,0.1673374440261505
291,,0.0,0.0,1.5326822297903144,1.1818385589812466,0.9236085063799786,0.6930606590024955,0.9161548079780476,,,0.3943459996787778,inf,,,0.16693150264069073
292,,0.0,0.0,1.4360061415361816,1.0002544177550752,0.7079741400050394,0.4849479485959751,0.4862237232744681,,,0.45235697871908603,inf,,,0.1690403294114568
293,,0.0,0.0,1.4941137913781466,1.0009848207960008,0.8401202632800985,0.34370467746246647,0.46377173525014515,,,0.40055318934786044,inf,,,0.1726659395532053
294,,0.0,0.0,1.4827595905507527,1.0959848228684987,0.7964247074739222,0.596936293433826,0.6772153637545426,,,0.40055318934786044,inf,,,0.16375261895519855
295,,0.0,0.0,1.5267982329553083,1.268264426293508,0.8126215498648475,0.844186905092776,0.819587778026458,,,0.4629450596409901,inf,,,0.16419265587544277
296,,0.0,0.0,1.4454095789978083,1.2823784970931307,0.5945046021289762,0.14044955880502977,0.07660685884145374,,,0.40055318934786044,inf,,,0.16407147030436467
297,,0.0,0.0,1.1488727847413835,0.748711310717846,0.7981660502777868,0.5773528391163024,0.42104726978260787,,,0.38163879478178075,inf,,,0.15896475297752258
298,,0.0,0.0,1.2436213889884078,0.8618278770444268,0.8783515236953466,0.3185774790509988,0.3801811027462473,,,0.2961247884481232,inf,,,0.16072697011468673
299,,0.0,0.0,1.4715043351357613,0.921279747289538,0.877363295868283,0.39177668206774874,0.5280030250301084,,,0.3338418249889409,inf,,,0.17249391799230582
300,,0.0,0.0,1.6631572588887642,1.558798845125523,0.7433257337877325,0.44578109162087304,0.4562883622263816,,,0.40055318934786044,inf,,,0.17905191741847326
301,,0.0,0.0,1.6869972961776665,1.287907227246363,0.8403895813246012,0.48770557773254986,0.5011398057845431,,,0.38163879478178075,inf,,,0.1809623618884278
302,,0.0,0.0,1.75876272220491,1.1878405061362542,0.8833070497928834,0.7961213799803685,0.752901215747184,,,0.4066654671944331,inf,,,0.17297617916578037
303,,0.0,0.0,1.6949153415734486,1.3401990455459998,0.9219279974711444,0.43243427566612513,0.4615083858499718,,,0.36181263880445963,inf,,,0.16411123614810952
304,,0.0,0.0,1.6884924886616322,1.2984898669526028,0.8705210022383559,0.5296058416697729,0.6624622525338688,,,0.44144624493110796,inf,,,0.16993181527543513
305,,0.0,0.0,1.5719521247067465,0.9881909308059403,0.9163372293060361,0.6472406435513283,0.7053455075643538,,,0.40055318934786044,inf,,,0.1645968816426802
306,,0.0,0.0,1.653841746007175,1.2422505052052277,0.9321459814554808,0.5951867229471223,0.5526872734525007,,,0.4732203808476458,inf,,,0.167524214485258
307,,0.0,0.0,1.650308400267175,1.183532785616834,0.8586763876957821,0.4539686889933084,0.39264191211344035,,,0.468121228110369,inf,,,0.16526513119239625
308,,0.0,0.0,1.6211242552003944,1.0307678107344866,0.8759481308001712,0.4911520263746586,0.4944976036139419,,,0.42445136339222655,inf,,,0.16806825812156204
309,,0.0,0.0,1.5914464835429143,1.1696201616141184,0.8305443296010294,0.5313959532515523,0.5433363839412683,,,0.468121228110369,inf,,,0.1612162727870357
310,,0.0,0.0,1.7101167205277006,1.2456517364551807,0.8674940339779361,0.6136804253774804,0.6925133491795158,,,0.38804190201132227,inf,,,0.17054647718578037
311,,0.0,0.0,1.4959719219946734,1.0878926321506377,0.7886520617164092,0.7977117848850271,0.9443514779035916,,,0.41268473150466,inf,,,0.17337181205404292
312,,0.0,0.0,1.6121981970295838,1.2598406449428416,0.7665913018572222,0.5716661944733185,0.5373696801709363,,,0.4302020962658841,inf,,,0.1679884848410873
313,,0.0,0.0,1.6119236322202877,1.134365066245198,0.8275309326473824,0.5489745653616676,0.5362315169906873,,,0.4732203808476458,inf,,,0.17405998816802956
314,,0.0,0.0,1.5486362611995588,1.1282983123467603,0.8326614573441015,0.511338485229748,0.4633810406186806,,,0.42445136339222655,inf,,,0.1666239171278999
315,,0.0,0.0,1.5925598326403139,1.218253149270521,0.7722241713139611,0.7100353847839799,0.7142697234056758,,,0.38804190201132227,inf,,,0.1670686104931415
316,,0.0,0.0,1.6595777718290863,1.3767727125097173,0.8857216274116174,0.51274471365221,0.5512751149879259,,,0.468121228110369,inf,,,0.1690324855742421
317,,0.0,0.0,1.6220146888125027,1.3202386921258906,0.7852161939695576,0.783971116460351,0.5179111978156239,,,0.44144624493110796,inf,,,0.17242559729916548
318,,0.0,0.0,1.6588085027803183,1.1502883899979537,0.8426171208650818,0.5127033224205185,0.5546682812764834,,,0.468121228110369,inf,,,0.16966229519707596
319,,0.0,0.0,1.7015241191246,1.1704704317684955,0.8564550222860096,0.6377620405577098,0.5409605416245993,,,0.4576907132971797,inf,,,0.16793590518441118
320,,0.0,0.0,1.7364643910764626,1.4427692117896709,0.8360060753424596,0.4097238231819213,0.44070834624330557,,,0.36181263880445963,inf,,,0.16634710623160023
321,,0.0,0.0,1.3476356759189898,0.9669907283770849,0.7608726639843603,0.44799290930427177,0.46019746222123753,,,0.38163879478178075,inf,,,0.16884726551005633
322,,0.0,0.0,1.6366361741496036,1.324012758411635,0.8033977461583481,0.46324529717935914,0.4327498222671759,,,0.4302020962658841,inf,,,0.1615472413941652
323,,0.0,0.0,1.6616929478902882,1.2984512585021741,0.7598917479545743,0.6326710042938644,0.6603091762453877,,,0.44144624493110796,inf,,,0.17690832004110355
324,,0.0,0.0,1.704729321064688,1.179069426392929,0.7556251791354932,0.6061182485048935,0.6032339157880008,,,0.4576907132971797,inf,,,0.17702573174177083
325,,0.0,0.0,0.5111159728030057,0.2627348225790248,0.7757284338154932,0.45286356083934004,0.5545596716718248,,,0.3685265678147087,inf,,,0.17116163477522675
326,,0.0,0.0,0.8457585375500443,0.3804450555114267,0.88311674806906,0.4187833965513307,0.4914087088022312,,,0.47824363442641393,inf,,,0.166407068736314
327,,0.0,0.0,1.192925191637112,0.8088146238019527,0.8928643232606088,0.21136705096087832,0.2847050353168649,,,0.43586655696697996,inf,,,0.17429663708355428
328,,0.0,0.0,1.5693220002757848,1.2531873969925247,0.8541094683510725,0.7605739916381414,0.7490831289573984,,,0.5068466436745385,inf,,,0.16249432276351308
329,,0.0,0.0,1.4980213473348791,1.2755925654650053,0.7685747731780348,0.4400819441707884,0.5024488440421526,,,0.41861278947482794,inf,,,0.1649011897680995
330,,0.0,0.0,1.5943716827125756,1.002875723289184,0.7169006396195322,0.29409476248838456,0.3419781811617996,,,0.38804190201132227,inf,,,0.16981764055445822
331,,0.0,0.0,1.5794523323887613,0.9417495409593417,0.8785180369990174,0.32196831860921926,0.38101805460971516,,,0.38804190201132227,inf,,,0.16995426421620413
332,,0.0,0.0,1.5925778042081158,0.9664011590608781,0.830528637996854,0.5153508857300242,0.5526197565733509,,,0.3685265678147087,inf,,,0.16635384288031138
333,,0.0,0.0,1.6606925182965548,1.385467042324933,0.7915725473543839,0.5966411082642462,0.6454762708575473,,,0.5158180382284114,inf,,,0.1662437405539501
334,,0.0,0.0,1.7551537511050366,1.121646659395344,0.76191425240889,0.311698190439326,0.3287637981299052,,,0.45235697871908603,inf,,,0.16515879936258823
335,,0.0,0.0,1.7474393753421509,1.2909184616324234,0.7996835230518169,0.5674253971412998,0.5081054479806782,,,0.3685265678147087,inf,,,0.1642314006776986
336,,0.0,0.0,1.7341110484414453,0.9976628713030771,0.9066142689024032,0.3392493827505498,0.5463693892673174,,,0.41268473150466,inf,,,0.16990153937628305
337,,0.0,0.0,1.5875084187723147,1.3583887774331238,0.9069311020729381,0.9071425543322388,0.9181152167102244,,,0.4302020962658841,inf,,,0.168598107378798
338,,0.0,0.0,1.6931462928348615,1.4726803528879269,0.8104580113324579,0.6636017120227219,0.6441332452607541,,,0.4880666971167561,inf,,,0.16877834888358537
339,,0.0,0.0,1.7068296473449047,1.3702068922378532,0.7759762347300313,0.7489273329239261,0.775622585120897,,,0.48319206230712763,inf,,,0.1686091200130599
340,,0.0,0.0,1.5824207144942286,1.3003859415164511,0.792481046280295,0.7985929090853765,0.8335332859147317,,,0.4880666971167561,inf,,,0.16883756848039466
341,,0.0,0.0,1.5888172842487116,1.4092782843447254,0.6303951271274251,0.6925977334929376,0.5959151462047965,,,0.4066654671944331,inf,,,0.17249190390016406
342,,0.0,0.0,1.6133559241933613,1.199894902131342,0.7166552353507106,0.7795105342492789,0.8051751909328134,,,0.5202020156036558,inf,,,0.167389943085613
343,,0.0,0.0,1.5884333040728527,1.3935510421131372,0.856904595090681,0.7498713730325997,0.7988650024937057,,,0.49759852643134905,inf,,,0.16564868027424903
344,,0.0,0.0,1.5084128706416582,1.2798244315587446,0.7531100131426434,0.9385820657314662,1.0400244824873437,,,0.5068466436745385,inf,,,0.1648362493312492
345,,0.0,0.0,1.5682965957928618,1.3466374406708228,0.6492279911885622,0.727490997741804,0.8115791499740993,,,0.5370774965580548,inf,,,0.16743029616574262
346,,0.0,0.0,1.6222144839146724,1.2006264989396167,0.7407135180424407,0.5168502489855958,0.5872322917488754,,,0.38804190201132227,inf,,,0.16272706548291827
347,,0.0,0.0,1.5876079893997495,1.1098178067352844,0.85250148611617,0.5917787469797438,0.6461340739739597,,,0.4629450596409901,inf,,,0.16672381703756814
348,,0.0,0.0,1.4314784881447506,0.9066609552654255,0.8238552199758119,0.8614349442883389,0.6167904757907774,,,0.1995021272786615,inf,,,0.1804359515126473
349,,0.0,0.0,1.4253167619431815,0.9150704914737053,0.7604243199481239,0.19954529484016525,0.2939456841523261,,,0.4629450596409901,inf,,,0.1650872588069665
350,,0.0,0.0,1.6847273954052695,1.0230068809186852,0.9058297646501635,0.1305651701680053,0.292396810723712,,,0.42445136339222655,inf,,,0.16168919645356547
351,,0.0,0.0,1.5435450236843427,1.2200307645963644,0.6498080785705778,0.4431293994473445,0.30955381013572375,,,0.5068466436745385,inf,,,0.16261808968442776
352,,0.0,0.0,1.725707303567732,1.3881131252184113,0.319356040973366,0.17884687960960555,0.10782057906803622,,,0.42445136339222655,inf,,,0.16371328430797982
353,,0.0,0.0,1.586764920676545,1.4374578406244822,0.6846743789317978,0.6469018978610689,0.6154920441033263,,,0.5113665138247345,inf,,,0.1628048900400318
354,,0.0,0.0,1.6614073715849902,0.931296609747813,0.9246093698365843,0.015084996078724953,0.013813458181672717,,,0.4302020962658841,inf,,,0.1637209154403875
355,,0.0,0.0,1.6109570772629198,1.5499306030297788,0.46862982282346105,0.10787646744396705,0.06331554889879912,,,0.30393309777884125,inf,,,0.16457894313229773
356,,0.0,0.0,1.092408659797584,0.8660668529300308,0.8035768006971509,0.4067407709067538,0.4956497581625725,,,0.3943459996787778,inf,,,0.16840589557325217
357,,0.0,0.0,1.217077433992715,0.6535029566811301,0.823192977063877,0.06083600961774961,0.11714971242624522,,,0.2548524784312949,inf,,,0.16761879409366673
358,,0.0,0.0,1.3907193486582299,1.0970706822777696,0.502848494263561,0.06642879398201923,0.10991532260470144,,,0.36181263880445963,inf,,,0.16651253763844928
359,,0.0,0.0,1.5959444719197065,1.349907361302932,0.43674976755986333,0.053171047579818186,0.11963703102770017,,,0.4576907132971797,inf,,,0.15174950423163247
360,,0.0,0.0,1.5959444719197065,1.3164468382314551,0.8024634886451819,0.14764850076973424,0.23712325949448645,,,0.43586655696697996,inf,,,0.1660383137657435
361,,0.0,0.0,0.8922564883248087,0.45824892325037947,0.9252552233708572,0.1433780495837885,0.3319142934949103,,,0.4576907132971797,inf,,,0.16231276899921432
362,,0.0,0.0,1.0372192911673754,0.42502734870810294,0.9077054250030387,0.1574370386761638,0.3528276421603947,,,0.18952474069199465,inf,,,0.16720784156101978
363,,0.0,0.0,1.1574265762158158,0.6943811804378252,0.8826447007478372,0.001430532160378627,0.004039649677265968,,,0.3685265678147087,inf,,,0.16346344068429214
364,,0.0,0.0,0.7661341090626367,0.450866896518786,0.8578189572902466,0.002939113461681331,0.008712911634763246,,,0.26342377874763145,inf,,,0.16390104836974123
365,,0.0,0.0,0.800161719901063,0.6981402356985031,0.8061765752813776,0.38423014325793253,0.30352482764132943,,,0.44694259446804574,inf,,,0.16182261984230534
366,,0.0,0.0,1.6145754249416893,1.058737446285804,0.8123124700753681,0.2980497064885363,0.3360106594525306,,,0.3685265678147087,inf,,,0.16617878755498
367,,0.0,0.0,1.6502290639849653,1.446194815114251,0.8213353695755992,0.6179377343331272,0.5381683259331493,,,0.38163879478178075,inf,,,0.17510332305011092
368,,0.0,0.0,1.6791533089867812,1.4089769849960645,0.6382577641087663,0.5106930570188928,0.42697887198095186,,,0.4629450596409901,inf,,,0.17554368906553858
369,,0.0,0.0,1.7004348463546508,1.3838854979244417,0.7207720013631398,0.6893267645927309,0.7366958532389761,,,0.43586655696697996,inf,,,0.17216948705729557
370,,0.0,0.0,1.7356014246104716,1.3612795718045945,0.7565605622850883,0.6843745934943385,0.6331927261756788,,,0.41268473150466,inf,,,0.16815705185991497
371,,0.0,0.0,1.680211585595498,1.4531516313359494,0.8361188150003284,0.6667438701182683,0.5568117470736533,,,0.41268473150466,inf,,,0.16879927102543255
372,,0.0,0.0,1.6433388324769858,1.5164797133286072,0.7288070318716067,0.5875824141229214,0.6154632192606269,,,0.468121228110369,inf,,,0.17039758642282055
373,,0.0,0.0,1.4590492451848611,1.4292714315341246,0.7000824019933497,0.281754079304336,0.27060941853035914,,,0.42445136339222655,inf,,,0.16662387108320356
374,,0.0,0.0,1.4787615853828975,1.412133569305281,0.8696325202458919,0.5672714941808406,0.5509617191847238,,,0.4066654671944331,inf,,,0.1644052844436391
375,,0.0,0.0,1.5789135594483532,0.9833677059093542,0.8599519997262312,0.26198048048613276,0.2463237839941711,,,0.4066654671944331,inf,,,0.16418338238708166
376,,0.0,0.0,1.7810061877938947,1.3091605303816418,0.7967252820707983,0.43499202439419427,0.40166258858431164,,,0.3943459996787778,inf,,,0.16828123388649394
377,,0.0,0.0,1.7245049938285961,1.2741749739579968,0.6686983273658851,0.4149683241947191,0.3611793102335301,,,0.4732203808476458,inf,,,0.17542251017909954
378,,0.0,0.0,1.5883152402082201,1.3003847030962548,0.9083784588641932,0.5918991478892701,0.5226369048188187,,,0.45235697871908603,inf,,,0.16994196652561383
379,,0.0,0.0,1.5468565896128785,1.2667103625109213,0.7636995595626929,0.5815811268062493,0.5314274684022462,,,0.3751344627501719,inf,,,0.16450014569659485
380,,0.0,0.0,1.4909447783612297,1.4236140727329962,0.8922497376271481,0.478120470405718,0.4521971466045689,,,0.47824363442641393,inf,,,0.1643902163386806
381,,0.0,0.0,1.6423305130126546,1.4233914520597706,0.7948242399035971,0.5641184080358141,0.5927740896162684,,,0.4066654671944331,inf,,,0.16771599306752466
382,,0.0,0.0,1.5003219712292188,1.3908716050459045,0.7591553032400827,0.44150777300307376,0.3461580624227438,,,0.43586655696697996,inf,,,0.16850673422009405
383,,0.0,0.0,1.6025503839638537,1.2638414126439896,0.8558130535474731,0.610776922479118,0.6468663354508289,,,0.41861278947482794,inf,,,0.16684874600896832
384,,0.0,0.0,1.4965884916918206,1.4095889269892863,0.5260222766145158,0.08873427335358167,0.08622321210513484,,,0.3116047106179316,inf,,,0.16514079669377527
385,,0.0,0.0,1.6572215566863706,1.35265881994726,0.7686324016804519,0.5755970133618717,0.5646482918384049,,,0.3338418249889409,inf,,,0.1697630153198206
386,,0.0,0.0,1.4425090408441485,1.2209602133908395,0.8293944103676946,0.4184959858700137,0.37149414560309807,,,0.4066654671944331,inf,,,0.1714900046999234
387,,0.0,0.0,1.5227989468914274,1.106549949680603,0.7335325734075167,0.5857546498268966,0.47900042421055,,,0.4302020962658841,inf,,,0.17082382761685203
388,,0.0,0.0,1.394549470069217,1.2555731801685448,0.7273939329998741,0.5525937925883111,0.5935034548262156,,,0.47824363442641393,inf,,,0.17507241481380673
389,,0.0,0.0,1.7097255182785258,1.2975579092540959,0.749775350110949,0.5426234030231856,0.5803200738446405,,,0.3943459996787778,inf,,,0.17325604261208252
390,,0.0,0.0,1.6758512728328787,1.394533346844305,0.7099875142414074,0.5313894846285446,0.4428834466027697,,,0.47824363442641393,inf,,,0.1669930046370313
391,,0.0,0.0,1.553696129155616,1.3623216394131525,0.8649571715994196,0.5380567206449524,0.5135629721300872,,,0.42445136339222655,inf,,,0.16938466876593236
392,,0.0,0.0,1.7429771085854706,1.5235371605049441,0.6351595761495589,0.3316307266067193,0.20105987859088575,,,0.44694259446804574,inf,,,0.1682471309764401
393,,0.0,0.0,1.6515489966122123,1.020169805503837,0.8385021306751541,0.372825649971376,0.4814411674934666,,,0.5113665138247345,inf,,,0.1672101166148967
394,,0.0,0.0,1.548700341312432,1.2158003279160776,0.7304760491378439,0.4284293706426957,0.33341372070987385,,,0.4066654671944331,inf,,,0.1745882538161805
395,,0.0,0.0,1.4075903551132798,1.110915846282049,0.6434242709367176,0.2559521565244188,0.3169273304149958,,,0.5022576003740722,inf,,,0.17778139825635375
396,,0.0,0.0,1.6130325140242623,1.2430652146226868,0.7686517554302635,0.6785504785660074,0.7236985870719682,,,0.43586655696697996,inf,,,0.17503754814805075
397,,0.0,0.0,1.6420827447980846,1.2800518867668726,0.8511007440699241,0.5414011091388038,0.5666956765564004,,,0.4928685327679205,inf,,,0.17053161842541154
398,,0.0,0.0,1.5689989196436258,1.2588796843745087,0.8623323498782518,0.5885590452892456,0.561446337379854,,,0.5158180382284114,inf,,,0.1696275975381665
399,,0.0,0.0,1.5734615577421616,1.3130913246523754,0.7038362832494914,0.402684383727026,0.38012971779826527,,,0.5202020156036558,inf,,,0.1654224015805798
400,,0.0,0.0,1.4997157755627677,1.098111907879375,0.7594195619881162,0.5153492205117975,0.5104308358486455,,,0.44144624493110796,inf,,,0.17154110727378877
401,,0.0,0.0,1.7263128784029316,1.3831353783669451,0.7080095579200155,0.47315371354705166,0.41147828001148185,,,0.45235697871908603,inf,,,0.17629532330273154
402,,0.0,0.0,1.6678261414205393,1.2515992596227508,0.8837750241290123,0.7583071635738233,0.7204268482141979,,,0.47824363442641393,inf,,,0.1715698467311654
403,,0.0,0.0,1.453909384378604,1.2050034568921653,0.8193283432929839,0.7523494617361364,0.6718854515771752,,,0.4880666971167561,inf,,,0.16562442364161384
404,,0.0,0.0,1.588910657270655,1.568692453473005,0.797092805877447,0.655019441200487,0.7315108045860831,,,0.4732203808476458,inf,,,0.1667301583579836
405,,0.0,0.0,1.600247709388631,1.4723536607984813,0.7662327605251736,0.5339218628421584,0.556042706867582,,,0.45235697871908603,inf,,,0.16973787968273418
406,,0.0,0.0,1.4500661630627576,1.3976533118973258,0.7962726392698171,0.604232898139399,0.6690970462218571,,,0.43586655696697996,inf,,,0.1693048106668689
407,,0.0,0.0,1.640779963252002,1.4454994335611857,0.7481762092534808,0.5539454256718812,0.4606040620073124,,,0.35499006010413947,inf,,,0.17054492214951364
408,,0.0,0.0,1.37468245656608,1.1223803953865998,0.8404329167655867,0.42850240063921374,0.2870830602187349,,,0.40055318934786044,inf,,,0.1690358211172631
409,,0.0,0.0,1.4836066502562764,1.3118753994277241,0.7226951893687923,0.4164813022315105,0.27375106612385025,,,0.31914402280573173,inf,,,0.16315596567642984
410,,0.0,0.0,1.7698045497272026,1.204092663001023,0.7003267474402155,0.16229020744376726,0.2841399808894862,,,0.3751344627501719,inf,,,0.16297834236040773
411,,0.0,0.0,1.6372285622911016,0.9980123602023909,0.9156747565987476,0.555538072476318,0.5813462964119894,,,0.3265551233283096,inf,,,0.16903046087589096
412,,0.0,0.0,1.70781334470872,1.346468887612148,0.7993533317993455,0.5026137728185078,0.44397340106895195,,,0.4732203808476458,inf,,,0.1662513591106742
413,,0.0,0.0,1.5820210776316093,1.1149760945278306,0.6763772589080036,0.31642256940492564,0.2149191170742925,,,0.4066654671944331,inf,,,0.17265357147462942
414,,0.0,0.0,1.4226971614646717,1.1648593009974717,0.6685976173685519,0.45727728337508744,0.3190652570632958,,,0.41861278947482794,inf,,,0.17425935353367522
415,,0.0,0.0,1.7505010663391083,1.2766475297967816,0.6242038439359531,0.10333883013935061,0.1741753624397181,,,0.36181263880445963,inf,,,0.15245246791563802
416,,0.0,0.0,1.6672754383857311,1.357519190005042,0.7689054221154462,0.32071365358579385,0.27927279473940564,,,0.4629450596409901,inf,,,0.16798437009737233
417,,0.0,0.0,1.6672754383857311,1.1350879297213818,0.8465035496706597,0.8459695874127049,0.9374773786933216,,,0.4880666971167561,inf,,,0.18008091975879492
418,,0.0,0.0,1.7022953831909413,1.1139024746496442,0.7684763669311594,0.42175690077106526,0.5047835134290262,,,0.3751344627501719,inf,,,0.17598078545920387
419,,0.0,0.0,1.6116134303987786,0.9019878403846819,0.7771301749108245,0.6092018651224576,0.29242308612006995,,,0.4629450596409901,inf,,,0.1615086383891921
420,,0.0,0.0,1.5291406097909914,1.3424521649429533,0.561906695775159,0.09364212552558189,0.13074346937198336,,,0.22807408875533447,inf,,,0.16735137000613498
421,,0.0,0.0,1.7438793696526287,1.357997038344857,0.7767291109191797,0.6550462421091618,0.4481596616346285,,,0.44694259446804574,inf,,,0.1786893944416004
422,,0.0,0.0,1.7665533442536894,1.587569386371827,0.5958077014458015,0.1224063202923931,0.11649412656991909,,,0.2461092077232671,inf,,,0.1721610823677978
423,,0.0,0.0,1.7597077751076358,0.8169213865021234,0.8423302790577262,0.2807884109041949,0.3722479331584048,,,0.468121228110369,inf,,,0.1673725397168325
424,,0.0,0.0,1.5776851571308113,1.4874007674790506,0.6172169613561563,0.4346667650372563,0.4035593851572807,,,0.28007874463063287,inf,,,0.17988749961493866
425,,0.0,0.0,1.6637630382678594,1.2988282135409857,0.7944949799715467,0.6947280161601732,0.6187406779708129,,,0.45235697871908603,inf,,,0.1746764685920793
426,,0.0,0.0,1.7774168513896527,1.3589038599535277,0.8562738321443996,0.608960945186404,0.682973280971566,,,0.4302020962658841,inf,,,0.16656631955276208
427,,0.0,0.0,1.7277914063122877,1.0879189590474105,0.7302872092828551,0.33179606252042465,0.28744424045505845,,,0.4576907132971797,inf,,,0.1744655986888278
428,,0.0,0.0,1.2936313137611095,0.9238696189887388,0.839139675440132,0.3001676393438827,0.29770437465991967,,,0.36181263880445963,inf,,,0.17013945640526965
429,,0.0,0.0,1.512363988457901,1.1610131157950212,0.7893475538633202,0.4004708991184745,0.39929930199047975,,,0.3751344627501719,inf,,,0.1664792973656944
430,,0.0,0.0,1.731663370236724,1.449219457148733,0.7219075465707141,0.42144947519600534,0.44240755390302794,,,0.4576907132971797,inf,,,0.16578796006687593
431,,0.0,0.0,1.67437983241643,1.2274849049421794,0.7811138372155669,0.5883397753542768,0.5789851842000494,,,0.44144624493110796,inf,,,0.16939595043231653
432,,0.0,0.0,1.6074697537192542,1.4462847297099515,0.5969118917060706,0.40393694177501616,0.2734712174833625,,,0.41268473150466,inf,,,0.17401647792695873
433,,0.0,0.0,1.5911938218695891,1.3827737224805103,0.784186168732123,0.5009651547647773,0.5909273514274976,,,0.3685265678147087,inf,,,0.17364023277133422
434,,0.0,0.0,1.6660275584239164,1.4364001215922189,0.5723689443042884,0.3425048383279881,0.2920588166719136,,,0.34100769111774265,inf,,,0.1728005957254224
435,,0.0,0.0,1.4943596092793248,1.2437662767381907,0.8884012016740013,0.6037998722869721,0.68658627317655,,,0.4880666971167561,inf,,,0.16978812773457844
436,,0.0,0.0,1.7293817599677959,1.5282941502159926,0.7879997853032087,0.5315087661741978,0.5334775687629192,,,0.468121228110369,inf,,,0.168550133464684
437,,0.0,0.0,1.6624532138794055,1.3682571824537024,0.6646392438590695,0.6050637494125475,0.6462632531546092,,,0.44694259446804574,inf,,,0.16891166284381098
438,,0.0,0.0,1.6201433622379673,1.4455750334198254,0.6565209380829312,0.4632681074312944,0.4280662980223499,,,0.44144624493110796,inf,,,0.1702902807819356
439,,0.0,0.0,1.570956341761928,1.1331243358690317,0.7759148745477691,0.5416058574227822,0.43141812891127373,,,0.4732203808476458,inf,,,0.1731623392735467
440,,0.0,0.0,1.2629935399136822,1.1563511746998079,0.798641763821978,0.6321756423977395,0.6318802149425681,,,0.3943459996787778,inf,,,0.1727183966030306
441,,0.0,0.0,1.658312883944509,1.3255185081170597,0.7857126560495299,0.5425325549105156,0.5911294303457183,,,0.3943459996787778,inf,,,0.17374593798523474
442,,0.0,0.0,1.6182641659044181,1.4749121628748185,0.8688803670610382,0.8621935093701422,1.04176861676996,,,0.45235697871908603,inf,,,0.1735961431277956
443,,0.0,0.0,1.3264048465566252,1.176803734451427,0.7373294878645438,0.5716723507102187,0.6105575484627085,,,0.4880666971167561,inf,,,0.17531592232563772
444,,0.0,0.0,1.5204382364768487,1.451797211424711,0.4819195426534468,0.6536495753114822,0.6577788421643757,,,0.4629450596409901,inf,,,0.17612231853782495
445,,0.0,0.0,1.4570248419075327,1.2744171530417883,0.3484796333418454,0.27334154114189785,0.16519277701114266,,,0.44694259446804574,inf,,,0.18253316993699117
446,,0.0,0.0,1.7776345667945912,0.8270209533252607,0.86064351358998,0.00518451986981476,0.015687254990728393,,,0.45235697871908603,inf,,,0.16422030862010278
447,,0.0,0.0,1.5810278513733729,1.304344240666761,0.8834123744829164,0.0057631317090421,0.017227999100122376,,,0.43586655696697996,inf,,,0.1624932389548965
448,,0.0,0.0,1.6939539995368222,1.3049577498554483,0.9090799887911077,0.0010146295945254425,0.0030970804204542906,,,0.4880666971167561,inf,,,0.16329473076310727
449,,0.0,0.0,1.514443657285175,1.349456666989463,0.9779071231411974,0.001088509408160743,0.0033648892655043384,,,0.44694259446804574,inf,,,0.16337910375514
450,,0.0,0.0,1.7217923825510297,1.182575377867032,0.7767966751306324,0.006797646451244687,0.019883969025561405,,,0.4629450596409901,inf,,,0.16356385493671943
451,,0.0,0.0,1.6787832786575092,1.1603562612242277,0.9316790559462761,0.0018945260309242704,0.00576179833109324,,,0.41861278947482794,inf,,,0.16329444532550152
452,,0.0,0.0,1.7399740724919435,0.9486330496420703,0.9088775339694617,0.004602613007416681,0.01392815827193187,,,0.38163879478178075,inf,,,0.16340565223539827
453,,0.0,0.0,1.7352450382588192,1.168605536793439,0.7686087055810068,0.003452103565558499,0.01020983102322122,,,0.468121228110369,inf,,,0.16367639456365968
454,,0.0,0.0,1.677238279369751,0.978337236118336,0.8903242910893715,0.011526673678990502,0.029145143166873333,,,0.49759852643134905,inf,,,0.16421462030783193
455,,0.0,0.0,1.5310824168661865,0.9751992348432815,0.9162860210139437,0.016835637342056464,0.04878450957766581,,,0.3751344627501719,inf,,,0.16137341413607564
456,,0.0,0.0,1.7344051328353047,1.137926258137997,0.8523338876298948,0.00757285726667528,0.02266357118656932,,,0.41268473150466,inf,,,0.16311796497129483
457,,0.0,0.0,1.767063086714592,0.9318523712484887,0.9577311147795827,0.0013445896604522228,0.004187062005628008,,,0.43586655696697996,inf,,,0.16383332546784557
458,,0.0,0.0,1.7774596070369484,1.3305976801786887,0.9470691404501485,0.0030654512387684667,0.009381144192423708,,,0.44694259446804574,inf,,,0.16354590036622058
459,,0.0,0.0,1.5947075687354977,1.0142773310672886,0.8964281214986884,0.010239679646951126,0.030132621303909396,,,0.4066654671944331,inf,,,0.16285908904581936
460,,0.0,0.0,1.6596633657186197,0.9984364657818953,0.8559696711405017,0.0014306911764007937,0.0043788120601149,,,0.4576907132971797,inf,,,0.1636604745527328
461,,0.0,0.0,1.4311384719533249,1.208932549068815,0.8528511160830289,0.004861870274691201,0.014953806433992628,,,0.41268473150466,inf,,,0.16295424634921396
462,,0.0,0.0,1.5890774318468521,1.312979924224274,0.8403100670662257,0.013029806020987042,0.0348273122323587,,,0.43586655696697996,inf,,,0.16283475979627335
463,,0.0,0.0,1.652577463934995,1.3811507893710437,0.927400937330844,0.004935851538620019,0.015478455400274552,,,0.3943459996787778,inf,,,0.16357935748932564
464,,0.0,0.0,1.6699867721223127,1.3087787683128038,0.8011375698855512,0.0031776366596793703,0.009938699100777845,,,0.4066654671944331,inf,,,0.16369503006502792
465,,0.0,0.0,1.622244574224546,0.9995342325662522,0.9095833129151669,0.0034884859873896253,0.010663140222066126,,,0.41861278947482794,inf,,,0.1633882287606489
466,,0.0,0.0,1.74628990735983,1.320437638510512,0.7614576864575582,0.025132419858111616,0.04395572458021839,,,0.40055318934786044,inf,,,0.1636841965605403
467,,0.0,0.0,1.5704758140097503,1.0226889089738451,0.8994773301619244,0.002981196565336843,0.0086729049842481,,,0.47824363442641393,inf,,,0.16309695650021383
468,,0.0,0.0,1.5657110492502386,1.014339970566356,0.7658597319963694,0.005062316237079582,0.015355727725630337,,,0.41861278947482794,inf,,,0.1629842503184875
469,,0.0,0.0,1.693462313024561,1.2747901702277198,0.9645763956958073,0.1548354163320708,0.330971750213791,,,0.3685265678147087,inf,,,0.16911586334333314
470,,0.0,0.0,1.5689972451682248,0.9018051551168964,0.7477084534411413,0.004864226479882339,0.014625789624707392,,,0.4880666971167561,inf,,,0.16449724272273825
471,,0.0,0.0,1.3503946811739682,0.9928866797279492,0.8750389319128964,0.0005046378794875404,0.001453901548597934,,,0.38804190201132227,inf,,,0.16335536050955518
472,,0.0,0.0,1.612411811367581,1.106588986997927,0.9220827951673988,0.00506882660222465,0.01560487424873606,,,0.44144624493110796,inf,,,0.16327870014005574
473,,0.0,0.0,1.6887700283444933,1.3695922063279784,0.5103381644150498,0.024700254630716772,0.04896033232478793,,,0.38163879478178075,inf,,,0.16524558484905583
474,,0.0,0.0,1.5967389638394303,1.1099942397538898,0.9298577571127351,0.18484806325350844,0.3597135718016946,,,0.44694259446804574,inf,,,0.16103743108879265
475,,0.0,0.0,1.649130147872926,1.0997229858327857,0.976180410802958,0.11098036654002455,0.24493986357167635,,,0.44694259446804574,inf,,,0.16509220180723286
476,,0.0,0.0,1.6362845712512555,1.299130947436816,0.9372964770978841,0.26531712843245453,0.4710975949546916,,,0.4732203808476458,inf,,,0.16685260758889917
477,,0.0,0.0,1.6405213490608626,0.8751764259385016,0.9619507097964559,0.17689376890555303,0.3560615825205454,,,0.44694259446804574,inf,,,0.16510560208902117
478,,0.0,0.0,1.6806646608290563,0.9949864207654879,0.9412466114405359,0.09791071881152218,0.23032269808972872,,,0.40055318934786044,inf,,,0.16808882283544294
479,,0.0,0.0,1.6846963535058244,1.2112804476246462,0.9112274769182064,0.0020879759855696547,0.006493753449142653,,,0.44144624493110796,inf,,,0.1634594273816972
480,,0.0,0.0,1.7301660749712513,1.0860284243498355,0.9047756744485023,0.0015927970604693188,0.00502484905626784,,,0.44694259446804574,inf,,,0.16377615405866955
481,,0.0,0.0,1.784898195228653,1.1806470262559423,0.8689777382576223,0.06388293004787322,0.13434742395412308,,,0.4066654671944331,inf,,,0.16094244893312973
482,,0.0,0.0,1.5192431101081532,1.330385082167121,0.8109207313504685,0.13272069491720395,0.2311262002555013,,,0.42445136339222655,inf,,,0.1700670988366846
483,,0.0,0.0,1.5537914344189083,1.122563267081729,0.8441361489712015,0.10620485559440926,0.21445774531782685,,,0.4302020962658841,inf,,,0.17144956985290782
