,acc+temp_XAp0,acc+temp_XAp1,acc+temp_XAp2,acc+temp_XCond1,acc+temp_XCond2,acc+temp_XDist,acc+temp_XFuzz1,acc+temp_XFuzz2,acc+temp_XK2_1,acc+temp_XK2_2,acc+temp_XPermEn,acc+temp_XSamp0,acc+temp_XSamp1,acc+temp_XSamp2,acc+temp_XSpec
0,,0.0,0.0,1.5214880407508107,1.4392538760034894,0.4991194481444397,0.18368810967407043,0.17842712319284887,,,0.5677978065141052,inf,,,0.24392526151049274
1,,0.0,0.0,1.597356747647992,1.5467442699604808,0.3663034690101972,0.3238988679079013,0.19530078874413082,,,0.541134803179459,inf,,,0.2993764172535555
2,,0.0,0.0,1.6538649045151619,1.6220837953761753,0.6563209638644705,0.8234582750705509,0.4954621757149277,,,0.5677978065141052,inf,,,0.247342062914047
3,,0.0,0.0,1.1132629706616988,1.0727528981101278,0.6036344862411361,0.8617470659124411,0.7043676178819914,,,0.524519217297268,inf,,,0.2511182925540178
4,,0.0,0.0,1.6531879761986243,1.6038123931780788,0.4953507735962494,0.6249710670700037,0.553989593590846,,,0.5490601803369085,inf,,,0.23432543273993456
5,,0.0,0.0,1.6437569363340974,1.6207118182955302,0.4873149370544839,0.7581930141869313,0.6872993795188945,,,0.5370774965580548,inf,,,0.22804763575571632
6,,0.0,0.0,1.3266102244296112,1.2273394438806984,0.7383528714077371,0.9014512910389796,0.6023293555405191,,,0.5783247308855777,inf,,,0.22390457782513645
7,,0.0,0.0,1.7469299292010712,1.6118627030329642,0.6235094780281217,0.5664020531536454,0.35748402230264387,,,0.5329562494928909,inf,,,0.23682976148519277
8,,0.0,0.0,1.4787805382420607,1.4628566086889445,0.40429523036953124,0.2938788575931067,0.2446501927915779,,,0.47824363442641393,inf,,,0.2566007835350955
9,,0.0,0.0,1.6623956255283088,1.4000898923469314,0.6968403146443638,0.532899281376472,0.36640560656197063,,,0.4880666971167561,inf,,,0.23535368130472362
10,,0.0,0.0,1.3230658429851394,1.2356110485358451,0.8271738373691286,1.1890362696733612,0.8062755760613389,,,0.5158180382284114,inf,,,0.19462854363027932
11,,0.0,0.0,1.5972296610703094,1.4239179226290226,0.9011421260969106,1.5488051995433272,1.5023716540738614,,,0.524519217297268,inf,,,0.18270642336794848
12,5.2902046569221,-5.2902046569221,0.0,1.70474997070965,1.512064916589682,0.8497876703941495,1.3236865934826494,1.2695582493004147,,,0.5677978065141052,5.235864351901487,inf,,0.18545714469739813
13,5.622915303590873,-5.622915303590873,0.0,1.6263195484852706,1.5178245157237091,0.7690584942981693,0.9221390856083144,0.6639730008104292,,,0.49759852643134905,5.593434417487336,inf,,0.22189936395644289
14,,0.0,0.0,1.7046985391102343,1.643935359073714,0.668931122475756,0.6056826559953897,0.5629538176810468,,,0.541134803179459,inf,,,0.23902154611809387
15,,0.0,0.0,1.52698835442399,1.4936787350929885,0.6394945030018906,0.8137088862863256,0.6144427209687678,,,0.5113665138247345,inf,,,0.21206928995625607
16,,0.0,0.0,1.7556171001727123,1.677235585385663,0.7313799534109594,1.1570130183955523,0.8088052360612801,,,0.5451288209179292,inf,,,0.22644624799690377
17,5.694662117017255,-2.885295472622076,0.0,1.43899006159993,1.361010051676202,0.8257579296855574,1.661697343647281,1.411691554978516,,,0.5713653840954815,6.370612346898773,inf,,0.20167158371660507
18,5.703782474656201,-4.924265536453187,0.0,1.5687915053411976,1.498554167036171,0.8383396174951544,1.9794732253508556,1.7420636050382832,,,0.5287703885177266,5.8507368876128645,inf,,0.20092199863255153
19,,0.0,0.0,1.7514632105506438,1.6793410839135514,0.8890724482207853,1.891470980273972,2.0812500655615374,,,0.44694259446804574,inf,,,0.1904060805172828
20,,0.0,0.0,1.4639543319854609,1.4097734981450218,0.8029260830491408,1.79450762371391,1.4901087774519541,,,0.5287703885177266,inf,,,0.18580863623809019
21,3.6133478496484366,2.0870957237422503,-5.700443573390687,1.6013513678415057,1.5302614648747668,0.850856872435102,1.8038888457156044,1.5547879338572457,2.0877017762576733,,0.5158180382284114,3.612741797133013,2.0943795787887023,inf,0.2094842198369312
22,3.58390209073434,1.8777650291524184,-5.461667119886759,1.5652659251483207,1.398923188886533,0.8571816675933219,2.0859444014689594,1.6301849871649736,1.8783962361803135,,0.49759852643134905,3.582319657880628,1.8287932028127531,inf,0.21310353823758207
23,5.010635294096255,0.6898082792944322,-5.700443573390687,1.2799967729509405,1.2320478302149678,0.7045230492863954,1.6746213436217992,1.1457362631596217,0.6898082792944307,,0.4576907132971797,5.0106352940962555,0.6964860818254599,inf,0.22365573542313888
24,,0.0,0.0,1.4940756164454556,1.4547749896797946,0.8647713737500848,1.5306838325667853,1.1716145036285295,,,0.5068466436745385,inf,,,0.19750785060798573
25,,0.0,0.0,1.5180442900174689,1.4974518953167935,0.7499754283184823,1.58590786911935,1.2774789825762207,,,0.5641709578113449,inf,,,0.21308781609240873
26,,0.0,0.0,1.5957076461666129,1.5737645272166871,0.8557604847041628,1.7776185910999343,1.8149773687883297,,,0.5641709578113449,inf,,,0.19345350100351505
27,,0.0,0.0,1.590859044920958,1.2228964266453886,0.7830754559090878,0.6747951156224454,0.4337041034895196,,,0.5287703885177266,inf,,,0.20713836141450392
28,,0.0,0.0,1.685559064842106,1.6603510463280717,0.4941085579176283,0.1531523427944121,0.18581493056065793,,,0.541134803179459,inf,,,0.2543143072906663
29,,0.0,0.0,1.6892866353936657,1.6236793744423594,0.6804750222995537,0.23958819819033605,0.19888420168176563,,,0.5490601803369085,inf,,,0.24164264069465788
30,,0.0,0.0,1.4577619370337145,1.4161082736641697,0.6437519115702397,0.36484954758107985,0.296863187098013,,,0.5329562494928909,inf,,,0.2323575216453306
31,,0.0,0.0,1.69032702945688,1.5962389183734371,0.7168644747161194,0.949311104834075,0.4953716018057205,,,0.4880666971167561,inf,,,0.20330028285180393
32,,0.0,0.0,1.474400359536605,1.4155117705977969,0.8391125099319351,1.6653325969870634,1.4694695860961882,,,0.5202020156036558,inf,,,0.20324258358403363
33,,0.0,0.0,1.7436429015751322,1.586776355602664,0.7286989529507313,1.2745810615484483,1.1208199987604437,,,0.5113665138247345,inf,,,0.21066870022134396
34,,0.0,0.0,1.6798154226118982,1.6493266992394546,0.7736646660275796,0.7978345667362501,0.7088529031327672,,,0.5287703885177266,inf,,,0.2119299505637037
35,,0.0,0.0,1.513619652670271,1.4702861430114385,0.7253096831185148,0.5079609722496362,0.38611802855589217,,,0.5451288209179292,inf,,,0.23415910676428148
36,,0.0,0.0,1.6116767638998328,1.5232801750214962,0.616491768672948,0.36938156632263097,0.2559760566966874,,,0.5947193981915972,inf,,,0.2444364517817911
37,,0.0,0.0,1.3768517922068515,1.3283402630755254,0.5094623457456744,0.5366051781254106,0.2923417663737967,,,0.5287703885177266,inf,,,0.2536671402866827
38,,0.0,0.0,1.659473969589667,1.456140927624964,0.49021767157426027,0.5804617052267581,0.4619317849721174,,,0.4732203808476458,inf,,,0.24738786239386543
39,,0.0,0.0,1.725113104112176,1.56749978681914,0.7991477718245037,0.3136901978973035,0.3027793052794845,,,0.524519217297268,inf,,,0.21288273281886563
40,,0.0,0.0,1.6290127985811649,1.6175076371348893,0.6407364302091573,0.17699147263015474,0.13465268853084456,,,0.49759852643134905,inf,,,0.24604605882849873
41,,0.0,0.0,1.7428466201477892,1.726515149235086,0.6698376191859666,0.2860393176137315,0.18641642499014077,,,0.4880666971167561,inf,,,0.2500092473097113
42,,0.0,0.0,1.3963692279668938,1.3307259272419762,0.6296125314008398,0.3046998407405016,0.22712963713491097,,,0.5641709578113449,inf,,,0.24315939850106244
43,,0.0,0.0,1.6257785896812573,1.5825884809502893,0.5531787860271823,0.3789030255670365,0.2033103492873074,,,0.541134803179459,inf,,,0.2757442552963619
44,,0.0,0.0,1.6935381119259518,1.5656988654084087,0.7307114355226295,0.6224142486350415,0.32075923356051417,,,0.4928685327679205,inf,,,0.22529838217371748
45,,0.0,0.0,1.488710413071785,1.421066979320642,0.8369174521542467,0.9755587214575964,0.5721529112747358,,,0.45235697871908603,inf,,,0.2290973273342943
46,,0.0,0.0,1.498553041688405,1.347374034387588,0.8126101583701879,0.7899177722936697,0.3819209846539112,,,0.5883313578629602,inf,,,0.19624856897175047
47,,0.0,0.0,1.6857476714331678,1.546417719827528,0.7185820702627906,0.564039174008692,0.1986289490602433,,,0.4576907132971797,inf,,,0.2383405940825972
48,,0.0,0.0,1.655471110747407,1.5653663349156235,0.5023249987120713,0.2062130552721463,0.1096570812094266,,,0.47824363442641393,inf,,,0.27994139486784614
49,,0.0,0.0,1.6127190043341768,1.5890114684512302,0.5454226881045917,0.1154558416210157,0.07854846161498684,,,0.45235697871908603,inf,,,0.2986807805713105
50,,0.0,0.0,1.036348294210907,1.0207269886077517,0.6034731566225481,0.06686484083773277,0.059484125506804875,,,0.45235697871908603,inf,,,0.278950211610361
51,,0.0,0.0,1.5448399170496243,1.5420167593541734,0.5049251823984281,0.07001017947872587,0.057755556253596005,,,0.5068466436745385,inf,,,0.3029570979122486
52,,0.0,0.0,1.6900674063116605,1.686823668400546,0.3114034302341133,0.08851948242824939,0.059362276881220366,,,0.4880666971167561,inf,,,0.30524426645350317
53,,0.0,0.0,1.699707275585034,1.6945584461002392,0.5291123278620912,0.06877989400032258,0.05607981705913723,,,0.4629450596409901,inf,,,0.27985618478580876
54,,0.0,0.0,1.6086513752331806,1.5783272862864621,0.6328007245382473,0.06750721507551985,0.06263809009163132,,,0.48319206230712763,inf,,,0.24849227935701224
55,,0.0,0.0,1.5796501056709262,1.5613746633638441,0.6459429293416759,0.05174525551397937,0.05204009095349489,,,0.5370774965580548,inf,,,0.24695598479820632
56,,0.0,0.0,0.9188157452324761,0.9085606110526953,0.5481476976207955,0.07142417031428419,0.07680444698386707,,,0.5202020156036558,inf,,,0.2453835355901165
57,,0.0,0.0,1.7095549225322866,1.578729532521968,0.6003915458914295,0.3018980353257452,0.2362717990025862,,,0.5641709578113449,inf,,,0.2340042253913751
58,,0.0,0.0,1.3291522002034344,1.1714118741392991,0.559769781903412,0.2803453834140501,0.19601705590998064,,,0.5202020156036558,inf,,,0.24361321414442116
59,,0.0,0.0,1.5415535875911326,1.5365454940540475,0.48275644399671314,0.07688949525422831,0.0661550930252607,,,0.4576907132971797,inf,,,0.29754616870500106
60,,0.0,0.0,1.566326025406372,1.582433229679821,0.5404062861822371,0.0639286920370527,0.04717603869940655,,,0.4629450596409901,inf,,,0.3025665439297804
61,,0.0,0.0,1.6036672807176582,1.6032497392233687,0.542530501874769,0.05925737230765117,0.057188080145584,,,0.5158180382284114,inf,,,0.2764210534589795
62,,0.0,0.0,1.3177501284504165,1.3012225623703024,0.3628408266450027,0.0739145630080278,0.06391373614924846,,,0.47824363442641393,inf,,,0.2651037633767125
63,,0.0,0.0,1.594536319123385,1.590293785033217,0.49408552868081435,0.07598276734003988,0.061806429551638606,,,0.5329562494928909,inf,,,0.24967294210238483
64,,0.0,0.0,1.4251977734908872,1.4332617215449652,0.38872571265670325,0.07788214296245598,0.07655850394070593,,,0.4880666971167561,inf,,,0.25471107185779945
65,,0.0,0.0,1.5376124525565302,1.537215909084594,0.4047184561154814,0.11973456736756806,0.09405740247446236,,,0.541134803179459,inf,,,0.2916543675830672
66,,0.0,0.0,1.57896726812415,1.5628406712298304,0.34011084213309606,0.09741003169561922,0.06213786740551548,,,0.5490601803369085,inf,,,0.2869528905613886
67,,0.0,0.0,1.4684204728907586,1.4593655617733545,0.32397456580693457,0.09966668773994701,0.067607495841727,,,0.4732203808476458,inf,,,0.3022411068697175
68,,0.0,0.0,1.5988785273858264,1.580965375498494,0.34697728518692494,0.10753920888538154,0.0825630212048741,,,0.5158180382284114,inf,,,0.29656590940660665
69,,0.0,0.0,1.6727598965093182,1.663099612477594,0.7741317663829417,0.04091243242325964,0.04020713216482496,,,0.5915533975974677,inf,,,0.28269076295156154
70,,0.0,0.0,1.6527701348325718,1.640331937785573,0.7573057955902289,0.06749070425440672,0.060154151344765705,,,0.4928685327679205,inf,,,0.2491983711616398
71,,0.0,0.0,1.5638987314604034,1.5411552636908128,0.5697464062794507,0.07684577287510388,0.06424964284306307,,,0.5022576003740722,inf,,,0.24466933949075187
72,,0.0,0.0,1.4936735107332217,1.4560098296507566,0.4959812989078406,0.03478966533189124,0.038740423240781564,,,0.48319206230712763,inf,,,0.21577674307706637
73,,0.0,0.0,1.5971395979219902,1.5572375324242496,0.4704090871989607,0.018006921486968388,0.01759739367354268,,,0.524519217297268,inf,,,0.23688435145249487
74,,0.0,0.0,1.455572336508125,1.4426882569422,0.4497603409887111,0.03224219372895672,0.02510651137651284,,,0.49759852643134905,inf,,,0.24611069193857743
75,,0.0,0.0,1.3334471072317968,1.313689418251983,0.5559452613152217,0.03444426656437691,0.02710560849725155,,,0.5113665138247345,inf,,,0.2598290822180876
76,,0.0,0.0,1.6408851762133285,1.5186905534298398,0.8054522626220996,0.015245947982196749,0.02298424487870457,,,0.44694259446804574,inf,,,0.21133510790475743
77,,0.0,0.0,1.4404028689315147,1.414929899950731,0.5034816400090296,0.08406224008255758,0.05463146184288378,,,0.47824363442641393,inf,,,0.3210336857260274
78,,0.0,0.0,1.6937870732731375,1.6139744042736899,0.568403860627279,0.2748722287659633,0.1255921282375777,,,0.5915533975974677,inf,,,0.24303195529281715
79,,0.0,0.0,1.654187503982444,1.5426259165404692,0.17889020638355052,0.09998231978677342,0.03137792271207203,,,0.45235697871908603,inf,,,0.3467432634890355
80,,0.0,0.0,1.6625011816762665,1.5965280774943624,0.17382532870700484,0.12820983939708397,0.043585635878323675,,,0.5370774965580548,inf,,,0.34795717160444933
81,,0.0,0.0,1.663537387225598,1.6727890507693077,0.09688490555546932,0.07130730571307048,0.0320033600494526,,,0.45235697871908603,inf,,,0.37036818842087366
82,,0.0,0.0,1.6221381505412105,1.6073715260565602,0.0695204993585881,0.021789024688704268,0.01870261345320658,,,0.41861278947482794,inf,,,0.3337522914777459
83,,0.0,0.0,1.5604796016064046,1.5595947223014826,0.05083895230518921,0.01932053077613366,0.010269602206002915,,,0.44694259446804574,inf,,,0.29999016354580943
84,,0.0,0.0,1.372115965625369,1.3665554274232379,0.829655546206502,0.007794305412895247,0.008639864369762626,,,0.5287703885177266,inf,,,0.16874660741192743
85,,0.0,0.0,1.4865142671157685,1.447832923372514,0.8301942849141681,0.007368034786591545,0.008287472214439543,,,0.468121228110369,inf,,,0.16945423633749573
86,,0.0,0.0,1.680667620350756,1.6846163554035396,0.2726646843815762,0.018207194606877582,0.012602469909190589,,,0.4732203808476458,inf,,,0.21957784150521975
87,,0.0,0.0,1.7568007978988518,1.7592034228619804,0.44494561391434684,0.01832776256594478,0.013351677032139728,,,0.4880666971167561,inf,,,0.23873708356741574
88,,0.0,0.0,1.7879190421922109,1.6332623798626014,0.9010712400723306,0.0068812201697781815,0.010276328828860265,,,0.4302020962658841,inf,,,0.18412538366676143
89,,0.0,0.0,1.777992378487264,1.520711855748567,0.879464639225275,0.007139381682812129,0.01014553913759407,,,0.5113665138247345,inf,,,0.1622669468303752
90,,0.0,0.0,1.693343306226456,1.4373756292157263,0.8472176490363854,0.007667393494049079,0.01032802781904059,,,0.5604843169999094,inf,,,0.1812393698883818
91,,0.0,0.0,1.70428698532483,1.6264448985185551,0.8330938209604181,0.01167918834718925,0.015278917600890717,,,0.5713653840954815,inf,,,0.19174898565736886
92,,0.0,0.0,1.6846286277781046,1.6154903924128368,0.8310883974017652,0.013280763683428799,0.016903968252436084,,,0.44144624493110796,inf,,,0.17544436075084394
93,,0.0,0.0,1.634485984643945,1.6140746561111632,0.7907085171270064,0.010440290055974343,0.013137053907036894,,,0.49759852643134905,inf,,,0.19320117723488803
94,,0.0,0.0,1.1341585851535376,1.1288998608256309,0.5500397611582056,0.02024872183907607,0.0220182280008399,,,0.44694259446804574,inf,,,0.2192024924401797
95,,0.0,0.0,1.7163052296236276,1.6985219670237712,0.31550472233484345,0.05478178045852098,0.041890424962089695,,,0.5158180382284114,inf,,,0.3277859211883627
96,,0.0,0.0,1.5633761759173732,1.5545314037470732,0.24698132798892,0.07085771111191819,0.07494208407676098,,,0.5022576003740722,inf,,,0.3160542903032415
97,,0.0,0.0,1.7357363682574343,1.7533652844414431,0.33960944070690974,0.0716533677597584,0.07292232758856464,,,0.4576907132971797,inf,,,0.25323060543156334
98,,0.0,0.0,1.4105209887412316,1.3773491325550877,0.1438536184365652,0.04558886768939779,0.04212189926405102,,,0.5677978065141052,inf,,,0.3396066808840214
99,,0.0,0.0,1.1981079446628602,1.1781290208258628,0.25455350874281757,0.03688641409615209,0.028166840722197092,,,0.552929491858785,inf,,,0.3609416811340756
100,,0.0,0.0,1.5700795390437778,1.5611171647914934,0.5450859694109957,0.02273859233568714,0.01882985687298095,,,0.4629450596409901,inf,,,0.2588069979094938
101,,0.0,0.0,1.6622914960262474,1.663534728407681,0.7741055097077681,0.014783315922367955,0.01724742114992374,,,0.5713653840954815,inf,,,0.29187302682737953
102,,0.0,0.0,1.6010241270047008,1.6031264929261593,0.7271163328811017,0.012999547389452224,0.012621408879591456,,,0.585052858160615,inf,,,0.29366564094453357
103,,0.0,0.0,1.7148496913851137,1.5046084082716304,0.8316597665682668,0.005030653289611085,0.007102069587718863,,,0.524519217297268,inf,,,0.1742367728570169
104,,0.0,0.0,1.731685414721336,1.6034022358672604,0.8340331323274561,0.003169564665109869,0.004175899559646503,,,0.5068466436745385,inf,,,0.16333366797293178
105,,0.0,0.0,1.5066590149024726,1.5146148984564243,0.3256863409928137,0.01892714889843894,0.011967267095950074,,,0.49759852643134905,inf,,,0.2421735223939137
106,,0.0,0.0,1.7437341388766634,1.7441850273248534,0.3244366861798857,0.020383097223300055,0.017009709677392616,,,0.47824363442641393,inf,,,0.25993708677340754
107,,0.0,0.0,1.764379834153816,1.7169298412919842,0.06277999115385458,0.039749128251879116,0.019063515236463824,,,0.5022576003740722,inf,,,0.3683341928237201
108,,0.0,0.0,1.469890130828699,1.4749479557382168,0.06480780681249386,0.039975634592666745,0.008020195067051213,,,0.4880666971167561,inf,,,0.39071618857617574
109,,0.0,0.0,1.7420719419881445,1.5596534348523639,0.8924087233965078,0.0011747052251537445,0.001802420575189886,,,0.5022576003740722,inf,,,0.16996693082044753
110,,0.0,0.0,1.741888743689729,1.2186185654790236,0.8858769161314014,0.0017788487306262329,0.0031216494668863115,,,0.41861278947482794,inf,,,0.1861576161683331
111,,0.0,0.0,1.7733658186449202,1.184848421465031,0.9222969473378787,0.0024853093401311015,0.003998821635290372,,,0.581717464821069,inf,,,0.17166901776889779
112,,0.0,0.0,1.7560358279469848,1.5463381116180888,0.8477925526584877,0.0018182780021769593,0.003008757328250166,,,0.44694259446804574,inf,,,0.2071656501766779
113,,0.0,0.0,1.6496973037881473,1.0953830870610486,0.8966043020299098,0.002949272601457819,0.004689386442086799,,,0.5022576003740722,inf,,,0.16925218825543858
114,,0.0,0.0,1.6297700043079137,1.626025179256157,0.6390757549138799,0.014539782796825851,0.01060646662248915,,,0.524519217297268,inf,,,0.2217880782764385
115,,0.0,0.0,1.5995068238963053,1.5847800203321447,0.5232853711648249,0.013662341163486084,0.014220059760919404,,,0.5022576003740722,inf,,,0.20574505020714506
116,,0.0,0.0,1.6529332100530871,1.6140036254538137,0.3890465391954914,0.01113933610983236,0.01581015530006489,,,0.49759852643134905,inf,,,0.1929810214256327
117,,0.0,0.0,1.7214899433519517,1.1764877045272246,0.9099805418602461,0.004543972309170912,0.006641358808013205,,,0.47824363442641393,inf,,,0.1826363642718384
118,,0.0,0.0,1.2069184605032846,1.1870039029641835,0.6845487093994267,0.0004309646656236754,0.000846184180180047,,,0.468121228110369,inf,,,0.2502626976332816
119,,0.0,0.0,1.5242047510669958,1.52339073423172,0.5487114600182863,0.01444825813261132,0.018655574725719624,,,0.5068466436745385,inf,,,0.2890072368445067
120,,0.0,0.0,1.6144225733765691,1.5656823351417415,0.6315577520573803,0.008039005642858123,0.01161452690596504,,,0.4880666971167561,inf,,,0.2242070588320935
121,,0.0,0.0,1.2394891284607445,1.244417350245002,0.0794613218054198,0.01513485573415984,0.009490865519531027,,,0.5158180382284114,inf,,,0.3373796867919415
122,,0.0,0.0,1.6996432657410465,1.693493143416171,0.14415612942876374,0.020475316833180053,0.017899052339213652,,,0.5202020156036558,inf,,,0.3419147445177644
123,,0.0,0.0,1.6284072786159405,1.580440673734899,0.563411459313031,0.010058283448799618,0.015680943463903765,,,0.4629450596409901,inf,,,0.2538582262978678
124,,0.0,0.0,1.5744757194209684,1.5609585130050252,0.5860915804708737,0.014016205334828214,0.017158216956024708,,,0.5158180382284114,inf,,,0.27741456603353004
125,,0.0,0.0,1.6462400763158342,1.6349926331409277,0.7640204380442409,0.017124795384192305,0.020770426130208207,,,0.4629450596409901,inf,,,0.2577697969004969
126,,0.0,0.0,1.5612414300032744,1.4476606104841576,0.37377767715617966,0.23373039275236687,0.12997512426633315,,,0.5202020156036558,inf,,,0.28226514010833903
127,,0.0,0.0,1.3185729140819995,1.1612411858504608,0.42731727302295175,0.22608048817541293,0.10737785406936817,,,0.4576907132971797,inf,,,0.28473685302320684
128,,0.0,0.0,1.5101616878241995,1.499257080510633,0.7478745278657202,0.0026133445151568144,0.004716463760306483,,,0.48319206230712763,inf,,,0.24843634340777543
129,,0.0,0.0,1.6443319295671,1.6047655167855397,0.7842651404599781,0.003470984207562218,0.006099973157043779,,,0.5113665138247345,inf,,,0.25001192667613326
130,,0.0,0.0,1.558852137999526,1.555681529317136,0.46443776791555347,0.02294401906328267,0.021326299271899326,,,0.4880666971167561,inf,,,0.2825666928222552
131,,0.0,0.0,1.5632126123197871,1.5562641836862008,0.5745503702413057,0.0269892656503791,0.0237790864905241,,,0.41861278947482794,inf,,,0.24440774338457139
132,,0.0,0.0,1.7006071547496004,1.6256345436842417,0.8479960026852519,0.011447249259207119,0.023101176282457753,,,0.4732203808476458,inf,,,0.18512140512321548
133,,0.0,0.0,1.6977589426366926,1.6815228067633998,0.8359533860608068,0.023325571684832604,0.03530444703222635,,,0.4576907132971797,inf,,,0.22238694993780447
134,,0.0,0.0,1.6684500041981045,1.6285875551704694,0.7452722553990607,0.01890863135434576,0.024594912444850764,,,0.5329562494928909,inf,,,0.22634599373051922
135,,0.0,0.0,1.595145623600308,1.5620357372096931,0.30021794961471193,0.1727236427681099,0.09576747782162312,,,0.47824363442641393,inf,,,0.29870013971152287
136,,0.0,0.0,1.6161232765845186,1.5967180531313905,0.4983749007638864,0.3646376372304417,0.2671247473102672,,,0.5113665138247345,inf,,,0.26409440340427665
137,,0.0,0.0,1.5084952149321051,1.5187819565646585,0.6937580286252188,0.3852815005268566,0.3391473711506278,,,0.5113665138247345,inf,,,0.25097810814820287
138,,0.0,0.0,1.672630430935968,1.6118709373528775,0.25272626484680544,0.36301146960527336,0.275465712563217,,,0.34100769111774265,inf,,,0.30681136560979233
139,,0.0,0.0,1.4105293903006313,1.4216731009119823,0.22890076987623373,0.2212704136934387,0.14113003692419648,,,0.4732203808476458,inf,,,0.322729019054251
140,,0.0,0.0,1.5780269313914121,1.5876684576964986,0.028067411207589585,0.027598068853517073,0.017238683024532905,,,0.4732203808476458,inf,,,0.3483906135568739
141,,0.0,0.0,1.4294236570464438,1.4368782942028446,0.333497929561378,0.012367768626403474,0.015323364920838361,,,0.48319206230712763,inf,,,0.22070199547755368
142,,0.0,0.0,1.7408072104182737,1.5894015260852616,0.8517818921004608,0.005369178425006452,0.00778419141026228,,,0.5202020156036558,inf,,,0.17496103956246012
143,,0.0,0.0,1.7428690275778203,1.7247737040795268,0.7890721427301818,0.004464698183267056,0.006725004651882077,,,0.5329562494928909,inf,,,0.17959990327137618
144,,0.0,0.0,1.4400200674133856,1.424156203875446,0.2257695450346065,0.018863714428038355,0.011028462147190481,,,0.5022576003740722,inf,,,0.3828770895264562
145,,0.0,0.0,1.558447539866281,1.5604517666544344,0.24826163746293012,0.019669648570693372,0.01105999123376198,,,0.4880666971167561,inf,,,0.36225515848997075
146,,0.0,0.0,1.710233553079715,1.6529413537751718,0.05280811244909654,0.03946829447441562,0.019800887453414573,,,0.4732203808476458,inf,,,0.3594225314001987
147,,0.0,0.0,1.734524526938455,1.5415120292502857,0.8404184524863331,0.0033763657316884547,0.005348273480744242,,,0.5068466436745385,inf,,,0.19671686210123765
148,,0.0,0.0,1.7273290648157056,1.7046731936230595,0.260998731938045,0.01612488368857053,0.013552416451231314,,,0.5287703885177266,inf,,,0.3366500386739883
149,,0.0,0.0,1.6127704115960348,1.5946678428976957,0.22097651116187517,0.03370175509929947,0.01975613109340943,,,0.468121228110369,inf,,,0.3464941605717846
150,,0.0,0.0,1.7010184680603246,1.7089045633730529,0.2966724003962719,0.02054588715338105,0.010468830493366242,,,0.468121228110369,inf,,,0.3294519958561729
151,,0.0,0.0,1.7016264845430205,1.7058326111382334,0.41251364755202835,0.021264937863517915,0.011003259630603456,,,0.41268473150466,inf,,,0.30891334516146374
152,,0.0,0.0,1.6237566906774383,1.6317778167691195,0.21482998719889818,0.014192168789698152,0.011180109423088329,,,0.5202020156036558,inf,,,0.3335894049806045
153,,0.0,0.0,1.4831049364963567,1.4790598509663555,0.21600311638911254,0.014266675691969266,0.012800137134252697,,,0.44144624493110796,inf,,,0.3387911276076767
154,,0.0,0.0,1.3812753436723022,1.2177286945534316,0.8411401263647947,0.004909829001206374,0.006577859953190216,,,0.4066654671944331,inf,,,0.17585835499735278
155,,0.0,0.0,1.234776768035563,1.200279858379951,0.14419317836323925,0.08641369209538004,0.03475157305045341,,,0.4302020962658841,inf,,,0.33399434702581676
156,,0.0,0.0,1.612153545671219,1.5801151519021892,0.4125290788160188,0.1856349309010453,0.08939014174149557,,,0.4576907132971797,inf,,,0.2978717015506582
157,,0.0,0.0,0.34299487433162446,0.24502997220604472,0.4922741041230563,0.3781392388768295,0.16909102532918124,,,0.31914402280573173,inf,,,0.2678812121588374
158,,0.0,0.0,1.6692457117326356,1.6545231764238157,0.3948719675714811,0.5276213886696702,0.3504575665431662,,,0.5370774965580548,inf,,,0.276538686064026
159,,0.0,0.0,1.3192106012065978,1.263965143056823,0.6166728146547846,0.7709714084902697,0.4193172902306125,,,0.6038851895711802,inf,,,0.21945776954412316
160,,0.0,0.0,1.738945032302304,1.6580929691697146,0.7326860480341385,1.2025912762685242,1.2481545512816332,,,0.6038851895711802,inf,,,0.20846248103640141
161,,0.0,0.0,1.4754370243179522,1.431908464593044,0.8155046961321863,1.1559826276928957,1.1775180470494586,,,0.6333676938231112,inf,,,0.212754712968748
162,,0.0,0.0,1.5233341296022125,1.5017578396949403,0.8289042886336438,0.9818739640703669,0.8076681548361543,,,0.62595550513784,inf,,,0.2020335724217974
163,,0.0,0.0,1.326003627837604,1.3189626935015442,0.6421672008731842,0.8442135312528392,0.8286383271190345,,,0.581717464821069,inf,,,0.22494824448294617
164,,0.0,0.0,1.6417940245950788,1.6320386875513413,0.5759003921980481,0.7867078203542387,0.7362120006829539,,,0.6125606311107803,inf,,,0.21762317696555297
165,,0.0,0.0,1.714449949679159,1.7119762773560143,0.5974002303007415,0.7778776248744856,0.757231529448113,,,0.6357360191111145,inf,,,0.23027315024052958
166,,0.0,0.0,1.4908618411232544,1.4432426679028765,0.7477752101552622,0.9725448891098916,0.7895280314725835,,,0.5713653840954815,inf,,,0.21775424867427318
167,,0.0,0.0,1.6828002321801918,1.648710397213686,0.8377999114499689,1.1040396768102492,1.0110726028710428,,,0.5915533975974677,inf,,,0.206843472207257
168,,0.0,0.0,1.48848487244237,1.4673932211590321,0.822477708082318,0.9732365587095337,0.8852318313090214,,,0.5713653840954815,inf,,,0.19685130511495055
169,,0.0,0.0,1.4497961482626283,1.41659690955495,0.6921455898833336,0.7362391143138555,0.7528696620669026,,,0.5915533975974677,inf,,,0.20003138767138942
170,,0.0,0.0,1.6855609926614705,1.6804050921823273,0.6413913876261482,0.8131225492947611,0.7206675683844966,,,0.6333676938231112,inf,,,0.22150931120624537
171,,0.0,0.0,1.6087316620004533,1.5680528144153894,0.8105885955543629,1.1617860693520945,1.016431534057611,,,0.6153451465759925,inf,,,0.20668090214589224
172,,0.0,0.0,1.6801711040397753,1.626504810869671,0.9405333457984718,1.5660447047507053,1.8674099355639007,,,0.6207552362147116,inf,,,0.1747377284279313
173,,0.0,0.0,1.5909084140103091,1.50532762765857,0.9462904496663223,1.285067420311735,1.0034720292911263,,,0.6038851895711802,inf,,,0.18021502991721697
174,,0.0,0.0,1.6630722385811367,1.6529890971706585,0.7734413164096026,0.995821906622771,0.7906664614134168,,,0.6180765742263259,inf,,,0.22462641276534542
175,,0.0,0.0,1.6781721945145778,1.6695322166380542,0.774573030177387,0.8029262176552676,0.5947164881618204,,,0.62595550513784,inf,,,0.23921257207136992
176,,0.0,0.0,1.5713162217948298,1.5143871502853747,0.759978342281024,0.9246958503448692,0.559441915755572,,,0.6153451465759925,inf,,,0.20027507409921466
177,,0.0,0.0,1.5843479713701896,1.5475960076922481,0.7628069730384873,0.9539803600580467,0.6616963263031989,,,0.6180765742263259,inf,,,0.20458985334516924
178,,0.0,0.0,1.533984288976989,1.5035922670810804,0.7460342659552406,0.6279603588888968,0.3803427272674812,,,0.5490601803369085,inf,,,0.24035301176119248
179,,0.0,0.0,1.6347439688937753,1.6052543925042042,0.7004786075983952,0.5413390003585771,0.3859155196531353,,,0.5641709578113449,inf,,,0.2284940855349833
180,,0.0,0.0,1.5552714959486567,1.54653543572817,0.6235596425225954,0.6199202795219211,0.472733296591082,,,0.5978297680564633,inf,,,0.2372663835423515
181,,0.0,0.0,1.5906155329902567,1.5768448916670135,0.6321382462493527,0.5087350323110997,0.41750362162397037,,,0.6125606311107803,inf,,,0.21049704181990037
182,,0.0,0.0,1.6562997465221414,1.5844736804191402,0.6799995127488034,0.3409342515255266,0.26331422502393653,,,0.5451288209179292,inf,,,0.24035503712364553
183,,0.0,0.0,1.43055880741101,1.4216338663106962,0.5878062173468901,0.2642840822747278,0.19966762932765858,,,0.5451288209179292,inf,,,0.23714010094908297
184,,0.0,0.0,1.5072260036999705,1.5058923524830459,0.6083944217986714,0.21314054782574718,0.15460551306315906,,,0.47824363442641393,inf,,,0.22401912025080167
185,,0.0,0.0,1.5523264607556815,1.5482362193693195,0.47554805804653316,0.16983124762636237,0.13601039082514801,,,0.5022576003740722,inf,,,0.2525697442595321
186,,0.0,0.0,1.6434003438042482,1.6217537997759555,0.42418343662972857,0.1365918536418149,0.11918548294910566,,,0.5567373465730988,inf,,,0.2736841948897727
187,,0.0,0.0,1.682184424935359,1.6434428932004848,0.5698191862446935,0.1481858670637078,0.1166400217575406,,,0.524519217297268,inf,,,0.25401576874110965
188,,0.0,0.0,1.646823862976476,1.629411674216272,0.5314378589905088,0.17553167454357085,0.1745196076319805,,,0.47824363442641393,inf,,,0.2513469411665644
189,,0.0,0.0,1.346519126358887,1.3597132839653712,0.5277088863108531,0.25834405638289715,0.23580641589784312,,,0.5490601803369085,inf,,,0.25475128458616325
190,,0.0,0.0,1.536529801160161,1.4890674766885503,0.5192934031668515,0.3802448276312515,0.29789492640954074,,,0.5158180382284114,inf,,,0.22753348495789455
191,,0.0,0.0,1.5857638891931782,1.5318488204258383,0.5817590913110412,0.3141302221117567,0.2586766348961112,,,0.5113665138247345,inf,,,0.23379897530501
192,,0.0,0.0,1.5437080668841712,1.5304630911445842,0.6164558952274175,0.20316982528354072,0.17184401402848873,,,0.5202020156036558,inf,,,0.2578834878045715
193,,0.0,0.0,1.50523650058756,1.3206260261437415,0.7353560905330049,0.2670538271684911,0.23032004868609368,,,0.47824363442641393,inf,,,0.24572890179996623
194,,0.0,0.0,1.5032095870205877,1.426759294219416,0.6412220015464165,0.5291057486729744,0.43101167001614327,,,0.5158180382284114,inf,,,0.24475932781456647
195,,0.0,0.0,1.6057078262454023,1.5143772865297735,0.6364410408218282,0.33382785861342745,0.2336555257653119,,,0.5022576003740722,inf,,,0.25031506908452483
196,,0.0,0.0,1.7668572460681191,1.7444477035541683,0.7245247634225043,0.6075632638301132,0.4284948381950272,,,0.4880666971167561,inf,,,0.22492003058041382
197,,0.0,0.0,1.5743854453972008,1.469401368163722,0.564496218710068,0.29048749220177045,0.21064819845497135,,,0.5451288209179292,inf,,,0.2543689521336968
198,,0.0,0.0,1.2417267079234362,1.2418938358824305,0.44630438692702007,0.1424885959453976,0.12148551884712089,,,0.4880666971167561,inf,,,0.2836828625836353
199,,0.0,0.0,1.7145986444725567,1.691895063924705,0.43147804465162926,0.2893469685783368,0.23533595834226767,,,0.49759852643134905,inf,,,0.2746034141100319
200,,0.0,0.0,1.6028471256821344,1.546094747444561,0.538689154487582,0.47006080647563503,0.41723569862439464,,,0.5329562494928909,inf,,,0.27183753545188694
201,,0.0,0.0,1.4937209404202474,1.3742079752743908,0.7586057914220001,0.930486369125326,0.6353048425191705,,,0.4880666971167561,inf,,,0.21356629525303739
202,,0.0,0.0,1.5505598380604204,1.4800199572593804,0.8862196688152009,1.5379744069991241,0.907020188381165,,,0.468121228110369,inf,,,0.19543277535568584
203,5.7037824746562,-5.7037824746562,0.0,1.5959686414110204,1.5523366902702311,0.7297275286889918,1.26723168281659,0.7661602584600073,,,0.5158180382284114,5.703782474656201,inf,,0.22091542535596947
204,,0.0,0.0,1.5541429312778408,1.4404833343915242,0.6503261025081742,0.6753774914704759,0.3163227433083846,,,0.3943459996787778,inf,,,0.24618582399494401
205,5.7037824746562,-5.7037824746562,0.0,1.6144173727111946,1.5528145087552339,0.5749255136005375,0.6073625948786167,0.20274529795431984,,,0.4880666971167561,5.703782474656201,inf,,0.2611425489866147
206,,0.0,0.0,1.2835669071278841,1.1466045754329008,0.7557612872493633,0.8420843218262097,0.3672933876134068,,,0.4302020962658841,inf,,,0.21074202387600527
207,,0.0,0.0,1.421646740536979,1.3582945548773657,0.8534909157454658,1.6780798337250555,1.7872664438858108,,,0.22807408875533447,inf,,,0.20260432115369748
208,,0.0,0.0,1.614160336333879,1.4586729989256146,0.9164453709184661,1.4906893373596848,1.4315894540695957,,,0.44694259446804574,inf,,,0.17809400951959337
209,,0.0,0.0,1.1442505949052175,1.0635148712533158,0.8951795203453131,1.558818599302853,1.4601872752022687,,,0.3685265678147087,inf,,,0.1862371484616247
210,5.703782474656201,-1.8252103918899842,0.0,1.5746530080605838,1.453428167897609,0.837378497607686,1.6580406822223492,1.3659370155177941,,,0.49759852643134905,6.843216757844566,inf,,0.17878290844760303
211,,0.0,0.0,1.704618185247072,1.6646309456636657,0.9237461371599749,1.7167016130012756,1.1771395661589112,,,0.43586655696697996,inf,,,0.1868815846299754
212,,0.0,0.0,1.6423422311151232,1.5975432728077514,0.8387527346831971,1.5519888675629985,0.8925046583820484,,,0.5068466436745385,inf,,,0.21214597729289203
213,,0.0,0.0,1.6729316270449828,1.6151825447345343,0.8411302255417017,1.2292869253447867,0.8718463562594256,,,0.47824363442641393,inf,,,0.22812438646464667
214,,0.0,0.0,1.5305574238037687,1.4699654839483995,0.8347845401943819,1.508675127554377,1.0745201048311799,,,0.4880666971167561,inf,,,0.2086180609658647
215,,0.0,0.0,1.5502342951671682,1.3920013341088275,0.806176832847076,1.474862032079065,0.9099598750472733,,,0.4928685327679205,inf,,,0.1940494187788745
216,,0.0,0.0,1.6547185208013784,1.5299683545617928,0.7594897284516038,1.1040153755280036,0.7296721926181662,,,0.4928685327679205,inf,,,0.23286672206861003
217,,0.0,0.0,1.4033552686886561,1.2401373173523536,0.7541336123696464,1.12248696904342,0.7702652995300014,,,0.4880666971167561,inf,,,0.21519069485482512
218,,0.0,0.0,0.9481558521429622,0.8908479667712881,0.8458931665947835,1.4558942892323183,0.9741917662117106,,,0.524519217297268,inf,,,0.20065216639839217
219,,0.0,0.0,1.639499740811888,1.478154157328879,0.8187210160526511,0.9843513333338693,0.5393869702074553,,,0.5113665138247345,inf,,,0.22509389598603086
220,,0.0,0.0,1.6058209908334073,1.5570678633743535,0.6064543585985832,0.3521839117586074,0.17831824862880113,,,0.4576907132971797,inf,,,0.2839473142601555
221,,0.0,0.0,1.4744333216832934,1.4426250954387467,0.40274159548586824,0.20141852689769515,0.14009029642484996,,,0.42445136339222655,inf,,,0.29448719916392196
222,,0.0,0.0,1.3455950636999616,1.2248188921977692,0.8037161136949015,0.4087559314052295,0.3257699967295372,,,0.5113665138247345,inf,,,0.22835213638811386
223,,0.0,0.0,1.5888266496607506,1.470493642707697,0.7110967836792909,0.44979159219744,0.44158131451140237,,,0.45235697871908603,inf,,,0.22498467352999021
224,,0.0,0.0,1.5132048842544719,1.4211415384645114,0.6788144064742839,0.621255662522646,0.3981190475586517,,,0.4629450596409901,inf,,,0.24226072915852878
225,,0.0,0.0,1.6013538864428787,1.5339838384070268,0.6835239592611043,0.60305465610766,0.3382507801205866,,,0.3943459996787778,inf,,,0.22763880290519672
226,,0.0,0.0,1.485046386417706,1.3201375630608672,0.7709760674592966,0.6264275090479071,0.3859259803425571,,,0.38163879478178075,inf,,,0.23530011106379753
227,,0.0,0.0,1.4516058546935382,1.3604331149657198,0.6601421547532116,0.591698048401663,0.376899301832912,,,0.47824363442641393,inf,,,0.23667877530198703
228,,0.0,0.0,1.6530176460811818,1.5876852893476396,0.5626529412300095,0.3837063328285041,0.319746786915282,,,0.4629450596409901,inf,,,0.25536264187464813
229,,0.0,0.0,1.762177409238721,1.667392222696603,0.6589710492485396,0.6808954780073234,0.4217364956564684,,,0.5068466436745385,inf,,,0.24447808208192504
230,,0.0,0.0,1.5283556008426262,1.5055317202542569,0.7008788121394148,0.9901864601345602,0.7413303693943173,,,0.5490601803369085,inf,,,0.22432423844857158
231,,0.0,0.0,1.5975994391688277,1.5516273659491617,0.767817877415799,0.9387907735617357,0.6085999071783115,,,0.44694259446804574,inf,,,0.2294746180827135
232,,0.0,0.0,1.5699110935396108,1.51088936293376,0.6396684300676141,0.7004110548780271,0.4492669492446717,,,0.5068466436745385,inf,,,0.23710793126489313
233,,0.0,0.0,1.5032279560152597,1.4301936549331862,0.5984189391982175,0.6232963031086065,0.3882482289637622,,,0.38163879478178075,inf,,,0.2673414597323128
234,,0.0,0.0,1.4570638634903406,1.3898652018737463,0.6502369563107324,0.8001587245393865,0.4505569666531074,,,0.43586655696697996,inf,,,0.23292231114783768
235,,0.0,0.0,1.7656889207093045,1.6387873622278586,0.7239032581422565,0.9082534056744163,0.5507683740585347,,,0.3265551233283096,inf,,,0.24521461680613998
236,,0.0,0.0,1.5433612599978832,1.4731034638357765,0.6137974068172287,0.7304967572935035,0.48895536067498524,,,0.41268473150466,inf,,,0.2443123228398016
237,5.703782474656202,-0.7414917217053063,0.0,1.275443916774504,1.1925710613599951,0.6951548420279949,0.9270481671836446,0.5656151321256356,,,0.34100769111774265,7.7440033031827555,inf,,0.24450975242975545
238,,0.0,0.0,1.5118083156287199,1.302923987223994,0.5838311697900661,0.5485466610636045,0.4362197130085331,,,0.38804190201132227,inf,,,0.26003721546748965
239,,0.0,0.0,1.39086161366423,1.356500449906008,0.6656068216429184,0.2688513979725522,0.2961668198378988,,,0.43586655696697996,inf,,,0.2124774170400728
240,,0.0,0.0,1.476666259534333,1.3520703603641806,0.6155972864028921,0.2970195645010392,0.30822647241908174,,,0.4928685327679205,inf,,,0.2526242071549103
241,,0.0,0.0,1.7720781808127288,1.685671622398625,0.6754832218233161,0.48009380891068765,0.3422671523596899,,,0.5451288209179292,inf,,,0.22716302339404232
242,,0.0,0.0,1.707834991902597,1.6816794117498457,0.6887907817426534,0.48598606448602494,0.33304424475749067,,,0.5567373465730988,inf,,,0.23695965834764268
243,,0.0,0.0,1.6173533104426596,1.4014507601281472,0.41529794166171186,0.4357281053995245,0.26747439267266043,,,0.5068466436745385,inf,,,0.26944986157735673
244,,0.0,0.0,1.6665922193591884,1.570335795343716,0.6501448308888735,0.7175177699794846,0.37410812004792615,,,0.4928685327679205,inf,,,0.2319387658387919
245,,0.0,0.0,1.6606046379738073,1.5229465470605317,0.5437468591147232,0.5065726813824741,0.22342761030857183,,,0.18952474069199465,inf,,,0.2516787668132177
246,,0.0,0.0,1.4377650912718498,1.4118060975320617,0.41688203274821434,0.43629236871847277,0.26805131280876066,,,0.5713653840954815,inf,,,0.27272899517747073
247,,0.0,0.0,1.745764366789899,1.7459658141923111,0.4653649078193048,0.7209439230290706,0.6093496137565368,,,0.3480560589391537,inf,,,0.24979645666532196
248,,0.0,0.0,1.5152282041308631,1.4961294499957731,0.4959590974027059,0.5585233280503794,0.4254398059384432,,,0.468121228110369,inf,,,0.2498322046233166
249,,0.0,0.0,1.671321684693162,1.6011112944094186,0.5325429364807189,0.49078107068617133,0.3416956709113622,,,0.4576907132971797,inf,,,0.2685708137137503
250,,0.0,0.0,1.6027301057126528,1.5722005343414214,0.6732454837884404,0.7808909186950376,0.41462270597263495,,,0.4880666971167561,inf,,,0.22416004698972505
251,,0.0,0.0,1.5443874298025695,1.5508436115920003,0.7961094788087882,1.1666066046413357,1.1101762894925276,,,0.5158180382284114,inf,,,0.21508606324246787
252,,0.0,0.0,1.1760321570444154,1.1141962161130223,0.8106835131066996,0.9745411632132236,0.4985506523899158,,,0.5490601803369085,inf,,,0.21053909239150004
253,,0.0,0.0,1.2539834257779838,1.1529642337474146,0.7094844544179625,0.5154358046422147,0.20963925728418076,,,0.35499006010413947,inf,,,0.2263217042109536
254,,0.0,0.0,1.250078156261504,0.9673223625324897,0.5468853519589609,0.16233501450019533,0.07640554278946177,,,0.4732203808476458,inf,,,0.28693149083550895
255,,0.0,0.0,1.7424049039874083,1.6638168329313892,0.17518240175730668,0.10853113455489259,0.07338416332836925,,,0.41268473150466,inf,,,0.35233944590480865
256,,0.0,0.0,1.610351535668196,1.5774872945639393,0.15069113743169363,0.09523026096191549,0.05688046115994258,,,0.49759852643134905,inf,,,0.3551291963807494
257,,0.0,0.0,1.5458392563992978,1.400188725899213,0.37468523361976513,0.2374442968140703,0.11212920636790613,,,0.31914402280573173,inf,,,0.31258394656166477
258,,0.0,0.0,1.3829914010179678,1.3293867611365322,0.5349021302758739,0.4169205074970459,0.2290604768210564,,,0.49759852643134905,inf,,,0.26290964351578694
259,5.703782474656202,-4.011660340508195,0.0,1.5654323952775455,1.4968886394391547,0.7575032660754667,0.9991542895342485,0.5206344793898922,,,0.38163879478178075,6.055706815836335,inf,,0.23565178356136096
260,,0.0,0.0,1.7173651756839585,1.619979023930696,0.8148918978193607,1.2767997091510235,0.917991841522614,,,0.4066654671944331,inf,,,0.1981960486908521
261,,0.0,0.0,1.7707781301221153,1.7362029825111374,0.7548958371391841,1.057474389768341,0.8698240640466683,,,0.48319206230712763,inf,,,0.22130678661297826
262,,0.0,0.0,1.4718492888400116,1.3749513879685589,0.8270912926916342,0.8049010210329158,0.7215198237276423,,,0.38804190201132227,inf,,,0.22384177958361345
263,,0.0,0.0,1.0803213529177589,1.016968448218318,0.5353915685787757,0.7756784437037798,0.6311525039347542,,,0.3943459996787778,inf,,,0.23925193868725572
264,,0.0,0.0,1.628949669290615,1.5968093369537586,0.6443559741288566,0.6004418267280657,0.3117079411346938,,,0.5068466436745385,inf,,,0.2525961550131489
265,,0.0,0.0,1.6378740118914181,1.5677084420940288,0.5336479856779525,0.5193428084915022,0.2612763124023686,,,0.5022576003740722,inf,,,0.2677501110602296
266,,0.0,0.0,1.3931530702276227,1.328101316857623,0.49464565421872253,0.3822048815419826,0.14887854781576232,,,0.4880666971167561,inf,,,0.2773402511336862
267,,0.0,0.0,1.5493969537341505,1.4462034756227693,0.40836593563195717,0.26836546879319256,0.156450081652167,,,0.5490601803369085,inf,,,0.30525688047976296
268,,0.0,0.0,1.2406217879119974,1.1197780364109378,0.5742954917377902,0.5435448148890718,0.31510833295659035,,,0.43586655696697996,inf,,,0.24811406294101726
269,,0.0,0.0,1.4378997574574286,1.3601993868202789,0.6574217881970379,0.8082885399519112,0.4870117220804372,,,0.4302020962658841,inf,,,0.2142615061916706
270,,0.0,0.0,1.3766616067931787,1.220887183093439,0.6405534639882208,0.5764909750456001,0.26141616620595676,,,0.468121228110369,inf,,,0.23362660795927215
271,,0.0,0.0,1.6847758621002318,1.5544956187438164,0.5473436024619635,0.30304169437865536,0.18128924114539613,,,0.3943459996787778,inf,,,0.28734280602885043
272,,0.0,0.0,1.7449222644608873,1.6214958249197495,0.5819066069599187,0.28655701861376226,0.19898528147089556,,,0.44144624493110796,inf,,,0.2816927296758732
273,,0.0,0.0,1.667950328085424,1.6134266056496853,0.49759420622134376,0.2527782067175512,0.2195490739408159,,,0.44144624493110796,inf,,,0.2574566924085899
274,,0.0,0.0,1.636928362856582,1.4660355524984163,0.6411783458473795,0.5105546953419285,0.34660651444039925,,,0.48319206230712763,inf,,,0.22666220431052764
275,,0.0,0.0,1.6124161328097182,1.5557553165194151,0.7199043118707283,0.8831034089187072,0.6626460231524678,,,0.4732203808476458,inf,,,0.21316218480176546
276,,0.0,0.0,1.514075383044968,1.4623165907927587,0.6442315759858542,0.9620654384879124,0.790002492545469,,,0.4302020962658841,inf,,,0.23222409075417763
277,,0.0,0.0,1.702505455166231,1.6266980689009962,0.6601257680255175,1.0075600280989054,0.5672307199491471,,,0.41268473150466,inf,,,0.21987899126704502
278,,0.0,0.0,1.6669531589944857,1.5932591442432638,0.5204112432590677,0.5565484161023703,0.2633889032889086,,,0.31914402280573173,inf,,,0.2419224662952861
279,,0.0,0.0,1.6669531589944857,1.6516750746055648,0.33076954185355373,0.1193369097516894,0.05473143888000846,,,0.31914402280573173,inf,,,0.31769927006577364
280,,0.0,0.0,1.7313257585669874,1.6365000362172357,0.6837061429165611,0.6586735625112328,0.14616033455256938,,,0.42445136339222655,inf,,,0.21660888171568585
281,,0.0,0.0,1.457257876641441,1.2750252540048244,0.7169782388869582,0.7126757581703546,0.20072127823382657,,,0.4732203808476458,inf,,,0.2124183848396297
282,,0.0,0.0,1.2338010151837846,1.20009991560707,0.41706347534815447,0.23448655164648094,0.08121073948874524,,,0.35499006010413947,inf,,,0.2994123575972241
283,,0.0,0.0,1.207784237330624,1.1856792232415034,0.4587562791926333,0.17631506094064162,0.0673607950236543,,,0.35499006010413947,inf,,,0.3256399038738789
284,,0.0,0.0,1.1490904068116135,1.1229370753934504,0.3123500776540328,0.18968823386484848,0.10466589811110658,,,0.4302020962658841,inf,,,0.3167240811276084
285,,0.0,0.0,1.7169564960546229,1.5722115207983058,0.5460073023145209,0.3823539653838757,0.2705490748438043,,,0.4629450596409901,inf,,,0.2802585557928321
286,,0.0,0.0,1.5734730502523506,1.4341260528102586,0.6581873645022038,0.7183557284844019,0.48683630673322276,,,0.4880666971167561,inf,,,0.21370806835686082
287,,0.0,0.0,1.5911991457255477,1.4427261917690615,0.7558754489474688,0.52909980754666,0.35351333037289745,,,0.43586655696697996,inf,,,0.2224433008258998
288,,0.0,0.0,1.6464131026263276,1.5515332477331036,0.27698510651982206,0.11746660559849001,0.07947490757472157,,,0.38163879478178075,inf,,,0.32328895867681
289,,0.0,0.0,1.3653145321467703,1.3544783918391652,0.28117667536581137,0.05178281721729459,0.027725736416787293,,,0.3685265678147087,inf,,,0.38749316923818433
290,,0.0,0.0,1.5759454367405348,1.5350723102190584,0.39481615466014663,0.1346031189023853,0.07237743998233326,,,0.3751344627501719,inf,,,0.3012649220523004
291,,0.0,0.0,1.5326822297903144,1.4882930706008748,0.47996396359650767,0.34455967880016847,0.2142879697315771,,,0.45235697871908603,inf,,,0.255552418530121
292,,0.0,0.0,1.4360061415361816,1.349758333727533,0.7259734364497837,0.689873250454051,0.43600426463562647,,,0.49759852643134905,inf,,,0.23834524308425933
293,,0.0,0.0,1.4941137913781466,1.4604384405189317,0.772337008980964,0.657452678471693,0.2282199131434286,,,0.5158180382284114,inf,,,0.22173813934862038
294,,0.0,0.0,1.4827595905507527,1.383492142322057,0.5877836539772303,0.2913286383216563,0.11966480254035511,,,0.49759852643134905,inf,,,0.28190388162562824
295,,0.0,0.0,1.5267982329553083,1.4611385453045644,0.5956243366754449,0.1237647190402913,0.10402357545776274,,,0.4629450596409901,inf,,,0.28978083195538656
296,,0.0,0.0,1.4454095789978083,1.4154831918049875,0.8321301643039223,0.04111641459600835,0.05343133326070791,,,0.524519217297268,inf,,,0.23886882107411928
297,,0.0,0.0,1.1488727847413835,1.0768372847942198,0.5244726401053056,0.1445975702912629,0.08529252710442822,,,0.44694259446804574,inf,,,0.33110447120876985
298,,0.0,0.0,1.2436213889884078,1.2355856125254503,0.48226775249772486,0.3543351136913853,0.21387928532253064,,,0.35499006010413947,inf,,,0.2905907371270178
299,,0.0,0.0,1.4715043351357613,1.4490310847460668,0.5576843763482878,0.48026289367682873,0.27572092433496326,,,0.3943459996787778,inf,,,0.26834175148164185
300,,0.0,0.0,1.6631572588887642,1.606715657714593,0.5706240156003141,0.4438666455732864,0.28465740543209894,,,0.35499006010413947,inf,,,0.2439512901310465
301,,0.0,0.0,1.6869972961776665,1.5776518165356308,0.4731627729445581,0.2783984604348895,0.21107135778147862,,,0.45235697871908603,inf,,,0.276213187117974
302,,0.0,0.0,1.75876272220491,1.619839744001397,0.6627173958475169,0.2672903933063332,0.22714842187012313,,,0.38804190201132227,inf,,,0.26337332517633416
303,,0.0,0.0,1.6949153415734486,1.6715522972288885,0.6613900263291276,0.630886999415167,0.4237796044199159,,,0.4576907132971797,inf,,,0.24599413463449407
304,,0.0,0.0,1.6884924886616322,1.6529298192560025,0.7266149932581929,0.7534023777716515,0.46503618535385527,,,0.5022576003740722,inf,,,0.22072726140054302
305,,0.0,0.0,1.5719521247067465,1.5340995157654234,0.7396414007484711,0.7365028949223588,0.44713004201845497,,,0.4576907132971797,inf,,,0.2510632380919081
306,5.703782474656201,-0.6274160722121821,0.0,1.653841746007175,1.5766405762535003,0.58275384167219,0.963233770880954,0.6684362599326779,,,0.49759852643134905,7.911057387845922,inf,,0.22579611156705684
307,,0.0,0.0,1.650308400267175,1.5756489404108827,0.5424576621363896,0.8685879212663898,0.6029362650330602,,,0.5022576003740722,inf,,,0.23541422932608524
308,,0.0,0.0,1.6211242552003944,1.5772812900734654,0.6606218681667013,0.5134704769351066,0.3580690393850966,,,0.4732203808476458,inf,,,0.24898278626007941
309,,0.0,0.0,1.5914464835429143,1.574912756692171,0.6066018798249995,0.3406364639294272,0.26369891951169067,,,0.4576907132971797,inf,,,0.2791741395215579
310,,0.0,0.0,1.7101167205277006,1.5952345004190902,0.5007633451043142,0.40531021892167296,0.27114403534978465,,,0.45235697871908603,inf,,,0.2777034520159197
311,,0.0,0.0,1.4959719219946734,1.3854829753628883,0.5268106771811841,0.46987784889483186,0.3092305958421925,,,0.4066654671944331,inf,,,0.27229472511587177
312,,0.0,0.0,1.6121981970295838,1.543325007905211,0.5384704260771445,0.372039881891131,0.24769861583253555,,,0.44694259446804574,inf,,,0.2719157562710089
313,,0.0,0.0,1.6119236322202877,1.5349620075119548,0.4852728586740688,0.19757133520566325,0.11416201426109043,,,0.5287703885177266,inf,,,0.27858503750900504
314,,0.0,0.0,1.5486362611995588,1.5553090721114589,0.44694255669997845,0.07531383433510153,0.056502896331437125,,,0.4928685327679205,inf,,,0.32590862026531703
315,,0.0,0.0,1.5925598326403139,1.5933827316158307,0.4237781322062571,0.065655041068328,0.06005349432541936,,,0.42445136339222655,inf,,,0.26766195974621804
316,,0.0,0.0,1.6595777718290863,1.6163018150523543,0.32790144527537146,0.07115761716174654,0.052435783159035645,,,0.4880666971167561,inf,,,0.28367551100124333
317,,0.0,0.0,1.6220146888125027,1.5335535856831144,0.46563306672763294,0.11440237817354715,0.08342486489531921,,,0.45235697871908603,inf,,,0.292400285954139
318,,0.0,0.0,1.6588085027803183,1.496769593336458,0.5999339273298591,0.3870081928419443,0.23268824195660853,,,0.468121228110369,inf,,,0.2488189489060353
319,,0.0,0.0,1.7015241191246,1.5396941784053337,0.6713482304098547,0.35905174238951776,0.23488018455846327,,,0.41861278947482794,inf,,,0.25232138608351534
320,,0.0,0.0,1.7364643910764626,1.674340821831458,0.500776723034389,0.26552248122805844,0.1830834884122597,,,0.44144624493110796,inf,,,0.2720813787384898
321,,0.0,0.0,1.3476356759189898,1.2964047125945932,0.5271690624894722,0.4908918561847879,0.3581807357117009,,,0.4066654671944331,inf,,,0.2544473180493855
322,,0.0,0.0,1.6366361741496036,1.567790095193912,0.658512123148965,0.3090293060171635,0.2498667845231714,,,0.40055318934786044,inf,,,0.26647175764530456
323,,0.0,0.0,1.6616929478902882,1.6403316206976941,0.6227822620099596,0.29742057589115656,0.24961325004433677,,,0.38804190201132227,inf,,,0.2543157810027501
324,,0.0,0.0,1.704729321064688,1.552633761725582,0.7478309416055767,0.7812598662356308,0.5820842741651442,,,0.44144624493110796,inf,,,0.23166695792650777
325,,0.0,0.0,0.5111159728030057,0.4772581929408483,0.801633448880452,0.980586420743651,0.5289490179689191,,,0.5068466436745385,inf,,,0.2114431972975591
326,,0.0,0.0,0.8457585375500443,0.7854109765514504,0.6548343154202494,0.4179562403234252,0.1750316456192153,,,0.49759852643134905,inf,,,0.24302247551387385
327,,0.0,0.0,1.192925191637112,1.1743139021089333,0.578018086871833,0.1810874671216922,0.1378426796908356,,,0.43586655696697996,inf,,,0.28922634021950877
328,,0.0,0.0,1.5693220002757848,1.49228837956639,0.5472538040311343,0.29676991192443997,0.24892163262567213,,,0.45235697871908603,inf,,,0.2500670999340957
329,,0.0,0.0,1.4980213473348791,1.461269986419261,0.5026016504323892,0.220663304113664,0.15852016756468368,,,0.4928685327679205,inf,,,0.2583163505229268
330,,0.0,0.0,1.5943716827125756,1.569135237182754,0.5160450342029164,0.05272774161987409,0.04732188660927259,,,0.44694259446804574,inf,,,0.2551432643512936
331,,0.0,0.0,1.5794523323887613,1.539344584473831,0.43516076547019344,0.04267125843593102,0.039110865683881994,,,0.3751344627501719,inf,,,0.3012210884573135
332,,0.0,0.0,1.5925778042081158,1.567662212948309,0.4798450529901568,0.019925456212098902,0.028358045761816206,,,0.44694259446804574,inf,,,0.2669048552366541
333,,0.0,0.0,1.6606925182965548,1.4528901352165868,0.885127905765388,0.012066905096229395,0.020423463087696613,,,0.5202020156036558,inf,,,0.18403290491799426
334,,0.0,0.0,1.7551537511050366,1.7464768856139965,0.8082354995627802,0.015479058755095776,0.016686561346625432,,,0.4732203808476458,inf,,,0.19772998905909905
335,,0.0,0.0,1.7474393753421509,1.7024608552244587,0.6815477558740195,0.04087834662716151,0.03987160391870125,,,0.41861278947482794,inf,,,0.2297889964865398
336,,0.0,0.0,1.7341110484414453,1.6959734010752363,0.7386454865376194,0.08471498166711038,0.0864911215474049,,,0.4302020962658841,inf,,,0.2455918027119157
337,,0.0,0.0,1.5875084187723147,1.5772711566874353,0.5355538188986669,0.11539466525639032,0.11549705556527584,,,0.45235697871908603,inf,,,0.24679550687381677
338,,0.0,0.0,1.6931462928348615,1.6888819901335899,0.5656296070734476,0.05299176075335053,0.05500469088560669,,,0.42445136339222655,inf,,,0.2486066797238122
339,,0.0,0.0,1.7068296473449047,1.6771309824596021,0.5946233185946218,0.057742650235200484,0.05031718073804476,,,0.5158180382284114,inf,,,0.2700307350804537
340,,0.0,0.0,1.5824207144942286,1.545823697098963,0.4169837165856734,0.03882089687308107,0.038574464112558694,,,0.4066654671944331,inf,,,0.26459295188323156
341,,0.0,0.0,1.5888172842487116,1.5707720806841856,0.5216311985097065,0.04676945111248825,0.04569298553113161,,,0.3751344627501719,inf,,,0.2482454837834865
342,,0.0,0.0,1.6133559241933613,1.6246537456174046,0.5849085574708429,0.06375637531918231,0.05591706568210168,,,0.5158180382284114,inf,,,0.2613978566274199
343,,0.0,0.0,1.5884333040728527,1.573480377959,0.5052986365965199,0.06536047084685352,0.052699962293303454,,,0.49759852643134905,inf,,,0.2752096426854169
344,,0.0,0.0,1.5084128706416582,1.4535765850935227,0.5945310287001715,0.13416274211667104,0.10342318239801493,,,0.48319206230712763,inf,,,0.2626926577614226
345,,0.0,0.0,1.5682965957928618,1.545253190065347,0.5583222525758362,0.2257941063894866,0.15832612604531976,,,0.4629450596409901,inf,,,0.25648869024437676
346,,0.0,0.0,1.6222144839146724,1.572834892921148,0.6163860598756686,0.24800211796555174,0.19084818846766355,,,0.4732203808476458,inf,,,0.25639808638287814
347,,0.0,0.0,1.5876079893997495,1.5779239215562628,0.5409205088918612,0.13308211633919187,0.11928940136094582,,,0.41268473150466,inf,,,0.2662145061028958
348,,0.0,0.0,1.4314784881447506,1.3551632158597544,0.2701209595327708,0.14562501082763132,0.1229301319101124,,,0.18952474069199465,inf,,,0.3429657497898472
349,,0.0,0.0,1.4253167619431815,1.271101625364225,0.5643774213847861,0.5082267997648796,0.23647995887572548,,,0.47824363442641393,inf,,,0.23698410668680114
350,,0.0,0.0,1.6847273954052695,1.4742829753807734,0.6369062447364086,0.545991390250657,0.18949920427666533,,,0.4576907132971797,inf,,,0.24139456731585976
351,,0.0,0.0,1.5435450236843427,1.5194058820286642,0.6413929941581437,0.21833887074168323,0.11562010298757874,,,0.44694259446804574,inf,,,0.281056185676847
352,,0.0,0.0,1.725707303567732,1.6508066070828857,0.5700018072673693,0.17763497759566593,0.1035121032125389,,,0.4576907132971797,inf,,,0.2717347402705457
353,,0.0,0.0,1.586764920676545,1.5700324602043962,0.530786136916504,0.15598755424716046,0.12313474715837786,,,0.5202020156036558,inf,,,0.2734757544769974
354,,0.0,0.0,1.6614073715849902,1.6638870593681732,0.4428692405386239,0.11771893281779851,0.07810106245126745,,,0.5202020156036558,inf,,,0.2700723525253223
355,,0.0,0.0,1.6109570772629198,1.60940100567701,0.34750752217270386,0.047280766288860306,0.032548012673949536,,,0.2548524784312949,inf,,,0.30419352486281737
356,,0.0,0.0,1.092408659797584,1.027871010062582,0.5986150276708703,0.001960665299191542,0.0033850516450171313,,,0.4576907132971797,inf,,,0.39844140445355236
357,,0.0,0.0,1.217077433992715,1.111037793934457,0.33905091955236816,0.08453963682185286,0.052220650949189054,,,0.40055318934786044,inf,,,0.34254908096724307
358,,0.0,0.0,1.3907193486582299,1.4092539114403277,0.7221809585164289,0.00017018024003732324,0.0003463291714849618,,,0.3338418249889409,inf,,,0.36505798976160136
359,,0.0,0.0,1.5959444719197065,1.6038801657319601,0.839409130570836,0.0001916861715901697,0.00035055499191019546,,,0.47824363442641393,inf,,,0.3848440519529118
360,,0.0,0.0,1.5959444719197065,1.5879015295740333,0.8381544842194129,0.00019140444025060165,0.0003501777326949797,,,0.45235697871908603,inf,,,0.39572579179364475
361,,0.0,0.0,0.8922564883248087,0.6309042778775237,0.6170697239864914,0.35096799394286265,0.13545933635855512,,,0.5022576003740722,inf,,,0.252418765205496
362,,0.0,0.0,1.0372192911673754,0.8503448857199954,0.7299023378781754,0.58911274719982,0.20119431508169405,,,0.18952474069199465,inf,,,0.2293709831378126
363,,0.0,0.0,1.1574265762158158,0.9079185964589319,0.33643102084016613,0.19038890589293406,0.03262318621844673,,,0.35499006010413947,inf,,,0.2916966567167696
364,,0.0,0.0,0.7661341090626367,0.6859138941538453,0.5549231775971161,0.036393344090631705,0.040134931633521234,,,0.27183033608702345,inf,,,0.2944792398684839
365,,0.0,0.0,0.800161719901063,0.7308968884418495,0.6101624886032384,0.048782138844425234,0.06463539867178889,,,0.4629450596409901,inf,,,0.24968125870581181
366,,0.0,0.0,1.6145754249416893,1.5474487149065004,0.09502365267035845,0.060993541207615964,0.0258757039598767,,,0.38163879478178075,inf,,,0.38587436641462136
367,,0.0,0.0,1.6502290639849653,1.5926160837193877,0.08447519314196679,0.0608982995192794,0.02203784829100812,,,0.3943459996787778,inf,,,0.37703504980679725
368,,0.0,0.0,1.6791533089867812,1.2926565966269927,0.9283483546776908,0.007467960486798794,0.012561429049680656,,,0.47824363442641393,inf,,,0.19710088945868595
369,,0.0,0.0,1.7004348463546508,1.4679695478561892,0.904842590336221,0.012111276348064557,0.020356689308246155,,,0.4880666971167561,inf,,,0.1781305243456683
370,,0.0,0.0,1.7356014246104716,1.6278528371057155,0.8853477234959758,0.014533950214854674,0.02365463669765187,,,0.468121228110369,inf,,,0.17676625691834336
371,,0.0,0.0,1.680211585595498,1.6237148693159285,0.8292578301563049,0.01665909161674914,0.026492184995554623,,,0.5068466436745385,inf,,,0.17671787258752936
372,,0.0,0.0,1.6433388324769858,1.5669196838010815,0.8429870598315883,0.012180740851632208,0.020178760389871216,,,0.4928685327679205,inf,,,0.17166824251010948
373,,0.0,0.0,1.4590492451848611,1.397864032809826,0.9267857408308553,0.008333231611007378,0.013695424728880799,,,0.44144624493110796,inf,,,0.19740238288100923
374,,0.0,0.0,1.4787615853828975,1.4753051277959566,0.12934447390640996,0.05120462591030098,0.020751603944815525,,,0.3943459996787778,inf,,,0.3290430723371724
375,,0.0,0.0,1.5789135594483532,1.5064025081118544,0.40283008329478676,0.05332560856536109,0.027719592836816735,,,0.47824363442641393,inf,,,0.30149120906978266
376,,0.0,0.0,1.7810061877938947,1.764271479183708,0.5980731484816466,0.02644678317331787,0.020273741426563303,,,0.44694259446804574,inf,,,0.28477418981154085
377,,0.0,0.0,1.7245049938285961,1.5983391362287693,0.6409919832318345,0.012303060461626493,0.016065235368753303,,,0.4880666971167561,inf,,,0.24621920537221423
378,,0.0,0.0,1.5883152402082201,1.5868861288549314,0.27781682288438647,0.02947137791713203,0.027159692860093766,,,0.4629450596409901,inf,,,0.34192680189519664
379,,0.0,0.0,1.5468565896128785,1.5153541705396731,0.2234187815926974,0.04118345386827354,0.05908209962129717,,,0.40055318934786044,inf,,,0.3090786999235395
380,,0.0,0.0,1.4909447783612297,1.4601310693544156,0.9401289652833883,0.04179175494604701,0.07072225957905028,,,0.41861278947482794,inf,,,0.19419655339653694
381,,0.0,0.0,1.6423305130126546,1.5337418173754027,0.9478754893464054,0.03903475356092404,0.06585949784818418,,,0.45235697871908603,inf,,,0.1879914899295014
382,,0.0,0.0,1.5003219712292188,1.4993891879482772,0.9283588071750473,0.03316555959732274,0.050287583103171475,,,0.45235697871908603,inf,,,0.22327922420327997
383,,0.0,0.0,1.6025503839638537,1.5989034499254107,0.6999563602438321,0.028499714793722465,0.041205192063662376,,,0.41268473150466,inf,,,0.22757909591758582
384,,0.0,0.0,1.4965884916918206,1.4238526311242112,0.8874410401813396,0.010756098540649971,0.021431340630302734,,,0.3685265678147087,inf,,,0.19227419848903138
385,,0.0,0.0,1.6572215566863706,1.658165959626491,0.4003302756247042,0.032020265922429424,0.03744645836887088,,,0.34100769111774265,inf,,,0.2682980328983681
386,,0.0,0.0,1.4425090408441485,1.4332177278696285,0.2640377783039948,0.07566645979069546,0.051484893018750214,,,0.45235697871908603,inf,,,0.29121309972088977
387,,0.0,0.0,1.5227989468914274,1.4944154675392614,0.2832957788133307,0.05426294284857184,0.06763387080833326,,,0.48319206230712763,inf,,,0.2857718095654491
388,,0.0,0.0,1.394549470069217,1.3949649429543154,0.45610651636513955,0.04430834093166825,0.05598273919763657,,,0.38163879478178075,inf,,,0.2170694987330611
389,,0.0,0.0,1.7097255182785258,1.7174460935928015,0.40605280131085203,0.06632232674389583,0.0687769360554051,,,0.45235697871908603,inf,,,0.26037499381606116
390,,0.0,0.0,1.6758512728328787,1.649529987022803,0.4136018143690245,0.04452788050041664,0.04549212660617106,,,0.4928685327679205,inf,,,0.240959200504851
391,,0.0,0.0,1.553696129155616,1.5244373219442786,0.3190640592702953,0.04889179553772135,0.0371811027870671,,,0.5329562494928909,inf,,,0.29989457435277384
392,,0.0,0.0,1.7429771085854706,1.7356936795504319,0.2786262542471279,0.02384692356342616,0.021007325030254233,,,0.48319206230712763,inf,,,0.2664297440778114
393,,0.0,0.0,1.6515489966122123,1.6527835218337272,0.23973346053498312,0.015320423597321295,0.011812322064607354,,,0.4629450596409901,inf,,,0.2863872347165698
394,,0.0,0.0,1.548700341312432,1.5469015767766932,0.18393774604229407,0.017859526999366982,0.012907215962645446,,,0.42445136339222655,inf,,,0.29272820668745436
395,,0.0,0.0,1.4075903551132798,1.4064619813107455,0.26826673888319374,0.030830451400052347,0.022008435200247724,,,0.44144624493110796,inf,,,0.2948353417212252
396,,0.0,0.0,1.6130325140242623,1.5925493676166773,0.7683490604144776,0.019306033889148883,0.02200369758883178,,,0.4066654671944331,inf,,,0.22693070605381108
397,,0.0,0.0,1.6420827447980846,1.5583377570243198,0.20893762687720405,0.12810193144698503,0.06818957295952119,,,0.4629450596409901,inf,,,0.3335210656944787
398,,0.0,0.0,1.5689989196436258,1.5219313148466074,0.15090698184566798,0.11606444465236608,0.06541192204460451,,,0.5158180382284114,inf,,,0.32148090384831074
399,,0.0,0.0,1.5734615577421616,1.4814625783563176,0.08275031360193481,0.07444282578241579,0.03835561928006166,,,0.43586655696697996,inf,,,0.34729602733828013
400,,0.0,0.0,1.4997157755627677,1.4942133580149999,0.5738379587094431,0.02124803474865301,0.021349805897177145,,,0.49759852643134905,inf,,,0.23391140927340567
401,,0.0,0.0,1.7263128784029316,1.7086535501522029,0.4339812607619273,0.017925884721348394,0.02082689534765195,,,0.4880666971167561,inf,,,0.21989127089873045
402,,0.0,0.0,1.6678261414205393,1.5576307287082531,0.8938997910789319,0.007099375275098974,0.012314584139782397,,,0.41861278947482794,inf,,,0.1856501994165693
403,,0.0,0.0,1.453909384378604,1.406234357629992,0.8892464206740601,0.008121079238852387,0.013143913433601783,,,0.44144624493110796,inf,,,0.1833705402651106
404,,0.0,0.0,1.588910657270655,1.56265943619888,0.8527580429899209,0.0053280989266075085,0.00772809930831066,,,0.5202020156036558,inf,,,0.1974017017155139
405,,0.0,0.0,1.600247709388631,1.513956099229759,0.8525756101866947,0.0042473090426414775,0.0073192311240958385,,,0.468121228110369,inf,,,0.1878695970041673
406,,0.0,0.0,1.4500661630627576,1.440987091951847,0.6647679530045022,0.01664587466470024,0.020462724285116154,,,0.44144624493110796,inf,,,0.221084057489429
407,,0.0,0.0,1.640779963252002,1.647785770754368,0.7017727032077298,0.01854449923887898,0.02532256436021496,,,0.43586655696697996,inf,,,0.2124284920096484
408,,0.0,0.0,1.37468245656608,1.3790202603074613,0.2832139167329859,0.02299032124526335,0.022239429568987397,,,0.3480560589391537,inf,,,0.268776400941916
409,,0.0,0.0,1.4836066502562764,1.4779204649450253,0.298349017873749,0.027047287420423262,0.02264853738138686,,,0.3943459996787778,inf,,,0.2901006740804547
410,,0.0,0.0,1.7698045497272026,1.7518199211943628,0.5504972158927938,0.00703960567040073,0.010822953501697858,,,0.4066654671944331,inf,,,0.24723786416485796
411,,0.0,0.0,1.6372285622911016,1.6099258020807625,0.34057621055694703,0.040851464706759634,0.03016578450361384,,,0.48319206230712763,inf,,,0.3320964013000359
412,,0.0,0.0,1.70781334470872,1.675759224465566,0.4094633556106718,0.04770622033047874,0.034858903996271805,,,0.4880666971167561,inf,,,0.26259793518545965
413,,0.0,0.0,1.5820210776316093,1.5767984440132523,0.3872568589130524,0.04586348302985663,0.02917504154242878,,,0.49759852643134905,inf,,,0.2667841063725776
414,,0.0,0.0,1.4226971614646717,1.422419554634519,0.4021578457892305,0.04089530478908045,0.02628460014178184,,,0.4066654671944331,inf,,,0.29205538222201455
415,,0.0,0.0,1.7505010663391083,1.7853767879707783,0.1262419585329754,0.06437768367948973,0.03524150272429098,,,0.47824363442641393,inf,,,0.34021539151698565
416,,0.0,0.0,1.6672754383857311,1.6628877512501694,0.1569471163315369,0.05315875974320521,0.033355056821072086,,,0.5068466436745385,inf,,,0.3533473613024149
417,,0.0,0.0,1.6672754383857311,1.6575670173427608,0.22564283652255704,0.04382409999041133,0.029881342530726336,,,0.43586655696697996,inf,,,0.36352893048033114
418,,0.0,0.0,1.7022953831909413,1.496819805835065,0.926037458425146,0.011183121520290547,0.01661842739415328,,,0.47824363442641393,inf,,,0.22022843188588015
419,,0.0,0.0,1.6116134303987786,1.3913413855309724,0.8112216105969761,0.018238976351665784,0.024201607917344527,,,0.47824363442641393,inf,,,0.226205338896594
420,,0.0,0.0,1.5291406097909914,1.476825693903244,0.16406040545938144,0.11332844593781172,0.045679675066754924,,,0.41861278947482794,inf,,,0.3410650113349478
421,,0.0,0.0,1.7438793696526287,1.6812939197262866,0.1556332161792073,0.10144979544593678,0.040279764675808946,,,0.3265551233283096,inf,,,0.34449317232367527
422,,0.0,0.0,1.7665533442536894,1.6503410612654454,0.8245352042420775,0.01072326149816685,0.01282599528888198,,,0.21876365787541036,inf,,,0.2497141977284928
423,,0.0,0.0,1.7597077751076358,1.5107710412732043,0.8729915327729574,0.002560245212138041,0.0033079954636002036,,,0.5022576003740722,inf,,,0.24787889296564664
424,,0.0,0.0,1.5776851571308113,1.5281765039136388,0.1456987843976474,0.07900831531286831,0.017810511612669513,,,0.3116047106179316,inf,,,0.3451976121467297
425,,0.0,0.0,1.6637630382678594,1.6026296582056845,0.1499810767369382,0.07971925116885757,0.025832371833889395,,,0.4732203808476458,inf,,,0.337986107975784
426,,0.0,0.0,1.7774168513896527,1.6121698701213003,0.9417489514784256,0.006086739374820729,0.009229520348820902,,,0.5022576003740722,inf,,,0.18618370088079736
427,,0.0,0.0,1.7277914063122877,1.6990206567860435,0.17076807283457632,0.027580654913302267,0.01513258884466134,,,0.524519217297268,inf,,,0.411950988624497
428,,0.0,0.0,1.2936313137611095,1.2865865513546324,0.16791514614983208,0.04474579104258156,0.01976276454218355,,,0.35499006010413947,inf,,,0.42007727324897853
429,,0.0,0.0,1.512363988457901,1.4952618201139276,0.3103411286853205,0.04056871676710875,0.022640969184511694,,,0.42445136339222655,inf,,,0.4156473171885726
430,,0.0,0.0,1.731663370236724,1.4750385958554406,0.9168617117137388,0.005017263950087358,0.009011693706389417,,,0.48319206230712763,inf,,,0.18356591425712782
431,,0.0,0.0,1.67437983241643,1.2249877552048616,0.9295528486391155,0.00411509667026411,0.006649087286265442,,,0.4928685327679205,inf,,,0.20005785699342898
432,,0.0,0.0,1.6074697537192542,1.2828859780906234,0.8683738535954559,0.002345381499552238,0.004075208708288449,,,0.44144624493110796,inf,,,0.20316448001262527
433,,0.0,0.0,1.5911938218695891,1.547469673237746,0.7481321767648713,0.006614037084250874,0.010554408931734049,,,0.4302020962658841,inf,,,0.22625283684911146
434,,0.0,0.0,1.6660275584239164,1.6583086660771578,0.6747847077562924,0.01597628664275941,0.01540808105946995,,,0.4576907132971797,inf,,,0.24465978832192037
435,,0.0,0.0,1.4943596092793248,1.4938035637151348,0.18096543007392177,0.0569816249755491,0.045841432256934066,,,0.5068466436745385,inf,,,0.37274582050160554
436,,0.0,0.0,1.7293817599677959,1.723541125651863,0.0815543180690225,0.05411681076865716,0.0535688138515276,,,0.41861278947482794,inf,,,0.3376517100823438
437,,0.0,0.0,1.6624532138794055,1.5088618261143927,0.8340268882899432,0.013627555862970509,0.022149386837829195,,,0.43586655696697996,inf,,,0.2038724000537081
438,,0.0,0.0,1.6201433622379673,1.4688494932029839,0.9310900511109346,0.005201125311436296,0.009402125027376721,,,0.42445136339222655,inf,,,0.20259554287305379
439,,0.0,0.0,1.570956341761928,1.575978388359983,0.4555867422512675,0.016663505999732854,0.015642491729030882,,,0.44694259446804574,inf,,,0.29229300237444733
440,,0.0,0.0,1.2629935399136822,1.2650682075119914,0.4494228438519783,0.01835543738234879,0.018198708064993744,,,0.3265551233283096,inf,,,0.26639694545906195
441,,0.0,0.0,1.658312883944509,1.645255858641493,0.3570037616555791,0.04414433595502789,0.044102691772045545,,,0.42445136339222655,inf,,,0.25213193218371505
442,,0.0,0.0,1.6182641659044181,1.5998396541265312,0.20284816564031724,0.19441412674241754,0.09640959445303213,,,0.5158180382284114,inf,,,0.30572830892087
443,,0.0,0.0,1.3264048465566252,1.309276818848829,0.40918923695279225,0.4809428026313407,0.26855651130825037,,,0.5022576003740722,inf,,,0.26690485804570524
444,,0.0,0.0,1.5204382364768487,1.3922024733219933,0.6658906572242029,0.20141736460197046,0.11464367107059462,,,0.5068466436745385,inf,,,0.27274712460842254
445,,0.0,0.0,1.4570248419075327,1.4394300076148796,0.4467192540856384,0.032161210569644036,0.030043204353316838,,,0.4629450596409901,inf,,,0.31539688958574685
446,,0.0,0.0,1.7776345667945912,1.733982374146424,0.31999541245859725,0.03601729817317013,0.021184788993670968,,,0.5329562494928909,inf,,,0.3098200708955703
447,,0.0,0.0,1.5810278513733729,1.5857263390990513,0.23969271475270526,0.013843326772932162,0.008742382581133374,,,0.47824363442641393,inf,,,0.35238532597101135
448,,0.0,0.0,1.6939539995368222,1.6819256777093212,0.053138339606997625,0.016228412184229716,0.011229816100752053,,,0.5022576003740722,inf,,,0.35977788243389647
449,,0.0,0.0,1.514443657285175,1.5256052512507186,0.6900187986888591,0.0038127412098243867,0.005251930931805303,,,0.468121228110369,inf,,,0.19780149142032033
450,,0.0,0.0,1.7217923825510297,1.7071404044710619,0.07121781647196515,0.022320134286650296,0.007363621578250948,,,0.4880666971167561,inf,,,0.4196254226941654
451,,0.0,0.0,1.6787832786575092,1.6786313050016304,0.07669978479644247,0.03438853433958769,0.01482766951820956,,,0.5158180382284114,inf,,,0.3886020973408937
452,,0.0,0.0,1.7399740724919435,1.7341652917694184,0.10773375833033516,0.05591184357585333,0.025251321202568046,,,0.44694259446804574,inf,,,0.3599777981833637
453,,0.0,0.0,1.7352450382588192,1.706046424689294,0.36659392413279257,0.0264518641281113,0.01772287239468218,,,0.4732203808476458,inf,,,0.2812720667787158
454,,0.0,0.0,1.677238279369751,1.6642824414985677,0.6406685433970818,0.026723945104691373,0.02299952273083474,,,0.5451288209179292,inf,,,0.24595952486130795
455,,0.0,0.0,1.5310824168661865,1.517408346752018,0.2873944907880665,0.08802832797457365,0.042488194799311874,,,0.49759852643134905,inf,,,0.3074296617710592
456,,0.0,0.0,1.7344051328353047,1.6554502607434214,0.3519404244899735,0.07377166095727633,0.04521504192756126,,,0.44144624493110796,inf,,,0.3127370127490362
457,,0.0,0.0,1.767063086714592,1.7545214125715483,0.45014766461689343,0.01423295021342942,0.014627395861699529,,,0.5370774965580548,inf,,,0.39340248061281957
458,,0.0,0.0,1.7774596070369484,1.7764358832920617,0.6784649061214354,0.012605391868381876,0.00985923494391135,,,0.43586655696697996,inf,,,0.42009307352042224
459,,0.0,0.0,1.5947075687354977,1.582951245835213,0.5737695153754065,0.030690046815529583,0.027125030910385678,,,0.4732203808476458,inf,,,0.32220100975910515
460,,0.0,0.0,1.6596633657186197,1.6594853505698124,0.7680257686774582,0.05409221772799956,0.05813604486045377,,,0.5113665138247345,inf,,,0.26692820991018995
461,,0.0,0.0,1.4311384719533249,1.4136899035678612,0.4815625007184913,0.09240062096234664,0.12451164125366221,,,0.4629450596409901,inf,,,0.21183051115825796
462,,0.0,0.0,1.5890774318468521,1.5852723510290525,0.5387055237097649,0.10811271296783331,0.15281301403144332,,,0.4732203808476458,inf,,,0.19973098722892502
463,,0.0,0.0,1.652577463934995,1.654082744731687,0.4900441341333028,0.09238367169096837,0.11872609770598513,,,0.3943459996787778,inf,,,0.229753917178287
464,,0.0,0.0,1.6699867721223127,1.6776864595128518,0.4907080701813803,0.08949110501804972,0.09753333727698096,,,0.4302020962658841,inf,,,0.2672230011154549
465,,0.0,0.0,1.622244574224546,1.5905117226869951,0.6332419649129257,0.04971402493367593,0.05781842391445348,,,0.48319206230712763,inf,,,0.2451833717993654
466,,0.0,0.0,1.74628990735983,1.7465525131746469,0.21100124732624292,0.05773750162127135,0.052357635686279914,,,0.4732203808476458,inf,,,0.3248356814116462
467,,0.0,0.0,1.5704758140097503,1.5511435319724263,0.18351480586772495,0.04692976265975868,0.04051583614455218,,,0.45235697871908603,inf,,,0.3278577990199908
468,,0.0,0.0,1.5657110492502386,1.5560897535614358,0.6029422879165119,0.02856753614531447,0.027650273883708668,,,0.4576907132971797,inf,,,0.22620412562175624
469,,0.0,0.0,1.693462313024561,1.601999651962358,0.6728682536853235,0.14356369414401912,0.11673692483287179,,,0.45235697871908603,inf,,,0.2520246229945686
470,,0.0,0.0,1.5689972451682248,1.4617763970561308,0.683606140486802,0.15895553528586043,0.15532103009910592,,,0.48319206230712763,inf,,,0.23180674830170103
471,,0.0,0.0,1.3503946811739682,1.271422192777644,0.43693539287007715,0.09190806777367039,0.08066391629454889,,,0.43586655696697996,inf,,,0.26679312246681985
472,,0.0,0.0,1.612411811367581,1.5084855468937235,0.5937950309051803,0.19883728975114717,0.15454424792516203,,,0.44144624493110796,inf,,,0.24595380090974844
473,,0.0,0.0,1.6887700283444933,1.5858218252264966,0.5244391802296884,0.44380379336104775,0.3493175634082819,,,0.41268473150466,inf,,,0.26389573956064916
474,,0.0,0.0,1.5967389638394303,1.4755520814992604,0.7489691258583516,0.7805226669680674,0.5264768177083907,,,0.48319206230712763,inf,,,0.2184240181490495
475,,0.0,0.0,1.649130147872926,1.5470005524452453,0.8328005556238699,1.1339791722870391,0.9166810476787144,,,0.4576907132971797,inf,,,0.21266179560837856
476,,0.0,0.0,1.6362845712512555,1.6183787757131203,0.8343966899209446,1.0849148452297044,0.7910874827186054,,,0.5202020156036558,inf,,,0.2068413117372308
477,,0.0,0.0,1.6405213490608626,1.5761550756361975,0.8654607226689708,1.1031017695373477,0.7713662444967777,,,0.5490601803369085,inf,,,0.19680758477274288
478,,0.0,0.0,1.6806646608290563,1.520195542624646,0.8458512009954527,0.9774789307326275,0.4532476633543693,,,0.4629450596409901,inf,,,0.20349062768750706
479,,0.0,0.0,1.6846963535058244,1.6738361782499427,0.4687757971096505,0.31033812874086325,0.11743744855768767,,,0.5329562494928909,inf,,,0.2430326565047519
480,,0.0,0.0,1.7301660749712513,1.7273163826209013,0.746700054868094,0.023795414954508237,0.025824630937674457,,,0.47824363442641393,inf,,,0.2339917010530155
481,,0.0,0.0,1.784898195228653,1.4586535508108671,0.632511154329751,0.32570401687093903,0.15114872931549,,,0.48319206230712763,inf,,,0.24516652772205863
482,,0.0,0.0,1.5192431101081532,1.3846425082409333,0.8509906138265636,0.9955487598059313,0.6210330718168229,,,0.5113665138247345,inf,,,0.1953757690262368
483,,0.0,0.0,1.5537914344189083,1.4994948982286367,0.880937182389072,1.1740155969096768,0.7801734053718297,,,0.49759852643134905,inf,,,0.19702575859942853
