,temp+acc_XAp0,temp+acc_XAp1,temp+acc_XAp2,temp+acc_XCond1,temp+acc_XCond2,temp+acc_XDist,temp+acc_XFuzz1,temp+acc_XFuzz2,temp+acc_XK2_1,temp+acc_XK2_2,temp+acc_XPermEn,temp+acc_XSamp0,temp+acc_XSamp1,temp+acc_XSamp2,temp+acc_XSpec
0,,0.0,0.0,0.6569370794096843,0.551648222359933,0.4991194481444397,0.18368810967407043,0.17842712319284845,,,0.62595550513784,inf,,,0.2439252615104924
1,,0.0,0.0,0.2678618456678791,0.19509111961403264,0.3663034690101972,0.3238988679079013,0.19530078874413082,,,0.6468212168108125,inf,,,0.29937641725355535
2,,0.0,0.0,0.5008738957057348,0.4537195731159559,0.6563209638644705,0.8234582750705506,0.4954621757149279,,,0.6233814453054027,inf,,,0.24734206291404687
3,,0.0,0.0,0.6714368734506903,0.6191447716401588,0.6036344862411361,0.8617470659124411,0.7043676178819914,,,0.6528756675646988,inf,,,0.25111829255401746
4,,0.0,0.0,0.3942958891531497,0.3365276922189676,0.4953507735962494,0.6249710670700037,0.5539895935908455,,,0.5915533975974677,inf,,,0.23432543273993467
5,,0.0,0.0,0.5712664110151673,0.5410713561411408,0.4873149370544839,0.7581930141869313,0.6872993795188947,,,0.585052858160615,inf,,,0.22804763575571635
6,,0.0,0.0,1.0641796819704061,0.9570359851477175,0.7383528714077371,0.9014512910389797,0.6023293555405186,,,0.6380535849069913,inf,,,0.22390457782513656
7,,0.0,0.0,0.9597703248741662,0.8115837719672769,0.6235094780281217,0.5664020531536454,0.35748402230264376,,,0.6380535849069913,inf,,,0.2368297614851928
8,,0.0,0.0,0.4498081895482792,0.4235945365082246,0.40429523036953124,0.29387885759310656,0.2446501927915778,,,0.6038851895711802,inf,,,0.2566007835350958
9,,0.0,0.0,1.0653176461095955,0.7990313930654263,0.6968403146443638,0.532899281376472,0.36640560656197074,,,0.6068309995095971,inf,,,0.235353681304724
10,,0.0,0.0,1.414289071072021,1.3283546637575085,0.8271738373691286,1.1890362696733612,0.8062755760613387,,,0.6699045166045591,inf,,,0.19462854363027907
11,,0.0,0.0,1.4551254711807313,1.2808663714735131,0.9011421260969106,1.5488051995433272,1.5023716540738619,,,0.6284777104787076,inf,,,0.18270642336794832
12,0.6969591162132845,-0.006969591162132846,0.0,1.3382657463746481,1.1443590781735635,0.8497876703941495,1.3236865934826494,1.2695582493004154,,,0.585052858160615,5.235864351901487,inf,,0.185457144697398
13,1.0742172065833937,-0.0071614480438892915,0.0,1.0762769627847266,0.9641149794518273,0.7690584942981693,0.9221390856083139,0.6639730008104292,,,0.648888643467878,5.593434417487336,inf,,0.22189936395644308
14,,0.0,0.0,0.7267268381016705,0.6398844127049214,0.668931122475756,0.6056826559953897,0.5629538176810468,,,0.6357360191111145,inf,,,0.23902154611809404
15,,0.0,0.0,0.9501635785139498,0.9033947144117133,0.6394945030018906,0.8137088862863254,0.614442720968768,,,0.6602640781246099,inf,,,0.21206928995625607
16,,0.0,0.0,1.2156738178555164,1.1282932483631798,0.7313799534109594,1.1570130183955523,0.8088052360612801,,,0.5783247308855777,inf,,,0.22644624799690358
17,2.84526862395309,-0.0189684574930206,0.0,1.3441500077702238,1.2642731967699017,0.8257579296855574,1.6616973436472808,1.411691554978516,,,0.6284777104787076,6.370612346898773,inf,,0.20167158371660507
18,0.14695441295666337,-0.0004898480431888779,0.0,1.2078231393320362,1.132772889480221,0.8383396174951544,1.9794732253508556,1.742063605038283,,,0.6207552362147116,5.8507368876128645,inf,,0.20092199863255142
19,,0.0,0.0,1.4618562504907346,1.3868380542530423,0.8890724482207853,1.891470980273972,2.081250065561537,,,0.6097226960127671,inf,,,0.19040608051728264
20,,0.0,0.0,1.461248248258962,1.407022313023081,0.8029260830491408,1.79450762371391,1.490108777451954,,,0.6509067234006624,inf,,,0.18580863623809002
21,0.2635086627201108,-0.007905259881603323,0.0,1.307323275231451,1.2313329040545435,0.850856872435102,1.8038888457156042,1.554787933857246,2.0877017762576733,,0.5641709578113449,3.612741797133013,2.0943795787887023,inf,0.20948421983693138
22,0.1187837207140628,7.512052037036455e-07,-0.0035642628266255878,1.180978650601862,1.0120739991764316,0.8571816675933219,2.0859444014689594,1.6301849871649736,1.8783962361803135,,0.6357360191111145,3.582319657880628,1.8287932028127531,inf,0.21310353823758216
23,0.0,0.0,0.0,0.8185382533918449,0.7659747254602813,0.7045230492863954,1.6746213436217992,1.1457362631596217,0.6898082792944307,,0.581717464821069,5.0106352940962555,0.6964860818254599,inf,0.2236557354231387
24,,0.0,0.0,1.385563280539196,1.344815822628119,0.8647713737500848,1.5306838325667855,1.171614503628529,,,0.6233814453054027,inf,,,0.19750785060798579
25,,0.0,0.0,1.0998767970868548,1.0709210525275665,0.7499754283184823,1.5859078691193498,1.2774789825762212,,,0.5883313578629602,inf,,,0.21308781609240854
26,,0.0,0.0,0.881669634339922,0.85020600856564,0.8557604847041628,1.7776185910999343,1.81497736878833,,,0.62595550513784,inf,,,0.1934535010035148
27,,0.0,0.0,1.2775040464624776,0.9053633615407946,0.7830754559090878,0.6747951156224454,0.43370410348951915,,,0.6380535849069913,inf,,,0.20713836141450412
28,,0.0,0.0,0.14257358439717902,0.10707899601351191,0.4941085579176283,0.1531523427944121,0.18581493056065793,,,0.581717464821069,inf,,,0.2543143072906664
29,,0.0,0.0,0.45548278024141226,0.38576283977293174,0.6804750222995537,0.23958819819033592,0.19888420168176535,,,0.5947193981915972,inf,,,0.2416426406946578
30,,0.0,0.0,0.8165829616250986,0.7578311922446574,0.6437519115702397,0.3648495475810801,0.296863187098013,,,0.6233814453054027,inf,,,0.23235752164533024
31,,0.0,0.0,1.2084712828228106,1.1047460568066862,0.7168644747161194,0.9493111048340751,0.49537160180572104,,,0.6068309995095971,inf,,,0.2033002828518034
32,,0.0,0.0,1.3105752066918115,1.2500483662245554,0.8391125099319351,1.6653325969870634,1.4694695860961882,,,0.648888643467878,inf,,,0.20324258358403371
33,,0.0,0.0,1.2256493326233924,1.0636028509614062,0.7286989529507313,1.2745810615484485,1.1208199987604441,,,0.663668482632973,inf,,,0.21066870022134465
34,,0.0,0.0,1.0867775413732097,1.0404744745010668,0.7736646660275796,0.7978345667362499,0.708852903132767,,,0.6097226960127671,inf,,,0.2119299505637039
35,,0.0,0.0,1.1451335253025736,1.0932020060051606,0.7253096831185148,0.5079609722496362,0.38611802855589217,,,0.5947193981915972,inf,,,0.23415910676428187
36,,0.0,0.0,0.9880930595959784,0.8893034089792439,0.616491768672948,0.36938156632263097,0.25597605669668716,,,0.6333676938231112,inf,,,0.2444364517817906
37,,0.0,0.0,0.6101214697313198,0.5539426373752383,0.5094623457456744,0.5366051781254106,0.29234176637379683,,,0.581717464821069,inf,,,0.25366714028668225
38,,0.0,0.0,0.6696729850470199,0.4663399430823163,0.49021767157426027,0.5804617052267583,0.4619317849721176,,,0.6357360191111145,inf,,,0.24738786239386582
39,,0.0,0.0,1.0967554158941972,0.9244804192094083,0.7991477718245037,0.3136901978973035,0.3027793052794843,,,0.6008849035917525,inf,,,0.21288273281886516
40,,0.0,0.0,0.5340364457187066,0.5006317572151814,0.6407364302091573,0.176991472630155,0.1346526885308443,,,0.6153451465759925,inf,,,0.24604605882849903
41,,0.0,0.0,0.7194199817691547,0.682619978088878,0.6698376191859666,0.28603931761373125,0.18641642499014094,,,0.6380535849069913,inf,,,0.25000924730971186
42,,0.0,0.0,0.956717559376976,0.8837467308422265,0.6296125314008398,0.30469984074050144,0.22712963713491108,,,0.6153451465759925,inf,,,0.24315939850106175
43,,0.0,0.0,0.5348765586853528,0.48441376974774586,0.5531787860271823,0.3789030255670365,0.20331034928730707,,,0.663668482632973,inf,,,0.27574425529636176
44,,0.0,0.0,0.9345971683947643,0.7814598904261816,0.7307114355226295,0.6224142486350417,0.3207592335605144,,,0.6180765742263259,inf,,,0.2252983821737176
45,,0.0,0.0,1.1715050051558396,1.0964601118866575,0.8369174521542467,0.9755587214575959,0.5721529112747359,,,0.5713653840954815,inf,,,0.22909732733429455
46,,0.0,0.0,1.1095267799011903,0.950567247364629,0.8126101583701879,0.7899177722936698,0.3819209846539112,,,0.663668482632973,inf,,,0.19624856897175094
47,,0.0,0.0,1.049409398014284,0.901594936096392,0.7185820702627906,0.564039174008692,0.1986289490602432,,,0.6233814453054027,inf,,,0.2383405940825975
48,,0.0,0.0,0.6484202508495032,0.5381744578197611,0.5023249987120713,0.2062130552721463,0.10965708120942688,,,0.6509067234006624,inf,,,0.2799413948678463
49,,0.0,0.0,0.3067472034318899,0.2569202315308978,0.5454226881045917,0.1154558416210157,0.07854846161498712,,,0.6180765742263259,inf,,,0.29868078057131037
50,,0.0,0.0,0.19680269520187346,0.17278593360862785,0.6034731566225481,0.06686484083773288,0.059484125506804875,,,0.6207552362147116,inf,,,0.27895021161036077
51,,0.0,0.0,0.21741154249979316,0.18803981731334557,0.5049251823984281,0.0700101794787261,0.057755556253596255,,,0.6309483474627791,inf,,,0.3029570979122492
52,,0.0,0.0,0.2026936958102423,0.16474457132076115,0.3114034302341133,0.08851948242824964,0.059362276881220644,,,0.62595550513784,inf,,,0.3052442664535026
53,,0.0,0.0,0.2444673364541365,0.2053629083896207,0.5291123278620912,0.06877989400032258,0.05607981705913685,,,0.6357360191111145,inf,,,0.2798561847858082
54,,0.0,0.0,0.28753177437928934,0.24399648942403196,0.6328007245382473,0.06750721507551961,0.06263809009163132,,,0.6038851895711802,inf,,,0.24849227935701218
55,,0.0,0.0,0.2444673364541365,0.19503762953199602,0.6459429293416759,0.051745255513979606,0.05204009095349464,,,0.62595550513784,inf,,,0.2469559847982063
56,,0.0,0.0,0.3524322278694498,0.33084942334240847,0.5481476976207955,0.07142417031428419,0.07680444698386694,,,0.6233814453054027,inf,,,0.2453835355901166
57,,0.0,0.0,0.7787787566504643,0.6262352561029028,0.6003915458914295,0.3018980353257452,0.23627179900258644,,,0.62595550513784,inf,,,0.234004225391375
58,,0.0,0.0,0.7620471723859279,0.6024164962290677,0.559769781903412,0.28034538341404996,0.19601705590998064,,,0.5947193981915972,inf,,,0.24361321414442064
59,,0.0,0.0,0.22226326193366597,0.1952669963022897,0.48275644399671314,0.07688949525422831,0.06615509302526093,,,0.6125606311107803,inf,,,0.2975461687050012
60,,0.0,0.0,0.1740656785227582,0.14840507238969872,0.5404062861822371,0.0639286920370527,0.04717603869940655,,,0.585052858160615,inf,,,0.3025665439297801
61,,0.0,0.0,0.25072527410623685,0.22324889247971896,0.542530501874769,0.05925737230765117,0.057188080145584116,,,0.6233814453054027,inf,,,0.27642105345897916
62,,0.0,0.0,0.3300669804009198,0.2904934741996505,0.3628408266450027,0.07391456300802804,0.0639137361492487,,,0.6357360191111145,inf,,,0.26510376337671243
63,,0.0,0.0,0.23127557662796056,0.19976782768788418,0.49408552868081435,0.07598276734004011,0.061806429551638606,,,0.6425374456860184,inf,,,0.24967294210238491
64,,0.0,0.0,0.25254393576411527,0.23324596093790173,0.38872571265670325,0.07788214296245623,0.07655850394070579,,,0.581717464821069,inf,,,0.2547110718577994
65,,0.0,0.0,0.3034089062470924,0.274214280027936,0.4047184561154814,0.11973456736756831,0.09405740247446223,,,0.5883313578629602,inf,,,0.2916543675830669
66,,0.0,0.0,0.3253926555460111,0.27165882027434735,0.34011084213309606,0.0974100316956191,0.06213786740551573,,,0.62595550513784,inf,,,0.28695289056138834
67,,0.0,0.0,0.27951915233958313,0.2585752280166675,0.32397456580693457,0.09966668773994689,0.06760749584172727,,,0.6125606311107803,inf,,,0.3022411068697172
68,,0.0,0.0,0.29840716303958675,0.2674892975087921,0.34697728518692494,0.10753920888538154,0.0825630212048741,,,0.648888643467878,inf,,,0.2965659094066069
69,,0.0,0.0,0.11539037784936122,0.08496516690217129,0.7741317663829417,0.040912432423259294,0.04020713216482496,,,0.6357360191111145,inf,,,0.2826907629515607
70,,0.0,0.0,0.2516420137489525,0.22052210842083877,0.7573057955902289,0.06749070425440672,0.060154151344766066,,,0.6097226960127671,inf,,,0.24919837116163984
71,,0.0,0.0,0.4442382197994685,0.3879049366800501,0.5697464062794507,0.07684577287510388,0.06424964284306295,,,0.6068309995095971,inf,,,0.24466933949075256
72,,0.0,0.0,0.3003896726702448,0.2468155404136067,0.4959812989078406,0.03478966533189112,0.0387404232407818,,,0.6403206450210053,inf,,,0.2157767430770663
73,,0.0,0.0,0.11826719857387902,0.07343555841164474,0.4704090871989607,0.01800692148696816,0.01759739367354257,,,0.6380535849069913,inf,,,0.23688435145249473
74,,0.0,0.0,0.1934275347400857,0.1637148578172535,0.4497603409887111,0.03224219372895672,0.025106511376512958,,,0.6357360191111145,inf,,,0.24611069193857776
75,,0.0,0.0,0.15530386776307528,0.12376474638857422,0.5559452613152217,0.03444426656437691,0.02710560849725143,,,0.6068309995095971,inf,,,0.2598290822180875
76,,0.0,0.0,0.6671464995154313,0.5254771031979851,0.8054522626220996,0.015245947982196749,0.022984244878704225,,,0.648888643467878,inf,,,0.21133510790475732
77,,0.0,0.0,0.1792080277878048,0.14532709319939618,0.5034816400090296,0.08406224008255771,0.05463146184288378,,,0.6403206450210053,inf,,,0.32103368572602714
78,,0.0,0.0,0.7744686463075737,0.6701408192557107,0.568403860627279,0.2748722287659632,0.1255921282375777,,,0.6602640781246099,inf,,,0.24303195529281696
79,,0.0,0.0,0.3530348314993323,0.23713606848241353,0.17889020638355052,0.09998231978677317,0.03137792271207214,,,0.6357360191111145,inf,,,0.34674326348903556
80,,0.0,0.0,0.38315386259734413,0.2915938120338613,0.17382532870700484,0.12820983939708397,0.04358563587832355,,,0.6068309995095971,inf,,,0.3479571716044492
81,,0.0,0.0,0.19517169521930086,0.1701614926161967,0.09688490555546932,0.07130730571307048,0.03200336004945235,,,0.6284777104787076,inf,,,0.3703681884208731
82,,0.0,0.0,0.10234807851457901,0.07238355330966227,0.0695204993585881,0.021789024688704268,0.01870261345320647,,,0.6153451465759925,inf,,,0.33375229147774604
83,,0.0,0.0,0.06698765724152846,0.051167858492957505,0.05083895230518921,0.01932053077613366,0.0102696022060028,,,0.5947193981915972,inf,,,0.2999901635458094
84,,0.0,0.0,1.5468111541221985,1.544162202395015,0.829655546206502,0.007794305412895247,0.008639864369762627,,,0.6566669596287297,inf,,,0.1687466074119272
85,,0.0,0.0,1.6014518018054522,1.5643029585247263,0.8301942849141681,0.007368034786591769,0.008287472214439543,,,0.6509067234006624,inf,,,0.169454236337496
86,,0.0,0.0,0.06698765724152846,0.05479959266321981,0.2726646843815762,0.018207194606877693,0.012602469909190589,,,0.676637947632344,inf,,,0.21957784150521967
87,,0.0,0.0,0.04466961139416602,0.03565802844726348,0.44494561391434684,0.01832776256594478,0.013351677032139728,,,0.5883313578629602,inf,,,0.238737083567416
88,,0.0,0.0,1.5489640451804934,1.3919178328807662,0.9010712400723306,0.0068812201697781815,0.010276328828860263,,,0.5978297680564633,inf,,,0.1841253836667611
89,,0.0,0.0,1.541544117827315,1.2818991124820183,0.879464639225275,0.007139381682812353,0.010145539137594183,,,0.6447042257417027,inf,,,0.16226694683037488
90,,0.0,0.0,1.572798450971977,1.3144198768561572,0.8472176490363854,0.007667393494048855,0.010328027819040362,,,0.6333676938231112,inf,,,0.18123936988838138
91,,0.0,0.0,1.488688254018533,1.409408842336882,0.8330938209604181,0.01167918834718925,0.015278917600890944,,,0.6619902821573977,inf,,,0.19174898565736817
92,,0.0,0.0,1.1815492119427817,1.1090571138052774,0.8310883974017652,0.013280763683428799,0.016903968252435855,,,0.6008849035917525,inf,,,0.17544436075084405
93,,0.0,0.0,1.131376847681691,1.1042573973227454,0.7907085171270064,0.010440290055974454,0.01313705390703667,,,0.6509067234006624,inf,,,0.1932011772348881
94,,0.0,0.0,0.08467349851939517,0.06891992332514697,0.5500397611582056,0.020248721839075844,0.022018228000839787,,,0.6668815377411301,inf,,,0.21920249244017978
95,,0.0,0.0,0.1963043554646035,0.15825441454262684,0.31550472233484345,0.05478178045852098,0.041890424962089445,,,0.6566669596287297,inf,,,0.32778592118836325
96,,0.0,0.0,0.20443785628945746,0.17294411212535898,0.24698132798892,0.07085771111191819,0.07494208407676098,,,0.6566669596287297,inf,,,0.31605429030324134
97,,0.0,0.0,0.24617879408116716,0.22905136686772953,0.33960944070690974,0.07165336775975817,0.07292232758856487,,,0.6357360191111145,inf,,,0.2532306054315626
98,,0.0,0.0,0.10696905971831198,0.06076168424193887,0.1438536184365652,0.04558886768939779,0.04212189926405102,,,0.6207552362147116,inf,,,0.33960668088402135
99,,0.0,0.0,0.1405401224257846,0.10998552036641611,0.25455350874281757,0.03688641409615209,0.028166840722197682,,,0.648888643467878,inf,,,0.3609416811340756
100,,0.0,0.0,0.10060391803536387,0.07694678757299539,0.5450859694109957,0.02273859233568725,0.018829856872980603,,,0.6233814453054027,inf,,,0.25880699790949396
101,,0.0,0.0,0.022340379843483554,0.018117108504307793,0.7741055097077681,0.014783315922367955,0.01724742114992351,,,0.6380535849069913,inf,,,0.29187302682737987
102,,0.0,0.0,0.022340379843483554,0.019180466607738072,0.7271163328811017,0.012999547389452,0.012621408879591456,,,0.6468212168108125,inf,,,0.2936656409445339
103,,0.0,0.0,1.1516030304029783,0.9338517918097333,0.8316597665682668,0.005030653289611085,0.0071020695877192005,,,0.6008849035917525,inf,,,0.17423677285701686
104,,0.0,0.0,1.2312514310659046,1.0962957990964228,0.8340331323274561,0.0031695646651099803,0.004175899559646503,,,0.6584896970785714,inf,,,0.16333366797293197
105,,0.0,0.0,0.06236667603779547,0.05587963620310033,0.3256863409928137,0.01892714889843894,0.011967267095949963,,,0.6380535849069913,inf,,,0.24217352239391376
106,,0.0,0.0,0.04466961139416602,0.033793402992472764,0.3244366861798857,0.02038309722329983,0.01700970967739239,,,0.6284777104787076,inf,,,0.25993708677340754
107,,0.0,0.0,0.15992484896680823,0.11247485610497598,0.06277999115385458,0.039749128251879116,0.01906351523646417,,,0.6684167106117298,inf,,,0.3683341928237205
108,,0.0,0.0,0.14228428290499973,0.12521534368245565,0.06480780681249386,0.03997563459266651,0.00802019506705133,,,0.581717464821069,inf,,,0.3907161885761762
109,,0.0,0.0,1.3704849817946636,1.1843506050569481,0.8924087233965078,0.0011747052251536334,0.001802420575189886,,,0.675384900321601,inf,,,0.16996693082044725
110,,0.0,0.0,1.5493278011249771,1.0260576229142717,0.8858769161314014,0.0017788487306262329,0.0031216494668865344,,,0.6125606311107803,inf,,,0.18615761616833268
111,,0.0,0.0,1.633176007736156,1.0437240118168754,0.9222969473378787,0.00248530934013099,0.003998821635290819,,,0.6528756675646988,inf,,,0.17166901776889748
112,,0.0,0.0,1.34448109123699,1.1334115257857278,0.8477925526584877,0.0018182780021769593,0.003008757328250278,,,0.6333676938231112,inf,,,0.20716565017667798
113,,0.0,0.0,1.6989452908106355,1.1449593939970195,0.8966043020299098,0.002949272601457819,0.00468938644208691,,,0.6528756675646988,inf,,,0.16925218825543878
114,,0.0,0.0,0.06698765724152846,0.047615008719107996,0.6390757549138799,0.014539782796825851,0.01060646662248938,,,0.6509067234006624,inf,,,0.22178807827643887
115,,0.0,0.0,0.106969059718312,0.07731687851237137,0.5232853711648249,0.013662341163486084,0.014220059760919404,,,0.5978297680564633,inf,,,0.20574505020714468
116,,0.0,0.0,0.48156596428488374,0.4348272647138222,0.3890465391954914,0.01113933610983236,0.01581015530006477,,,0.6180765742263259,inf,,,0.19298102142563323
117,,0.0,0.0,1.0123404523258601,0.4649743818643789,0.9099805418602461,0.004543972309170912,0.006641358808013316,,,0.6333676938231112,inf,,,0.18263636427183844
118,,0.0,0.0,0.6243065868005319,0.5927397917873755,0.6845487093994267,0.00043096466562345326,0.0008461841801802693,,,0.6509067234006624,inf,,,0.25026269763328146
119,,0.0,0.0,0.2920994119318466,0.24610819932828176,0.5487114600182863,0.01444825813261132,0.018655574725719624,,,0.6566669596287297,inf,,,0.2890072368445067
120,,0.0,0.0,0.27009206368965855,0.19446521526109273,0.6315577520573803,0.008039005642858123,0.01161452690596504,,,0.6333676938231112,inf,,,0.22420705883209344
121,,0.0,0.0,0.06236667603779548,0.05552367329782338,0.0794613218054198,0.01513485573415984,0.009490865519530801,,,0.6425374456860184,inf,,,0.3373796867919416
122,,0.0,0.0,0.102348078514579,0.08022500431743872,0.14415612942876374,0.020475316833179713,0.017899052339213534,,,0.5783247308855777,inf,,,0.3419147445177643
123,,0.0,0.0,0.5414812084507413,0.48626842976859846,0.563411459313031,0.010058283448799618,0.015680943463903994,,,0.6309483474627791,inf,,,0.25385822629786753
124,,0.0,0.0,0.28409675553504915,0.2576757594802466,0.5860915804708737,0.01401620533482844,0.017158216956024368,,,0.6509067234006624,inf,,,0.27741456603352965
125,,0.0,0.0,0.14696382737077213,0.12572120920289853,0.7640204380442409,0.017124795384192305,0.020770426130208207,,,0.6528756675646988,inf,,,0.2577697969004967
126,,0.0,0.0,0.48927156591193327,0.36497104775190314,0.37377767715617966,0.233730392752367,0.12997512426633331,,,0.6309483474627791,inf,,,0.2822651401083389
127,,0.0,0.0,0.5740644785895339,0.40928766600307037,0.42731727302295175,0.22608048817541293,0.10737785406936817,,,0.5947193981915972,inf,,,0.284736853023207
128,,0.0,0.0,0.47820822957194253,0.44666455309333086,0.7478745278657202,0.002613344515157037,0.004716463760306483,,,0.6038851895711802,inf,,,0.2484363434077755
129,,0.0,0.0,0.49831637476483376,0.44728980643525135,0.7842651404599781,0.003470984207562218,0.006099973157043893,,,0.6584896970785714,inf,,,0.25001192667613337
130,,0.0,0.0,0.1515848085745051,0.13434152659786464,0.46443776791555347,0.02294401906328233,0.02132629927189944,,,0.6380535849069913,inf,,,0.282566692822255
131,,0.0,0.0,0.08467349851939517,0.06786814246047272,0.5745503702413057,0.026989265650378874,0.0237790864905241,,,0.6233814453054027,inf,,,0.24440774338457155
132,,0.0,0.0,1.4706360495266022,1.3941302977597565,0.8479960026852519,0.011447249259207119,0.023101176282457753,,,0.6038851895711802,inf,,,0.1851214051232158
133,,0.0,0.0,0.2619748448837403,0.2313808680329178,0.8359533860608068,0.02332557168483249,0.03530444703222635,,,0.6309483474627791,inf,,,0.22238694993780478
134,,0.0,0.0,0.31347238570933617,0.2645767525584426,0.7452722553990607,0.018908631354345874,0.024594912444850653,,,0.6008849035917525,inf,,,0.22634599373051892
135,,0.0,0.0,0.37423311764638073,0.3207746894898668,0.30021794961471193,0.1727236427681099,0.09576747782162312,,,0.6566669596287297,inf,,,0.29870013971152265
136,,0.0,0.0,0.5860554106432109,0.5460488298712559,0.4983749007638864,0.3646376372304417,0.2671247473102674,,,0.581717464821069,inf,,,0.2640944034042774
137,,0.0,0.0,0.7160085090239896,0.7051622718323265,0.6937580286252188,0.3852815005268566,0.33914737115062804,,,0.6380535849069913,inf,,,0.2509781081482031
138,,0.0,0.0,0.35248946034816026,0.2609266774513541,0.25272626484680544,0.36301146960527336,0.2754657125632162,,,0.6333676938231112,inf,,,0.3068113656097926
139,,0.0,0.0,0.2933224123996716,0.28212198345300343,0.22890076987623373,0.22127041369343897,0.14113003692419648,,,0.648888643467878,inf,,,0.3227290190542507
140,,0.0,0.0,0.08467349851939515,0.07440364571952127,0.028067411207589585,0.027598068853517073,0.017238683024533023,,,0.6547956803312163,inf,,,0.3483906135568741
141,,0.0,0.0,0.08005251731566218,0.06951553927565246,0.333497929561378,0.012367768626403474,0.015323364920838361,,,0.6309483474627791,inf,,,0.2207019954775539
142,,0.0,0.0,1.249312637004055,1.0929920069369008,0.8517818921004608,0.005369178425006452,0.0077841914102627285,,,0.5783247308855777,inf,,,0.17496103956245995
143,,0.0,0.0,0.913682238841558,0.8845310914934468,0.7890721427301818,0.004464698183267056,0.006725004651882189,,,0.6380535849069913,inf,,,0.17959990327137618
144,,0.0,0.0,0.06698765724152846,0.03739346960187022,0.2257695450346065,0.018863714428038466,0.01102846214719071,,,0.6233814453054027,inf,,,0.3828770895264561
145,,0.0,0.0,0.04466961139416602,0.03658198532583875,0.24826163746293012,0.019669648570693147,0.01105999123376232,,,0.6357360191111145,inf,,,0.362255158489971
146,,0.0,0.0,0.15181554680464496,0.09452334750010172,0.05280811244909654,0.03946829447441562,0.019800887453415038,,,0.6284777104787076,inf,,,0.3594225314001992
147,,0.0,0.0,1.3357400002337179,1.1387396572785002,0.8404184524863331,0.0033763657316884547,0.005348273480744353,,,0.6528756675646988,inf,,,0.19671686210123748
148,,0.0,0.0,0.08467349851939517,0.0510665902181066,0.260998731938045,0.01612488368857053,0.013552416451231428,,,0.648888643467878,inf,,,0.33665003867398835
149,,0.0,0.0,0.16280166969132606,0.13019941357393983,0.22097651116187517,0.03370175509929947,0.019756131093409422,,,0.6468212168108125,inf,,,0.34649416057178484
150,,0.0,0.0,0.08467349851939515,0.07100832757157768,0.2966724003962719,0.02054588715338105,0.010468830493366357,,,0.6309483474627791,inf,,,0.3294519958561729
151,,0.0,0.0,0.08467349851939515,0.06732025196762623,0.41251364755202835,0.021264937863517915,0.011003259630603002,,,0.62595550513784,inf,,,0.308913345161464
152,,0.0,0.0,0.06236667603779548,0.05477390198308008,0.21482998719889818,0.01419216878969804,0.011180109423088216,,,0.6528756675646988,inf,,,0.3335894049806045
153,,0.0,0.0,0.06236667603779547,0.053585796306265775,0.21600311638911254,0.014266675691969266,0.012800137134252697,,,0.6447042257417027,inf,,,0.3387911276076769
154,,0.0,0.0,1.3321263339092415,1.1680881946927404,0.8411401263647947,0.004909829001206597,0.006577859953190327,,,0.6333676938231112,inf,,,0.17585835499735278
155,,0.0,0.0,0.2602724759225059,0.20628548042463254,0.14419317836323925,0.08641369209538016,0.03475157305045316,,,0.6068309995095971,inf,,,0.3339943470258165
156,,0.0,0.0,0.5173010016847941,0.4633655570360352,0.4125290788160188,0.18563493090104558,0.08939014174149568,,,0.6008849035917525,inf,,,0.297871701550658
157,,0.0,0.0,0.6714192834992404,0.5767386254653369,0.4922741041230563,0.37813923887682965,0.16909102532918135,,,0.6284777104787076,inf,,,0.2678812121588372
158,,0.0,0.0,0.545260486910819,0.5080582471055625,0.3948719675714811,0.5276213886696703,0.3504575665431662,,,0.6333676938231112,inf,,,0.276538686064026
159,,0.0,0.0,0.9539383056068138,0.8938225501823751,0.6166728146547846,0.7709714084902699,0.4193172902306127,,,0.6125606311107803,inf,,,0.21945776954412285
160,,0.0,0.0,1.014717181829135,0.924208747356903,0.7326860480341385,1.2025912762685242,1.2481545512816332,,,0.6309483474627791,inf,,,0.20846248103640147
161,,0.0,0.0,1.168864066505972,1.120225957484197,0.8155046961321863,1.1559826276928957,1.177518047049459,,,0.6652988471865258,inf,,,0.21275471296874737
162,,0.0,0.0,1.0853835606161621,1.0565080945591219,0.8289042886336438,0.9818739640703672,0.8076681548361544,,,0.6309483474627791,inf,,,0.20203357242179776
163,,0.0,0.0,0.6855884109768048,0.6614697375244566,0.6421672008731842,0.8442135312528389,0.8286383271190345,,,0.648888643467878,inf,,,0.22494824448294598
164,,0.0,0.0,0.9088977968778781,0.884484535279796,0.5759003921980481,0.786707820354239,0.7362120006829536,,,0.6713451011121618,inf,,,0.21762317696555306
165,,0.0,0.0,0.7778700131206416,0.7472989427007417,0.5974002303007415,0.7778776248744856,0.757231529448113,,,0.6333676938231112,inf,,,0.2302731502405288
166,,0.0,0.0,1.1664669891137611,1.1134412350265588,0.7477752101552622,0.9725448891098916,0.7895280314725835,,,0.5978297680564633,inf,,,0.21775424867427312
167,,0.0,0.0,1.150975314769844,1.1080217311798322,0.8377999114499689,1.104039676810249,1.0110726028710428,,,0.6207552362147116,inf,,,0.20684347220725657
168,,0.0,0.0,0.9949605209032557,0.9639983825891358,0.822477708082318,0.9732365587095335,0.885231831309021,,,0.6233814453054027,inf,,,0.1968513051149507
169,,0.0,0.0,1.2099090760357087,1.1687136015871327,0.6921455898833336,0.7362391143138554,0.752869662066903,,,0.6528756675646988,inf,,,0.20003138767138992
170,,0.0,0.0,1.0320569002802464,1.011652570978875,0.6413913876261482,0.8131225492947609,0.7206675683844969,,,0.663668482632973,inf,,,0.22150931120624537
171,,0.0,0.0,1.4747683302746772,1.4327498493723554,0.8105885955543629,1.1617860693520943,1.0164315340576116,,,0.6380535849069913,inf,,,0.20668090214589235
172,,0.0,0.0,1.6632597748046694,1.6095371105371146,0.9405333457984718,1.5660447047507053,1.867409935563901,,,0.6125606311107803,inf,,,0.17473772842793153
173,,0.0,0.0,1.6711529464622294,1.5866420872098494,0.9462904496663223,1.285067420311735,1.0034720292911263,,,0.6380535849069913,inf,,,0.180215029917217
174,,0.0,0.0,1.1540125883124952,1.1320513883957481,0.7734413164096026,0.995821906622771,0.7906664614134168,,,0.6447042257417027,inf,,,0.2246264127653458
175,,0.0,0.0,0.8312242242840707,0.797175807300631,0.774573030177387,0.8029262176552676,0.5947164881618205,,,0.6584896970785714,inf,,,0.2392125720713707
176,,0.0,0.0,1.151769105375181,1.0906445627015295,0.759978342281024,0.9246958503448692,0.559441915755572,,,0.6602640781246099,inf,,,0.20027507409921494
177,,0.0,0.0,1.29393001317225,1.2542738699123286,0.7628069730384873,0.9539803600580463,0.6616963263031984,,,0.648888643467878,inf,,,0.20458985334516974
178,,0.0,0.0,1.1135559983632546,1.0747554106550719,0.7460342659552406,0.627960358888897,0.3803427272674814,,,0.6097226960127671,inf,,,0.24035301176119234
179,,0.0,0.0,0.9949155317875731,0.9547621481128986,0.7004786075983952,0.5413390003585772,0.3859155196531353,,,0.6447042257417027,inf,,,0.22849408553498365
180,,0.0,0.0,0.8391563412240682,0.8137109273933409,0.6235596425225954,0.6199202795219211,0.47273329659108176,,,0.6447042257417027,inf,,,0.23726638354235205
181,,0.0,0.0,0.6796562706497078,0.6537395058285906,0.6321382462493527,0.5087350323110997,0.4175036216239706,,,0.6425374456860184,inf,,,0.21049704181990045
182,,0.0,0.0,0.49813944728562887,0.42245284685183887,0.6799995127488034,0.3409342515255264,0.2633142250239369,,,0.6207552362147116,inf,,,0.2403550371236456
183,,0.0,0.0,0.6149614421597035,0.5842872379860216,0.5878062173468901,0.264284082274728,0.19966762932765847,,,0.6619902821573977,inf,,,0.23714010094908328
184,,0.0,0.0,0.564514422549,0.5380417958347158,0.6083944217986714,0.21314054782574732,0.15460551306315962,,,0.6380535849069913,inf,,,0.22401912025080178
185,,0.0,0.0,0.3629345687299664,0.33109184986300394,0.47554805804653316,0.16983124762636237,0.13601039082514826,,,0.6284777104787076,inf,,,0.25256974425953244
186,,0.0,0.0,0.2718374830618747,0.22733155802120894,0.42418343662972857,0.13659185364181503,0.11918548294910566,,,0.6403206450210053,inf,,,0.2736841948897727
187,,0.0,0.0,0.49517197430885435,0.4406036098989601,0.5698191862446935,0.1481858670637078,0.1166400217575406,,,0.6207552362147116,inf,,,0.2540157687411089
188,,0.0,0.0,0.2299005062057301,0.19831908387781885,0.5314378589905088,0.17553167454357085,0.1745196076319804,,,0.6097226960127671,inf,,,0.25134694116656464
189,,0.0,0.0,0.3681733900675466,0.3520171755852908,0.5277088863108531,0.2583440563828973,0.23580641589784318,,,0.6468212168108125,inf,,,0.254751284586163
190,,0.0,0.0,0.5138434563254526,0.4527453139227123,0.5192934031668515,0.3802448276312515,0.2978949264095405,,,0.6233814453054027,inf,,,0.22753348495789436
191,,0.0,0.0,0.7507248987198856,0.6856759767462342,0.5817590913110412,0.31413022211175684,0.2586766348961113,,,0.6309483474627791,inf,,,0.23379897530501
192,,0.0,0.0,0.4720868534239917,0.4374094534152011,0.6164558952274175,0.2031698252835406,0.1718440140284886,,,0.6068309995095971,inf,,,0.25788348780457143
193,,0.0,0.0,0.8345946771430108,0.6432777844647463,0.7353560905330049,0.2670538271684909,0.23032004868609368,,,0.6309483474627791,inf,,,0.24572890179996631
194,,0.0,0.0,0.5903618360640117,0.5047830657532743,0.6412220015464165,0.5291057486729744,0.43101167001614327,,,0.5783247308855777,inf,,,0.24475932781456708
195,,0.0,0.0,0.5865443318575454,0.4714333106062003,0.6364410408218282,0.33382785861342745,0.23365552576531173,,,0.6425374456860184,inf,,,0.2503150690845242
196,,0.0,0.0,0.8359109531606579,0.7917793304788655,0.7245247634225043,0.6075632638301132,0.4284948381950272,,,0.6097226960127671,inf,,,0.22492003058041357
197,,0.0,0.0,0.5255908848276468,0.3996309163827766,0.564496218710068,0.29048749220177045,0.2106481984549708,,,0.6357360191111145,inf,,,0.25436895213369665
198,,0.0,0.0,0.316300716912178,0.29795932505094713,0.44630438692702007,0.1424885959453976,0.12148551884712089,,,0.6097226960127671,inf,,,0.28368286258363484
199,,0.0,0.0,0.34757161183154694,0.30208424740634526,0.43147804465162926,0.2893469685783368,0.23533595834226767,,,0.6125606311107803,inf,,,0.27460341411003225
200,,0.0,0.0,0.5636944896508324,0.4896229008127372,0.538689154487582,0.4700608064756347,0.41723569862439475,,,0.6509067234006624,inf,,,0.2718375354518875
201,,0.0,0.0,1.2560438617553198,1.1270238134628652,0.7586057914220001,0.9304863691253265,0.6353048425191712,,,0.5978297680564633,inf,,,0.2135662952530374
202,,0.0,0.0,1.2578069744600346,1.1823878792656553,0.8862196688152009,1.5379744069991241,0.907020188381165,,,0.6207552362147116,inf,,,0.1954327753556858
203,0.0,0.0,0.0,1.0232154485827019,0.9719467882042008,0.7297275286889918,1.26723168281659,0.7661602584600073,,,0.6233814453054027,5.703782474656201,inf,,0.2209154253559694
204,,0.0,0.0,0.7193393687793496,0.594549057726386,0.6503261025081742,0.6753774914704759,0.3163227433083846,,,0.6284777104787076,inf,,,0.24618582399494437
205,0.0,0.0,0.0,0.9088072632104633,0.8283881296678166,0.5749255136005375,0.6073625948786164,0.20274529795431961,,,0.6097226960127671,5.703782474656201,inf,,0.2611425489866148
206,,0.0,0.0,1.0594994380282303,0.9195495400785849,0.7557612872493633,0.8420843218262097,0.36729338761340646,,,0.6380535849069913,inf,,,0.21074202387600502
207,,0.0,0.0,1.280903624279591,1.2161440074574035,0.8534909157454658,1.6780798337250555,1.7872664438858104,,,0.648888643467878,inf,,,0.2026043211536979
208,,0.0,0.0,1.5192880689761432,1.362852008894301,0.9164453709184661,1.4906893373596848,1.431589454069596,,,0.6233814453054027,inf,,,0.17809400951959387
209,,0.0,0.0,1.4892965831456821,1.4166119325527247,0.8951795203453131,1.5588185993028527,1.4601872752022687,,,0.6333676938231112,inf,,,0.18623714846162434
210,1.1394342831883648,-0.0037981142772945493,0.0,1.3958991796336828,1.271695108996926,0.837378497607686,1.6580406822223497,1.3659370155177946,,,0.5978297680564633,6.843216757844566,inf,,0.1787829084476029
211,,0.0,0.0,1.0881697139099282,1.0420179896131503,0.9237461371599749,1.7167016130012756,1.1771395661589112,,,0.6547956803312163,inf,,,0.18688158462997523
212,,0.0,0.0,1.051122271388533,1.0023818466829841,0.8387527346831971,1.5519888675629985,0.8925046583820484,,,0.6380535849069913,inf,,,0.21214597729289164
213,,0.0,0.0,1.3658692539242434,1.3019789241513793,0.8411302255417017,1.2292869253447867,0.8718463562594256,,,0.6097226960127671,inf,,,0.22812438646464675
214,,0.0,0.0,1.2886476225804055,1.224023852704647,0.8347845401943819,1.5086751275543773,1.07452010483118,,,0.6180765742263259,inf,,,0.20861806096586452
215,,0.0,0.0,1.3827395443965453,1.2211566883227916,0.806176832847076,1.474862032079065,0.9099598750472733,,,0.6284777104787076,inf,,,0.19404941877887424
216,,0.0,0.0,0.9831820588044196,0.8427627084515712,0.7594897284516038,1.1040153755280036,0.7296721926181664,,,0.5915533975974677,inf,,,0.23286672206860984
217,,0.0,0.0,1.280416970486841,1.1159696361685203,0.7541336123696464,1.12248696904342,0.7702652995300014,,,0.6309483474627791,inf,,,0.21519069485482503
218,,0.0,0.0,1.3772870741437397,1.3242705009920732,0.8458931665947835,1.4558942892323183,0.9741917662117106,,,0.648888643467878,inf,,,0.20065216639839226
219,,0.0,0.0,1.151843038675494,0.9872464105115749,0.8187210160526511,0.9843513333338693,0.5393869702074545,,,0.6125606311107803,inf,,,0.22509389598603077
220,,0.0,0.0,0.7317057530641304,0.6625566033904601,0.6064543585985832,0.3521839117586076,0.17831824862880108,,,0.585052858160615,inf,,,0.28394731426015524
221,,0.0,0.0,0.3272526373273481,0.28397260423924175,0.40274159548586824,0.20141852689769488,0.1400902964248499,,,0.6284777104787076,inf,,,0.29448719916392196
222,,0.0,0.0,0.8578971204073876,0.7338696292832445,0.8037161136949015,0.4087559314052295,0.3257699967295371,,,0.6233814453054027,inf,,,0.22835213638811427
223,,0.0,0.0,1.179512076055162,1.0570859233660528,0.7110967836792909,0.44979159219743986,0.44158131451140265,,,0.6038851895711802,inf,,,0.2249846735299905
224,,0.0,0.0,0.8872591890247233,0.7868499006316991,0.6788144064742839,0.6212556625226462,0.3981190475586517,,,0.6509067234006624,inf,,,0.24226072915852856
225,,0.0,0.0,0.9720340739740454,0.8920776296888159,0.6835239592611043,0.6030546561076597,0.3382507801205866,,,0.6207552362147116,inf,,,0.22763880290519695
226,,0.0,0.0,1.0165225974384018,0.8438050442652412,0.7709760674592966,0.626427509047907,0.3859259803425569,,,0.6233814453054027,inf,,,0.23530011106379792
227,,0.0,0.0,0.8971308194506206,0.7967168291354196,0.6601421547532116,0.591698048401663,0.376899301832912,,,0.6068309995095971,inf,,,0.23667877530198728
228,,0.0,0.0,0.594091361629429,0.5181697420513692,0.5626529412300095,0.3837063328285041,0.31974678691528247,,,0.6284777104787076,inf,,,0.25536264187464797
229,,0.0,0.0,0.9442072210337562,0.833062630727538,0.6589710492485396,0.6808954780073232,0.42173649565646865,,,0.6468212168108125,inf,,,0.24447808208192479
230,,0.0,0.0,1.0816023977270772,1.0438867437015225,0.7008788121394148,0.9901864601345602,0.7413303693943173,,,0.6097226960127671,inf,,,0.22432423844857155
231,,0.0,0.0,0.9963320992025815,0.942343128116699,0.767817877415799,0.9387907735617359,0.608599907178311,,,0.6403206450210053,inf,,,0.22947461808271358
232,,0.0,0.0,1.0201095832119924,0.951924494100681,0.6396684300676141,0.7004110548780272,0.4492669492446719,,,0.6153451465759925,inf,,,0.23710793126489318
233,,0.0,0.0,0.8794861526626665,0.7918978761690328,0.5984189391982175,0.623296303108607,0.38824822896376243,,,0.6357360191111145,inf,,,0.26734145973231327
234,,0.0,0.0,1.0554440709447985,0.9788742808354753,0.6502369563107324,0.8001587245393866,0.4505569666531076,,,0.62595550513784,inf,,,0.23292231114783776
235,,0.0,0.0,0.9900268017227245,0.8501975412581689,0.7239032581422565,0.9082534056744164,0.5507683740585347,,,0.6528756675646988,inf,,,0.24521461680613946
236,,0.0,0.0,0.8094119186621176,0.7293681312822007,0.6137974068172287,0.7304967572935034,0.4889553606749857,,,0.6207552362147116,inf,,,0.2443123228398022
237,2.0402208285265546,-0.006800736095088515,0.0,0.9340060353117992,0.8477188010826633,0.6951548420279949,0.9270481671836447,0.5656151321256355,,,0.6468212168108125,7.7440033031827555,inf,,0.2445097524297555
238,,0.0,0.0,0.5848834723871832,0.3698196450275138,0.5838311697900661,0.5485466610636045,0.43621971300853335,,,0.6333676938231112,inf,,,0.2600372154674897
239,,0.0,0.0,0.9281599962493158,0.8830024614180791,0.6656068216429184,0.2688513979725522,0.2961668198378992,,,0.6097226960127671,inf,,,0.21247741704007306
240,,0.0,0.0,0.6649423468505367,0.5322292085535464,0.6155972864028921,0.29701956450103906,0.30822647241908213,,,0.6153451465759925,inf,,,0.2526242071549102
241,,0.0,0.0,0.9485974371696774,0.8429763280705684,0.6754832218233161,0.48009380891068765,0.34226715235969035,,,0.6447042257417027,inf,,,0.2271630233940424
242,,0.0,0.0,0.896736385447225,0.84895150912233,0.6887907817426534,0.48598606448602477,0.33304424475749034,,,0.6403206450210053,inf,,,0.2369596583476428
243,,0.0,0.0,0.6622248542899503,0.4399547809344197,0.41529794166171186,0.4357281053995245,0.26747439267266077,,,0.648888643467878,inf,,,0.2694498615773562
244,,0.0,0.0,1.0151167845094453,0.9080024365798093,0.6501448308888735,0.7175177699794849,0.3741081200479264,,,0.6566669596287297,inf,,,0.23193876583879208
245,,0.0,0.0,1.055250393655491,0.9115387602990316,0.5437468591147232,0.5065726813824741,0.2234276103085715,,,0.6008849035917525,inf,,,0.2516787668132176
246,,0.0,0.0,0.5640025227321126,0.5176557357263971,0.41688203274821434,0.43629236871847277,0.26805131280876016,,,0.648888643467878,inf,,,0.27272899517747073
247,,0.0,0.0,0.6495331430563368,0.6205017578258537,0.4653649078193048,0.7209439230290707,0.609349613756537,,,0.6380535849069913,inf,,,0.2497964566653219
248,,0.0,0.0,0.5444200139486567,0.4961970141081005,0.4959590974027059,0.5585233280503794,0.4254398059384432,,,0.6284777104787076,inf,,,0.24983220462331643
249,,0.0,0.0,0.7295426621150451,0.646775218196927,0.5325429364807189,0.49078107068617116,0.3416956709113622,,,0.6468212168108125,inf,,,0.26857081371375047
250,,0.0,0.0,0.8241839263545693,0.7832737392585627,0.6732454837884404,0.7808909186950375,0.4146227059726344,,,0.6068309995095971,inf,,,0.22416004698972475
251,,0.0,0.0,1.0778568936041528,1.0703171593076308,0.7961094788087882,1.1666066046413355,1.1101762894925276,,,0.6447042257417027,inf,,,0.21508606324246812
252,,0.0,0.0,1.3354123964186675,1.2762327928101782,0.8106835131066996,0.9745411632132238,0.498550652389916,,,0.6207552362147116,inf,,,0.21053909239149995
253,,0.0,0.0,1.0123666391893194,0.9073205007156057,0.7094844544179625,0.5154358046422145,0.2096392572841803,,,0.62595550513784,inf,,,0.2263217042109534
254,,0.0,0.0,0.5476743501739578,0.2602358644043601,0.5468853519589609,0.1623350145001956,0.07640554278946135,,,0.6153451465759925,inf,,,0.2869314908355091
255,,0.0,0.0,0.27979550255740415,0.1914567021585184,0.17518240175730668,0.10853113455489234,0.07338416332836938,,,0.6333676938231112,inf,,,0.35233944590480887
256,,0.0,0.0,0.27979550255740415,0.22919051434500345,0.15069113743169363,0.09523026096191549,0.05688046115994219,,,0.5748741956352443,inf,,,0.3551291963807494
257,,0.0,0.0,0.545016228705453,0.3760131608925118,0.37468523361976513,0.2374442968140703,0.11212920636790613,,,0.6380535849069913,inf,,,0.31258394656166444
258,,0.0,0.0,0.5823041684572484,0.5233616136920748,0.5349021302758739,0.41692050749704573,0.22906047682105618,,,0.6125606311107803,inf,,,0.2629096435157872
259,0.3519243411801345,-0.001173081137267115,0.0,0.9543742853877948,0.8674987862527118,0.7575032660754667,0.9991542895342486,0.5206344793898919,,,0.6068309995095971,6.055706815836335,inf,,0.23565178356136143
260,,0.0,0.0,1.01694799247734,0.9032187731159234,0.8148918978193607,1.2767997091510235,0.9179918415226136,,,0.62595550513784,inf,,,0.19819604869085186
261,,0.0,0.0,1.0595832645204977,1.0036722709414705,0.7548958371391841,1.0574743897683407,0.8698240640466686,,,0.6207552362147116,inf,,,0.2213067866129781
262,,0.0,0.0,0.9690529617460145,0.8671270976036222,0.8270912926916342,0.8049010210329157,0.7215198237276425,,,0.6380535849069913,inf,,,0.22384177958361345
263,,0.0,0.0,0.737975265887471,0.6700577466942929,0.5353915685787757,0.7756784437037798,0.6311525039347541,,,0.6180765742263259,inf,,,0.23925193868725508
264,,0.0,0.0,0.8178836893029126,0.764114930833051,0.6443559741288566,0.6004418267280659,0.3117079411346939,,,0.6233814453054027,inf,,,0.2525961550131489
265,,0.0,0.0,0.6797591490895795,0.6032061468735108,0.5336479856779525,0.5193428084915024,0.2612763124023686,,,0.5915533975974677,inf,,,0.26775011106022956
266,,0.0,0.0,0.5163601813023971,0.4425404990431451,0.49464565421872253,0.3822048815419826,0.14887854781576254,,,0.5978297680564633,inf,,,0.27734025113368604
267,,0.0,0.0,0.47232732259712823,0.3547729160705867,0.40836593563195717,0.26836546879319284,0.15645008165216684,,,0.6602640781246099,inf,,,0.30525688047976307
268,,0.0,0.0,0.8884907159508246,0.7629518834902825,0.5742954917377902,0.5435448148890716,0.31510833295659,,,0.6380535849069913,inf,,,0.24811406294101718
269,,0.0,0.0,1.0157616668972358,0.9324327883859497,0.6574217881970379,0.8082885399519115,0.4870117220804373,,,0.6468212168108125,inf,,,0.2142615061916709
270,,0.0,0.0,0.9704986520412721,0.8106625987940129,0.6405534639882208,0.5764909750455999,0.26141616620595676,,,0.6619902821573977,inf,,,0.23362660795927181
271,,0.0,0.0,0.7168839069494306,0.5736984375243379,0.5473436024619635,0.30304169437865536,0.1812892411453963,,,0.6309483474627791,inf,,,0.2873428060288505
272,,0.0,0.0,0.5416019008897159,0.41015332559143697,0.5819066069599187,0.28655701861376226,0.19898528147089523,,,0.581717464821069,inf,,,0.2816927296758732
273,,0.0,0.0,0.40550066947838453,0.338352450456575,0.49759420622134376,0.2527782067175512,0.2195490739408159,,,0.6468212168108125,inf,,,0.25745669240859004
274,,0.0,0.0,0.8187646649733744,0.6342357929838215,0.6411783458473795,0.5105546953419284,0.34660651444039947,,,0.6547956803312163,inf,,,0.22666220431052744
275,,0.0,0.0,0.9436501278083537,0.8736139914180229,0.7199043118707283,0.8831034089187069,0.6626460231524676,,,0.6425374456860184,inf,,,0.21316218480176563
276,,0.0,0.0,0.9577076527428772,0.8985306240866395,0.6442315759858542,0.962065438487912,0.7900024925454694,,,0.6309483474627791,inf,,,0.23222409075417788
277,,0.0,0.0,1.0978358330610651,1.0179973159817948,0.6601257680255175,1.0075600280989054,0.5672307199491469,,,0.6097226960127671,inf,,,0.21987899126704522
278,,0.0,0.0,0.7797726915682863,0.6912923356932944,0.5204112432590677,0.5565484161023703,0.2633889032889086,,,0.6008849035917525,inf,,,0.2419224662952861
279,,0.0,0.0,0.34900113938972993,0.29857766781134853,0.33076954185355373,0.1193369097516894,0.05473143888000884,,,0.5947193981915972,inf,,,0.3176992700657734
280,,0.0,0.0,1.1714567518460488,1.0598349592946685,0.6837061429165611,0.6586735625112328,0.1461603345525695,,,0.6038851895711802,inf,,,0.21660888171568604
281,,0.0,0.0,1.140045918881329,0.9556985498596441,0.7169782388869582,0.7126757581703543,0.20072127823382635,,,0.5915533975974677,inf,,,0.21241838483962974
282,,0.0,0.0,0.6713197971446075,0.6338688227809649,0.41706347534815447,0.23448655164648094,0.08121073948874524,,,0.5370774965580548,inf,,,0.2994123575972242
283,,0.0,0.0,0.45669322233660925,0.4270772980975483,0.4587562791926333,0.17631506094064134,0.0673607950236543,,,0.585052858160615,inf,,,0.32563990387387876
284,,0.0,0.0,0.38368854097900307,0.34988119090251385,0.3123500776540328,0.18968823386484848,0.10466589811110624,,,0.5783247308855777,inf,,,0.31672408112760836
285,,0.0,0.0,0.6884339835841622,0.5368321915780422,0.5460073023145209,0.3823539653838754,0.2705490748438046,,,0.6284777104787076,inf,,,0.2802585557928321
286,,0.0,0.0,0.9810135453841433,0.8377168179095966,0.6581873645022038,0.7183557284844019,0.48683630673322276,,,0.6528756675646988,inf,,,0.2137080683568606
287,,0.0,0.0,0.9536148617830804,0.8008913459336445,0.7558754489474688,0.52909980754666,0.35351333037289734,,,0.648888643467878,inf,,,0.2224433008258998
288,,0.0,0.0,0.388458916892572,0.2851927007611233,0.27698510651982206,0.11746660559849026,0.07947490757472145,,,0.6180765742263259,inf,,,0.32328895867680973
289,,0.0,0.0,0.2424924377447815,0.2129425958638096,0.28117667536581137,0.051782817217294705,0.02772573641678694,,,0.5947193981915972,inf,,,0.38749316923818367
290,,0.0,0.0,0.40991439065305546,0.34183387305620466,0.39481615466014663,0.1346031189023853,0.07237743998233301,,,0.6233814453054027,inf,,,0.3012649220523002
291,,0.0,0.0,0.5661965599669324,0.49925606848161397,0.47996396359650767,0.3445596788001688,0.21428796973157704,,,0.6180765742263259,inf,,,0.25555241853012106
292,,0.0,0.0,1.0692463148160058,0.979330908740155,0.7259734364497837,0.6898732504540508,0.43600426463562647,,,0.6684167106117298,inf,,,0.2383452430842597
293,,0.0,0.0,1.0082915544776956,0.9697579812494749,0.772337008980964,0.657452678471693,0.2282199131434286,,,0.6207552362147116,inf,,,0.22173813934862013
294,,0.0,0.0,0.6744122132559023,0.5670612912542581,0.5877836539772303,0.2913286383216564,0.11966480254035528,,,0.6333676938231112,inf,,,0.28190388162562846
295,,0.0,0.0,0.25717791297430465,0.18305408985702054,0.5956243366754449,0.12376471904029117,0.10402357545776274,,,0.6309483474627791,inf,,,0.2897808319553865
296,,0.0,0.0,0.600985002009917,0.5569848718672981,0.8321301643039223,0.04111641459600824,0.05343133326070769,,,0.6357360191111145,inf,,,0.238868821074119
297,,0.0,0.0,0.3861507561239234,0.3115728494147012,0.5244726401053056,0.1445975702912629,0.08529252710442808,,,0.6008849035917525,inf,,,0.33110447120876985
298,,0.0,0.0,0.4926759155881092,0.4721243812351467,0.48226775249772486,0.3543351136913855,0.21387928532253064,,,0.6284777104787076,inf,,,0.29059073712701694
299,,0.0,0.0,0.5863647470755398,0.5461887049246408,0.5576843763482878,0.48026289367682856,0.2757209243349634,,,0.648888643467878,inf,,,0.2683417514816419
300,,0.0,0.0,0.7264950249373998,0.6575645939772099,0.5706240156003141,0.4438666455732864,0.2846574054320986,,,0.5883313578629602,inf,,,0.2439512901310457
301,,0.0,0.0,0.5646353960595011,0.4515487100837373,0.4731627729445581,0.27839846043488936,0.21107135778147879,,,0.6008849035917525,inf,,,0.2762131871179733
302,,0.0,0.0,0.5825202188040983,0.4318348155665766,0.6627173958475169,0.2672903933063331,0.22714842187012313,,,0.62595550513784,inf,,,0.2633733251763341
303,,0.0,0.0,0.885954218065144,0.8491084883287786,0.6613900263291276,0.6308869994151668,0.42377960441991613,,,0.6180765742263259,inf,,,0.2459941346344936
304,,0.0,0.0,0.9340712468853333,0.8834201526441768,0.7266149932581929,0.7534023777716515,0.46503618535385516,,,0.6509067234006624,inf,,,0.22072726140054283
305,,0.0,0.0,0.7451799896323044,0.6907919379894929,0.7396414007484711,0.7365028949223588,0.44713004201845474,,,0.6153451465759925,inf,,,0.2510632380919083
306,2.2072749131897207,-0.007357583043965736,0.0,0.8315207101870646,0.7406141898363875,0.58275384167219,0.963233770880954,0.6684362599326782,,,0.5783247308855777,7.911057387845922,inf,,0.22579611156705728
307,,0.0,0.0,0.8598772272116717,0.7773134556248243,0.5424576621363896,0.86858792126639,0.6029362650330606,,,0.6668815377411301,inf,,,0.23541422932608494
308,,0.0,0.0,0.6774407681781361,0.624160968180984,0.6606218681667013,0.5134704769351068,0.3580690393850966,,,0.6233814453054027,inf,,,0.2489827862600789
309,,0.0,0.0,0.49390021940774514,0.45541556727429844,0.6066018798249995,0.3406364639294273,0.2636989195116909,,,0.6125606311107803,inf,,,0.2791741395215584
310,,0.0,0.0,0.6502593386486296,0.5247785447212286,0.5007633451043142,0.4053102189216728,0.27114403534978465,,,0.6008849035917525,inf,,,0.2777034520159202
311,,0.0,0.0,0.7194713240991855,0.5960407008358084,0.5268106771811841,0.46987784889483203,0.30923059584219265,,,0.6038851895711802,inf,,,0.2722947251158723
312,,0.0,0.0,0.6464433598413963,0.5550358911826324,0.5384704260771445,0.37203988189113135,0.24769861583253555,,,0.6038851895711802,inf,,,0.27191575627100917
313,,0.0,0.0,0.5457460161670281,0.4474608391376294,0.4852728586740688,0.19757133520566353,0.11416201426109043,,,0.648888643467878,inf,,,0.2785850375090049
314,,0.0,0.0,0.2415905157296187,0.22212241173212036,0.44694255669997845,0.07531383433510176,0.056502896331437125,,,0.6207552362147116,inf,,,0.3259086202653171
315,,0.0,0.0,0.21938644120914816,0.19732311699414562,0.4237781322062571,0.065655041068328,0.060053494325419475,,,0.6309483474627791,inf,,,0.2676619597462182
316,,0.0,0.0,0.22976106386191675,0.16742088431228863,0.32790144527537146,0.07115761716174678,0.052435783159035146,,,0.648888643467878,inf,,,0.28367551100124333
317,,0.0,0.0,0.35715499755301844,0.2518290985401701,0.46563306672763294,0.11440237817354715,0.08342486489531947,,,0.6233814453054027,inf,,,0.2924002859541384
318,,0.0,0.0,0.858003545602494,0.6746098373005578,0.5999339273298591,0.3870081928419443,0.23268824195660837,,,0.6008849035917525,inf,,,0.2488189489060349
319,,0.0,0.0,0.6801526315004365,0.5047044042795138,0.6713482304098547,0.35905174238951776,0.23488018455846266,,,0.585052858160615,inf,,,0.2523213860835151
320,,0.0,0.0,0.4911262845086877,0.40824708015422,0.500776723034389,0.2655224812280586,0.18308348841225985,,,0.6125606311107803,inf,,,0.2720813787384902
321,,0.0,0.0,0.6827183256959408,0.6248381888693139,0.5271690624894722,0.4908918561847879,0.35818073571170106,,,0.6468212168108125,inf,,,0.25444731804938536
322,,0.0,0.0,0.6417978950867363,0.5596873057435399,0.658512123148965,0.3090293060171635,0.2498667845231714,,,0.5641709578113449,inf,,,0.2664717576453046
323,,0.0,0.0,0.40441227352251846,0.35790533284256887,0.6227822620099596,0.29742057589115656,0.24961325004433715,,,0.62595550513784,inf,,,0.2543157810027497
324,,0.0,0.0,0.970381006680195,0.8035984810533986,0.7478309416055767,0.7812598662356309,0.5820842741651442,,,0.6284777104787076,inf,,,0.2316669579265076
325,,0.0,0.0,1.1417670695193018,1.11211363030192,0.801633448880452,0.9805864207436509,0.5289490179689194,,,0.6425374456860184,inf,,,0.21144319729755875
326,,0.0,0.0,0.778480121001618,0.7170112530605504,0.6548343154202494,0.4179562403234252,0.17503164561921514,,,0.6180765742263259,inf,,,0.24302247551387424
327,,0.0,0.0,0.6314358629185979,0.6053380490075055,0.578018086871833,0.1810874671216922,0.13784267969083527,,,0.6380535849069913,inf,,,0.28922634021950866
328,,0.0,0.0,0.8183971729329421,0.723841972918881,0.5472538040311343,0.29676991192443997,0.2489216326256718,,,0.6284777104787076,inf,,,0.2500670999340955
329,,0.0,0.0,0.43278893714454436,0.37828370272575385,0.5026016504323892,0.22066330411366372,0.1585201675646834,,,0.6447042257417027,inf,,,0.2583163505229272
330,,0.0,0.0,0.17287203109334173,0.14289725339145612,0.5160450342029164,0.05272774161987409,0.04732188660927271,,,0.6038851895711802,inf,,,0.2551432643512938
331,,0.0,0.0,0.17293301827745555,0.114071679507708,0.43516076547019344,0.042671258435931364,0.03911086568388189,,,0.6207552362147116,inf,,,0.30122108845731366
332,,0.0,0.0,0.10234807851457903,0.06253018999783687,0.4798450529901568,0.019925456212099128,0.02835804576181598,,,0.6153451465759925,inf,,,0.2669048552366542
333,,0.0,0.0,1.3639699286954015,1.1512221691220814,0.885127905765388,0.012066905096229395,0.020423463087696842,,,0.6068309995095971,inf,,,0.18403290491799426
334,,0.0,0.0,0.1683719286747565,0.14382724495941354,0.8082354995627802,0.015479058755095776,0.016686561346625654,,,0.6403206450210053,inf,,,0.1977299890590991
335,,0.0,0.0,0.3145290872414563,0.2504450966157549,0.6815477558740195,0.04087834662716174,0.03987160391870138,,,0.6357360191111145,inf,,,0.2297889964865395
336,,0.0,0.0,0.3841344399225931,0.3369969484995917,0.7386454865376194,0.08471498166711014,0.08649112154740525,,,0.6357360191111145,inf,,,0.24559180271191502
337,,0.0,0.0,0.5762469682705729,0.5390427341723137,0.5355538188986669,0.11539466525639032,0.11549705556527584,,,0.6403206450210053,inf,,,0.24679550687381682
338,,0.0,0.0,0.32537507335967497,0.3028738210654006,0.5656296070734476,0.0529917607533503,0.05500469088560681,,,0.5748741956352443,inf,,,0.24860667972381215
339,,0.0,0.0,0.2728722042917192,0.2097145324018424,0.5946233185946218,0.057742650235200255,0.05031718073804465,,,0.6357360191111145,inf,,,0.2700307350804535
340,,0.0,0.0,0.24333467620883387,0.19781041855833245,0.4169837165856734,0.03882089687308119,0.03857446411255823,,,0.6068309995095971,inf,,,0.26459295188323184
341,,0.0,0.0,0.27102786057904715,0.2354121313655925,0.5216311985097065,0.04676945111248825,0.04569298553113149,,,0.6038851895711802,inf,,,0.24824548378348604
342,,0.0,0.0,0.252469434585452,0.22747694961995102,0.5849085574708429,0.06375637531918242,0.05591706568210168,,,0.6380535849069913,inf,,,0.26139785662742
343,,0.0,0.0,0.17868665972649117,0.14493711168802043,0.5052986365965199,0.0653604708468534,0.05269996229330344,,,0.648888643467878,inf,,,0.27520964268541726
344,,0.0,0.0,0.49698127085248656,0.4219163533085676,0.5945310287001715,0.13416274211667104,0.10342318239801465,,,0.6125606311107803,inf,,,0.2626926577614227
345,,0.0,0.0,0.669505506315927,0.6314822490971299,0.5583222525758362,0.2257941063894866,0.15832612604531976,,,0.6233814453054027,inf,,,0.25648869024437676
346,,0.0,0.0,0.559394496514466,0.4852157724816036,0.6163860598756686,0.24800211796555174,0.19084818846766355,,,0.6207552362147116,inf,,,0.25639808638287853
347,,0.0,0.0,0.38270527544353644,0.35695583808063347,0.5409205088918612,0.133082116339192,0.11928940136094582,,,0.6153451465759925,inf,,,0.26621450610289554
348,,0.0,0.0,0.21103373620254545,0.12658216557126753,0.2701209595327708,0.14562501082763118,0.12293013191011246,,,0.6380535849069913,inf,,,0.3429657497898472
349,,0.0,0.0,0.8340430760507033,0.6739152026128219,0.5643774213847861,0.5082267997648798,0.23647995887572526,,,0.5287703885177266,inf,,,0.2369841066868013
350,,0.0,0.0,1.043967712233689,0.8271156953774766,0.6369062447364086,0.5459913902506572,0.1894992042766651,,,0.6528756675646988,inf,,,0.24139456731586004
351,,0.0,0.0,0.2977514594186032,0.26115438212026765,0.6413929941581437,0.2183388707416835,0.1156201029875786,,,0.6207552362147116,inf,,,0.28105618567684687
352,,0.0,0.0,0.6801896914665415,0.5843786427396706,0.5700018072673693,0.17763497759566593,0.10351210321253906,,,0.648888643467878,inf,,,0.27173474027054567
353,,0.0,0.0,0.5571666210109487,0.516410200213269,0.530786136916504,0.15598755424716032,0.12313474715837802,,,0.6153451465759925,inf,,,0.2734757544769973
354,,0.0,0.0,0.4120965493914725,0.38126128191616176,0.4428692405386239,0.11771893281779838,0.0781010624512677,,,0.5883313578629602,inf,,,0.2700723525253224
355,,0.0,0.0,0.22203252370352614,0.19732770955829315,0.34750752217270386,0.047280766288860424,0.0325480126739493,,,0.6425374456860184,inf,,,0.30419352486281687
356,,0.0,0.0,0.2400665695721527,0.16984663923564786,0.5986150276708703,0.001960665299191542,0.003385051645017354,,,0.6233814453054027,inf,,,0.3984414044535526
357,,0.0,0.0,0.28295640516323756,0.17068929157944926,0.33905091955236816,0.08453963682185299,0.05222065094918894,,,0.6068309995095971,inf,,,0.34254908096724307
358,,0.0,0.0,0.20264667687343146,0.18949930174126756,0.7221809585164289,0.00017018024003710117,0.0003463291714849618,,,0.5068466436745385,inf,,,0.36505798976160175
359,,0.0,0.0,0.1908056509083984,0.17532236437046345,0.839409130570836,0.00019168617159005864,0.0003505549919103065,,,0.6233814453054027,inf,,,0.38484405195291155
360,,0.0,0.0,0.13300420363711613,0.11520832616955916,0.8381544842194129,0.00019140444025026853,0.0003501777326949798,,,0.6008849035917525,inf,,,0.39572579179364475
361,,0.0,0.0,0.9192712029774391,0.6579189925301543,0.6170697239864914,0.35096799394286265,0.13545933635855512,,,0.6008849035917525,inf,,,0.2524187652054959
362,,0.0,0.0,0.9148870206572779,0.7259737440347296,0.7299023378781754,0.58911274719982,0.20119431508169427,,,0.6180765742263259,inf,,,0.2293709831378128
363,,0.0,0.0,0.6547399095123759,0.4035563075331473,0.33643102084016613,0.1903889058929342,0.03262318621844673,,,0.6068309995095971,inf,,,0.2916966567167698
364,,0.0,0.0,0.42483113528528826,0.34006021405946535,0.5549231775971161,0.036393344090631705,0.040134931633521,,,0.5883313578629602,inf,,,0.2944792398684838
365,,0.0,0.0,0.858974045931274,0.7902973377323627,0.6101624886032384,0.048782138844425234,0.06463539867178864,,,0.5915533975974677,inf,,,0.24968125870581154
366,,0.0,0.0,0.22028836322431097,0.153161653189122,0.09502365267035845,0.06099354120761609,0.025875703959876817,,,0.6097226960127671,inf,,,0.3858743664146216
367,,0.0,0.0,0.2257515828920963,0.15864208608589947,0.08447519314196679,0.06089829951927928,0.02203784829100812,,,0.6180765742263259,inf,,,0.3770350498067973
368,,0.0,0.0,1.624215816606664,1.2371697293230743,0.9283483546776908,0.007467960486798794,0.012561429049680658,,,0.6153451465759925,inf,,,0.19710088945868526
369,,0.0,0.0,1.4250015033183687,1.1906999825329991,0.904842590336221,0.012111276348064333,0.020356689308246148,,,0.6180765742263259,inf,,,0.1781305243456683
370,,0.0,0.0,1.427159910436871,1.3142706310292207,0.8853477234959758,0.014533950214854787,0.023654636697651985,,,0.6447042257417027,inf,,,0.17676625691834388
371,,0.0,0.0,1.3106889898850624,1.252960531619791,0.8292578301563049,0.01665909161674914,0.026492184995554734,,,0.6380535849069913,inf,,,0.1767178725875295
372,,0.0,0.0,1.471404370851499,1.3915465329430856,0.8429870598315883,0.012180740851632321,0.020178760389871216,,,0.6619902821573977,inf,,,0.17166824251010956
373,,0.0,0.0,1.6185857793836256,1.558995932350579,0.9267857408308553,0.008333231611007378,0.013695424728880799,,,0.6403206450210053,inf,,,0.19740238288100875
374,,0.0,0.0,0.2257515828920963,0.1888815252387341,0.12934447390640996,0.05120462591030086,0.020751603944815407,,,0.6068309995095971,inf,,,0.3290430723371721
375,,0.0,0.0,0.24734415717865432,0.1748331058421555,0.40283008329478676,0.05332560856536109,0.027719592836817332,,,0.5783247308855777,inf,,,0.30149120906978283
376,,0.0,0.0,0.09598293683163088,0.07363148405156998,0.5980731484816466,0.02644678317331764,0.020273741426563532,,,0.6125606311107803,inf,,,0.28477418981154107
377,,0.0,0.0,0.2619748448837403,0.12605878629094777,0.6409919832318345,0.01230306046162638,0.016065235368752963,,,0.6528756675646988,inf,,,0.24621920537221414
378,,0.0,0.0,0.08467349851939517,0.07322010888818091,0.27781682288438647,0.02947137791713203,0.02715969286009354,,,0.6333676938231112,inf,,,0.3419268018951966
379,,0.0,0.0,0.08467349851939515,0.04342319217223316,0.2234187815926974,0.041183453868273774,0.05908209962129741,,,0.62595550513784,inf,,,0.3090786999235392
380,,0.0,0.0,1.6667156853966882,1.6388314915071307,0.9401289652833883,0.04179175494604701,0.07072225957905051,,,0.6333676938231112,inf,,,0.19419655339653663
381,,0.0,0.0,1.5907665138437197,1.4816621782147783,0.9478754893464054,0.039034753560923924,0.06585949784818405,,,0.6619902821573977,inf,,,0.18799148992950204
382,,0.0,0.0,0.022340379843483554,0.016480991257922777,0.9283588071750473,0.03316555959732274,0.050287583103171475,,,0.6528756675646988,inf,,,0.2232792242032802
383,,0.0,0.0,0.06236667603779547,0.05358579630626555,0.6999563602438321,0.028499714793722465,0.041205192063662494,,,0.6468212168108125,inf,,,0.22757909591758582
384,,0.0,0.0,1.6287687031781326,1.5582358461352954,0.8874410401813396,0.010756098540649971,0.02143134063030251,,,0.6309483474627791,inf,,,0.19227419848903138
385,,0.0,0.0,0.08929447972312814,0.06933318830373854,0.4003302756247042,0.032020265922429424,0.03744645836887088,,,0.6357360191111145,inf,,,0.26829803289836796
386,,0.0,0.0,0.17868665972649117,0.15254438167040235,0.2640377783039948,0.07566645979069558,0.05148489301874973,,,0.5947193981915972,inf,,,0.2912130997208895
387,,0.0,0.0,0.1330423204975338,0.09076127488142882,0.2832957788133307,0.054262942848572075,0.06763387080833339,,,0.6403206450210053,inf,,,0.2857718095654496
388,,0.0,0.0,0.122888179777612,0.11058703975979454,0.45610651636513955,0.04430834093166825,0.05598273919763621,,,0.6447042257417027,inf,,,0.21706949873306147
389,,0.0,0.0,0.14690526410873272,0.11816003349237993,0.40605280131085203,0.06632232674389583,0.06877693605540498,,,0.6097226960127671,inf,,,0.2603749938160608
390,,0.0,0.0,0.1581806884875931,0.1217415987818823,0.4136018143690245,0.044527880500416867,0.04549212660617106,,,0.585052858160615,inf,,,0.24095920050485142
391,,0.0,0.0,0.17755399948118852,0.12077234967636273,0.3190640592702953,0.04889179553772135,0.03718110278706698,,,0.663668482632973,inf,,,0.29989457435277433
392,,0.0,0.0,0.10060391803536387,0.07689675709482419,0.2786262542471279,0.023846923563426388,0.021007325030254223,,,0.6097226960127671,inf,,,0.26642974407781145
393,,0.0,0.0,0.04466961139416602,0.03519160738089385,0.23973346053498312,0.015320423597321295,0.011812322064607694,,,0.6309483474627791,inf,,,0.28638723471656974
394,,0.0,0.0,0.06698765724152846,0.05037176586508056,0.18393774604229407,0.017859526999366982,0.012907215962645446,,,0.5883313578629602,inf,,,0.2927282066874543
395,,0.0,0.0,0.10060391803536387,0.08640567986205044,0.26826673888319374,0.030830451400052576,0.02200843520024807,,,0.648888643467878,inf,,,0.29483534172122555
396,,0.0,0.0,0.06236667603779547,0.03671464350358896,0.7683490604144776,0.019306033889149112,0.02200369758883177,,,0.6468212168108125,inf,,,0.22693070605381088
397,,0.0,0.0,0.28922259120732874,0.1919490018976565,0.20893762687720405,0.12810193144698528,0.06818957295952119,,,0.6180765742263259,inf,,,0.3335210656944785
398,,0.0,0.0,0.2703566767940242,0.21463145704467515,0.15090698184566798,0.11606444465236608,0.06541192204460451,,,0.6713451011121618,inf,,,0.3214809038483112
399,,0.0,0.0,0.25082195422869397,0.15882297484285002,0.08275031360193481,0.07444282578241579,0.03835561928006179,,,0.6180765742263259,inf,,,0.3472960273382802
400,,0.0,0.0,0.06236667603779547,0.04249076749477799,0.5738379587094431,0.02124803474865301,0.021349805897177145,,,0.5947193981915972,inf,,,0.23391140927340506
401,,0.0,0.0,0.08467349851939517,0.05606990773610902,0.4339812607619273,0.01792588472134817,0.02082689534765229,,,0.6447042257417027,inf,,,0.21989127089873076
402,,0.0,0.0,1.5273551808594037,1.4152868220063028,0.8938997910789319,0.007099375275098974,0.012314584139782172,,,0.6233814453054027,inf,,,0.18565019941656918
403,,0.0,0.0,1.6759108569722523,1.6326758596755133,0.8892464206740601,0.008121079238852276,0.01314391343360156,,,0.6153451465759925,inf,,,0.18337054026511107
404,,0.0,0.0,1.5866116770095928,1.5603374661352067,0.8527580429899209,0.00532809892660762,0.007728099308310437,,,0.6566669596287297,inf,,,0.19740170171551416
405,,0.0,0.0,1.4276571931589832,1.3396396778378152,0.8525756101866947,0.0042473090426414775,0.0073192311240958385,,,0.6447042257417027,inf,,,0.18786959700416778
406,,0.0,0.0,0.06236667603779547,0.04866193997013509,0.6647679530045022,0.016645874664700466,0.020462724285116266,,,0.6097226960127671,inf,,,0.2210840574894291
407,,0.0,0.0,0.06236667603779547,0.053588350668019376,0.7017727032077298,0.018544499238878756,0.025322564360214725,,,0.663668482632973,inf,,,0.21242849200964856
408,,0.0,0.0,0.06698765724152846,0.05824851298966409,0.2832139167329859,0.02299032124526335,0.02223942956898728,,,0.6068309995095971,inf,,,0.26877640094191585
409,,0.0,0.0,0.10696905971831198,0.08751649850168111,0.298349017873749,0.027047287420423376,0.022648537381386974,,,0.6619902821573977,inf,,,0.29010067408045465
410,,0.0,0.0,0.1330423204975338,0.10414594376982948,0.5504972158927938,0.00703960567040073,0.01082295350169797,,,0.6309483474627791,inf,,,0.24723786416485782
411,,0.0,0.0,0.19517169521930086,0.15344836633824402,0.34057621055694703,0.040851464706759634,0.030165784503614186,,,0.6357360191111145,inf,,,0.33209640130003526
412,,0.0,0.0,0.15992484896680823,0.12787072872365401,0.4094633556106718,0.04770622033047874,0.034858903996272166,,,0.6509067234006624,inf,,,0.26259793518545993
413,,0.0,0.0,0.19168337426087054,0.16792290459756995,0.3872568589130524,0.04586348302985663,0.029175041542428663,,,0.648888643467878,inf,,,0.26678410637257743
414,,0.0,0.0,0.19517169521930086,0.17034357906424052,0.4021578457892305,0.040895304789080565,0.026284600141781952,,,0.5713653840954815,inf,,,0.29205538222201466
415,,0.0,0.0,0.30262405835824796,0.274758442977414,0.1262419585329754,0.06437768367948937,0.03524150272429062,,,0.6038851895711802,inf,,,0.3402153915169855
416,,0.0,0.0,0.22226326193366597,0.19860874577874343,0.1569471163315369,0.05315875974320533,0.03335505682107173,,,0.648888643467878,inf,,,0.3533473613024151
417,,0.0,0.0,0.1645458301705412,0.13480101435136832,0.22564283652255704,0.04382409999041098,0.029881342530726322,,,0.6008849035917525,inf,,,0.3635289304803312
418,,0.0,0.0,0.6575635610199358,0.43467578662787615,0.926037458425146,0.011183121520290322,0.016618427394153167,,,0.6153451465759925,inf,,,0.2202284318858798
419,,0.0,0.0,0.8525148843772148,0.6170608685889777,0.8112216105969761,0.018238976351665784,0.024201607917344638,,,0.6097226960127671,inf,,,0.22620533889659392
420,,0.0,0.0,0.3414335063956875,0.2772415194739873,0.16406040545938144,0.11332844593781172,0.04567967506675455,,,0.6357360191111145,inf,,,0.34106501133494815
421,,0.0,0.0,0.3119796848695354,0.2398482370446391,0.1556332161792073,0.10144979544593678,0.040279764675808946,,,0.5783247308855777,inf,,,0.34449317232367527
422,,0.0,0.0,0.36168600738119283,0.2361079421471321,0.8245352042420775,0.01072326149816685,0.012825995288882317,,,0.6403206450210053,inf,,,0.2497141977284931
423,,0.0,0.0,0.6375163186702465,0.3698763938951921,0.8729915327729574,0.002560245212138041,0.0033079954636003155,,,0.6380535849069913,inf,,,0.24787889296564694
424,,0.0,0.0,0.3070312853132055,0.23210955465968092,0.1456987843976474,0.07900831531286831,0.01781051161266964,,,0.6284777104787076,inf,,,0.3451976121467295
425,,0.0,0.0,0.327190159676402,0.2616015366855888,0.1499810767369382,0.07971925116885745,0.025832371833889395,,,0.6619902821573977,inf,,,0.3379861079757841
426,,0.0,0.0,1.7147502746484393,1.5490855162018113,0.9417489514784256,0.006086739374820841,0.009229520348820902,,,0.6038851895711802,inf,,,0.18618370088079728
427,,0.0,0.0,0.102348078514579,0.06815918456234227,0.17076807283457632,0.027580654913302267,0.015132588844661454,,,0.648888643467878,inf,,,0.41195098862449686
428,,0.0,0.0,0.1330423204975338,0.11826029813596588,0.16791514614983208,0.04474579104258156,0.019762764542183314,,,0.6153451465759925,inf,,,0.42007727324897864
429,,0.0,0.0,0.1330423204975338,0.106744674367158,0.3103411286853205,0.04056871676710886,0.022640969184511812,,,0.5978297680564633,inf,,,0.4156473171885722
430,,0.0,0.0,1.5199922867363889,1.2619563717984363,0.9168617117137388,0.005017263950087358,0.009011693706389417,,,0.6602640781246099,inf,,,0.18356591425712845
431,,0.0,0.0,1.4679264690128488,1.0164698581672442,0.9295528486391155,0.00411509667026411,0.0066490872862656645,,,0.6357360191111145,inf,,,0.20005785699342896
432,,0.0,0.0,1.390023588095843,1.0654398124672113,0.8683738535954559,0.002345381499552349,0.004075208708288672,,,0.6180765742263259,inf,,,0.2031644800126252
433,,0.0,0.0,0.526713098819789,0.465247604803783,0.7481321767648713,0.006614037084251098,0.010554408931734163,,,0.585052858160615,inf,,,0.22625283684911215
434,,0.0,0.0,0.11826719857387902,0.10022990382812007,0.6747847077562924,0.01597628664275941,0.015408081059469836,,,0.6447042257417027,inf,,,0.24465978832192015
435,,0.0,0.0,0.08467349851939517,0.06532163814507261,0.18096543007392177,0.0569816249755491,0.04584143225693395,,,0.648888643467878,inf,,,0.3727458205016059
436,,0.0,0.0,0.08467349851939517,0.0678681424604725,0.0815543180690225,0.05411681076865728,0.05356881385152736,,,0.6309483474627791,inf,,,0.33765171008234424
437,,0.0,0.0,1.1921730516878324,1.0307436612196268,0.8340268882899432,0.013627555862970396,0.022149386837829542,,,0.6333676938231112,inf,,,0.20387240005370796
438,,0.0,0.0,1.5050890022405687,1.3518775605389624,0.9310900511109346,0.005201125311436296,0.009402125027376498,,,0.6207552362147116,inf,,,0.2025955428730541
439,,0.0,0.0,0.04466961139416602,0.039516413123102355,0.4555867422512675,0.016663505999732854,0.015642491729030882,,,0.6528756675646988,inf,,,0.2922930023744478
440,,0.0,0.0,0.04466961139416602,0.038622119469011805,0.4494228438519783,0.01835543738234879,0.018198708064993855,,,0.62595550513784,inf,,,0.2663969454590623
441,,0.0,0.0,0.12925332146056012,0.09580883532442494,0.3570037616555791,0.04414433595502812,0.044102691772045545,,,0.6684167106117298,inf,,,0.25213193218371494
442,,0.0,0.0,0.37637937235216695,0.33725678068174253,0.20284816564031724,0.19441412674241743,0.09640959445303213,,,0.6447042257417027,inf,,,0.30572830892086966
443,,0.0,0.0,0.6146738933329988,0.5833112465607305,0.40918923695279225,0.4809428026313403,0.26855651130825,,,0.6153451465759925,inf,,,0.26690485804570485
444,,0.0,0.0,0.4662309170417072,0.32042503189626587,0.6658906572242029,0.2014173646019706,0.11464367107059445,,,0.6528756675646988,inf,,,0.27274712460842204
445,,0.0,0.0,0.1359191412220516,0.11832430692939844,0.4467192540856384,0.032161210569644154,0.030043204353317067,,,0.6233814453054027,inf,,,0.3153968895857471
446,,0.0,0.0,0.1645458301705412,0.1101397126115469,0.31999541245859725,0.036017298173170356,0.021184788993671322,,,0.6284777104787076,inf,,,0.3098200708955701
447,,0.0,0.0,0.06698765724152846,0.05654574302588837,0.23969271475270526,0.013843326772932162,0.008742382581133377,,,0.5883313578629602,inf,,,0.35238532597101135
448,,0.0,0.0,0.06698765724152846,0.03868967199107447,0.053138339606997625,0.016228412184229716,0.011229816100751824,,,0.6097226960127671,inf,,,0.3597778824338962
449,,0.0,0.0,0.07830835683644703,0.07032148012934109,0.6900187986888591,0.0038127412098246096,0.005251930931805527,,,0.6309483474627791,inf,,,0.19780149142032014
450,,0.0,0.0,0.08467349851939517,0.05910739454588303,0.07121781647196515,0.02232013428665041,0.007363621578250833,,,0.6547956803312163,inf,,,0.41962542269416575
451,,0.0,0.0,0.12463234025682715,0.09339734783293467,0.07669978479644247,0.03438853433958769,0.014827669518209324,,,0.6380535849069913,inf,,,0.3886020973408936
452,,0.0,0.0,0.1740656785227582,0.14215842456741318,0.10773375833033516,0.0559118435758531,0.025251321202568275,,,0.6038851895711802,inf,,,0.35997779818336345
453,,0.0,0.0,0.1914526360307307,0.14167012376483085,0.36659392413279257,0.026451864128111072,0.017722872394681947,,,0.6447042257417027,inf,,,0.2812720667787156
454,,0.0,0.0,0.1774930122970747,0.149539721755165,0.6406685433970818,0.026723945104691598,0.022999522730834967,,,0.6233814453054027,inf,,,0.24595952486130776
455,,0.0,0.0,0.40359173185227826,0.3748844526045909,0.2873944907880665,0.08802832797457365,0.04248819479931176,,,0.6425374456860184,inf,,,0.3074296617710591
456,,0.0,0.0,0.36515361463131607,0.27707039908473946,0.3519404244899735,0.0737716609572762,0.045215041927561136,,,0.6068309995095971,inf,,,0.3127370127490363
457,,0.0,0.0,0.10060391803536387,0.0713976522055279,0.45014766461689343,0.01423295021342942,0.014627395861699867,,,0.6468212168108125,inf,,,0.3934024806128201
458,,0.0,0.0,0.04466961139416602,0.032093954344994145,0.6784649061214354,0.012605391868381763,0.009859234943911463,,,0.6284777104787076,inf,,,0.42009307352042224
459,,0.0,0.0,0.06236667603779547,0.04550255016185153,0.5737695153754065,0.030690046815529583,0.02712503091038602,,,0.6180765742263259,inf,,,0.32220100975910526
460,,0.0,0.0,0.04466961139416602,0.03372497121652892,0.7680257686774582,0.05409221772799945,0.05813604486045388,,,0.6380535849069913,inf,,,0.26692820991018973
461,,0.0,0.0,0.6631419935012869,0.6277735072852761,0.4815625007184913,0.09240062096234664,0.12451164125366221,,,0.6180765742263259,inf,,,0.2118305111582583
462,,0.0,0.0,0.7003038241418642,0.6816858498623148,0.5387055237097649,0.10811271296783319,0.15281301403144293,,,0.5978297680564633,inf,,,0.1997309872289247
463,,0.0,0.0,0.343984268632239,0.3149557082052002,0.4900441341333028,0.09238367169096849,0.11872609770598513,,,0.6008849035917525,inf,,,0.22975391717828678
464,,0.0,0.0,0.33784396182401943,0.3144603169742653,0.4907080701813803,0.08949110501804984,0.09753333727698096,,,0.6125606311107803,inf,,,0.26722300111545494
465,,0.0,0.0,0.4675271888168237,0.40115281571704137,0.6332419649129257,0.04971402493367605,0.05781842391445348,,,0.6403206450210053,inf,,,0.24518337179936536
466,,0.0,0.0,0.15181554680464496,0.1255035799435419,0.21100124732624292,0.05773750162127135,0.052357635686279665,,,0.6233814453054027,inf,,,0.3248356814116464
467,,0.0,0.0,0.15643652800837793,0.12296385311103988,0.18351480586772495,0.04692976265975856,0.04051583614455206,,,0.581717464821069,inf,,,0.32785779901999124
468,,0.0,0.0,0.3178906021178207,0.29163170046725223,0.6029422879165119,0.02856753614531447,0.027650273883708668,,,0.6357360191111145,inf,,,0.22620412562175582
469,,0.0,0.0,0.610082579198778,0.496952323460059,0.6728682536853235,0.1435636941440195,0.11673692483287165,,,0.6309483474627791,inf,,,0.2520246229945688
470,,0.0,0.0,0.6119101638134015,0.4887378643453937,0.683606140486802,0.15895553528586043,0.15532103009910583,,,0.6097226960127671,inf,,,0.23180674830170048
471,,0.0,0.0,0.3730879460480517,0.2615385664808632,0.43693539287007715,0.09190806777367039,0.08066391629454912,,,0.62595550513784,inf,,,0.2667931224668199
472,,0.0,0.0,0.6707612591479917,0.5605573243260032,0.5937950309051803,0.1988372897511469,0.15454424792516203,,,0.6380535849069913,inf,,,0.24595380090974836
473,,0.0,0.0,0.7415823880165195,0.6196904320919635,0.5244391802296884,0.4438037933610476,0.3493175634082819,,,0.62595550513784,inf,,,0.26389573956064905
474,,0.0,0.0,1.0980004457755843,0.9734886399816556,0.7489691258583516,0.7805226669680672,0.5264768177083904,,,0.6380535849069913,inf,,,0.21842401814904996
475,,0.0,0.0,1.4266115471056153,1.3215150370010376,0.8328005556238699,1.1339791722870391,0.9166810476787144,,,0.585052858160615,inf,,,0.21266179560837892
476,,0.0,0.0,1.383334147831839,1.36121251190338,0.8343966899209446,1.0849148452297044,0.7910874827186054,,,0.6380535849069913,inf,,,0.20684131173723044
477,,0.0,0.0,1.223015518177728,1.1530825003412875,0.8654607226689708,1.1031017695373477,0.7713662444967777,,,0.6357360191111145,inf,,,0.19680758477274302
478,,0.0,0.0,1.3022115402452483,1.1354348700311074,0.8458512009954527,0.9774789307326275,0.4532476633543693,,,0.6333676938231112,inf,,,0.20349062768750698
479,,0.0,0.0,0.8443620590047924,0.8166951978588893,0.4687757971096505,0.310338128740863,0.11743744855768767,,,0.6425374456860184,inf,,,0.24303265650475173
480,,0.0,0.0,0.122888179777612,0.09860811549134679,0.746700054868094,0.023795414954508466,0.025824630937674457,,,0.6509067234006624,inf,,,0.23399170105301562
481,,0.0,0.0,0.9046186359866639,0.5666369307789845,0.632511154329751,0.32570401687093903,0.15114872931549,,,0.5947193981915972,inf,,,0.24516652772205896
482,,0.0,0.0,1.1508195045597212,1.0125346666370165,0.8509906138265636,0.9955487598059309,0.6210330718168229,,,0.6509067234006624,inf,,,0.19537576902623716
483,,0.0,0.0,1.2373344326376636,1.1788184697569757,0.880937182389072,1.1740155969096773,0.7801734053718294,,,0.6309483474627791,inf,,,0.19702575859942892
