,hracc_correlation
0,0.5260119342841425
1,0.39536293995262645
2,0.32429002258700124
3,0.2902770038466767
4,-0.15941817857948173
5,0.0038250653693302976
6,-0.054881847011737706
7,-0.1506289003337993
8,0.30731250881942157
9,0.14784765869493743
10,-0.17521109004335297
11,0.05225060950635256
12,0.136772132319324
13,-0.05897819458427496
14,0.0976035160141769
15,0.060272398255395675
16,0.8080537423792012
17,0.29239935347670326
18,0.42895769958161245
19,0.5031334804876697
20,-0.17078789619785498
21,0.18737318848255433
22,0.3817148624770784
23,-0.0981386384342545
24,0.4329028820742521
25,0.34999894224620365
26,-0.13546660602887628
27,0.44911383498739404
28,-0.3068568058332086
29,0.14946636824790563
30,0.0016550030517384652
31,-0.12393826618043563
32,0.24856850789241064
33,0.1367269176768743
34,-0.04119603069087201
35,-0.06945185807603366
36,-0.01178880250686263
37,0.023605409251674682
38,0.17156587474023355
39,0.20305340724990187
40,0.5350050124035058
41,0.07748705461066663
42,0.03096843984092629
43,0.370806464645883
44,0.1747927059565946
45,0.31784363342626015
46,-0.07347085203723755
47,0.03810774067303951
48,0.3395487962552745
49,0.04830595169818873
50,-0.0767389140141605
51,0.1303221417606389
52,0.31772490050060853
53,-0.012658240756666685
54,0.2530681904830089
55,0.0006780093304627333
56,-0.15117004222043054
57,-0.07873407699936473
58,-0.03480186483576554
59,-0.02064138853900124
60,0.005415036119909298
61,0.16726168635552793
62,-0.03367228872760361
63,0.2696164943592038
64,-0.22642350590578184
65,0.06426805039797949
66,0.18139894780900703
67,0.08879205646282144
68,-0.1817407501046065
69,-0.0354842327462694
70,0.10084296630136799
71,-0.04243259057135102
72,0.2985304270036296
73,0.5403603007189123
74,0.2598689353893611
75,0.35283250566706026
76,0.5725579938797526
77,0.13957104087242422
78,0.28418415533516495
79,-0.09451221669902723
80,-0.034963583132651514
81,0.011537810524267956
82,0.1962325303633563
83,-0.0699583452099733
84,0.0008017876998513288
85,0.10518199244558776
86,0.11319508080724668
87,-0.027762234340673247
88,-0.025142442946531524
89,0.013551165738029525
90,-0.018201663162802126
91,-0.14571108395926632
92,-0.017458348496941386
93,-0.009588562436233005
94,-0.06761479188189416
95,0.22877116972486108
96,0.26402699111480105
97,-0.3685104110495364
98,-0.23174763481138203
99,-0.23762230039572824
100,0.3185774610256882
101,0.028947494984825243
102,0.15316913163229748
103,0.066367637750239
104,0.2528995825529195
105,-0.03318524007296033
106,-0.010045223284412824
107,0.14446716233872056
108,-0.16233390779288584
109,0.004497220466501237
110,-0.03896074176963519
111,0.10508753409790657
112,0.134934722223614
113,0.08756540228184224
114,-0.036217889536686344
115,-0.004658675043418878
116,-0.05651372324565631
117,0.020457433923917252
118,0.0998822172953153
119,0.18045132232493521
120,0.2800488539253865
121,0.314434809892138
122,-0.4272394539381321
123,-0.038813323920177716
124,0.014409908105040862
125,-0.08041580268389757
126,-0.03740886493700726
127,0.006474093636685689
128,0.28323329362511285
129,-0.024920795470700103
130,-0.03802715930546004
131,0.008481789541581724
132,-0.03260015028871178
133,0.07659331461320196
134,0.024342098616435173
135,0.3180353090172041
136,-0.19813938992099786
137,0.08869105560972333
138,-0.10704957876749738
139,-0.17009369622258538
140,0.292639562964586
141,-0.2170528781119553
142,0.08245267539946503
143,0.19256094095378698
144,0.028881007194118426
145,-0.26212973279221774
146,-0.32207153746694633
147,-0.377077305226237
148,0.012551116912530245
149,-0.3323195026135536
150,0.048972036396942996
151,0.15244342204724803
152,0.31896573229395264
153,0.2778008394963059
154,0.21166359446442146
155,0.20774070489858432
156,0.16753590812497324
157,0.30273891335784875
158,-0.05381481690532079
159,-0.010233537480446956
160,0.12759048876309587
161,-0.18112108743647495
162,0.1023477516925313
163,-0.1442676417659095
164,-0.006851686512576661
165,0.037844791805793164
166,-0.010199809617555209
167,0.09561797482079032
168,-0.2476668990496692
169,-0.3912273534888041
170,-0.026194564907734443
171,0.11009672305364936
172,-0.15912370708993984
173,0.056130195823817446
174,0.1060403718983894
175,-0.008021953032899078
176,0.2926359712283362
177,0.1406441239353497
178,0.10815103074084399
179,-0.06561616386186171
180,0.003163538083938882
181,-0.01102829610635487
182,0.426396567939613
183,0.2028246732385497
184,0.30798608087011925
185,-0.09267339549985389
186,-0.1307441478885976
187,0.25854445034510976
188,0.1925593480497358
189,0.10600674362047631
190,0.10644102701957019
191,0.01244090891931459
192,0.024849215303776838
193,-0.02330343703488664
194,0.22460808440941474
195,0.10058876491695845
196,-0.014604143768499812
197,-0.42663689196400684
198,0.01889946643924215
199,-0.1728881303141007
200,-0.14074381182216703
201,0.061169176690103355
202,-0.023496037151300407
203,0.12551820946631323
204,0.4501095881759369
205,0.0942617135398961
206,-0.19835787130988655
207,-0.16591154700524763
208,-0.10477570134030861
209,0.2018388771564206
210,0.021708953194569263
211,-0.08938020132728046
212,0.39738487156439856
213,-0.03437087723618111
214,0.041766892285409064
215,-0.3031149756886962
216,0.19553878297953878
217,0.11988437574828108
218,0.038586603794421276
219,0.0032810648579362322
220,-0.020582868983097566
221,0.05023493958205173
222,-0.01135794057714363
223,0.22868534105501473
224,0.33220506296720353
225,-0.14544375430741943
226,0.10668558294849476
227,0.2104871908371755
228,0.1501094906119206
229,0.2566099153147988
230,-0.034638013277404914
231,0.06714822347362079
232,-0.1092310541044701
233,0.1202470061939534
234,-0.03829877395600514
235,0.03739750526002937
236,-0.020325214293135312
237,-0.0713874947674365
238,0.08787041416157805
239,0.058457213657646646
240,0.17530841429453217
241,-0.045193729871310845
242,0.5235998199621742
243,0.10854745907446167
244,0.1298602449142761
245,0.02189064096413437
246,-0.12764885073137755
247,0.09114764958901074
248,-0.06960351097504637
249,0.35750314514198495
250,0.21312974435057785
251,-0.1557185866830047
252,0.0690829199533889
253,0.04895164353705115
254,-0.1409587013016499
255,0.0773536611729534
256,-0.20096688380714042
257,-0.051831490041443946
258,0.1607033226800397
259,0.02769432754946613
260,-0.07812988404326386
261,-0.0029618073490518186
262,-0.14715581905170708
263,-0.14001504018742378
264,0.10272265483115639
265,-0.25647917627448735
266,-0.057504156881568715
267,0.13401257108725181
268,0.508842000264509
269,-0.15508206118864673
270,0.136873022070946
271,0.037391094749141374
272,0.021354936955912014
273,0.089582132058292
274,-0.09655887448796312
275,-0.09815312305042775
276,-0.12624378783703066
277,0.013847217471442977
278,0.19210514771188614
279,0.2849029620756884
280,0.0714143090112234
281,0.26846012439679884
282,0.19487639508490603
283,-0.09259326933432943
284,0.10377426357104
285,0.2197648496984914
286,0.0429773601411854
287,0.1368165296615837
288,0.3670595746342487
289,0.27346104984662456
290,0.06558557870717259
291,0.004059541926348564
292,0.053962833918558745
293,0.035925648250005986
294,0.1355767828681857
295,-0.10565617205758304
296,0.047871145839354666
297,0.10712065682134222
298,-0.08963445619052873
299,0.008831897234577493
300,0.1053005103722938
301,0.25959611461797755
302,-0.017145775835350034
303,0.16048412183903166
304,0.19145638661554734
305,0.08491174723555767
306,0.0860446486465978
307,-0.0723685499044785
308,-0.023236351445798695
309,0.09865989852435422
310,0.0033144763540930017
311,-0.11594211642408797
312,-0.007644276300645874
313,0.10669133553624209
314,-0.13469537841668763
315,0.16969626983106076
316,0.21438588220392896
317,0.05282815987404018
318,0.2765969076254288
319,-0.05671164913352094
320,-0.022049725165308016
321,0.2892416583009092
322,-0.028425558971084113
323,0.08289067136269711
324,-0.00986447942823135
325,0.018094040323023194
326,-0.09266892968292814
327,0.1415260582332174
328,0.0700572031601717
329,0.2420707091052073
330,-0.17069053011722835
331,0.07673764817324709
332,0.08094422521809247
333,-0.16030682026993262
334,0.029381292008541636
335,-0.2800399970133901
336,-0.21676350596014404
337,0.03465503916376578
338,0.07778197622351479
339,-0.058784571768627496
340,0.1478679199591145
341,-0.24593894365960464
342,-0.43730618900611
343,-0.010785145163286861
344,-0.09212094541444171
345,-0.007445548128894258
346,0.1043008438282505
347,0.10812899254565327
348,-0.004504235070674219
349,0.0803310614005957
350,0.1604612160672614
351,-0.34062240921384734
352,-0.031095802935501182
353,0.029465826287505888
354,0.14985116056230377
355,-0.036329089713926545
356,-0.00945825931909448
357,-0.17595715011446963
358,0.24457196216964833
359,-0.03096375139320878
360,0.08118102794365586
361,-0.02873461889144424
362,-0.02933356134377333
363,-0.0463090598206392
364,-0.10875423439636782
365,-0.0608458923097586
366,0.04506902665803903
367,-0.09562966412734036
368,0.25250867942338767
369,0.07317604704493284
370,0.01237257958715246
371,-0.0032327085198749234
372,0.18869899123974754
373,-0.06256098985978203
374,0.15502854586091394
375,0.18326847361363358
376,0.012527413162957059
377,-0.22354127236939664
378,-0.05757223461949667
379,-0.053031479188705474
380,0.0342327139800413
381,-0.05910743463311228
382,0.10091330034145439
383,-0.18820131617988925
384,0.08074027890701815
385,0.11600215558938881
386,0.028677697790517702
387,-0.008266275209470464
388,0.0065116795898284415
389,-0.06751514519365064
390,-0.059605547950428
391,0.0907129941929593
392,-0.011586374983007217
393,0.21470259804724062
394,0.09325744800280389
395,0.12014712035508515
396,0.42171748991422425
397,-0.048437134016910736
398,-0.11483380512074082
399,0.03808830543468799
400,-0.07274918387483134
401,0.007980691574466339
402,-0.055269830805578596
403,0.08188482275016577
404,0.13891412681955315
405,0.16739930249210863
406,-0.17830761854590874
407,-0.13342235913154216
408,0.31456973477946015
409,0.1308826927604304
410,0.25766378345509405
411,-0.5658790980734009
412,0.006237245113984129
413,-0.09018917637985903
414,-0.1966706376382905
415,-0.0835061632570315
416,0.20949074737229892
417,-0.13538975881057208
418,-0.18035045412895467
419,0.2327403108580163
420,0.047114252126593405
421,0.7143569036953216
422,-0.12358205799538338
423,-0.07667032487827269
424,0.09694866239213738
425,0.3421240454466679
426,-0.019353837083446804
427,0.05547148043602532
428,0.252538216083057
429,-0.19333849906972173
430,-0.029799982555623234
431,-0.15645635836292812
432,-0.053916224987752656
433,-0.16656365554996314
434,-0.0038742498288053895
435,-0.016421092358160916
436,-0.06578260000764166
437,0.3007680919338635
438,-0.07786122597756182
439,-0.04053480267260044
440,-0.1782764795150133
441,0.11061061978181053
442,0.07535829481683397
443,0.1419180236841341
444,0.055380235319402935
445,0.13630866381640597
446,0.18830908163345095
447,0.059562956214339595
448,-0.1681991258839177
449,0.06127161867136302
450,-0.061679755258464905
451,0.10319756775245487
452,0.0916167968727284
453,0.1266882233582515
454,0.09638797095612793
455,0.02891041538069911
456,0.39455001321745153
457,0.03927102240756561
458,0.0723817838553267
459,0.37963806513934467
460,-0.2799378666981307
461,0.22163803134710874
462,0.04663260576329863
463,0.04548444098019691
464,-0.16858311520715208
465,-0.09079579158634529
466,-0.028714289391413506
467,0.07283689985914307
468,0.05413245299245004
469,0.01268181656852981
470,0.24743207070393933
471,0.08913844903058066
472,-0.2722035754192923
473,-0.18729965193943543
474,0.4349278113609513
475,0.3514569250752501
476,0.086137139067038
477,-0.23354866103881697
478,-0.1800834514040961
479,0.04521969044449453
480,0.3857142117573294
481,-0.0035725418872357218
482,0.2214293779209277
483,-0.3582106677585749
484,0.0975029347556355
485,0.44695820441418893
486,-0.0647313876738876
487,-0.3001220901792929
488,0.20740008454650816
489,-0.23784134853688021
490,0.23258306205627852
491,0.06973867103971078
492,-0.010773336537883604
493,-0.41500783254484624
494,0.21486291466575336
495,-0.33226415722088
496,0.04739546198899111
497,0.3803276967679131
498,-0.16197696480238769
499,0.04251417593146595
500,0.1356463527218511
501,0.1049611778008975
502,-0.285435122747226
503,-0.039235381853984674
504,-0.037041662890010936
505,0.5590103704286111
506,-0.264221707639082
507,0.0075434554065976975
508,0.2552754605344619
509,-0.009975745086843745
510,-0.19657099469326147
511,-0.04686128717866261
512,0.11369246598842285
513,-0.189766906052607
514,0.05614822139798864
515,0.3017509461016776
516,-0.24400335432077833
517,0.07917151464535652
518,0.02676192686039379
519,0.21209582239707614
520,0.07147157309315964
521,0.0424861451971229
522,0.18180267446006793
523,0.026190196346372884
524,0.715680448372295
525,-0.08607566482634806
526,0.07866093145719774
527,0.04383064736460651
528,0.11203860933950592
529,0.23068872706676152
530,0.10365342077693715
531,0.1844916559380327
532,0.005042804328230781
533,0.3910494447606692
534,-0.10491675796474846
535,0.45466652962031334
536,-0.15883362881516688
537,-0.11488361170609696
538,0.02697944149926583
539,0.00360288064579897
540,0.009458355623132311
541,0.12719111252031562
542,-0.0011906888723700216
543,-0.10271466333162406
544,-0.18613019350257348
545,0.15806858725865622
546,0.11122750772953441
547,0.1885489639104543
548,-0.023969922702626004
549,-0.2788164410900973
550,0.15213423648290866
551,0.08199745379630595
552,-0.09436526194179083
553,0.0004843604381543987
554,0.31625687888875503
555,0.022408123320867813
556,0.13781875734304272
557,-0.01653220884849509
558,0.3501439000706389
559,-0.11734924307019434
560,0.15174331656879697
561,0.05325401240420138
562,0.2072584158716716
563,0.03023339118981331
564,-0.022991193039392517
565,0.22473085175081267
566,0.17195940837004461
567,-0.0809614074896916
568,-0.17422304100832756
569,-0.09950447432318588
570,0.41100448801971173
571,0.019040614423823484
572,0.08241206453288791
573,-0.07406022799385846
574,0.06744716711390822
575,-0.04382752205225482
576,0.13778123166251058
577,-0.13617050948456857
578,0.0069613608545465964
579,0.12477169123318002
580,-0.05048471425416213
581,-0.18817513267711206
582,-0.14634776257745086
583,-0.0033255707057230203
584,0.2037468920713813
585,-0.1394979510200436
586,-0.17352406438390294
587,0.11207720446711085
588,-0.02023429288769764
589,0.12410543673639172
590,0.21019745464452408
591,0.17584975140260112
592,-0.19113983200749463
593,0.2791207600950878
594,-0.0897173077204374
595,0.2759677151875862
596,0.4417150482960946
597,0.25507223656526273
598,0.12684302475662093
599,-0.034505890405711045
600,0.23070892711775381
601,0.368026110665522
602,-0.5141718534162417
603,0.10336281014092448
604,-0.2228372594658788
605,0.14959163478492302
606,0.2973899207662178
607,0.15487099771253843
608,0.039963430531510365
609,0.11434973486894026
610,0.030004046792325424
611,0.20677728801643325
612,0.022146098368355824
613,0.09573218533728245
614,0.020557178440300795
615,0.04279261736223747
616,-6.63714238823403e-05
617,0.01287102929730252
618,0.03527011382169564
619,-0.06393739946313438
620,0.029456925150032037
621,-0.26694147893727255
622,0.08118379235265964
623,0.0286250069715526
624,0.5422362888706191
625,-0.033559403729237894
626,-0.15847321249605467
627,0.011394835613417208
628,0.31040445615401674
629,-0.011012239294406357
630,-0.00917519021278321
631,0.05904340928366119
632,0.1676078722437852
633,-0.14333709575096912
634,-0.011628737823778686
635,-0.14902890909523162
636,-0.03662005362419263
637,-0.1002459700956295
638,-0.09256230985412535
639,-0.004025660999765057
640,0.2446826783975146
641,0.0826227897264593
642,-0.5435916710973889
643,-0.11550531152454968
644,0.040746737224203335
645,0.08051543467969163
646,-0.2077612773922082
647,-0.08299703639687626
648,-0.15421134121253238
649,-0.1411984286501149
650,-0.18001203368452395
651,0.020687108076614773
652,-0.006001263047395823
653,0.07056239377805956
654,0.21642560382997594
655,0.015724188032864562
656,0.07448622591995546
657,0.3425532891498005
658,0.07204132234455508
659,0.4380073734093417
660,0.259063799122511
661,0.19640448567173222
662,0.1519248901210627
663,0.0710139595997586
664,0.02371104270044377
665,-0.04064478181956439
666,0.08932273770147478
667,-0.010792368126215219
668,-0.01730597257713444
669,0.10506170192641137
670,0.08207415397814612
671,-0.034841078300388226
672,-0.05692388503368449
673,-0.05991875715685621
674,-0.1320854292699257
675,-0.4298961658772838
676,0.6599050396953104
677,-0.06882864247634803
678,0.3200171314208469
679,0.5390810308373177
680,-0.3967981873224985
681,-0.07951431178919882
682,-0.24060213662700955
683,0.025651385600189036
684,0.23073278957833304
685,-0.1057889065029398
686,-0.10815807220678962
687,0.5272941659083467
688,0.12826306774179555
689,-0.1450557296792627
690,0.12571204828415936
691,0.40848183199283344
692,-0.20742534062023316
693,0.12370051850284416
694,0.19645772629123281
695,-0.1450943627628777
696,0.12596775373182081
697,0.10440407051252884
698,0.6055667403633452
699,0.0206440203180467
700,0.6888767478202179
701,-0.23646197427268867
702,0.03866769417473707
703,0.011955236295873204
704,0.03485498231440913
705,0.32020113497580993
706,-0.001307026445209093
707,0.06610289617211655
708,-0.17422096335463688
709,-0.039478724036152914
710,0.12226902169851654
711,-0.23467237632177057
712,-0.02906347901353526
713,0.015896130880121363
714,-0.02369061413339735
715,0.26266503014046433
716,-0.02675940078931529
717,-0.008536280120729427
718,0.07836295362069391
719,-0.08360464418947168
720,-0.03725199857932469
721,-0.16233527701682807
722,0.02740907370849911
723,-0.18664183768041645
724,-0.13637333937284726
725,0.1588004788775574
726,0.2001923144747577
727,-0.2376164644450978
728,0.10776358316266042
729,-0.25227907556422174
730,-0.06418916069872228
731,0.07876676708615546
732,0.29480628499500805
733,0.09316538079486114
734,-0.1340306137535913
735,0.22562145045903864
736,-0.2004251854591116
737,0.025623494778389787
738,-0.1006614616191192
739,-0.19136625442642455
740,0.2492374361559172
741,0.23490883814411087
742,0.38845693373581897
743,0.32896319188880063
744,0.20863025425560253
745,0.2428186967874475
746,0.1132609626453343
747,0.26187018692857716
748,0.04124931848618591
749,-0.2570097829570147
750,-0.0027453328489617478
751,-0.26855949423868486
752,0.26978223773477145
753,0.2608463864376642
754,0.23389996873581748
755,0.22207754161195428
756,0.06465723731296028
757,0.41022151926787914
758,0.16525617053643604
759,0.05862058154783216
760,0.03757937626475773
761,-0.14342539244718988
762,0.3022190988318902
763,-0.12387032595669477
764,0.16623194083024903
765,0.08384460183232616
766,0.13863391003456205
767,0.3145566350727617
768,0.22939953286530385
769,-0.07284204553937845
770,-0.048481343876787666
771,0.2580281382395858
772,-0.10403436359174467
773,-0.24579615312434597
774,-0.12109156677437707
775,-0.1674910457628833
776,0.10993562136877284
777,0.3101305785570552
778,0.3507289201831987
779,0.05142687918745205
780,0.07702787729737122
781,0.018587777609556804
782,-0.11313713814998735
783,0.36176238649044323
784,0.08804779136493478
785,0.03319850888037011
786,0.05660077803169825
787,0.1872697379898385
788,-0.15071727038223257
789,0.20235773329435697
790,-0.24304179784202193
791,-0.02656499099904972
792,0.003465991840214062
793,0.046366248862246724
794,0.385576362941911
795,-0.10303836508575122
796,0.1662856319919633
797,-0.03731332738111688
798,-0.06925425357763833
799,0.014029373036493525
800,0.030990347447546644
801,0.01120953172674549
802,0.22630259584940468
803,-0.01703785324575008
804,-0.14602413242246795
805,-0.36112418268987323
806,-0.06699015964759512
807,0.29707994241977254
808,0.2556155878701601
809,0.6082278008474342
810,0.3042699811310928
811,-0.11000094702589075
812,0.35150468944008356
813,-0.11483396117176192
814,0.09545318565726943
815,0.002019451775011815
816,0.45045395577094327
817,0.07953703402202016
818,0.12738362659957148
819,0.11075534986253247
820,0.13027598434412796
821,-0.47947038636760964
822,-0.22061781162674401
823,0.10292177388881761
824,0.1240889889157628
825,0.19082996782493739
826,-0.007866729126500514
827,-0.023231522710756278
828,-0.11093239831357486
829,0.09211103635357104
830,-0.18400862514408514
831,0.3250868245692356
832,-0.1965344258383618
833,-0.01017618433343789
834,0.024605255354720454
835,0.12434687149251833
836,0.3759060348704652
837,-0.1548413143450586
838,-0.26081010093332235
839,0.4939787906249363
840,0.18518709719152604
841,-0.2439481585835918
842,-0.11089760629985863
843,0.14353763982481668
844,-0.11877816780993503
845,0.1478893623518582
846,0.0711243407353924
847,-0.26955055622971025
848,-0.029332080476919667
849,-0.3408459781049584
850,0.10908804329293832
851,-0.43416881866613544
852,0.10996077760318956
853,0.009170213028927903
854,0.01418289180967932
855,0.4958462733763854
856,-0.03928883181821776
857,-0.11945842601760462
858,0.23136261161872007
859,-0.10840376744859817
860,0.25948117542583743
861,-0.1128400973101264
862,0.35672625905030453
863,0.131789538226204
864,0.2131446758557828
865,0.09259162079711417
866,-0.05037945687470992
867,0.059010594661061046
868,0.21357267146428396
869,0.1236973012427831
870,0.04981092170193148
871,0.18037562553721465
872,0.25631224512508116
873,-0.037451695397381836
874,0.11230224880433921
875,0.17668362623430106
876,-0.024196213101200743
877,0.06521947090504143
878,-0.008599512219864417
879,0.2492885480669711
880,0.38352153789051335
881,0.25100762516126834
882,0.23384937984606455
883,-0.20893971336286873
884,0.1694014476501744
885,0.09407124950269943
886,0.022858984765053138
887,0.006031856287653767
888,0.19298499470080366
889,-0.007425724236130508
890,-0.017746215984481548
891,-0.044897541467144454
892,0.20309485191268475
893,0.10984896906027061
894,0.1311571482573118
895,0.07810516519721629
896,0.2937796113982328
897,-0.07882207011551343
898,-0.0838955640222359
899,-0.15452278663974736
900,-0.03399508094482912
901,-0.3446045819296709
902,0.21453734727382004
903,-0.059901156962560334
904,-0.03203541260600804
905,0.016634141911464145
906,-0.14722269474707764
907,0.018136770771953345
908,-0.0490091565290328
909,-0.2983106254032175
910,0.04126192050937109
911,0.016647396663895035
912,0.021872188970197427
913,-0.06239146349696381
914,-0.07236913389406076
915,0.4237556473511955
916,0.017404736741664536
917,0.41033678877871216
918,0.08345576237682999
919,0.47272908478180725
920,0.2995953029125298
921,-0.03218789951151749
922,0.07370064628622189
923,0.33995821939912746
924,0.12021049248259584
925,-0.3955822231575458
926,0.18010072854021755
927,0.0033968329170350592
928,-0.35289541592751256
929,-0.19595275556710076
930,-0.42815188222400585
931,0.04233250052779979
932,0.11910585014606714
933,0.04710921133366137
934,-0.0401769016306936
935,0.004731692321925962
936,0.054749148253311605
937,0.1287309321052407
938,0.22121627240358058
939,-0.19719235241458039
940,-0.016275198770205994
941,-0.05128403707962779
942,-0.04194569541968967
943,-0.024007596789880705
944,-0.006988938338654515
945,-0.09592277971822126
946,0.4080445107790254
947,0.111678702178008
948,0.30607894036504496
949,0.4981113332238892
950,-0.03888963035198092
951,0.0365687314983311
952,-0.15438726651126616
953,0.05024767014861747
954,-0.5633080656340493
955,-0.13211865114269455
956,0.08260880522281275
957,0.03233010917799272
958,-0.019999061903713408
959,-0.16411431785603914
960,-0.21231241284925897
961,0.2722151152099535
962,0.1036432435521076
963,-0.14933485876542268
964,0.02311014592338943
965,0.24632564363792245
966,-0.020117041068667088
967,0.0745683830643751
968,0.39047854604475635
969,0.260207105207048
970,0.10913016196704894
971,-0.054008337800486875
972,0.04506477116195359
973,0.28372033101671407
974,0.048696766044730444
975,-0.07252845211902785
976,0.06906667021655695
977,0.12990939144342384
978,-0.04068710924599276
979,-0.02253761861642003
980,0.0713835495958325
981,0.39308388406711525
982,-0.014494221832671845
983,0.23305751964690646
984,0.35611848219149905
985,0.22363995519980684
986,-0.22946345674320465
987,-0.1239076962922333
988,0.11461931042382446
989,0.16745117416562358
990,-0.17011160473813722
991,-0.09438110105412888
992,0.01885285348557609
993,-0.10801387201112661
994,-0.13435281647114758
995,0.01855895374123614
996,-0.07377900076441399
997,0.27261228654819486
998,0.2752166153927327
999,-0.0074800868665176766
1000,0.06412301474284869
1001,0.3145556220228674
1002,-0.19944278639677027
1003,0.1448212766698737
1004,0.2303979717112788
1005,0.08709845871731327
1006,0.14281655125456727
1007,-0.07666236429140127
1008,-0.13356680040673538
1009,0.006899532267616656
1010,-0.14367527030819613
1011,0.058391594687755365
1012,-0.0413805188198901
1013,0.003956062768596694
1014,0.13526175426480766
1015,0.007969637705185585
1016,0.007679741620581094
1017,0.006555247730508189
1018,-0.20030529117485404
1019,0.40011358197089714
1020,-0.2035799132106782
1021,0.1443252454198124
1022,-0.05886186295097424
1023,-0.07582666195109518
1024,-0.00010373620190466436
1025,-0.02941633314976322
1026,-0.01810270775767705
1027,-0.07998689231652163
1028,0.08743798257072281
1029,0.013998053488431778
1030,0.19395967975300735
1031,0.19128647647233016
1032,0.03393984902005956
1033,0.38780127911558204
1034,-0.07388666156075378
1035,0.4247371897275425
1036,-0.026058307044089048
1037,0.21679383051487755
1038,-0.006297578035734417
1039,-0.041325795327028826
1040,-0.12074919742900486
1041,0.029645814611672195
1042,0.09805910962196547
1043,0.08621294514579907
1044,0.10003504649405577
1045,0.157240716643019
1046,0.14455459411813948
1047,-0.051706033903871865
1048,-0.05865806883144817
1049,0.1270391750551459
1050,-0.03185254219760086
1051,0.05611135500821874
1052,0.14436594408733344
1053,0.11902817482060284
1054,0.20655007321861613
1055,0.10222966944857306
1056,0.012243233922120607
1057,-0.13983376839936748
1058,0.6327811149433554
1059,-0.1064763796287319
1060,-0.13111212742616316
1061,0.17395793947847824
1062,0.12289038284902289
1063,0.08143525746627386
1064,-0.06339556030983155
1065,0.042054346596284445
1066,0.04887061282546042
1067,0.6126045844252286
1068,0.36059319282580693
1069,-0.11062388639815382
1070,0.020405761558810086
1071,0.200635110397554
1072,0.103481977909386
1073,-0.0961778923270915
1074,-0.10982957640515582
1075,0.14363599769791888
1076,0.3246059010230181
1077,-0.18343126591026362
1078,0.06262768889123153
1079,-0.10774086487902086
1080,0.25183332845235856
1081,0.1961740292101369
1082,-0.11801309617839509
1083,-0.04911922227923306
1084,0.4017679005454316
1085,0.21128802521831072
1086,0.1585036319762848
1087,0.16875719347918522
1088,0.38354811310100495
1089,0.031414855465267295
1090,-0.07420123067895004
1091,-0.22255457012757257
1092,-0.12157527846823314
1093,-0.27459569433185743
1094,0.16386016974748957
1095,0.06085972849026075
1096,0.039784293159500064
1097,-0.4264100018238574
1098,0.007773620835998895
1099,0.47302221000389305
1100,0.08197662222945838
1101,-0.009442776463819108
1102,-0.08853860928037216
1103,0.01947088291229446
1104,0.24040079648966808
1105,-0.03006169582907394
1106,0.29100441209892547
1107,0.2141786635008522
1108,0.13210297543081323
1109,0.10410939379536913
1110,0.05718519740509279
1111,-0.12967181068697084
1112,0.23099091433590505
1113,0.28601815105161765
1114,-0.021064400646439142
1115,-0.09631798987528872
1116,-0.026511888446028906
1117,-0.08205497056876926
1118,-0.05782756665578567
1119,0.3041992696747811
1120,0.08868059146517027
1121,-0.13266030391377023
1122,-0.07786515472247263
1123,0.026348741110527152
1124,0.048230522337399766
1125,0.029770419587530204
1126,-0.034344870181351655
1127,0.0004842181019508077
1128,0.06682571829460918
1129,0.1461858635993138
1130,0.024540628246542462
1131,0.03109858452950346
1132,0.08169793645863765
1133,0.004498401525383499
1134,0.2352758163670979
1135,0.060859705184193945
1136,0.27527774423585355
1137,0.05299257387621201
1138,-0.013732468484901332
1139,-0.3743300020399083
1140,0.046779646544390235
1141,0.0994854149036856
1142,0.244719738098184
1143,-0.5569738507005992
1144,-0.06576641396107606
1145,0.08698279514583727
1146,-0.13584192423318278
1147,-0.16582923315995093
1148,-0.4954805019527207
1149,0.24434311522600705
1150,-0.12969929475862113
1151,0.039681813943625376
1152,0.06826895218824655
1153,0.20128935582828147
1154,0.4175209513879434
1155,0.054302189894716524
1156,-0.3234884614242504
1157,-0.30615482523735454
1158,0.5052736212238396
1159,-0.016985951687409774
1160,-0.1265395967544221
1161,0.024340587861576196
1162,-0.21906998500196356
1163,0.19704400266245164
1164,0.24652569819674602
1165,-0.09866088489855103
1166,0.16645263296305343
1167,0.3161530481235193
1168,0.3128228841241358
1169,0.3866869997520726
1170,0.06672424459413143
1171,0.07502625247719133
1172,-0.3007456998013666
1173,0.05852469786044545
1174,0.5063957146546268
1175,-0.08378088932752835
1176,-0.12946224317049956
1177,-0.3496841706482169
1178,0.1996430957460167
1179,0.11652775846926189
1180,-0.07432523072015407
1181,-0.01385262995484825
1182,0.14073006684165956
1183,0.12493092640745097
1184,0.580660522206486
1185,-0.01883694223293168
1186,0.00944932124348715
1187,-0.032183586223465524
1188,-0.09837484233134836
1189,-0.20960179718525498
1190,-0.024414726798177102
1191,-0.3289727108918993
1192,0.3071438553829502
1193,0.2689620129987253
1194,0.16883387414821696
1195,0.028004149571568576
1196,0.12140857480422525
1197,0.3641246946494178
1198,-0.0024578835735698866
1199,0.018464483337400698
1200,0.03857008500755098
1201,0.23771434617753073
1202,0.04639073492659857
1203,0.11222408399291049
1204,-0.01887712610374838
1205,-0.0022586050467941813
1206,0.4355877327554664
1207,0.16573033244770377
1208,-0.028294813242720894
1209,0.0871009602671288
1210,0.12826749832182754
1211,0.21032639011481694
1212,0.30868062854033484
1213,0.05162597498282507
1214,-0.16477128390478482
1215,-0.18410774239520825
1216,0.05107851523567287
1217,0.10837430548705207
1218,0.19615665637745483
1219,-0.03989744878764186
1220,0.14682446315079098
1221,0.11975940558468733
1222,-0.08443162468121046
1223,0.2947674625680842
1224,-0.10516004978255014
1225,-0.07185260292504513
1226,-0.06338193563724472
1227,0.012978999496531479
1228,0.10754564091589898
1229,0.42134729064644894
1230,0.087898133074738
1231,-0.0664173788001653
1232,0.2101670772955829
1233,-0.02082145492745557
1234,0.009470111366969909
1235,0.15837775331312726
1236,0.2809548096319112
1237,0.3504231867825598
1238,0.14421550511080497
1239,0.10670406241586843
1240,0.4539136851444993
1241,0.029702685346549747
1242,-0.1568838614863796
1243,-0.16837054335765966
1244,0.3284695259985848
1245,0.38404811628028157
1246,0.45212905810129145
1247,0.0007802686528538316
1248,0.16602500782238544
1249,-0.00920826219640631
1250,0.1784774801537951
1251,0.24046342972836252
1252,-0.015629666124143134
1253,0.4713979148089296
1254,-0.05351637018243267
1255,0.19754786845050115
1256,0.029108743075042045
1257,-0.39886363241124756
1258,-0.09261952916969544
1259,0.08771203149584389
1260,0.07272893054806963
1261,0.47563228062321655
1262,-0.006925932106076899
1263,-0.4115812058728819
1264,-0.34316059214224043
1265,0.1733231203292666
1266,-0.1646152632798348
1267,0.07117392282125506
1268,-0.09344848702393155
1269,0.2981141160515527
1270,-0.1102598574250461
1271,-0.1565871541016056
1272,0.007709972230157501
1273,0.07569888224210261
1274,0.1429062583814589
1275,0.12340683408206805
1276,0.1410739533421904
1277,-0.007386234144447631
1278,-0.0006099625414455627
1279,0.11039930923728695
1280,0.31258463270107284
1281,-0.09054540830511461
1282,-0.028400094652565613
1283,0.1001140304899758
1284,-0.017437331984846774
1285,-0.09877100376805305
1286,-0.06360581233438616
1287,-0.042650833188640276
1288,0.1709966043047055
1289,0.12481374770360183
1290,0.11471998628650334
1291,-0.21116499376810402
1292,0.02006203233079556
1293,0.04873444579928299
1294,0.20240271252899633
1295,-0.010040386333752252
1296,0.1139803429457368
1297,0.16420832376770106
1298,0.25117612851710125
1299,0.03914277169338032
1300,0.09935582750889706
1301,0.5517931528720201
1302,0.4823507123574343
1303,0.19659233919214228
1304,0.08534028741308307
1305,0.015113760636689856
1306,-0.11278575828401273
1307,-0.10483625159049716
1308,0.19283761677366387
1309,0.35417111807192475
1310,-0.058430090487057565
1311,0.010607617418654786
1312,0.09730549120803272
1313,0.10110168724474287
1314,-0.26112379438793276
1315,0.3957964035083244
1316,0.07191156782843508
1317,0.26458661322914623
1318,0.29035438017835985
1319,0.050666943240303804
1320,0.05006217368102658
1321,0.5545841338511643
1322,-0.10499035092428939
1323,0.1341685989929773
1324,-0.0704721004728157
1325,-6.13474331630623e-05
1326,-0.0157382176440287
1327,-0.007365617589391082
1328,0.07086243103395214
1329,-0.012010207592257642
1330,-0.06942482453509134
1331,0.0391954044714791
1332,0.022623810796426967
1333,0.40081408060717566
1334,-0.04817523342999403
1335,-0.24784972697965632
1336,-0.0638749066172462
1337,0.11795781431413663
1338,-0.15879579270139857
1339,-0.00876811657411495
1340,0.01887017086546161
1341,-0.08635009369454355
1342,0.2107123834669616
1343,0.09946047742049338
1344,0.1865714714119533
1345,0.10386527112164966
1346,0.12118163351516868
1347,0.07565430268354136
1348,-0.08042122076926725
1349,0.1268867525830655
1350,0.26887613423685697
1351,0.16293286168530108
1352,-0.238343640791286
1353,0.14099333517461773
1354,-0.0004906991587423749
1355,0.028299258462779937
1356,-0.04357021667308915
1357,0.6391978537817704
1358,-0.06707127733929981
1359,-0.2869114714673942
1360,-0.14064262035835537
1361,0.563023235971472
1362,0.006256025811372609
1363,-0.32767458762624285
1364,0.030545972036887994
1365,0.1605228395001224
1366,-0.33779726011089256
1367,0.10141455387005417
1368,0.014936983945170821
1369,-0.16931436439194375
1370,0.4536268353028632
1371,-0.06115188825125498
1372,0.24839362216565472
1373,-0.23257930578116984
1374,0.24719442511862544
1375,-0.021040623795992502
1376,0.0030450708230202574
1377,0.24719331680975806
1378,0.27378326608872
1379,0.23480776275328522
1380,-0.06381611223253834
1381,0.18720596221556626
1382,0.28925161210106953
1383,-0.2558327725500314
1384,-0.10653514777487184
1385,-0.06592499959417618
1386,-0.20574895799418613
1387,-0.08867190150212632
1388,-0.0919260551235003
1389,-0.22736851573340003
1390,-0.014829800937290027
1391,0.07301780821461458
1392,0.019031689963066208
1393,0.1152641546631663
1394,0.22989861899227823
1395,0.037311668684412505
1396,0.27815024289261997
1397,0.3275793479584562
1398,0.0070514062184135785
1399,0.06105036998707764
1400,-0.18816264347329825
1401,0.08300447139860556
1402,0.19679287056987424
1403,-0.17462995433798192
1404,0.26521241923625444
1405,0.7215870108564771
1406,0.0800856305685056
1407,0.24649993977368193
1408,0.05441287833964752
1409,-0.13574817035099865
1410,-0.016237689037147646
1411,-0.10495497250954684
1412,0.20246361279163042
1413,-0.03759955338514235
1414,0.040866691516548974
1415,-0.05649627637400209
1416,-0.368143869266702
1417,0.2045950238953238
1418,-0.30648624179171247
1419,0.2737504607227882
1420,0.18740815345291142
1421,0.249398121407258
1422,0.19656179148826994
1423,0.16352036859616506
1424,0.11532245004920383
1425,0.1131492424487892
1426,0.22133345936268392
1427,0.1604088732635003
1428,-0.06266498479490665
1429,0.3415127154403239
1430,0.3992434910301774
1431,-0.04628520106768282
1432,0.11238071290702001
1433,0.058523283351665
1434,-0.042133751752727565
1435,0.09371542153681563
1436,0.08501942170364286
1437,-0.16009755778774062
1438,0.119011450784478
1439,0.14724308726414845
1440,-0.20436251646556608
1441,0.20267961298249704
1442,0.10585133820896533
1443,-0.45738920861686233
1444,-0.026271784940566277
1445,0.5781366344858996
1446,0.11590022897010879
1447,0.36898547139807736
1448,-0.04968868387402533
1449,-0.11474099715939579
1450,0.10778209501875693
1451,0.28568518781837754
1452,-0.001367682443298234
1453,0.27142379526857574
1454,0.32056450430964023
1455,0.3705811171825342
1456,-0.037589529910455444
1457,0.43807616280152206
1458,-0.22034279549821031
1459,-0.0095926581724968
1460,0.04769770042669203
1461,-0.026076401777894213
1462,0.23843948285789932
1463,0.38666051296066517
1464,0.2842434609794996
1465,0.054270236501248355
1466,-0.09133203792632849
1467,0.22110286236093848
1468,0.0832853716867785
1469,-0.05545647223532669
1470,0.012511005988384508
1471,0.12142846156857569
1472,0.0822319072346117
1473,0.09497146149928963
1474,0.4999174283767414
1475,-0.15404166760807886
1476,0.38532351909415025
1477,-0.05635786443758705
1478,0.03090683037776446
1479,-0.28694987276245365
1480,-0.1589209145990551
1481,0.1460862140895542
1482,0.0390739138007007
1483,0.14614717102889271
1484,0.08736965697853612
1485,0.030261246617845045
1486,0.011799438338185668
1487,0.07371243739843918
1488,0.06535367840459896
1489,0.5201758202633511
1490,-0.08297973547476603
1491,-0.0985147504354217
1492,-0.10453867927789312
1493,0.21561035347941923
1494,0.10206466112047816
1495,-0.16679250378433313
1496,0.02284971168700628
1497,0.15703500285584684
1498,0.22142818818522328
1499,0.013268614063531931
1500,0.21571205084778652
1501,0.4162365447122248
1502,0.24794969005438913
1503,-0.131655428407
1504,0.15676436300795982
1505,0.17518926187771536
1506,-0.011927806212747728
1507,0.2668643489422162
1508,0.055004204402773545
1509,0.007461561017107513
1510,-0.3251192173983563
1511,-0.04133598582762793
1512,-0.11029477567435911
1513,0.1116347390766699
1514,0.192646187563819
1515,0.19119620683222024
1516,0.06567661440947588
1517,-0.08955226578385668
1518,0.11539512390338294
1519,-0.013055393336139733
1520,0.06524330958228479
1521,0.06341885843825167
1522,0.12739060354988904
1523,0.12685925143335972
1524,0.06104788570337608
1525,0.212721961362397
1526,-0.03683691745189359
1527,0.06754627391709081
1528,0.32525351701160915
1529,0.05961153296204318
1530,0.12732851081450683
1531,-0.07177753149291365
1532,-0.1561648295009768
1533,0.23718123629340368
1534,-0.17395173905582564
1535,0.012839616046793493
1536,-0.023978059873546148
1537,0.012598936217928562
1538,-0.0668129282248242
1539,-0.12886574693768824
1540,-0.0463888029043561
1541,0.06099630891509905
1542,-0.10914520970819788
1543,0.009010180758260778
1544,-0.0518705567909823
1545,-0.01690376126663676
1546,0.02959620062712164
1547,-0.024083142996917554
1548,0.0810147351387981
1549,0.19442534384891194
1550,-0.10737708411133585
1551,-0.09692813160195404
1552,-0.14396937124599662
1553,-0.055253101673629845
1554,0.04301575506291133
1555,-0.16939263411493008
1556,-0.1879207336136316
1557,-0.02890750352292286
1558,0.017442355716410278
1559,0.24898279878341076
1560,-0.21594924693913592
1561,-0.18146103460116467
1562,0.05487412486973753
1563,-0.16248900958635387
1564,0.1290601915047178
1565,0.49086648923547377
1566,0.138869978582662
1567,-0.22595075961757283
1568,0.26342281349371466
1569,0.3897268223614034
1570,-0.10292556248270014
1571,-0.11862398672216427
1572,0.0608060949573392
1573,-0.3389916145422745
1574,-0.2650623595873074
1575,0.19378265192798869
1576,0.293708750582202
1577,0.17321816184700034
1578,0.018503136291922392
1579,-0.16162549141944435
1580,0.4680206922005855
1581,0.3085124704385498
1582,-0.006619358372957886
1583,0.07082037536723955
1584,0.12920250480546794
1585,0.33238263490135694
1586,0.43594101059892865
1587,-0.05099505987474179
1588,-0.19309563767223628
1589,-0.013081279315681971
1590,0.04770574017816499
1591,0.26195314212662474
1592,-0.0221543330169538
1593,0.07436913439251285
1594,0.005680613809591048
1595,0.06723429580796568
1596,0.5508402643346456
1597,0.2139098374725337
1598,-0.01844307788974833
1599,0.07773222418367008
1600,0.3100093257948636
1601,0.12183325767387561
1602,0.1791803962314823
1603,-0.19855498377923236
1604,-0.041932182457653185
1605,-0.08589465779121143
1606,0.5778478920277299
1607,-0.049660785692019635
1608,0.2489791870916297
1609,-0.026370357404478528
1610,-0.044310525681131814
1611,-0.10161442872462274
1612,0.1354303667514004
1613,0.15188188070065228
1614,-0.007589235496452191
1615,0.004368235611711521
1616,0.30086838921252246
1617,0.33262891660779526
1618,0.11546421016651451
1619,0.05520083119073244
1620,-0.25594123323809387
1621,0.33148294312814314
1622,0.03011627019569598
1623,-0.29708483420908605
1624,-0.058972182367533536
1625,-0.038565873438460976
1626,-0.16525174722296931
1627,0.09674830776637615
1628,-0.3775939022608946
1629,0.0041391219298249704
1630,0.3141325763356807
1631,0.20375770615166763
1632,0.1477723213228297
1633,0.12670133285199145
1634,-0.07450452037231278
1635,0.16613435353359615
1636,0.17903670252160017
1637,0.07445499936920644
1638,0.023687232327038562
1639,0.12023686279845115
1640,0.6193943331887805
1641,0.08947974192065355
1642,0.16916791010955365
1643,0.3087940186906625
1644,-0.02752165033605182
1645,-0.00833140034521168
1646,-0.3329110409545478
1647,0.026239522858661324
1648,-0.38820914351146474
1649,-0.020066489185459453
1650,-0.05425662557639424
1651,0.26378525848217077
1652,-0.05214514991842157
1653,-0.04518670008126278
1654,-0.0023829270345472734
1655,0.2609831208742411
1656,-0.06932185787575422
1657,0.013175905436916832
1658,0.10014461028599483
1659,-0.07158636087350256
1660,-0.14659929886673165
1661,0.4524742971253434
1662,-0.022239312137866018
1663,0.025754177940888297
1664,0.2985669407612713
1665,0.1765030061008575
1666,0.07979243782878584
1667,0.28776889256083127
1668,0.039621820837583574
1669,0.27121667361197
1670,-0.23131251152525542
1671,-0.055427471988276945
1672,0.09009603377604203
1673,0.1736925624046127
1674,0.23118290011798343
1675,-0.13217805250338016
1676,0.09001640628468072
1677,0.16891129246171063
1678,0.2836857110276982
1679,0.007867708187807304
1680,0.10395488602838633
1681,-0.023296378404121288
1682,0.05144571432012136
1683,-0.17495278348459362
1684,0.037533146263145016
1685,0.3838304675851145
1686,0.010832944189945673
1687,-0.06680677362638587
1688,-0.06490129736770377
1689,-0.11502277591326801
1690,0.48869051300888483
1691,-0.04677221801203635
1692,0.02130544594879232
1693,0.09102859950352904
1694,0.18355564539566888
1695,0.48217033730656556
1696,0.38970139405471
1697,-0.18224219127128993
1698,-0.3860517918936032
1699,-0.05098380859311133
1700,0.03280911097007242
1701,0.3206347560267357
1702,-0.06429260735749348
1703,0.04050613720804682
1704,0.2568481025152883
1705,0.26111615660533477
1706,-0.5247470283445106
1707,0.20619814786332027
1708,0.24140291357153928
1709,0.14082964796997768
1710,0.21691702568611582
1711,0.16028736881384434
1712,-0.0016827273646731113
1713,-0.38039335535294394
1714,0.11983726661780073
1715,-0.28267063032567613
1716,-0.20917438293008392
1717,-0.07744531003186557
1718,0.22352201974175834
1719,0.028508971877591962
1720,0.13503338053430067
1721,-0.05208680872671775
1722,-0.005983902775730069
1723,0.22707454091454848
1724,-0.031167347785014454
1725,-0.055309388775541986
1726,-0.03981401505000275
1727,-0.2017950199680119
1728,0.33530549749766086
1729,0.25514414772310984
1730,-0.021253445203733685
1731,-0.06850422564343599
1732,-0.03349489900825522
1733,0.17285107372756914
1734,-0.2622707778479007
1735,-0.07807371308343534
1736,-0.34782644662598405
1737,0.057506410037599244
1738,0.1443250112163066
1739,0.18356030833462048
1740,-0.05685367778776287
1741,0.24279094445423854
1742,0.30010752102926225
1743,-0.053905416470003124
1744,-0.1286507820489166
1745,0.004676337544892777
1746,-0.09730985174449489
1747,0.27057017351055096
1748,0.121368673618962
1749,0.1832553940570425
1750,0.3458989204263283
1751,0.3061159950593353
1752,0.006634321691550566
1753,-0.07224590883636703
1754,0.04447778471343861
1755,-0.06541349597701908
1756,0.1756292494342882
1757,-0.3959271879624754
1758,-0.03370548879948891
1759,-0.10664085457466782
1760,-0.023791492538139336
1761,-0.03326060325766739
1762,-0.2504134351071811
1763,0.06110458431421322
1764,-0.46075253314491604
1765,0.013018180965267299
1766,0.17915643550896612
1767,0.4597925606668394
1768,-0.07917831920714176
1769,0.341693315751511
1770,-0.1365189636453605
1771,0.17086770743256682
1772,-0.018676282173645732
1773,0.04974551596529669
1774,-0.09551180972508005
1775,0.008250887447380905
1776,0.04496196133200388
1777,0.04685329665382971
1778,-0.2857463766741398
1779,-0.06364303972117206
1780,-0.1454128218546435
1781,-0.024134733249452152
1782,0.32166813995428684
1783,0.6398243422829283
1784,0.3605171776194279
1785,0.219241211943163
1786,0.30164179193031376
1787,-0.42605892340528007
1788,-0.019966340143801598
1789,0.3260997091615801
1790,-0.055304931891292375
1791,-0.229474294086378
1792,0.10237704898896366
1793,0.02522933851760792
1794,-0.25667413056743127
1795,0.06691239353491577
1796,0.04085813472049697
1797,-0.47779554706422966
1798,-0.10259879404776169
1799,-0.17208546558554272
1800,-0.21540619748056156
1801,0.10462284638429768
1802,-0.0029010984925433307
1803,0.013243132599392441
1804,0.4219952784010202
1805,-0.06592051437843711
1806,-0.14404337697521566
1807,0.2553579177105383
1808,-0.2712731931544707
1809,0.28263034423502803
1810,0.10434998260256022
1811,0.25915910432038775
1812,-0.07104188981859443
1813,0.1572308757500702
1814,0.21272710915452853
1815,0.1081948322588884
1816,-0.03469206905796181
1817,0.2004300802511393
1818,0.10107936031807675
1819,-0.18472535634466883
1820,0.7603787026699528
1821,-0.048312983724608925
1822,0.5065538725188097
1823,0.2627429037716332
1824,-0.042179410806979366
1825,0.31802959954438315
1826,0.2427469262580673
1827,0.34749788510025903
1828,-0.055143379443097995
1829,0.002122448509668537
1830,-0.006438875524207061
1831,0.08497948677051134
