,hr+eda_XAp0,hr+eda_XAp1,hr+eda_XAp2,hr+eda_XCond1,hr+eda_XCond2,hr+eda_XDist,hr+eda_XFuzz1,hr+eda_XFuzz2,hr+eda_XK2_1,hr+eda_XK2_2,hr+eda_XPermEn,hr+eda_XSamp0,hr+eda_XSamp1,hr+eda_XSamp2,hr+eda_XSpec
0,,0.0,0.0,1.7451883928774228,1.3381401526178107,0.7457974776129704,0.010824939034225739,0.02948580740758363,,,0.4576907132971797,inf,,,0.15856346998398954
1,,0.0,0.0,1.4889770660697397,0.8694460480378883,0.9310582987139534,0.13210955285024228,0.2919183917949415,,,0.4880666971167561,inf,,,0.1793303575453793
2,,0.0,0.0,1.347241632463108,1.1073916898795366,0.8667508654632783,0.10376994309383349,0.24137379578226903,,,0.48319206230712763,inf,,,0.16879691216201334
3,,0.0,0.0,1.512606461228541,0.779376754781649,0.8614001704461266,0.13305003086885783,0.25798592190467473,,,0.4880666971167561,inf,,,0.1771377312125557
4,,0.0,0.0,1.731995354451035,1.405601806591693,0.8340377136630772,0.06977608620846087,0.16483099887892821,,,0.4928685327679205,inf,,,0.16701495743245137
5,,0.0,0.0,1.644252110394252,1.2639807871152382,0.8894032619360962,0.12665560117436742,0.2958115102986898,,,0.5022576003740722,inf,,,0.17013524530250726
6,,0.0,0.0,1.5979843798119044,1.2373588223635703,0.9253240159597342,0.1046522269694545,0.2468244547848863,,,0.468121228110369,inf,,,0.16720004696851395
7,,0.0,0.0,1.722510002000252,1.3182937311553151,0.9355977853331146,0.17830980777644287,0.32197940614835635,,,0.44144624493110796,inf,,,0.1642552829090819
8,,0.0,0.0,1.74795734659334,1.1974003165423972,0.869608592752347,0.043506529768788646,0.09577136970001951,,,0.5490601803369085,inf,,,0.1615641805153342
9,,0.0,0.0,1.7770620590913144,1.034643057704794,0.9729703309222364,0.30963998991034314,0.48621752780559896,,,0.4576907132971797,inf,,,0.1646476214932054
10,,0.0,0.0,1.6456160136633253,1.2929159354082105,0.9508460850770601,0.5146823687708886,0.6851159347856822,,,0.4302020962658841,inf,,,0.17025026032129528
11,,0.0,0.0,1.6957937983832239,1.230046845095844,0.9179308574285341,0.29067539986379304,0.4271211325572472,,,0.5287703885177266,inf,,,0.16254888164605896
12,,0.0,0.0,1.4324557964812932,0.9019299015679692,0.9515322215388955,0.37671764750221653,0.47045925422563867,,,0.4928685327679205,inf,,,0.18761741928164521
13,,0.0,0.0,1.5895211512721863,1.2801034991608489,0.8472068888010781,0.032792117723399815,0.07292937459741522,,,0.38163879478178075,inf,,,0.16127390553897808
14,,0.0,0.0,1.566234999644455,0.9375911673531686,0.7762811795449448,0.0698705665889783,0.14301849754929657,,,0.5113665138247345,inf,,,0.17830749438844326
15,,0.0,0.0,1.4645884084458412,0.878980492975805,0.9418449657493007,0.11991333299475786,0.23025404231504634,,,0.4732203808476458,inf,,,0.16606886128109213
16,,0.0,0.0,1.6024612977020323,1.238479437436961,0.877799754712725,0.19997667663274,0.35221609357810124,,,0.5677978065141052,inf,,,0.17687512889717075
17,,0.0,0.0,1.558448472535338,1.2013971770874787,0.9270703823932946,0.2699634345145153,0.5171363548186814,,,0.49759852643134905,inf,,,0.17918946921673132
18,,0.0,0.0,1.6249268248756277,1.2519759828766375,0.9248083678244595,0.11236965282417949,0.24442826904147014,,,0.5158180382284114,inf,,,0.16363862450640076
19,,0.0,0.0,1.7211312323793873,0.9849625446818275,0.8821150730650505,0.10499534980716907,0.24329245743404052,,,0.5022576003740722,inf,,,0.1691956973583073
20,,0.0,0.0,1.5196812255124013,1.1654438996061625,0.9046623951868291,0.1135696942340102,0.2831569054608868,,,0.524519217297268,inf,,,0.1598164772960887
21,,0.0,0.0,1.7705330358779003,1.0178503793418714,0.9637581706160622,0.2182920596042109,0.46470318309378345,,,0.47824363442641393,inf,,,0.16014944602389916
22,,0.0,0.0,1.6837101024250383,1.2264820833197811,0.9727961145138369,0.22298243127719589,0.46600258185077337,,,0.5113665138247345,inf,,,0.17297367376276299
23,,0.0,0.0,1.6273666017758088,1.1380104531025577,0.9342841250415941,0.19326109646159423,0.40210710290220986,,,0.5113665138247345,inf,,,0.17649423184557397
24,,0.0,0.0,1.4934393868855458,1.1086059922659985,0.9403525089347577,0.17095589679132925,0.3831477200887713,,,0.468121228110369,inf,,,0.18312630798192578
25,,0.0,0.0,1.5855225677450755,0.9139045812551276,0.9125292883111126,0.18342668215621274,0.3334121932686769,,,0.5287703885177266,inf,,,0.16973530421926097
26,,0.0,0.0,1.765765049722288,1.3183881810086036,0.9173940850674257,0.12083760262695036,0.2882748357445657,,,0.5202020156036558,inf,,,0.1647179767221555
27,,0.0,0.0,1.491799727614459,0.8592363927323412,0.8959733440156181,0.050624236093431224,0.11951864592014,,,0.4928685327679205,inf,,,0.16916207250343712
28,,0.0,0.0,1.5764469901405194,1.0863361239129747,0.9300478027480727,0.011211673952238384,0.027693456717703693,,,0.5113665138247345,inf,,,0.1628691380277143
29,,0.0,0.0,1.4063871256899858,1.08358128361767,0.9279316257613828,0.050542056549098165,0.088703465538298,,,0.5113665138247345,inf,,,0.17248810735786996
30,,0.0,0.0,1.6867481403809268,1.2090501096710211,0.9438518954703522,0.012702293374987263,0.03404591913406116,,,0.41861278947482794,inf,,,0.16817462960838522
31,,0.0,0.0,1.6553952093817104,0.8793848426211418,0.9286971083888782,0.1295906883321664,0.2815797756670515,,,0.48319206230712763,inf,,,0.16562076417771252
32,,0.0,0.0,1.5003288987611758,0.7174185298915243,0.9366338019441818,0.07419282991985908,0.18898423165295766,,,0.5158180382284114,inf,,,0.16779824252738995
33,,0.0,0.0,1.6527871327856354,1.0423746507311267,0.9170861840063367,0.04438987766854346,0.11597135105256642,,,0.5158180382284114,inf,,,0.16641894032338
34,,0.0,0.0,1.4894209646400376,1.2116352266206563,0.8684099393583596,0.020345573729954387,0.05855096723840469,,,0.5329562494928909,inf,,,0.168983886517508
35,,0.0,0.0,1.6273476597122154,1.2385151293216254,0.9551353627906851,0.007195384337760558,0.022363116994886762,,,0.48319206230712763,inf,,,0.16732444545570704
36,,0.0,0.0,1.735038249473553,1.3324498456159735,0.9013249574018529,0.008465444573976496,0.026281191335309338,,,0.42445136339222655,inf,,,0.1646705645571949
37,,0.0,0.0,1.7029393192343636,1.1525206492328772,0.8762036370834418,0.15839567087507544,0.2696438948940193,,,0.4928685327679205,inf,,,0.18797263882064205
38,,0.0,0.0,1.660499934745483,1.0773464876326546,0.9487803527975119,0.10838861239634154,0.2641727173773477,,,0.38804190201132227,inf,,,0.1699425371352562
39,,0.0,0.0,1.630386327296576,1.2749305167260352,0.8662465853072876,0.1294364340630672,0.2544898859969502,,,0.40055318934786044,inf,,,0.16989707368993423
40,,0.0,0.0,1.6444288894248391,1.1070926213667347,0.9004605170733716,0.07995709870121231,0.18949294464459515,,,0.524519217297268,inf,,,0.16483116199584766
41,,0.0,0.0,1.6648678386768037,1.1783167223538893,0.8834682338321548,0.08257424895909932,0.20288983800732346,,,0.541134803179459,inf,,,0.17428047297612376
42,,0.0,0.0,1.6355934556075367,1.0856875482080206,0.9339039735748226,0.03525921171851754,0.09274523610919919,,,0.4880666971167561,inf,,,0.16895339578528837
43,,0.0,0.0,0.5386281111228168,0.3449797923644138,0.7816037248396139,0.03629758512800735,0.09411049316098916,,,0.524519217297268,inf,,,0.16423459592460285
44,,0.0,0.0,0.5910699172308086,0.29245764734981944,0.9487738211530482,0.1196970136073278,0.26309683124565203,,,0.5158180382284114,inf,,,0.1646707483684045
45,,0.0,0.0,0.9543252040034972,0.695634608198051,0.966638076457269,0.2117862273215264,0.46540394612800845,,,0.44144624493110796,inf,,,0.1723697137229927
46,,0.0,0.0,0.5049044088452312,0.33140159417169807,0.9273045437056165,0.12243675283465598,0.24203123257248588,,,0.5287703885177266,inf,,,0.16875244997694952
47,,0.0,0.0,1.6518274179861467,0.9909206387022873,0.81180477224716,0.05822674345321384,0.11833129384080371,,,0.5113665138247345,inf,,,0.16424732025180752
48,,0.0,0.0,1.5352807413484575,1.2786884109927306,0.7919132949403767,0.02342813758141618,0.05991520417523178,,,0.5022576003740722,inf,,,0.16087628549361022
49,,0.0,0.0,1.506074636817811,1.0268427175394703,0.8868617560501524,0.0011387624024896687,0.0035583479642538945,,,0.581717464821069,inf,,,0.16259631503573158
50,,0.0,0.0,1.2553787854190284,0.9124417384561916,0.9283081702265136,0.0027298812117039057,0.00832825849263825,,,0.585052858160615,inf,,,0.1602629423584808
51,,0.0,0.0,1.3333366009088485,0.8913456554780254,0.8581488987395584,0.006323478865779227,0.019422388020049454,,,0.581717464821069,inf,,,0.16554113719410996
52,,0.0,0.0,1.5873316979728616,0.7479440930097073,0.8302114137558427,0.0012134577938498073,0.0038718130902286258,,,0.6068309995095971,inf,,,0.1636349014004433
53,,0.0,0.0,1.6766133761680986,1.1573666828258,0.8966523235693078,0.0013198233860027921,0.004138757597094988,,,0.5604843169999094,inf,,,0.1643529506517285
54,,0.0,0.0,1.4766429404421921,0.8883593803689259,0.7867420464125306,0.002462244798368587,0.007551424014118511,,,0.5677978065141052,inf,,,0.16464738516634425
55,,0.0,0.0,1.0041690141094348,0.3270603078990778,0.937801550904875,0.013360942542153377,0.03939142732357374,,,0.5947193981915972,inf,,,0.1647938377938562
56,,0.0,0.0,1.3491823670544854,0.9540168949755771,0.7586117902618442,0.03191735859479034,0.07118438809955113,,,0.581717464821069,inf,,,0.16400005449918345
57,,0.0,0.0,1.3549690862837103,1.1562155573759083,0.9060628538122597,0.045882988076300577,0.12644266904601822,,,0.5158180382284114,inf,,,0.16487856403756637
58,,0.0,0.0,1.7046876347158586,1.4518516115121867,0.8891850930099389,0.004093356739141007,0.012199791667961635,,,0.5370774965580548,inf,,,0.1636308410305861
59,,0.0,0.0,1.5213287442942962,0.8855008511185978,0.8954310584631594,0.005148682760731419,0.01545836817677079,,,0.581717464821069,inf,,,0.16438425895078632
60,,0.0,0.0,1.5112308598355009,0.9936106909230273,0.9001758120043031,0.017955309897358385,0.05116864842570689,,,0.6180765742263259,inf,,,0.16298588691383342
61,,0.0,0.0,1.2974707123332208,1.0568592405706925,0.9557329676743488,0.006126997832026043,0.0189333083156768,,,0.5641709578113449,inf,,,0.16282508352228178
62,,0.0,0.0,1.6657210742892412,0.8802224032097512,0.8986660565136649,0.0010106802646794011,0.0031692717930229194,,,0.6097226960127671,inf,,,0.1610224969062662
63,,0.0,0.0,1.5228669782754625,1.2329931756150994,0.9619289793852986,0.0018754277438942138,0.005829021773283825,,,0.5748741956352443,inf,,,0.16280955909718425
64,,0.0,0.0,1.4832046970545218,0.7006901303965299,0.9165329861594076,0.0017325467070182469,0.005526870008740717,,,0.6233814453054027,inf,,,0.16320352331126178
65,,0.0,0.0,1.6500232667347108,1.1517321967595993,0.8222044050793612,0.011503012507443764,0.03130259892138593,,,0.585052858160615,inf,,,0.16586042339846724
66,,0.0,0.0,1.639528861564655,0.9357949339347238,0.8789330607815186,0.0025130963042865177,0.007769366500217338,,,0.5883313578629602,inf,,,0.163481269174021
67,,0.0,0.0,1.2813474057696435,0.7644876748853929,0.7447371549568383,0.023593444131587385,0.054696654688741186,,,0.5567373465730988,inf,,,0.16437123056248068
68,,0.0,0.0,1.4867654106005461,0.9892801747842127,0.8097892931363672,0.022870891380799802,0.06232938539526579,,,0.5567373465730988,inf,,,0.1680067144253047
69,,0.0,0.0,1.1677237626919557,0.8947346505920571,0.9407720836409694,0.00343371811273522,0.010479314743241498,,,0.5567373465730988,inf,,,0.16514633233367554
70,,0.0,0.0,1.1871091321883083,0.9659735270299871,0.8609647315963246,0.004990290724050823,0.015175662223490257,,,0.552929491858785,inf,,,0.1647144584862047
71,,0.0,0.0,1.0950019668059177,0.8768732592323004,0.7743017584588647,0.004627135758270925,0.01413898571047073,,,0.5490601803369085,inf,,,0.16336861538668304
72,,0.0,0.0,1.7448099601884248,1.116202813662568,0.9134295189357176,0.002590708032867525,0.008114468478770873,,,0.5915533975974677,inf,,,0.1631369614900425
73,,0.0,0.0,1.7569609248584295,1.0936880749542492,0.8098150070723187,0.001463821419888888,0.004637083621637331,,,0.6038851895711802,inf,,,0.1627316622934436
74,,0.0,0.0,1.6731650669208566,1.096230449887853,0.8078455272406144,0.007429083876449641,0.02250162982563577,,,0.6180765742263259,inf,,,0.16360248747664774
75,,0.0,0.0,1.533633676263296,0.9467424840360428,0.8755086437724253,0.004819570968765652,0.014904034208897072,,,0.6008849035917525,inf,,,0.16292055399305994
76,,0.0,0.0,1.1682126185327244,0.47127113455112785,0.9229466335058387,0.003505820483260933,0.01084089737648594,,,0.6125606311107803,inf,,,0.16260923922481055
77,,0.0,0.0,0.7610236106917578,0.5723689047334117,0.7638925319983737,0.03822063099359369,0.09644108829505331,,,0.5329562494928909,inf,,,0.16893077189938688
78,,0.0,0.0,1.1730881657654302,0.45190613274010677,0.851301265666863,0.12991248659625507,0.2492111106536656,,,0.44694259446804574,inf,,,0.20221945752082798
79,,0.0,0.0,0.1330423204975338,0.0875770282831992,0.94075914795121,0.11225040498584564,0.24708681840275704,,,0.5883313578629602,inf,,,0.20550880730421234
80,,0.0,0.0,0.687956736412162,0.2984384319725746,0.8747078549642181,0.013352692000832653,0.03446306847997875,,,0.5202020156036558,inf,,,0.17532060584532064
81,,0.0,0.0,0.9261943440571178,0.7390783594173724,0.6890871556407075,0.01831808252090949,0.050637996216173306,,,0.5748741956352443,inf,,,0.16473235123142102
82,,0.0,0.0,1.2372000261882725,0.7923287898606909,0.8950857855276086,0.004659950178520519,0.014007867740186813,,,0.5490601803369085,inf,,,0.16458684108659016
83,,0.0,0.0,1.0656315430965486,0.509275302017306,0.9376866279562186,0.007018824301108731,0.021366779007284436,,,0.4928685327679205,inf,,,0.17948561337339952
84,,0.0,0.0,1.6839810929527488,1.0773510581536903,0.8829874453088443,0.012139242714906523,0.030740112037881653,,,0.5113665138247345,inf,,,0.17559661902382098
85,,0.0,0.0,1.750183766629713,1.2696913987042031,0.9248597209898002,0.017672302335299643,0.047250995288503114,,,0.5370774965580548,inf,,,0.16374251844530566
86,,0.0,0.0,1.6300423888197664,1.0931169554247937,0.895522699994392,0.01969530544798147,0.05291329885586439,,,0.5068466436745385,inf,,,0.16477604857166547
87,,0.0,0.0,1.5524576143414266,1.2045234555844628,0.9353883365311866,0.01139483311386492,0.03278943306567973,,,0.3943459996787778,inf,,,0.16494422660304625
88,,0.0,0.0,1.6945398199641415,1.401430630213505,0.8263398456890925,0.008056240286373867,0.024536658517099793,,,0.36181263880445963,inf,,,0.16559901196411847
89,,0.0,0.0,1.513475172612837,1.1472697343695624,0.9103661636197128,0.01224971701013299,0.034330256520059485,,,0.44144624493110796,inf,,,0.1679838295208313
90,,0.0,0.0,1.52517906167715,1.2098130380400258,0.9351291436051917,0.007615690713872626,0.021929610552677593,,,0.4066654671944331,inf,,,0.16779066809265764
91,,0.0,0.0,1.649492573525078,1.2871838687975772,0.926327251398245,0.013764746211063371,0.038247382681797684,,,0.4928685327679205,inf,,,0.16413360679468064
92,,0.0,0.0,1.7175237394903604,1.420884565195197,0.9499924803204027,0.010815960081922123,0.032105504824420386,,,0.468121228110369,inf,,,0.16454227283627623
93,,0.0,0.0,1.667184679370731,1.454957123760045,0.9036407729067145,0.012447559069781235,0.03412189932448862,,,0.4732203808476458,inf,,,0.16358330778080715
94,,0.0,0.0,1.366882196908499,1.1889748384086603,0.7815048148500362,0.023580757876534256,0.061887796549400284,,,0.49759852643134905,inf,,,0.16202516811031248
95,,0.0,0.0,1.3691339247412935,1.2118232399899413,0.8616607699014981,0.028600554811476015,0.07026368274019132,,,0.3943459996787778,inf,,,0.16707491209788153
96,,0.0,0.0,1.6667953658211168,1.4620541972763519,0.8217556110890657,0.023851103095729655,0.05858378974230405,,,0.45235697871908603,inf,,,0.16454240720143565
97,,0.0,0.0,1.607200932505436,1.4182228420910836,0.8674132538125983,0.02252678705415269,0.060305288937913426,,,0.43586655696697996,inf,,,0.16546338719730577
98,,0.0,0.0,1.4356339093748187,1.0237949615753525,0.8769627188898774,0.0373356325626101,0.09820136608971394,,,0.41268473150466,inf,,,0.1660180448773602
99,,0.0,0.0,1.560542943155626,1.114905149022309,0.9189441287623346,0.04149761413219328,0.10694431113310478,,,0.5113665138247345,inf,,,0.15917563751977123
100,,0.0,0.0,1.6291863826941255,1.3508051727287849,0.9489245058881931,0.009737104598565775,0.02856118996557023,,,0.43586655696697996,inf,,,0.16269914691271684
101,,0.0,0.0,1.746718294235909,1.2552957694478755,0.9097675412578239,0.00897972620004703,0.02684146709871805,,,0.3685265678147087,inf,,,0.16527896947071113
102,,0.0,0.0,1.7042773844499528,1.0131145618274158,0.914798964047446,0.004114800289753717,0.012764460569513858,,,0.23718601089358102,inf,,,0.1703956934547837
103,,0.0,0.0,1.7535532297421985,0.9071896825122923,0.9690212747155296,0.002711575508771827,0.008568231352335443,,,0.2961247884481232,inf,,,0.16445589147620235
104,,0.0,0.0,1.7727681876932329,1.1287846612539738,0.9221446149041385,0.001639050482381136,0.005170579962481317,,,0.468121228110369,inf,,,0.16447772408427627
105,,0.0,0.0,1.487461667665499,0.8649582760566864,0.9805152892578087,0.007468238444310059,0.023201776792941,,,0.5158180382284114,inf,,,0.16529938019177343
106,,0.0,0.0,1.6809964158308999,0.9433034427846655,0.9500001288223476,0.003439518273723965,0.010696257452994589,,,0.5451288209179292,inf,,,0.16344681369474898
107,,0.0,0.0,0.8849683908606597,0.5884682427503153,0.9053206925133879,0.008153804596914078,0.024520293982936855,,,0.5287703885177266,inf,,,0.16355228064590285
108,,0.0,0.0,1.478748859671984,1.2736283696667576,0.910175060349892,0.003686761023327306,0.011579747825368702,,,0.38163879478178075,inf,,,0.1607945855876209
109,,0.0,0.0,1.466093096292442,1.3417039330203726,0.9534678168983308,0.004187895951815911,0.013145229381255223,,,0.4066654671944331,inf,,,0.1631248516229817
110,,0.0,0.0,1.6864416956120725,1.3474904684376652,0.957707501554682,0.0014283435383542573,0.004396924576086432,,,0.38804190201132227,inf,,,0.164697653991087
111,,0.0,0.0,1.6360365231271907,1.4144039283236296,0.8916220911751034,0.005209853978221086,0.016082694619504064,,,0.4576907132971797,inf,,,0.1637489168869112
112,,0.0,0.0,1.5815596199821635,1.2496786483649127,0.9075038700657576,0.0019293281913061544,0.005464131310210666,,,0.4880666971167561,inf,,,0.16257435876043275
113,,0.0,0.0,1.6807084556040466,1.236801844595701,0.8766911217279607,0.0058386759026302125,0.016255202768506255,,,0.44694259446804574,inf,,,0.16434893105167345
114,,0.0,0.0,1.5777763240346456,1.1782954061923103,0.8919244601436429,0.011862775290605383,0.03346257984716273,,,0.47824363442641393,inf,,,0.15985120345747575
115,,0.0,0.0,1.6287462360073277,1.4509792383697058,0.8209055273667119,0.00661121706083982,0.01911189286643592,,,0.4576907132971797,inf,,,0.1630162461606761
116,,0.0,0.0,1.576597693046456,1.4757620093777448,0.8386175675557473,0.00388273279044329,0.011158462634540085,,,0.45235697871908603,inf,,,0.1630346668796627
117,,0.0,0.0,1.4266981785551642,1.146762086354944,0.8709412729852101,0.004318228310428177,0.012488708211896963,,,0.4576907132971797,inf,,,0.16269159682525736
118,,0.0,0.0,1.2504475237153492,1.096832969377993,0.8884909148684034,0.008741122732435234,0.026412072548848104,,,0.3685265678147087,inf,,,0.16309509279905984
119,,0.0,0.0,1.6918708391636497,1.1234889468447535,0.9124743668363424,0.016503917896168785,0.04670356095173865,,,0.3943459996787778,inf,,,0.16350236495693027
120,,0.0,0.0,1.7514363243208535,0.9784436751314206,0.8909691987940392,0.007155373164839178,0.02018704570046075,,,0.3685265678147087,inf,,,0.16707151705372522
121,,0.0,0.0,0.16921395908888537,0.11624623547716559,0.8135161849118371,0.02002795703364629,0.034558036224964055,,,0.47824363442641393,inf,,,0.16386256147895997
122,,0.0,0.0,1.2760405193709667,0.859929126731643,0.8562041649824443,0.009177387879368858,0.026239405047381467,,,0.4928685327679205,inf,,,0.1666183230829209
123,,0.0,0.0,1.6446939498205202,1.3520633669900703,0.9518029486400528,0.010738346287009422,0.0312932162899157,,,0.468121228110369,inf,,,0.15791359231432642
124,,0.0,0.0,1.7321497390215357,1.3372682158678513,0.8419083527771999,0.004421509660411003,0.01357694478224701,,,0.41268473150466,inf,,,0.1694438525976873
125,,0.0,0.0,1.6368224102718651,1.071263881531568,0.945707433590942,0.0179647457201968,0.051141005260967,,,0.45235697871908603,inf,,,0.16898402742470717
126,,0.0,0.0,1.6818395742625312,1.3131450255176158,0.9155517463722624,0.10269288966010413,0.2426093058308905,,,0.47824363442641393,inf,,,0.15690526742779057
127,,0.0,0.0,1.6299543897842539,0.6905184091389864,0.8399020654463452,0.005756430986885512,0.016964362095677317,,,0.3265551233283096,inf,,,0.17229318824691078
128,,0.0,0.0,1.7180394193856268,1.1370755030863384,0.935725007841624,0.002007498244216343,0.006281989557626655,,,0.41268473150466,inf,,,0.1649351107147905
129,,0.0,0.0,1.6869025029667943,1.163739440998825,0.9267475047767046,0.0024033126755368937,0.007458721764153842,,,0.5604843169999094,inf,,,0.16385377181076738
130,,0.0,0.0,1.1216006844078372,0.7007699071476885,0.8185989299991395,0.014784139990284538,0.04208307028741003,,,0.5370774965580548,inf,,,0.16451699453851823
131,,0.0,0.0,1.526226376422752,0.94874087468903,0.9032133626949086,0.0017436148627720679,0.005483884499068993,,,0.5883313578629602,inf,,,0.16367736333412747
132,,0.0,0.0,0.9547739710783696,0.5849622374421537,0.9390802018406244,0.006619570249331936,0.02013422744846708,,,0.5915533975974677,inf,,,0.1646464267749506
133,,0.0,0.0,0.26372692200671044,0.1700682864513008,0.9506970719402996,0.010477271226317869,0.030884667827909766,,,0.5604843169999094,inf,,,0.1643933368616276
134,,0.0,0.0,1.6506414143815409,0.8796121073156594,0.9432965280590316,0.0009249224440556936,0.002934937292070535,,,0.5677978065141052,inf,,,0.16357161547599677
135,,0.0,0.0,1.3776399159341284,0.9813762458001373,0.8610025863427285,0.029913015769689532,0.0681925042237494,,,0.5604843169999094,inf,,,0.16227228993607384
136,,0.0,0.0,1.4840070879293612,1.3596372099417835,0.7961744210060179,0.03389819881415287,0.08353304567218206,,,0.5287703885177266,inf,,,0.16460444121511472
137,,0.0,0.0,1.5490129910452934,1.2071819968214352,0.9227959184594349,0.005834262739192516,0.01807094658302305,,,0.5329562494928909,inf,,,0.1639877434041128
138,,0.0,0.0,0.8497190169123516,0.7252307610744564,0.8636589711463817,0.016616192966529546,0.04794169771644627,,,0.5677978065141052,inf,,,0.16515924734719373
139,,0.0,0.0,1.2690949756605332,0.9637554314079976,0.8628516020337463,0.0014133631303470107,0.004025162016677493,,,0.5748741956352443,inf,,,0.16327225370090281
140,,0.0,0.0,1.1914410820850216,0.7398073647943897,0.8835763371712521,0.006172843601658385,0.018870717044659632,,,0.5604843169999094,inf,,,0.16291229646768782
141,,0.0,0.0,1.7482649380864808,1.4068016075816148,0.9550315158381488,0.002951459017965074,0.009264464466723021,,,0.62595550513784,inf,,,0.16278054046580204
142,,0.0,0.0,1.7136821985136406,1.2792571488495286,0.8247781235670122,0.0019153065553436579,0.005863249454316718,,,0.5783247308855777,inf,,,0.16364917164912274
143,,0.0,0.0,1.7299259143400583,1.438408838691966,0.9124121265821984,0.0019714125063626875,0.006009054353825774,,,0.6038851895711802,inf,,,0.16280338347771348
144,,0.0,0.0,0.7975530810656714,0.5871216878842179,0.7488892984711462,0.005566586025509778,0.01630681593801855,,,0.5604843169999094,inf,,,0.16357147273533248
145,,0.0,0.0,1.6298075121091453,1.0112087257112379,0.9294429678412158,0.0010298604492938346,0.0032165199575059232,,,0.581717464821069,inf,,,0.16359331395377152
146,,0.0,0.0,0.6571684335208728,0.5155300775933095,0.8336394821972207,0.022450284621690006,0.05657520608792205,,,0.5783247308855777,inf,,,0.1641673869687138
147,,0.0,0.0,1.705009934981863,1.2773323882341217,0.9480700137971289,0.00537673480123771,0.016527415665051396,,,0.6097226960127671,inf,,,0.16388214124656642
148,,0.0,0.0,0.25251842945491937,0.02797663562619569,0.8801639970054568,0.007121199102764361,0.02185565877271504,,,0.5883313578629602,inf,,,0.1649186149694017
149,,0.0,0.0,0.9990013478473072,0.8073810612238348,0.8706793125752926,0.024610770759250507,0.06636080251257886,,,0.6125606311107803,inf,,,0.16488974977256224
150,,0.0,0.0,0.37821336372540226,0.272047413921529,0.914903810259926,0.010271282174454019,0.030727430940119572,,,0.5677978065141052,inf,,,0.16356563338919847
151,,0.0,0.0,1.5807142796477711,1.2304165393996565,0.8840809715068653,0.004659797606833735,0.012896317106661113,,,0.552929491858785,inf,,,0.16400729453305318
152,,0.0,0.0,1.2666459706155702,1.0495681841968778,0.894515421481047,0.009404295373391451,0.026356308499243496,,,0.5947193981915972,inf,,,0.16339771719553225
153,,0.0,0.0,1.6780455419334879,0.9776690969862784,0.9142021550424642,0.0041018042022082585,0.012821203735182245,,,0.6233814453054027,inf,,,0.16401953945623707
154,,0.0,0.0,1.7328627096878915,1.1336967004740868,0.9492967629794442,0.0017772831084279096,0.005575098660946395,,,0.581717464821069,inf,,,0.16297442508167959
155,,0.0,0.0,1.298286376586704,0.9880425675409922,0.8569362414940539,0.02633992115512759,0.0701307805628588,,,0.6008849035917525,inf,,,0.16407215526744398
156,,0.0,0.0,0.977933353628626,0.823374796014763,0.6990767189201251,0.051372082329514124,0.10618554323564526,,,0.4880666971167561,inf,,,0.173968269630328
157,,0.0,0.0,0.7703034960276764,0.6094757160256682,0.7652538621717366,0.0744372853990988,0.13616193800253135,,,0.5604843169999094,inf,,,0.16332516872199385
158,,0.0,0.0,1.4455066178607812,1.013508260329175,0.6987723326096613,0.17189851457522956,0.16975942610103614,,,0.49759852643134905,inf,,,0.1566338581615789
159,,0.0,0.0,1.213366314530673,1.0018377335004955,0.9334044931561253,0.758638331751125,0.8078013703660245,,,0.6403206450210053,inf,,,0.19535101938650715
160,,0.0,0.0,1.6561797850773259,1.5847394304105171,0.865748459745097,1.9978472056766312,2.4311886726920866,,,0.6284777104787076,inf,,,0.19757464626445825
161,,0.0,0.0,1.7028591336440715,1.6449920526756727,0.8749393943700855,1.8864847277061094,1.979592193999933,,,0.5947193981915972,inf,,,0.2032770661573218
162,,0.0,0.0,1.6805802098473956,1.6440518203231331,0.9114539862980661,2.1033911080526817,2.3492692176205185,,,0.6403206450210053,inf,,,0.1908030374687992
163,,0.0,0.0,1.5986876237756906,1.5706833269907008,0.8055998504514166,2.1793215470390312,2.3708882867129915,,,0.6309483474627791,inf,,,0.20875881732052246
164,,0.0,0.0,1.7004813806389312,1.6499684652334727,0.9208231976465203,1.8565339812694166,2.365945873722298,,,0.5783247308855777,inf,,,0.195731003558726
165,,0.0,0.0,1.6330215735443474,1.5669627675528144,0.9067802784838883,2.106724091765723,2.259883611953053,,,0.6668815377411301,inf,,,0.2225379886843991
166,,0.0,0.0,1.2402560788408665,1.1634392185810016,0.8500914446699569,1.4729269160300793,1.613336867553966,,,0.6584896970785714,inf,,,0.22190861687439023
167,,0.0,0.0,1.508317272917469,1.2838420926451561,0.9391747010223845,1.4546299690052482,1.4821818147919532,,,0.6584896970785714,inf,,,0.22256276082342985
168,,0.0,0.0,1.4359501633528842,1.3626730246064334,0.9091453958467698,1.7653089134078968,1.908446604308454,,,0.6207552362147116,inf,,,0.2233923563163243
169,,0.0,0.0,1.4276985475253638,1.3360637126906736,0.9086002712461259,1.0864402343263755,1.2550950324073298,,,0.6509067234006624,inf,,,0.2091915142959133
170,,0.0,0.0,1.5073564186008381,1.4730645458930642,0.9347661127321071,1.0707093665771175,1.2721209443730703,,,0.6403206450210053,inf,,,0.20811624462250064
171,,0.0,0.0,1.5811873358555144,1.5397375676533853,0.9054278829906282,1.1539726579423,1.3361903034470128,,,0.581717464821069,inf,,,0.1992216199926092
172,,0.0,0.0,1.597633130063022,1.5664048928256524,0.7340107893197069,1.1459140775934258,1.356179724051962,,,0.6619902821573977,inf,,,0.19804316903876565
173,,0.0,0.0,1.6916302033192352,1.6528002632506298,0.7886370768938314,1.6142048356479992,1.6487084744414793,,,0.6403206450210053,inf,,,0.19861006260206887
174,,0.0,0.0,1.3616565345077742,1.2918774158598216,0.9040660490497512,2.1661677698398085,2.468701623729742,,,0.6233814453054027,inf,,,0.22333908016461287
175,,0.0,0.0,1.6440786634965905,1.6036086844987067,0.8950320744236792,2.9803088590256874,2.851445821863358,,,0.6468212168108125,inf,,,0.21819118473367574
176,,0.0,0.0,1.4770926059896852,1.3989579525706854,0.8894546053572189,2.4834643772952365,2.711445064096103,,,0.6125606311107803,inf,,,0.22823652727508226
177,,0.0,0.0,1.6594335849545458,1.5482783771591606,0.9191636955615627,2.228767559537776,1.6347121868619063,,,0.6333676938231112,inf,,,0.2054694683500678
178,,0.0,0.0,1.5313466109946101,1.389633320575034,0.9161322948263486,1.2782972715096086,0.627446898912551,,,0.6509067234006624,inf,,,0.22742028331717948
179,,0.0,0.0,1.5543429871044183,1.4914023827441443,0.8380873138309967,1.3252419259011436,0.9820359595227655,,,0.5915533975974677,inf,,,0.20207679922946908
180,,0.0,0.0,1.5216218290998582,1.465088088998011,0.8814227926169759,2.031317015216913,2.1830699471530846,,,0.6233814453054027,inf,,,0.18456959402736703
181,,0.0,0.0,1.5611423648846798,1.5562961933354058,0.8818474122469001,1.9077265454593992,2.19681293962526,,,0.6380535849069913,inf,,,0.1980450493478054
182,,0.0,0.0,1.4253520026846092,1.3352249941882317,0.8632322894756576,1.6787919237646718,1.8359528806038816,,,0.6333676938231112,inf,,,0.20581445218418065
183,,0.0,0.0,1.5748882625601839,1.517188533157889,0.898298363613095,1.427445595656971,1.692174520816036,,,0.6425374456860184,inf,,,0.19764595176014235
184,,0.0,0.0,1.3706195631891354,1.3395322553596405,0.8871912665497309,1.491019260809521,1.7747136577379519,,,0.648888643467878,inf,,,0.19685372306044444
185,,0.0,0.0,1.6205943206944122,1.5822558958035609,0.9013806357728003,1.091768696698375,1.253052511582398,,,0.6509067234006624,inf,,,0.1972866104302602
186,,0.0,0.0,1.5720498305099666,1.4730674810739663,0.8474394316372551,0.501177037876031,0.5510848764085994,,,0.6284777104787076,inf,,,0.20672311607203903
187,,0.0,0.0,1.499166784660601,1.4576378412867226,0.9085400692095981,0.79425783359446,0.803589809680236,,,0.6357360191111145,inf,,,0.18150954188533006
188,,0.0,0.0,1.2860315554323807,1.1992488799852643,0.7369098294883204,3.079859604848074,0.7842885909857467,,,0.6309483474627791,inf,,,0.1831197813374426
189,,0.0,0.0,1.475788908895536,1.435187999987792,0.76192692912285,2.83310912962822,0.6777849243235874,,,0.6822068148872973,inf,,,0.178958424024435
190,,0.0,0.0,1.4277111863493341,1.3279645030417933,0.9334236923813015,0.5880462435603131,0.56428517474793,,,0.6284777104787076,inf,,,0.18141497239507873
191,,0.0,0.0,1.3284110817748798,1.1378983534443248,0.9062409866076606,0.16251707624699657,0.22488624316717182,,,0.5641709578113449,inf,,,0.1641205611423753
192,,0.0,0.0,1.50740113561608,1.4387298310917271,0.8029430223032722,0.5347640684532796,0.5285595326656192,,,0.648888643467878,inf,,,0.17892558183300158
193,,0.0,0.0,1.4880656221719903,1.3056915916332759,0.7556758828203796,0.6633147276656443,0.6718921515895907,,,0.6380535849069913,inf,,,0.1750766328632249
194,,0.0,0.0,0.6636658536910494,0.46149516034889543,0.8853356717468254,0.2436758892668908,0.2874517448170747,,,0.5915533975974677,inf,,,0.1727136467274573
195,,0.0,0.0,1.3819921967708166,1.0893794844641598,0.9192117105771588,0.16721017326115548,0.2532732266949435,,,0.6447042257417027,inf,,,0.16479143351383
196,,0.0,0.0,1.495333045651174,1.138227118098328,0.8718805021108187,0.05843496118369315,0.14707262398016507,,,0.468121228110369,inf,,,0.17965074909784587
197,,0.0,0.0,1.5671138617265585,1.369784680442882,0.948444645481982,0.028844923318314113,0.07509050070510515,,,0.44144624493110796,inf,,,0.1609557002631129
198,,0.0,0.0,1.4312415193235781,1.1776562314798837,0.8867105645731401,0.04220987596463681,0.0937597610856152,,,0.4576907132971797,inf,,,0.16700706300985488
199,,0.0,0.0,1.4212600737109262,1.119617252629894,0.8890298319297015,0.12839566193475652,0.2638534576015009,,,0.47824363442641393,inf,,,0.16260191241074468
200,,0.0,0.0,1.6107984564296407,1.3293479178484635,0.8596729169272418,0.1276116236646008,0.2554312425008327,,,0.5113665138247345,inf,,,0.1596295814438941
201,,0.0,0.0,1.572058042868267,1.0871593614215567,0.9042304958780687,0.15175940260242118,0.27827625645974574,,,0.5677978065141052,inf,,,0.17212614935786497
202,,0.0,0.0,0.5082344142120101,0.3930872713231402,0.7156865761496459,0.33082405647732893,0.23766246636639277,,,0.6008849035917525,inf,,,0.2780592709670741
203,,0.0,0.0,1.7116472787926726,1.2477169744552814,0.7912146538443847,0.8163700671114635,0.812789353490264,,,0.6447042257417027,inf,,,0.1546774704869068
204,,0.0,0.0,1.6259036529617252,1.2414687635293613,0.8604579485184535,0.5589101604537609,0.5975874517731071,,,0.6008849035917525,inf,,,0.17338939460288977
205,,0.0,0.0,1.059880255455502,0.9437426076078078,0.8047351867013164,0.3590004921156094,0.45091538115359386,,,0.5641709578113449,inf,,,0.17312778118541045
206,,0.0,0.0,1.2934648211652022,0.8361380050882625,0.8494600365303872,0.2930090111924673,0.44713884850742297,,,0.5370774965580548,inf,,,0.1773630743238227
207,,0.0,0.0,1.0685788180420817,0.8431581034829577,0.8897472288952559,0.29276415673638334,0.4561388635369971,,,0.48319206230712763,inf,,,0.17379318248604886
208,,0.0,0.0,1.4183018403165948,1.247513460968685,0.7052482045275599,0.5745561275652157,0.5835168440474393,,,0.5947193981915972,inf,,,0.182822138789127
209,,0.0,0.0,1.7602426274137382,1.260869863568155,0.9374957114492826,0.7869330959863647,0.7077920417434255,,,0.552929491858785,inf,,,0.18311583251941502
210,,0.0,0.0,1.6301137693563106,1.3079837979291102,0.9165389403558838,1.447541612159541,1.3811267837004764,,,0.6038851895711802,inf,,,0.23513267130858423
211,,0.0,0.0,1.7108138370898358,1.45600211706143,0.9665997948085243,1.6063298116689033,1.322836522048736,,,0.6068309995095971,inf,,,0.21353144235282207
212,,0.0,0.0,1.6279244786156255,1.6041636107119834,0.9256588409129137,1.6196874578565132,1.3810557500989757,,,0.6180765742263259,inf,,,0.24433523560356554
213,,0.0,0.0,1.7646996710112177,1.714518532023701,0.9088387285279508,2.4978403943492453,2.046789487865425,,,0.6153451465759925,inf,,,0.2455609028127447
214,,0.0,0.0,1.681823694477942,1.5862108444991236,0.9246089622337511,2.5876291132223512,2.095598932321339,,,0.585052858160615,inf,,,0.25033007370014754
215,,0.0,0.0,1.6574967767523108,1.5196126263675962,0.9177570001245551,2.0110507546847787,1.522579962440052,,,0.6180765742263259,inf,,,0.2223085733553364
216,,0.0,0.0,1.7565804479986595,1.5560111536240477,0.9724210320125526,1.5942361187233083,1.271949756490491,,,0.5947193981915972,inf,,,0.24139204038863432
217,,0.0,0.0,1.7034549752158608,1.493846081654028,0.9630380586012799,1.6130810254621732,1.3591175514250673,,,0.6097226960127671,inf,,,0.23686431698902502
218,,0.0,0.0,1.680248930743657,1.5555900533944484,0.9223726533757666,1.9423088783262832,1.586380075750672,,,0.581717464821069,inf,,,0.23739884326537297
219,,0.0,0.0,1.5894442102671116,1.5311183595154239,0.7833948395596899,1.5370983849797,1.4016236553444723,,,0.6068309995095971,inf,,,0.20888867062862554
220,,0.0,0.0,1.7593695114774626,1.653430226199252,0.8632330301187778,1.7329258055731032,1.5419966315212323,,,0.6153451465759925,inf,,,0.22083558873917483
221,,0.0,0.0,1.6713547845578998,1.5132850928558264,0.8846501361321318,1.4838509574165684,1.229755627393469,,,0.6403206450210053,inf,,,0.24248926138352003
222,,0.0,0.0,1.3286547430510298,1.1760418636251349,0.7962353035818479,0.9040624041024676,1.0319257692815387,,,0.6333676938231112,inf,,,0.22811077936429533
223,,0.0,0.0,1.7676825050522849,1.6862724444502992,0.8641915634513497,0.8646946379165209,0.9716349190459671,,,0.6153451465759925,inf,,,0.20064297517083973
224,,0.0,0.0,1.4421048200730946,1.3483570134091174,0.9000613058208028,0.7425955653392317,0.8257828459782122,,,0.5978297680564633,inf,,,0.22524442400415054
225,,0.0,0.0,1.7618321749205819,1.6984992256075622,0.8962079047158582,0.5514172433638558,0.6457576317589976,,,0.6097226960127671,inf,,,0.20878188650370916
226,,0.0,0.0,1.5368742951901324,1.4361247864300637,0.8099544407212539,0.6301277357099097,0.6431580935922563,,,0.5567373465730988,inf,,,0.2439412964031834
227,,0.0,0.0,1.431005770202152,1.0717478951834576,0.8740975239114827,0.777486820559842,0.8080098490399746,,,0.6008849035917525,inf,,,0.2556961801825735
228,,0.0,0.0,1.7235466460166113,1.3840661995411268,0.9196791091007822,1.1733598987738456,1.1486087605808308,,,0.581717464821069,inf,,,0.21707301380854252
229,,0.0,0.0,1.5509978679525527,1.3649129506971636,0.8742860243819449,1.020431268413927,1.1228058308224458,,,0.6233814453054027,inf,,,0.19786691474351806
230,,0.0,0.0,1.5509978679525527,1.427558771916035,0.8253595378136844,0.9757333381485745,1.081016204311319,,,0.62595550513784,inf,,,0.22258319555747666
231,,0.0,0.0,1.7143583635809692,1.5118483996844705,0.8987376488156462,1.4348165489952276,1.2691953814151051,,,0.5748741956352443,inf,,,0.2255270983451424
232,,0.0,0.0,1.608099769365913,1.4425603148395814,0.9636626284260136,1.2798831103026809,1.2473816442693708,,,0.6233814453054027,inf,,,0.22602970297191538
233,,0.0,0.0,1.4862305915795364,1.2227816855305715,0.9374250999159224,1.3948205307184787,1.124340940564089,,,0.6125606311107803,inf,,,0.2553843872670311
234,,0.0,0.0,1.5414863486720067,1.408681988082998,0.8064831645566213,0.8518994223980791,0.8441471368440456,,,0.6447042257417027,inf,,,0.2658983776170254
235,,0.0,0.0,1.641032676097918,1.4638861655571096,0.9390884036887119,1.2242959961233197,1.0221224178764905,,,0.6528756675646988,inf,,,0.23331507127396459
236,,0.0,0.0,1.445652508946221,1.2343262564029702,0.7790236327327835,0.9481665341381973,1.036327163307694,,,0.6008849035917525,inf,,,0.27771675925498157
237,,0.0,0.0,1.762848121022011,1.4102147135150516,0.9064125819230394,0.8897989306822057,1.095095209119458,,,0.6097226960127671,inf,,,0.2323093871414419
238,,0.0,0.0,1.7335936657682647,1.6673074525259213,0.6229179165321335,0.7291112878159612,0.7179410866593671,,,0.5748741956352443,inf,,,0.2003012254245599
239,,0.0,0.0,1.671102325178083,1.6326579951362132,0.7938755143095896,0.9932672470921398,1.2102372784599962,,,0.6008849035917525,inf,,,0.19388689565279038
240,,0.0,0.0,1.3758690573951327,1.2595711211313303,0.8070393277574089,1.3309306094235729,1.541083959276185,,,0.6180765742263259,inf,,,0.20924119120237733
241,,0.0,0.0,1.438928946541093,1.405279835510692,0.9344890577553836,1.0310609807503082,1.3233281453307588,,,0.585052858160615,inf,,,0.20310492441848432
242,,0.0,0.0,1.5826531561614805,1.5354407529909195,0.7444428637429364,1.0040869736714568,1.0688501231207448,,,0.6380535849069913,inf,,,0.22988086476993053
243,,0.0,0.0,1.211965329590199,0.9324083145908517,0.9134639710129444,0.6193166557271937,0.7116493377327694,,,0.5783247308855777,inf,,,0.1991427066081243
244,,0.0,0.0,1.597755576014012,1.1446835837849105,0.9649285747669931,0.16473711371078031,0.34453648152090494,,,0.47824363442641393,inf,,,0.15736244279832884
245,,0.0,0.0,1.3017065770304055,0.906101059155004,0.9145944176429759,0.2738523886939678,0.45935999575968145,,,0.468121228110369,inf,,,0.15673483578769815
246,,0.0,0.0,0.7746024702121161,0.724957229209302,0.9463799550058023,0.22915312373987426,0.47212224376244427,,,0.5022576003740722,inf,,,0.1704144703657196
247,,0.0,0.0,1.4798716756751449,0.9284241186868274,0.7826345472158063,0.2735917791897171,0.28705146842302265,,,0.5202020156036558,inf,,,0.16914898595069539
248,,0.0,0.0,1.7584351142376777,1.6943393777722087,0.8616924640362289,1.1095968621882146,1.1369164383379797,,,0.6153451465759925,inf,,,0.23748145151166572
249,,0.0,0.0,1.5942466599443976,1.4907384464378297,0.8692250104421463,0.9320008168679139,0.9269129112943201,,,0.5915533975974677,inf,,,0.21850010168569758
250,,0.0,0.0,1.697053809837206,1.6731926401834019,0.8292433721300164,1.307572101704386,1.4785902047594195,,,0.6668815377411301,inf,,,0.24436735467863288
251,,0.0,0.0,1.4764297530547321,1.4131557902006182,0.885025127827744,1.2849765357264582,1.371810125568987,,,0.6284777104787076,inf,,,0.2476001394628775
252,,0.0,0.0,1.639533199844978,1.4707502819766516,0.890732774014237,0.824967161894742,0.9675385416886219,,,0.6125606311107803,inf,,,0.23753606286094722
253,,0.0,0.0,1.4872578097498967,0.7649746553352792,0.8817077018054806,0.46999956361793493,0.5855420702418026,,,0.5490601803369085,inf,,,0.19646071346708815
254,,0.0,0.0,1.4872578097498967,0.8851676770355907,0.8770150481993592,0.43484307630389923,0.5411781864709411,,,0.5567373465730988,inf,,,0.1801993775939418
255,,0.0,0.0,1.2251829596798272,0.7850599342383814,0.8278971677393575,0.21607605457121834,0.2254319963541235,,,0.5068466436745385,inf,,,0.1608073539958943
256,,0.0,0.0,1.4918255463147154,1.1307432116768181,0.8244815619317057,0.3634087524427275,0.39405896074222413,,,0.5158180382284114,inf,,,0.16237393035605002
257,,0.0,0.0,1.7674647067076172,1.6270358386299746,0.8950332557798152,0.9847060850212415,1.059389774739099,,,0.6008849035917525,inf,,,0.24121822839675425
258,,0.0,0.0,1.6470026380968903,1.497954496773329,0.9226629558392729,1.2411222881820272,1.2630764735336757,,,0.6068309995095971,inf,,,0.20731776328279597
259,,0.0,0.0,1.525817640392699,1.4639535172946472,0.8715563049504692,0.8425873557417871,0.8572428820382214,,,0.6038851895711802,inf,,,0.20080268059136888
260,,0.0,0.0,1.7201447825032068,1.6321649449440527,0.9338153661223977,1.3274397863148983,1.2651942573272081,,,0.6180765742263259,inf,,,0.2259922397410499
261,,0.0,0.0,1.5056070218262332,1.1888477133385078,0.9057676546325543,0.9356138973480638,0.9837264711790406,,,0.6284777104787076,inf,,,0.19013868250163757
262,,0.0,0.0,1.6991972758805272,1.576447071469673,0.8485801691670664,0.8832730912288473,0.9520100499386254,,,0.62595550513784,inf,,,0.23641310381047742
263,,0.0,0.0,1.6732439988232395,1.507674221337732,0.8977414308443076,1.1686932323691805,1.0507903181191696,,,0.6008849035917525,inf,,,0.20613973513271244
264,,0.0,0.0,1.5997138487444422,1.5320027789654622,0.843410756167404,1.711528500932537,1.7140656749192862,,,0.6153451465759925,inf,,,0.20994687525344694
265,,0.0,0.0,1.6426166540891969,1.3764275034187734,0.8159910042162335,0.58128213630187,0.6024088851883984,,,0.5567373465730988,inf,,,0.20270498853857943
266,,0.0,0.0,1.455392253241373,1.007824429027189,0.9536119521920722,0.47736587947205383,0.49202667383829685,,,0.5641709578113449,inf,,,0.215077686443847
267,,0.0,0.0,1.5853221472010544,1.5529750616956535,0.8838950699890492,1.899509525136697,2.1931266540178003,,,0.6097226960127671,inf,,,0.18227521401749672
268,,0.0,0.0,1.4787349478622545,1.3823316302456887,0.8750065366362353,0.7312473743013479,0.7306257022707153,,,0.5978297680564633,inf,,,0.1810491356045482
269,,0.0,0.0,1.2378843838033888,1.043829351238685,0.8814929383100389,0.5288038385985102,0.5773358824059438,,,0.5451288209179292,inf,,,0.17541358761786252
270,,0.0,0.0,1.3082225713400872,1.1810810349780054,0.7577615768478752,0.3112633903274818,0.40315079732535836,,,0.5604843169999094,inf,,,0.17382133353285112
271,,0.0,0.0,1.6673187185649376,1.3526249852796757,0.8777042160405133,0.6656088731131716,0.6732962056157594,,,0.6038851895711802,inf,,,0.20680650356468464
272,,0.0,0.0,1.5815983260042275,1.5581335050849583,0.8211194663098733,1.5135032639785173,1.7817511442436542,,,0.6357360191111145,inf,,,0.20534045326800973
273,,0.0,0.0,1.6235696196954101,1.593288452467936,0.9288849441468606,1.4556641714830252,1.666706831226668,,,0.6425374456860184,inf,,,0.22177918663909407
274,,0.0,0.0,1.7325667941562712,1.4212529540899914,0.850754079860212,1.1060856057937951,1.1256390887502807,,,0.6509067234006624,inf,,,0.1904915272528739
275,,0.0,0.0,1.5724360766619752,1.4727664807441079,0.8728332932297511,1.0576663017451275,1.1814265759994624,,,0.6038851895711802,inf,,,0.2384959470262049
276,,0.0,0.0,1.285865840194163,0.9373850285708905,0.8777658551547483,0.5153778987893778,0.6487497654800297,,,0.5567373465730988,inf,,,0.17602811392678797
277,,0.0,0.0,1.0970929800686164,0.9636106462431379,0.9351999905333052,0.3973144993971274,0.5896145171368624,,,0.5567373465730988,inf,,,0.1605786100855284
278,,0.0,0.0,1.3821430326848525,1.0580118148815592,0.7599595223722887,0.43968222376317767,0.5176500861683864,,,0.6284777104787076,inf,,,0.19430983427398976
279,,0.0,0.0,1.3821430326848525,0.7461026517407104,0.9634511974013499,0.3004032821002435,0.5734192025137741,,,0.62595550513784,inf,,,0.19774178316003083
280,,0.0,0.0,1.6498379810157604,1.0825239784315819,0.8764052299675453,0.2777832579404504,0.4658036952572988,,,0.4629450596409901,inf,,,0.1503092060773154
281,,0.0,0.0,1.3400127614283899,0.6229838132576159,0.8456158206715879,0.3180955759471747,0.4993684153343677,,,0.5202020156036558,inf,,,0.20158638989021951
282,,0.0,0.0,1.5831934224789954,0.9648290643163517,0.9728997524211355,0.36249211547794624,0.5572587928739006,,,0.47824363442641393,inf,,,0.20384369377628003
283,,0.0,0.0,1.427883724592371,0.6433641471623665,0.9253845685953307,0.49861539127492166,0.49458804925870437,,,0.5677978065141052,inf,,,0.2165805158372661
284,,0.0,0.0,1.6432614933456222,1.4233417612231059,0.8149479449627702,0.6234379071192871,0.611990845264627,,,0.6180765742263259,inf,,,0.2462767636173171
285,,0.0,0.0,1.6623026703745334,1.5430327261527574,0.8339703008947309,0.9817007489013038,1.0002680542525608,,,0.6333676938231112,inf,,,0.18865480577035265
286,,0.0,0.0,1.3847360788949967,1.2642212410264975,0.785039319366511,0.46455704359033256,0.5117496593680286,,,0.5978297680564633,inf,,,0.17126411467848277
287,,0.0,0.0,0.812496764799377,0.7443602026759703,0.9194933166280526,0.346361204377151,0.599080081257719,,,0.5451288209179292,inf,,,0.17673665758940393
288,,0.0,0.0,0.7328171506532288,0.6779707285577445,0.5238248100281677,0.23534510433240885,0.3497255027305935,,,0.552929491858785,inf,,,0.1672819290804307
289,,0.0,0.0,1.287689217371376,1.075208307352399,0.7253091455104079,0.4465794928689,0.449489577591762,,,0.6309483474627791,inf,,,0.18141911596832017
290,,0.0,0.0,1.7343160420542951,1.7154454757179565,0.7032725523418026,0.8096557251965051,0.9054620222095294,,,0.6528756675646988,inf,,,0.20383775581709723
291,,0.0,0.0,1.6635264811172337,1.562554238249053,0.9265694656425006,0.8824621871753229,1.149267739013851,,,0.6602640781246099,inf,,,0.2387475864906063
292,,0.0,0.0,1.3351861194913124,1.2649817282616838,0.7093231387994176,0.6068684287034376,0.6661382663316947,,,0.62595550513784,inf,,,0.27048790694797853
293,,0.0,0.0,1.6028888315579792,1.1378364006907558,0.8546173985746046,0.38992501768931453,0.5674087484017096,,,0.6584896970785714,inf,,,0.21562756318103316
294,,0.0,0.0,1.651152296778578,1.4376514731602155,0.7991142948722507,0.7541290534811591,0.9020863922557106,,,0.581717464821069,inf,,,0.19698249789824354
295,,0.0,0.0,1.5923110873911295,1.5380854641156256,0.8069795006694123,0.9685700946207199,1.053562731944485,,,0.6509067234006624,inf,,,0.19057977040969698
296,,0.0,0.0,1.7000058491098897,1.625725858008045,0.6268530610380572,0.2352810846230233,0.21685049858031294,,,0.6425374456860184,inf,,,0.1884026541661515
297,,0.0,0.0,1.4777234008723577,1.1905143765041168,0.7983344732659502,0.6063757280261246,0.4796410214601161,,,0.6068309995095971,inf,,,0.1927917082845369
298,,0.0,0.0,1.4452184893440543,1.0670800978955972,0.8777824029013291,0.3424366942793867,0.4264280227101272,,,0.5883313578629602,inf,,,0.1994211270147091
299,,0.0,0.0,1.4837437835902796,1.4070919810516862,0.8842247203500375,0.5102041372889661,0.6735264597693863,,,0.6153451465759925,inf,,,0.23552488372082972
300,,0.0,0.0,1.7459373825446474,1.7066008714709444,0.7545237108626065,0.5715990338436585,0.6457005045051947,,,0.6180765742263259,inf,,,0.2628579892728847
301,,0.0,0.0,1.7412155320926075,1.63510671310846,0.847693497195453,0.6275329111755674,0.7160639483024746,,,0.6097226960127671,inf,,,0.26192516622441187
302,,0.0,0.0,1.7282870685929481,1.6535308303365355,0.8834448315072015,0.9098394841765388,1.0065549086153918,,,0.6068309995095971,inf,,,0.23732873424699377
303,,0.0,0.0,1.7303478021943275,1.6758318521298672,0.9255639210793812,0.5846747558421345,0.7061818970882388,,,0.5947193981915972,inf,,,0.1993316886132263
304,,0.0,0.0,1.4327810491769446,1.2730899306972248,0.8557729999992055,0.6750870528206072,0.8510946859601609,,,0.6309483474627791,inf,,,0.24179427942046397
305,,0.0,0.0,1.6140656605100574,1.4171860972161108,0.9169869505383744,0.8389917589219601,0.918007608073021,,,0.6207552362147116,inf,,,0.20392113721834268
306,,0.0,0.0,1.7260499191781873,1.654227617902144,0.9661908082400567,1.1919614454969383,1.3275506681096014,,,0.6357360191111145,inf,,,0.2546895111052222
307,,0.0,0.0,1.7169398384706362,1.5185377726341047,0.9200036668717819,1.5052674638955348,1.2639864919598989,,,0.6309483474627791,inf,,,0.20216144240594483
308,,0.0,0.0,1.6797071188274826,1.4418231027149804,0.9086948000726299,1.125533348837939,1.0776092419641077,,,0.581717464821069,inf,,,0.21840135593017698
309,,0.0,0.0,1.6779156164485862,1.5868994720428504,0.8444220864235623,1.057487254816852,1.1888766542692746,,,0.6068309995095971,inf,,,0.1999688982350762
310,,0.0,0.0,1.518426065112014,1.4412444779004774,0.8931492045401048,0.753181627594201,0.8536619567738183,,,0.6357360191111145,inf,,,0.20035843106360535
311,,0.0,0.0,1.4900533504932703,1.20424675708519,0.8049578466368115,0.9681851372823306,1.0860481337299868,,,0.6333676938231112,inf,,,0.1902374124844788
312,,0.0,0.0,1.7548767810098826,1.6901173008423536,0.802682982033004,1.0464476277085437,1.1903210154964885,,,0.5641709578113449,inf,,,0.22712751804551537
313,,0.0,0.0,1.7279902482830534,1.6028195362546933,0.8366762936417118,0.9123775855377076,1.0523283745559444,,,0.6468212168108125,inf,,,0.24051160626525045
314,,0.0,0.0,1.749319653354805,1.6572617259794817,0.8486496669991165,0.7904613979596359,0.8149641141926957,,,0.585052858160615,inf,,,0.20052434113961448
315,,0.0,0.0,1.772201926564508,1.7179818699365133,0.7745987052369101,0.9685950067175179,1.096131422550597,,,0.6333676938231112,inf,,,0.215290324782154
316,,0.0,0.0,1.7482729987090924,1.6955255580671353,0.9111726590960325,0.7743830804820815,0.9335530498745805,,,0.5978297680564633,inf,,,0.2186923855905586
317,,0.0,0.0,1.7624734564420144,1.662236549569792,0.8333452500371968,0.9371550135052695,0.7364200778523207,,,0.6180765742263259,inf,,,0.22962585082649856
318,,0.0,0.0,1.7391146618971254,1.6033785753549437,0.8431116192788434,0.6596181967049592,0.7494300010445588,,,0.5748741956352443,inf,,,0.20064424127353858
319,,0.0,0.0,1.729213264604339,1.6744058941178588,0.8575383796393296,0.8104411991188603,0.7961816619347823,,,0.6447042257417027,inf,,,0.20406920332658035
320,,0.0,0.0,1.7286924279122553,1.6367400103845027,0.8481991716790181,0.5419529400148436,0.6204793541566023,,,0.6097226960127671,inf,,,0.1963015086974867
321,,0.0,0.0,1.6973446761454558,1.561398984434721,0.775943166676558,0.552189137400465,0.63480504736444,,,0.6380535849069913,inf,,,0.22111853313728635
322,,0.0,0.0,1.6636809168058255,1.5846824835746087,0.8162011452183464,0.5625843607204718,0.5902889246842681,,,0.6233814453054027,inf,,,0.1847778265106675
323,,0.0,0.0,1.6228235336065961,1.5924116587994352,0.753370495844734,0.8313272803643342,1.0053181027072924,,,0.6097226960127671,inf,,,0.23654203749808744
324,,0.0,0.0,1.5795785917203258,1.4922181859206196,0.7680901752213222,0.7345275628719645,0.8108852145612382,,,0.6333676938231112,inf,,,0.22024314876829446
325,,0.0,0.0,0.9636936702641615,0.8769210803977434,0.7722987113046694,0.5311702056077389,0.7023029769390948,,,0.6699045166045591,inf,,,0.20741293532049385
326,,0.0,0.0,1.1764457883030268,0.8335647145815316,0.8679301726506743,0.46391848231558785,0.5677810134828083,,,0.6180765742263259,inf,,,0.21267276354562592
327,,0.0,0.0,1.3240406802494231,1.0510494345656936,0.8943703848738085,0.24342131196491376,0.34324227024247755,,,0.5915533975974677,inf,,,0.24317959994572658
328,,0.0,0.0,1.4829914036966116,1.4128599328720524,0.8555181821858165,0.813782570880813,0.842631703807968,,,0.5947193981915972,inf,,,0.20447414125195076
329,,0.0,0.0,1.6094672858295649,1.437367613947578,0.762552840695201,0.4606858955967373,0.5492424882427552,,,0.6447042257417027,inf,,,0.211798163367127
330,,0.0,0.0,1.6761540684447755,1.4338415058862097,0.7216819639766483,0.31084663197115414,0.38016799724446104,,,0.5748741956352443,inf,,,0.20248201975812932
331,,0.0,0.0,1.6411684148174581,1.2977208053935365,0.8820693842980166,0.3378361213190696,0.4155920568410854,,,0.6180765742263259,inf,,,0.18507509509554868
332,,0.0,0.0,1.7569280426423308,1.6749361145987554,0.8266003817556566,0.5778593964264319,0.667175262222128,,,0.6333676938231112,inf,,,0.19867058418482483
333,,0.0,0.0,1.7567084009124123,1.7180611118536175,0.8024863748761482,0.6888644019884573,0.8043367175482944,,,0.6180765742263259,inf,,,0.20674502865263725
334,,0.0,0.0,1.498179271508856,1.3876719746310384,0.7743597958544108,0.35681317981984734,0.404830637120056,,,0.6207552362147116,inf,,,0.18877436018396018
335,,0.0,0.0,1.5770739640744984,1.5320618597759759,0.8015689608855638,0.6422582911924263,0.6494313862504731,,,0.6509067234006624,inf,,,0.20042190764184503
336,,0.0,0.0,1.2187986987222497,1.1224402279521133,0.9027018120989116,0.37916245783333286,0.6531872058283703,,,0.6333676938231112,inf,,,0.21879768401332883
337,,0.0,0.0,1.6506095314177636,1.6300401245225622,0.9120881401528046,0.9544989754333802,1.0166329792384232,,,0.6403206450210053,inf,,,0.2150770710831796
338,,0.0,0.0,1.6508838780748458,1.633900110572192,0.8130023961147501,0.7198084845807613,0.7427479743028479,,,0.6380535849069913,inf,,,0.20273701275952372
339,,0.0,0.0,1.7049333497042487,1.66477868266966,0.7802457914499867,0.798856762605539,0.87197623088704,,,0.6284777104787076,inf,,,0.19944059557413912
340,,0.0,0.0,1.6028793172951223,1.5703497425543953,0.7916739026433794,0.8480418452195487,0.9355741682144765,,,0.6333676938231112,inf,,,0.19790536005116463
341,,0.0,0.0,1.069993025341955,1.059897115965197,0.6720703769131174,0.7566877605442963,0.7071223646369639,,,0.6528756675646988,inf,,,0.21160813034468043
342,,0.0,0.0,1.660339982314374,1.568412986546331,0.7243079007947746,0.8417672212009484,0.9410869820345747,,,0.6068309995095971,inf,,,0.20795293382620844
343,,0.0,0.0,0.687677839241052,0.533263029704812,0.8622346618132737,0.8203100562842122,0.9019229990969495,,,0.5883313578629602,inf,,,0.20942872986575764
344,,0.0,0.0,1.4918018665998316,1.3876329718642098,0.7505647119338932,0.9800252475258103,1.1285892085124054,,,0.6566669596287297,inf,,,0.18093401231898784
345,,0.0,0.0,1.0773211108743685,0.7513620114118271,0.6426028154278383,0.7410780444679489,0.8410934062444166,,,0.6547956803312163,inf,,,0.19178621883179384
346,,0.0,0.0,1.0458709979481324,0.9359382898738879,0.7134672949622173,0.5234434195609406,0.6031973033826881,,,0.6357360191111145,inf,,,0.16772692961113328
347,,0.0,0.0,1.4218020859388956,1.2335281699121268,0.8475580326343836,0.5961061880749418,0.6558608218940383,,,0.6357360191111145,inf,,,0.18156209631632403
348,,0.0,0.0,0.7235751882457628,0.5179142598108574,0.8272732040731686,0.8649387248697017,0.624036427558029,,,0.6097226960127671,inf,,,0.20390193939724952
349,,0.0,0.0,0.8260425704054988,0.744401626285028,0.7844338121042534,0.21895976948431123,0.32913597140404444,,,0.5604843169999094,inf,,,0.18236472482911753
350,,0.0,0.0,1.7064353943839021,1.5096120374642035,0.9054631672537994,0.16527909679321032,0.377050551154703,,,0.6403206450210053,inf,,,0.1640520243993049
351,,0.0,0.0,1.512319944747786,1.4174211336843832,0.6488725870746235,0.46785765239757626,0.3468877586106219,,,0.6125606311107803,inf,,,0.17903722874145214
352,,0.0,0.0,1.386139632580382,1.1561365712600984,0.3230963263105273,0.20640546443141988,0.16276933591482046,,,0.6153451465759925,inf,,,0.18274157365482704
353,,0.0,0.0,1.5244693294244003,1.4625222004049023,0.7245535550344367,0.7504558113149404,0.751558144718517,,,0.5641709578113449,inf,,,0.1739693446948255
354,,0.0,0.0,1.5557101840552523,0.7492388468889495,0.9385987195945689,0.14634911716747398,0.1863180755366999,,,0.5490601803369085,inf,,,0.1782612510520415
355,,0.0,0.0,1.3040089417466048,1.294065386242686,0.5700817252317231,0.341404308940109,0.4474278375719339,,,0.5947193981915972,inf,,,0.19352626025096412
356,,0.0,0.0,1.5984293827612457,1.427407072667269,0.7899068171815284,0.7121731693907347,0.9721621350576864,,,0.5883313578629602,inf,,,0.18150948389590146
357,,0.0,0.0,1.6139184343534814,1.5300819710817852,0.815628507730333,0.2950018519029919,0.5382988634402229,,,0.5748741956352443,inf,,,0.17942547918895696
358,,0.0,0.0,1.3263273074883997,0.7575881462249812,0.6148320586366446,0.10615507468939248,0.1809881414918246,,,0.5113665138247345,inf,,,0.17941244369859605
359,,0.0,0.0,0.6718315980158304,0.5744261289871799,0.4594322232188468,0.062385009489023605,0.13363670454842624,,,0.4576907132971797,inf,,,0.15754451432394026
360,,0.0,0.0,0.6718315980158304,0.5630401893025141,0.7947165485700998,0.15639160170533026,0.2513961168001069,,,0.4732203808476458,inf,,,0.1699688885933158
361,,0.0,0.0,0.4033445147837879,0.3220383035024133,0.9297005253820712,0.1551910594557871,0.34678841413621514,,,0.44144624493110796,inf,,,0.1667573628766129
362,,0.0,0.0,1.1494238961782237,0.7233784640810477,0.9093073267983747,0.17740705962074294,0.3773117937611231,,,0.48319206230712763,inf,,,0.1744831454686391
363,,0.0,0.0,1.147481180652146,0.5881660380216103,0.8309369618386688,0.04842565835323375,0.07382192960662404,,,0.5783247308855777,inf,,,0.17709378021625438
364,,0.0,0.0,1.6895885625728242,1.0951914716954043,0.8901649430646086,0.07620749864924141,0.09044298181661703,,,0.585052858160615,inf,,,0.1589249269968566
365,,0.0,0.0,1.6138012400818593,1.4028070308241631,0.9074751808839109,0.4883579031225191,0.4052702254439061,,,0.5915533975974677,inf,,,0.1718075907719659
366,,0.0,0.0,1.5977069140401494,1.4820217945266196,0.8327148541240907,0.43646868461980065,0.4911610453799334,,,0.5783247308855777,inf,,,0.19446412215584852
367,,0.0,0.0,1.4342615927049416,1.3324298357290187,0.8790759576399565,1.3240323551003357,0.9745562794631377,,,0.6153451465759925,inf,,,0.2576163071881901
368,,0.0,0.0,1.6979247425009252,1.6800001236957607,0.8936780438068056,2.3879841465515255,1.438469493883118,,,0.6097226960127671,inf,,,0.2656249982806754
369,,0.0,0.0,1.7107560409943345,1.690103084663807,0.8893645689730154,3.6678947662902828,3.3440703648931756,,,0.6180765742263259,inf,,,0.2462652917001698
370,,0.0,0.0,1.6602160226372296,1.6341347969250062,0.8518150222649283,3.1104905521623563,3.3719289388846274,,,0.6284777104787076,inf,,,0.21155823267965868
371,,0.0,0.0,1.7312595579456125,1.683006684137741,0.932285520077973,3.3217263324678443,3.7037438328657926,,,0.6180765742263259,inf,,,0.21081009500660797
372,,0.0,0.0,1.7363423434029712,1.6405002323535838,0.9011284202698029,2.362303259530088,1.481584513371331,,,0.6207552362147116,inf,,,0.2337136838849993
373,,0.0,0.0,1.6970951621067942,1.554407277183138,0.9501357597054405,1.3487613616950171,0.6208367989790058,,,0.6207552362147116,inf,,,0.21864249439632286
374,,0.0,0.0,1.6452104821304911,1.5670571633797492,0.9082341328584651,2.5079310120159923,1.5490535981301834,,,0.6333676938231112,inf,,,0.1823856952960266
375,,0.0,0.0,1.441728539693269,1.3021423095367235,0.932510832116062,0.8746574401671938,0.41921543973521525,,,0.585052858160615,inf,,,0.1857654165787052
376,,0.0,0.0,1.7484098180655008,1.659039813646176,0.9620773024739853,1.9307790594081085,0.8782219743427795,,,0.6068309995095971,inf,,,0.2172828746031132
377,,0.0,0.0,1.7699699781853477,1.7394860141997632,0.9498384234984059,2.33785923159755,1.418432538235014,,,0.6207552362147116,inf,,,0.25538524175780913
378,,0.0,0.0,1.6697380057126086,1.5976251780883326,0.9205498939443881,2.1006057192283794,1.1969238483281224,,,0.6309483474627791,inf,,,0.22540964172866204
379,,0.0,0.0,1.7476288511586422,1.7005562924293682,0.9262600027803978,2.632520420508856,2.1904199474547377,,,0.6333676938231112,inf,,,0.20461003842286452
380,,0.0,0.0,1.763160178841089,1.7132844828942917,0.944822402615681,2.6978234894469355,2.2800214190605463,,,0.6284777104787076,inf,,,0.2131608652010424
381,,0.0,0.0,1.7475660802015829,1.7077546655554214,0.9302514073890391,2.0645228591310976,1.1933246796228785,,,0.6380535849069913,inf,,,0.21770047134337508
382,,0.0,0.0,1.7432314745454223,1.7033347233543181,0.8816892688560531,2.3860197985092193,1.6498546494192299,,,0.6153451465759925,inf,,,0.21033104699524555
383,,0.0,0.0,1.4202176991816828,1.350531686745108,0.8704200056520819,2.4952833392099656,3.0838711615821186,,,0.5915533975974677,inf,,,0.21985463056736215
384,,0.0,0.0,0.7806112780759306,0.7451037744273153,0.6264947839837254,0.31459619587285437,0.19060263040259895,,,0.5947193981915972,inf,,,0.17999693357179453
385,,0.0,0.0,1.700719952835913,1.667692427486161,0.8979845228771316,1.8144179223486472,0.9042742524015646,,,0.648888643467878,inf,,,0.22089333544256415
386,,0.0,0.0,1.739147029834395,1.6435363055346968,0.9342456319483501,1.974020294085942,0.9503008939162716,,,0.6380535849069913,inf,,,0.24375150035176488
387,,0.0,0.0,1.762450833224733,1.678079126672466,0.9679776721613716,2.1498106198596902,1.0311846784538887,,,0.6547956803312163,inf,,,0.247525535419534
388,,0.0,0.0,1.7365956308573716,1.7210797528591537,0.9113656545107484,2.4290496624240716,1.3681435499060743,,,0.6547956803312163,inf,,,0.24251772470672076
389,,0.0,0.0,1.7685532785159024,1.70730234272744,0.9447842314501856,2.422562826159281,1.9552304251975752,,,0.6125606311107803,inf,,,0.2368194354642098
390,,0.0,0.0,1.606586670645009,1.5230156980967744,0.847951954493459,1.9927990019354538,1.6288671037400921,,,0.6602640781246099,inf,,,0.2194771405515048
391,,0.0,0.0,1.7177928968796103,1.6343111758937447,0.9049108398842244,1.6823745943887158,0.8841044216562712,,,0.6380535849069913,inf,,,0.20894085400584675
392,,0.0,0.0,1.743955015330831,1.6796963617566025,0.8780163057678654,1.940967952211146,0.8329266825046109,,,0.6207552362147116,inf,,,0.22190199792085014
393,,0.0,0.0,1.44703506348183,1.0859250587407738,0.9415905692199178,0.9191984785189113,0.6159768851664812,,,0.6547956803312163,inf,,,0.19913763129894593
394,,0.0,0.0,1.7302714689382972,1.5335048835475864,0.945534299548404,1.7318416548849538,0.7865998246962864,,,0.6038851895711802,inf,,,0.23126345556842606
395,,0.0,0.0,1.5515013287806716,1.4302190576802614,0.8805895546799585,1.0258865553143008,0.5930763518474034,,,0.6068309995095971,inf,,,0.25234372323588933
396,,0.0,0.0,1.7717163898735546,1.7539431209796434,0.9059681618779061,2.5949801960424654,2.005041323647317,,,0.6619902821573977,inf,,,0.24176989504201205
397,,0.0,0.0,1.6904277491900994,1.6453233190658754,0.9442608551796169,1.6921196797183131,0.8787451078427109,,,0.62595550513784,inf,,,0.21847913878987052
398,,0.0,0.0,1.78401586835258,1.6830488094814429,0.9557986997484947,2.6407998273392175,1.9845689912079654,,,0.62595550513784,inf,,,0.2335716129007392
399,,0.0,0.0,1.7535813747185718,1.6875935025713529,0.9603802630065749,1.6767273691932134,0.9530016645959196,,,0.6684167106117298,inf,,,0.2015602571762159
400,,0.0,0.0,1.7521488706239736,1.7298535258340486,0.9274388585311898,2.219491838650466,1.2732426019542058,,,0.6333676938231112,inf,,,0.22399884350517318
401,,0.0,0.0,1.762273445199118,1.7059871960652857,0.9628176419209761,2.0052735244830724,0.9712824276441645,,,0.6357360191111145,inf,,,0.2363799841172303
402,,0.0,0.0,1.76861501547423,1.744263427329963,0.9697375883360898,2.3082045474828092,1.8022054900725597,,,0.6357360191111145,inf,,,0.2719844830039911
403,,0.0,0.0,1.7577373686373055,1.7220540077429949,0.9706957391019785,2.318354499548477,1.6357765682034375,,,0.6425374456860184,inf,,,0.21646842276302625
404,,0.0,0.0,1.7624960864037555,1.7323391444607634,0.9380719439142656,2.366143239657746,1.9794225006504211,,,0.675384900321601,inf,,,0.20368645923522627
405,,0.0,0.0,1.6459227707349948,1.6062522916056194,0.9398264389924975,1.7513180530345287,0.9946241298093064,,,0.6068309995095971,inf,,,0.21720611745844542
406,,0.0,0.0,1.7271072507140115,1.696851255445607,0.9211008653654743,2.48067826308325,1.53608515682554,,,0.6425374456860184,inf,,,0.23793789297802057
407,,0.0,0.0,1.7648176037461547,1.7352414944348844,0.9670083343707391,2.2084980345835414,1.2486118872623826,,,0.6403206450210053,inf,,,0.22789201504338796
408,,0.0,0.0,1.700069625853316,1.61184049998168,0.9524127540994896,1.5764772799271123,0.7744715373099764,,,0.5978297680564633,inf,,,0.23609758845404683
409,,0.0,0.0,1.572911888518201,1.4851095250554076,0.9109397086198475,1.1592956321977608,0.44226642438966546,,,0.6233814453054027,inf,,,0.20066513512507886
410,,0.0,0.0,1.725875893718006,1.621205526031997,0.7809987697106142,1.6138306504626627,0.9118438301165543,,,0.6468212168108125,inf,,,0.21406396113059717
411,,0.0,0.0,1.343989723804786,1.137399566644878,0.9071930661877602,1.0851945710617923,0.7280350076437014,,,0.5883313578629602,inf,,,0.19283614546467087
412,,0.0,0.0,1.7086396053892212,1.6009947659193402,0.9411340427783187,1.59896142944724,0.7557242213413888,,,0.6333676938231112,inf,,,0.21696011226875475
413,,0.0,0.0,1.6825542896407564,1.6104713423719554,0.9056159080102109,2.387639660620379,2.884626831887728,,,0.5883313578629602,inf,,,0.21297246577302123
414,,0.0,0.0,1.7359400059600247,1.5619780812691946,0.8959756794925073,1.3877384399745103,0.6304201767498407,,,0.62595550513784,inf,,,0.22726166468064085
415,,0.0,0.0,1.5024930081167291,1.1900598118015486,0.8480611882888948,0.868853409875853,0.457079263306013,,,0.5677978065141052,inf,,,0.23415857398862377
416,,0.0,0.0,1.546541141510255,1.1504323496363744,0.8355320369050495,0.36990749287064245,0.3601016436603952,,,0.552929491858785,inf,,,0.20727520992311138
417,,0.0,0.0,1.5323336445565374,1.2014900405451179,0.8579914445443599,0.898994389152008,1.0154292326316106,,,0.6357360191111145,inf,,,0.24534458151184738
418,,0.0,0.0,1.701767869383208,1.6666327518117023,0.768176650781935,0.5887968150125431,0.7767794427960719,,,0.6468212168108125,inf,,,0.2100925300045912
419,,0.0,0.0,1.6275354675279508,1.270932781344843,0.7935458204351897,0.6909954874407352,0.41597075687195084,,,0.6038851895711802,inf,,,0.20200140749323148
420,,0.0,0.0,1.0011307939650052,0.9025149766885421,0.5677488441905257,0.1589577235234816,0.21561100775978362,,,0.62595550513784,inf,,,0.1817619372922254
421,,0.0,0.0,0.3782404488612031,0.3194298670659748,0.8045357388382438,0.6942252255766834,0.4933866765253233,,,0.6207552362147116,inf,,,0.20027082449640274
422,,0.0,0.0,1.6154819742445736,1.5388869815533355,0.6000526677348361,0.259958607249291,0.31945110105820707,,,0.5978297680564633,inf,,,0.21590017488157584
423,,0.0,0.0,1.1676924078137936,0.7758531519361931,0.8450563020488443,0.3431729576037438,0.4514150722408198,,,0.6125606311107803,inf,,,0.18792330645477093
424,,0.0,0.0,1.6160863456325592,1.5338766164261672,0.6502871823646057,0.540969751739716,0.5560535164663291,,,0.6528756675646988,inf,,,0.268221508990635
425,,0.0,0.0,1.7438988425385202,1.7705288542597988,0.7910996347136546,0.864742414333639,0.9259107989725401,,,0.6684167106117298,inf,,,0.23672940540974435
426,,0.0,0.0,1.7038935034949452,1.6417025161400642,0.8722498484181657,0.7581996582937628,0.9192368798237187,,,0.6284777104787076,inf,,,0.21685043223590564
427,,0.0,0.0,1.7759726804082479,1.6063213209942826,0.7368558981864991,0.4439983976307897,0.4623492681741758,,,0.6125606311107803,inf,,,0.22382328578432278
428,,0.0,0.0,1.3625012779972152,1.1327380864841643,0.8366174674205078,0.3222212541450101,0.3355924001359355,,,0.6309483474627791,inf,,,0.18652675955710785
429,,0.0,0.0,1.1922481651856442,0.9915736307679546,0.7991584137309866,0.44866908500991787,0.4685445609299617,,,0.6284777104787076,inf,,,0.18831754058740344
430,,0.0,0.0,1.7111722517354446,1.5781006787481302,0.7227390671044188,0.48613860269058334,0.5654785537450941,,,0.6380535849069913,inf,,,0.21457097904403694
431,,0.0,0.0,1.5611360806377574,1.4575902566256387,0.7976518112320853,0.6649281138440579,0.6984855865216221,,,0.6619902821573977,inf,,,0.19770884826185525
432,,0.0,0.0,1.1200099892623334,0.9776012889365907,0.601792512129822,0.49259007870772237,0.4065118403038215,,,0.6180765742263259,inf,,,0.22842042875895574
433,,0.0,0.0,1.0280135079813786,0.8447199914790332,0.7965216980840515,0.5531206084591039,0.6631483687414351,,,0.6125606311107803,inf,,,0.19337140385025725
434,,0.0,0.0,1.4439695646598152,1.358830483349743,0.6684292156805854,0.5180858351850982,0.5050144256008813,,,0.6153451465759925,inf,,,0.23442005352427164
435,,0.0,0.0,1.6645248926182667,1.6210164896659436,0.8959204515313512,0.9064450281408512,1.0916151804366052,,,0.6153451465759925,inf,,,0.2286381502933883
436,,0.0,0.0,1.7717068088018042,1.7356086942993294,0.7873904117151211,0.7686930088259628,0.8584897999357365,,,0.6284777104787076,inf,,,0.22575586286927765
437,,0.0,0.0,1.7689612785297768,1.6481976150316893,0.756753436074105,0.771478751047039,0.8955717794963669,,,0.6403206450210053,inf,,,0.22308163337857312
438,,0.0,0.0,1.769513070905568,1.736642546359294,0.6565842199318067,0.6207325272639359,0.65996542254187,,,0.6509067234006624,inf,,,0.2367171837950182
439,,0.0,0.0,1.5478515766811025,1.3765028750741195,0.7930410799618586,0.626124282330227,0.5525823452636289,,,0.6309483474627791,inf,,,0.2201066545007868
440,,0.0,0.0,1.7476296045908333,1.6750985137411523,0.8049097922606304,0.7892384632109292,0.8653425230855626,,,0.62595550513784,inf,,,0.2309116895203928
441,,0.0,0.0,1.7198528479954909,1.6586244249094506,0.8076525044021299,0.7013647797443863,0.8401518243367067,,,0.6180765742263259,inf,,,0.23823339861839204
442,,0.0,0.0,1.61411182464642,1.5657585904911488,0.86281463154892,0.9574940003438028,1.1959358114471363,,,0.5947193981915972,inf,,,0.22839911434947544
443,,0.0,0.0,1.618581320870069,1.6047266436066447,0.7392795573829216,0.6909615201320737,0.7939196026979314,,,0.6357360191111145,inf,,,0.2509231106920241
444,,0.0,0.0,1.6140821127205256,1.6029266489035905,0.48018780129320565,0.7192928422343732,0.7697440359793822,,,0.6233814453054027,inf,,,0.2568657411843586
445,,0.0,0.0,1.4026845032045125,1.2672699486228745,0.34863855511875624,0.30286930158346786,0.21345280252162813,,,0.6357360191111145,inf,,,0.22894247128723635
446,,0.0,0.0,1.4809170065782291,0.8666718781166193,0.8323118163839852,0.005036401126797626,0.015053882675390925,,,0.5978297680564633,inf,,,0.1639948588205845
447,,0.0,0.0,0.8167598149523039,0.26546243627355715,0.8927026849078549,0.006330028571748618,0.01818376436823839,,,0.5783247308855777,inf,,,0.16239041780587155
448,,0.0,0.0,1.6037988083066566,1.4466243033706754,0.9143019351483168,0.0008052726777464986,0.0025754401654170967,,,0.5883313578629602,inf,,,0.1633163798298331
449,,0.0,0.0,1.6504365972280224,1.5615849568388005,0.9810542133586174,0.0008861332264472161,0.0028238282126536976,,,0.6038851895711802,inf,,,0.1633549887905363
450,,0.0,0.0,0.15530386776307525,0.14402380893269626,0.7093208864052947,0.01748343637519513,0.030500634397302,,,0.6125606311107803,inf,,,0.16862040638096412
451,,0.0,0.0,0.2678618456678791,0.2162934991806774,0.8481247755249887,0.004205096400615507,0.009017542865748102,,,0.6207552362147116,inf,,,0.16718677405772
452,,0.0,0.0,0.48894336017244905,0.2974534508173719,0.8610785562455305,0.006967118614587929,0.018150112881073533,,,0.552929491858785,inf,,,0.16532425251935046
453,,0.0,0.0,0.224850751393902,0.19494458490036382,0.7148707146437273,0.00784107424471261,0.017565222704656255,,,0.6038851895711802,inf,,,0.16594858781360775
454,,0.0,0.0,0.8886422918077529,0.4670206536973142,0.86241404489766,0.015591628630205454,0.03678486718573277,,,0.6153451465759925,inf,,,0.16397970748323806
455,,0.0,0.0,0.33837652030476323,0.3052210621965429,0.9021061120491446,0.02723580250258107,0.06366865120206386,,,0.581717464821069,inf,,,0.16459158947185937
456,,0.0,0.0,0.6817756531969323,0.4901301440990224,0.8478769017478291,0.007592500635019426,0.02228899589632856,,,0.585052858160615,inf,,,0.16334488810593598
457,,0.0,0.0,1.657771924240949,1.0014830853940047,0.9555959178598248,0.0011635741917614155,0.0036960572495792544,,,0.5713653840954815,inf,,,0.16384836586141863
458,,0.0,0.0,0.7437399526438329,0.5133425213391567,0.9415466475760511,0.003109302336375221,0.009340060170355487,,,0.62595550513784,inf,,,0.16403910555907955
459,,0.0,0.0,0.2126938811736031,0.17382569602293682,0.8742719747364975,0.01561496015281305,0.038623345666473616,,,0.5641709578113449,inf,,,0.1640418903556906
460,,0.0,0.0,0.6842157246908805,0.5992627379413804,0.7608777827206321,0.005157026548157849,0.012021510483353148,,,0.5677978065141052,inf,,,0.16776030118698346
461,,0.0,0.0,1.050016556889975,0.7922570480500732,0.8753510690105684,0.007948165287776131,0.020383243148210703,,,0.581717464821069,inf,,,0.16406035486416376
462,,0.0,0.0,1.5470262893396123,1.099149531913962,0.8498970242003734,0.012938150504716087,0.03453709958665656,,,0.541134803179459,inf,,,0.16242565730022798
463,,0.0,0.0,1.5218206788627524,1.1320505055770904,0.9294677474028031,0.005309103717577328,0.01635441397431343,,,0.524519217297268,inf,,,0.16634769036790076
464,,0.0,0.0,0.6149605641269821,0.48970093744588084,0.7778551996857731,0.0037237218929964304,0.011168269427994672,,,0.5713653840954815,inf,,,0.16360978683934518
465,,0.0,0.0,0.20466859451959732,0.14923955141698975,0.902861858133399,0.0036034929311379196,0.010719003166418497,,,0.585052858160615,inf,,,0.16311892061094166
466,,0.0,0.0,0.9369015939678139,0.5902840158550785,0.7643959993700007,0.025790787840364832,0.04528293657019486,,,0.5883313578629602,inf,,,0.16344231429077002
467,,0.0,0.0,1.6478468287486938,1.0716511724538715,0.8834251933277194,0.002796849493522056,0.00822801094839083,,,0.6207552362147116,inf,,,0.16313084649948992
468,,0.0,0.0,0.16921395908888537,0.10402393492605987,0.7342700486326024,0.012368687802686528,0.025642695163993562,,,0.5713653840954815,inf,,,0.16911424467911138
469,,0.0,0.0,0.6065499646351077,0.4788459355764991,0.9676671344977332,0.16242827295614792,0.34376793111709103,,,0.5713653840954815,inf,,,0.1740792967564226
470,,0.0,0.0,0.6598796313745661,0.6056503571155265,0.7239466068938262,0.007101441858703405,0.019566183946741186,,,0.581717464821069,inf,,,0.16510760732683316
471,,0.0,0.0,0.8594817382675488,0.6584028480456627,0.7758763695192552,0.001517624782128468,0.004088512401021898,,,0.5641709578113449,inf,,,0.1672543870143854
472,,0.0,0.0,1.0605381193820576,0.8738937512259323,0.9089288852010374,0.006769022666378481,0.01934594691096542,,,0.5677978065141052,inf,,,0.16236351137318428
473,,0.0,0.0,0.37821336372540226,0.30520405723141625,0.5064683757250393,0.02533115034652592,0.05026144488272054,,,0.552929491858785,inf,,,0.16762971169079555
474,,0.0,0.0,0.2775301820667989,0.18201852663423934,0.8958757735847714,0.20635043671692543,0.3780550308740261,,,0.524519217297268,inf,,,0.21238636718219883
475,,0.0,0.0,1.0302194687180577,0.7908133209256769,0.976888506374602,0.1139634118456077,0.2520402433864388,,,0.552929491858785,inf,,,0.16615589352878557
476,,0.0,0.0,1.724676760320518,1.093743242965592,0.9617455483095803,0.30710853672457544,0.5660766390532652,,,0.5113665138247345,inf,,,0.19255624120681655
477,,0.0,0.0,1.5918019334463138,1.078118944649878,0.9666393304602,0.25030602387910245,0.45917447939184164,,,0.4928685327679205,inf,,,0.17649232796096553
478,,0.0,0.0,1.4045192214168534,0.965871805649438,0.9238951557157883,0.1211913929457349,0.27074729216843096,,,0.49759852643134905,inf,,,0.18920516663483988
479,,0.0,0.0,1.6022826066870963,1.026627297351914,0.8982925335071567,0.00449766415664712,0.013102666581000705,,,0.5158180382284114,inf,,,0.1641036183443709
480,,0.0,0.0,1.5629024891991756,1.0974644308137147,0.9049632226034601,0.008540187841067727,0.02397539310713414,,,0.4732203808476458,inf,,,0.1590765304586188
481,,0.0,0.0,1.5146611202540121,1.0416641658070729,0.8648845904532431,0.07981224202854481,0.17546295269287135,,,0.5068466436745385,inf,,,0.17422183362711752
482,,0.0,0.0,1.649541247522991,1.4324474579228024,0.8183159443293375,0.13732838122973373,0.24442805872278955,,,0.48319206230712763,inf,,,0.17125785987293604
483,,0.0,0.0,1.5563259958385662,1.1066448994143063,0.8526526180552126,0.11028458670057749,0.2239021877870892,,,0.5022576003740722,inf,,,0.1763927900717735
