,temp+bvp_XAp0,temp+bvp_XAp1,temp+bvp_XAp2,temp+bvp_XCond1,temp+bvp_XCond2,temp+bvp_XDist,temp+bvp_XFuzz1,temp+bvp_XFuzz2,temp+bvp_XK2_1,temp+bvp_XK2_2,temp+bvp_XPermEn,temp+bvp_XSamp0,temp+bvp_XSamp1,temp+bvp_XSamp2,temp+bvp_XSpec
0,0.0,0.0,0.0,0.8482289447736988,0.8054914504957269,0.4869657224670089,2.8431119738641604,4.24500132507929,,,0.675384900321601,5.703782474656201,inf,,0.7710191081283808
1,0.13809752524250826,-1.9296012062357433e-06,-0.0027600209036439294,0.6914843872220138,0.670141927521438,0.641429654931672,3.1252166320102206,3.446993435297802,,,0.6528756675646988,4.010616346691388,2.5217512794198624,inf,0.5329568659293317
2,0.27811796259993127,-0.019468257381995188,0.0,1.1904581149898472,1.1570555478501912,0.8235735822699557,4.852529493317416,20.564767116032943,2.896799819004346,,0.6284777104787076,2.8036437543863406,2.9034776215353753,inf,0.7784762359404976
3,0.021305561918314148,-0.00042611123836628294,0.0,0.8321203971699761,0.78577748192703,0.6086789703679746,2.7201776191283025,1.9525420245318021,,,0.6652988471865258,3.9322257127456655,inf,,0.7756911137024525
4,0.0,0.0,0.0,0.9325765583073623,0.9009813036173278,0.7502741868596997,2.934010594976266,2.775390229539306,,,0.6528756675646988,4.605170185988091,inf,,0.6406843950280213
5,0.0,0.0,0.0,1.033579631531804,0.9775946938869488,0.6993200890486608,3.1787992877395426,1.3715372197034905,,,0.6403206450210053,3.138833117194664,inf,,0.6080269963039044
6,0.28372440877138183,-0.007565984233903516,0.0,0.8920777267074979,0.8945921456634293,0.7048106947609099,2.9809033818921105,1.5788571322838316,,,0.6284777104787076,3.743218317213785,inf,,0.8161787791569859
7,0.21162609081198983,-0.0021162609081198983,0.0,0.5392341759944189,0.4718981615627685,0.5012973255860017,2.6482338292885927,1.5905503195048691,,,0.6038851895711802,4.775563171916772,inf,,0.7562649353875394
8,0.0,0.0,0.0,0.5324433429461604,0.4927692872701004,0.42693126366565687,2.1175625044302526,1.820246138842741,,,0.6233814453054027,5.0106352940962555,inf,,0.7061966960195831
9,0.0,0.0,0.0,1.126126738883968,1.0530219014784112,0.6937558103664583,3.807761253426816,5.304612227201859,1.9425712477897987,,0.6425374456860184,3.757872325600888,1.949249050320828,inf,0.7818501673689278
10,0.13763515308711083,-0.006422973810731839,0.0,1.2269883911039579,1.170869700048265,0.8249917726463724,4.46282582181359,22.49001672586002,2.566980626370616,,0.6284777104787076,3.1334629470200706,2.5736584289016453,inf,0.7184389457865868
11,0.4930365332496165,-0.02629528177331288,0.0,1.162192761587073,1.044429532451241,0.8263511198199492,3.4005096697882125,6.349756112708723,2.5786440445926146,,0.6668815377411301,3.1217995287980718,2.5853218471236437,inf,0.48316869824293057
12,0.3854010337653267,-0.02569340225102178,0.0,1.3100435483766526,1.2957750329418118,0.7890985126869674,4.614650358885773,16.673109506105156,,,0.6528756675646988,2.9393519401178834,inf,,0.6406246616522553
13,,0.0,0.0,0.61275045656526,0.5462998925961723,0.5728128475863344,2.7244245746722857,3.3923882125595695,,,0.6333676938231112,inf,,,0.6658781458138905
14,1.0895775270141415,-0.014527700360188552,0.0,1.0840511258362038,1.055943179768808,0.6698314309840869,3.174429665866547,2.9887300178879705,,,0.6547956803312163,4.873776111379058,inf,,0.6731620318389077
15,0.16708557192633045,-0.005569519064211015,0.0,1.088608470223655,1.0562384699983527,0.7172043819126857,3.9534016862176937,2.8752142629670057,,,0.6425374456860184,3.511756572229219,inf,,0.7917120884498
16,0.02110004808898968,-0.0009846689108195183,0.0,1.1754663497507456,1.1503714208516782,0.754086802593978,3.951739718710795,3.808783490094848,2.616001511666019,,0.62595550513784,3.0844420617246673,2.622679314197048,inf,0.7260515262134947
17,0.27606042479934373,-0.002370324597514583,-0.020634710802430727,1.0328563215686166,1.027087121082328,0.6475895176284933,3.895188828963137,6.729447304680187,3.1369265230207746,,0.6547956803312163,2.563517050369912,2.6557837758599008,inf,0.7989989479079638
18,0.030501613692471934,-0.0020334409128314624,0.0,1.3402470959267265,1.332815969551078,0.8481349475763298,4.129475742276276,19.00616263648311,,,0.6380535849069913,2.731148252348187,inf,,0.7843865623333787
19,0.05913098027903195,-0.005715994760306422,0.0,1.1840441630861807,1.1586458517866702,0.7652427616318344,4.867275596377332,13.966055039814602,2.642126424645074,0.6897970936746634,0.6403206450210053,2.365169968185667,2.6488042271761034,0.6964972674452273,0.8303429121335727
20,0.015116055123390678,-0.0006265228830978774,-0.0005323746763620746,1.2388668291219045,1.2136070152443204,0.78954489432195,4.596942024278226,9.570075581335391,2.5012764810667476,,0.6068309995095971,2.5824459789673413,2.507954283597777,inf,0.7779979550684873
21,0.20231906846185604,-0.014836731687202776,0.0,1.28932999839338,1.2680662410164234,0.8519678788185999,4.62618791612868,53.76205647932494,,,0.6403206450210053,2.6972751279342515,inf,,0.7331209647545144
22,0.027701029597444384,-0.0013850514798722192,0.0,1.3581810738442752,1.3386793597170012,0.8998591575583189,4.5205178235044725,43.743277462230736,,,0.6180765742263259,3.0186597781976956,inf,,0.5439233068404964
23,0.2009095979626216,-0.012054575877757295,0.0,1.2781731136566876,1.2515094931258437,0.7733944867779494,3.837689076353427,4.559680518679335,2.5211105747402365,,0.6509067234006624,2.9187712324178627,2.0952029629439077,inf,0.6107867179145101
24,0.13892657148474205,-0.007396670074660728,-0.003254367072502829,1.4452190134476246,1.4229714831382734,0.8830385559893738,4.399468752905808,21.449325176154908,2.8289174402297204,,0.6447042257417027,2.658466700913382,2.7280748990494934,inf,0.7126410969488436
25,0.0,0.0,0.0,1.1036739987887616,1.0510540982715513,0.746495797087592,4.371591611788029,4.537051314854049,,,0.6309483474627791,2.6127400212978853,inf,,0.7273788244441008
26,0.05140755422496152,-0.005654830964745767,0.0,1.1298872604999963,1.0953926199945003,0.7774019859923702,4.172514312420972,36.277382710187105,3.468109818940899,,0.6509067234006624,2.232333754449787,2.781640440911983,inf,0.8248884766858408
27,0.0,0.0,0.0,0.9732120691149536,0.9372801598044301,0.697178732918842,3.7392342616560854,9.544104099672776,,,0.6333676938231112,4.605170185988091,inf,,0.6107368553732143
28,0.0,0.0,0.0,1.1138161158058457,1.0924428436416724,0.7668957607901762,3.7440132503327193,3.4017159594744304,,,0.6468212168108125,4.0943445622221,inf,,0.7289796744721371
29,0.28366276461466283,-0.011346510584586514,0.0,0.9212809236900987,0.9121192932541885,0.6805742239412677,4.020958116003563,12.402670036334898,,,0.6509067234006624,3.375204801387902,inf,,0.6641695100444405
30,0.6529301512283539,-0.032646507561417695,0.0,1.0629856894649508,1.0478527940549007,0.7602334235895054,5.072897804658517,9.655823964112354,,,0.663668482632973,3.2965371111187225,inf,,0.6677324189889684
31,0.0,0.0,0.0,1.171646220388654,1.1402865307004182,0.7771704024931319,3.769890273092992,5.562678447691105,,,0.6468212168108125,2.8134107167600364,inf,,0.762329997521843
32,0.15715132723417008,-0.008905241876602972,0.0,1.1797353472748031,1.1633796316989011,0.8460495717275494,3.8161279754573125,25.452401476413502,2.2978492481344803,,0.5978297680564633,2.9653108445606584,2.048663350801112,inf,0.4663271264711371
33,0.03740803073687587,-0.0022444818442125523,0.0,1.064514835517,1.031911749222601,0.7563982356550119,4.328351220621443,34.03534728745607,,,0.6233814453054027,2.8410103283584407,inf,,0.8413012535283697
34,0.43068163370589735,-0.01712466048557311,-0.004409421199721755,1.1424881594972005,1.1221110000980752,0.8243605709267873,3.9056352291940257,4.562133257120518,5.1261751242894755,,0.6699045166045591,3.1836695691335812,3.841868745504939,inf,0.6761556291070195
35,0.012451928847922953,-0.00012451928847922954,0.0,0.7518716546034093,0.6479121451846852,0.6396621474536641,4.083871667241342,16.579493917220933,,,0.6207552362147116,4.617467713798497,inf,,0.533569635164991
36,0.6250470260557021,-0.0062504702605570206,0.0,1.065765508377723,1.0170454431175537,0.7181063270194774,3.60469423275416,5.463895661521623,,,0.5915533975974677,4.9367654455298,inf,,0.6955657142912356
37,0.19557298675804838,-0.009126739382042257,0.0,0.9806186619206165,0.9447206554069002,0.7374603673256095,4.0816956573854615,8.868683540378328,,,0.648888643467878,3.1695567000939993,inf,,0.6104589233352441
38,0.6889602162346395,-0.00918613621646186,0.0,1.3663887502925682,1.3512695306952582,0.8253615586797806,3.6828843668667135,3.418088109126907,,,0.62595550513784,4.783499721512508,inf,,0.9297270613385876
39,0.45557126947236204,-0.007592854491206035,0.0,0.9137670260958985,0.8724413919072912,0.5439952829581534,3.8012852625867923,4.728033020030587,,,0.675384900321601,4.385588526240242,inf,,0.5772289482838507
40,0.05109948496480464,-0.002384642631690883,0.0,0.9931045625212185,0.9495695468247756,0.7475150583496919,4.472846886929504,6.633043776574518,,,0.6668815377411301,3.105299154439034,inf,,0.6025215507214527
41,0.12558756196957968,-0.004535445596932916,-0.0009066820884155371,1.1393857338982067,1.0910699605111212,0.8119867284791245,4.087846060613112,6.403931200218149,2.876089355979916,,0.6333676938231112,3.2365307601069215,2.74168856025104,inf,0.433504797386757
42,0.005307143960534726,-0.00022997623828983812,0.0,0.9465598559696559,0.8998364599833965,0.7259669307083538,4.0655030858705965,16.81144468110316,,,0.6468212168108125,3.1439745166950828,inf,,0.7317323444461326
43,0.18232237353434955,-0.007292894941373982,0.0,1.059952444582579,0.9945150456440126,0.7630138236664049,4.775745780099266,15.40427829906396,2.3640971640481476,,0.62595550513784,3.336346409342539,2.3707749665791766,inf,0.707015577731791
44,0.0,0.0,0.0,1.0189988602395907,0.9674576925050649,0.6935463155909661,3.019782628467406,2.0892478066693654,2.1938856760707046,,0.6528756675646988,3.506557897319982,2.200563478601734,inf,0.6916491719593905
45,0.05917758011734687,-0.002564361805085031,0.0,1.1569069749456597,1.0664504627875808,0.7122592095596489,3.1061596727830065,1.943168472537037,,,0.663668482632973,3.1809914743352885,inf,,0.5343716318712006
46,0.042968949699902934,-0.000716149161665049,0.0,1.1312215866611495,1.098555341529293,0.7847417852999061,2.6685864644572335,1.6573818809634204,,,0.6233814453054027,4.133778631467508,inf,,0.846377694423759
47,0.0,0.0,0.0,0.7193536237064216,0.6564355066024269,0.656300871603163,2.454047177497856,2.825269680806141,,,0.6207552362147116,4.605170185988091,inf,,0.701818592368169
48,1.2526241085336294,-0.012526241085336292,0.0,0.9715469656984569,0.905734986302305,0.7082738550330768,3.619053441855068,34.702235488751214,,,0.6468212168108125,4.9990361582529035,inf,,0.7601002766948564
49,,0.0,0.0,1.1025382673226114,1.0560682415092049,0.791390147106317,4.594235518721166,42.29453500029032,,,0.6447042257417027,inf,,,0.9442431256446249
50,0.0,0.0,0.0,1.1452270733488246,1.1205285932869633,0.6807266221589546,5.302334459077536,18.027910119673393,,,0.6699045166045591,4.605170185988091,inf,,0.8116377252835083
51,0.043797108233109214,-0.0007299518038851535,0.0,1.1545402055877045,1.1092184139363743,0.8335949817662809,3.5929576485902475,35.16590133143875,,,0.6357360191111145,4.13447235331288,inf,,0.8395887589323995
52,0.18004396323696614,-0.002400586176492882,0.0,0.9000294659777863,0.8669043829157326,0.7702272101890414,4.200450504584318,8.437112404967321,,,0.6528756675646988,4.454836304687534,inf,,0.6935815500508699
53,0.0,0.0,0.0,1.009681013771254,0.8738028239217892,0.725827466585435,3.9633655670666545,5.340541267745719,,,0.6403206450210053,3.757872325600888,inf,,0.7039961338600385
54,0.0,0.0,0.0,0.9995329473936609,0.9234404590327637,0.678197343968481,3.7587947963829067,2.4654463163218514,,,0.6727386042041725,4.0943445622221,inf,,0.898039616090887
55,0.03361363133030924,-0.0021288633175862524,0.0,1.3703419035218305,1.2863733841719875,0.7678361640489182,4.94136805383446,15.228770096241522,,,0.6333676938231112,2.7867327231366787,inf,,0.9141959175110226
56,0.13474912518317173,-0.0017966550024422897,0.0,1.0763706008408682,1.0435682171149838,0.694545623238951,5.155208122433448,14.253183531044993,,,0.648888643467878,4.427489008750639,inf,,0.760128276460596
57,0.13764797569361595,-0.005047092442099252,0.0,1.3198629217841182,1.2845923447401573,0.7902829961104033,4.690134761320569,52.21207695893746,,,0.6357360191111145,3.3794358898806425,inf,,0.5063661061924633
58,0.3205937208146172,-0.002137291472097448,0.0,1.3923495364821814,1.3245190039701198,0.757865855303164,3.5774352812682126,7.514227721601149,,,0.6357360191111145,5.280695765198217,inf,,0.7960737095760254
59,0.5270221461014699,-0.005270221461014699,0.0,0.913353095585388,0.8863615772044295,0.7466543157389333,3.9145389019634242,33.60246271317371,,,0.6425374456860184,5.025748931906304,inf,,0.7495811399457302
60,0.6733445532637656,-0.0022444818442125523,0.0,0.8708151038314809,0.7836071898896965,0.7135481285703363,3.2227816939046896,5.716653725549753,,,0.676637947632344,6.3771270279199666,inf,,0.6787036973159117
61,0.35677908891003646,-0.004757054518800486,0.0,0.8303531479625404,0.8089435820077314,0.6945864636660568,3.724119904531542,1.8401219388960142,,,0.6790044388599258,4.528209144851963,inf,,0.5229137962820204
62,0.0,0.0,0.0,1.1991556894199862,1.176332358217535,0.6677900805201544,3.939387828149492,5.145382096812418,,,0.6403206450210053,5.703782474656201,inf,,0.9283117336462975
63,0.38077249551779285,-0.001269241651725976,0.0,0.8057301735580783,0.7503474211369897,0.5431683025564334,3.7401951493655994,4.478359305379522,,,0.6899005683814056,6.084554970173994,inf,,0.887022846851067
64,0.0,0.0,0.0,0.9227081807420519,0.827606017564174,0.676246515448998,4.00756175439086,6.2528852063067255,,,0.6684167106117298,5.703782474656201,inf,,0.638888756490974
65,0.24697928146543124,-0.0024697928146543125,0.0,0.9704059614500258,0.8971169573229906,0.563481139416407,3.379042135235324,3.5489186112515747,,,0.6602640781246099,4.796868904594643,inf,,0.5428931180849584
66,,0.0,0.0,0.8317247937680249,0.7946993952077198,0.5693587196307694,4.123110092906237,23.32112764851918,,,0.6811855325194978,inf,,,0.9464164083634662
67,0.0,0.0,0.0,0.8593957198472549,0.8477822762456859,0.629224539776426,3.8687741545107848,7.555328269739245,,,0.6713451011121618,5.703782474656201,inf,,0.5382772007288991
68,0.2025242641114741,-0.0006750808803715803,0.0,0.9224447622995099,0.915110052971009,0.687412130196248,3.449994259376312,3.4540393532692355,,,0.6284777104787076,5.906306738767675,inf,,0.9154850549377702
69,,0.0,0.0,1.1974506746216131,1.1742489656048656,0.6687110700275518,3.4499864894626464,2.981193193942835,,,0.6652988471865258,inf,,,0.8937755017780293
70,,0.0,0.0,0.9629653208650536,0.9414215877290464,0.6647903855726466,3.5321337137354183,2.9608561333251124,,,0.675384900321601,inf,,,0.829731987496116
71,0.3143043297111871,-0.0020953621980745805,0.0,1.3235096077116772,1.2381758072098017,0.736545018749025,4.067311872777442,30.423281443286825,,,0.6425374456860184,5.276338459829262,inf,,0.8220802820000406
72,,0.0,0.0,1.7822376434080789,1.7593225803364978,0.9541150575978873,4.069092175554172,3.6952963618482135,,,0.6447042257417027,inf,,,0.8674667121539609
73,,0.0,0.0,1.7892846471935617,1.7691025511900167,0.9352942268695845,3.554391241587591,29.856633273395847,,,0.6602640781246099,inf,,,0.8893055525334713
74,,0.0,0.0,0.812722182086122,0.797422958387271,0.6330895411358203,3.8070797859877725,14.069181112197573,,,0.675384900321601,inf,,,0.9219946204520904
75,0.0,0.0,0.0,1.582164427478296,1.5691976297858317,0.9446759803489332,4.880869949241305,33.5815169790355,,,0.62595550513784,5.703782474656201,inf,,0.9024678507157907
76,,0.0,0.0,1.4000340959192514,1.3835684554071366,0.8883657153043909,3.4417368064471594,6.527264705270887,,,0.6684167106117298,inf,,,0.9101895712980089
77,0.0,0.0,0.0,0.9534741934820224,0.8800113400607933,0.6979921928991842,4.241347617421833,36.74336241181808,,,0.6699045166045591,5.703782474656201,inf,,0.8775395612670749
78,0.17073188414985047,-0.003983743963496511,0.0,1.079440741714735,1.0331943329904856,0.7172802601412553,1.367162196587755,0.4888182809944033,,,0.62595550513784,3.886246969113162,inf,,0.5542372393953079
79,0.10788096613719297,-0.0035960322045730992,0.0,0.6022706240527312,0.41725907943871937,0.43879354399528525,0.9649564486066048,0.39056908258698775,,,0.6468212168108125,3.46947622241545,inf,,0.8623842911833319
80,0.009520188999625598,-0.0008568170099663038,0.0,1.61592819576263,1.5910624241102775,0.8556969930667293,4.652670195570415,79.29503976474422,,,0.6468212168108125,2.416376107380892,inf,,0.8398269476291201
81,0.0033389012655145986,-1.1129670885048663e-05,0.0,1.1789043191247228,1.1378044639946792,0.7832095216215211,4.044698733969772,16.28544939958876,,,0.676637947632344,5.707121375921716,inf,,0.8907317193417005
82,,0.0,0.0,1.3427512279811151,1.29784174012556,0.8154089625046855,4.088955810587537,24.687678425267492,,,0.6699045166045591,inf,,,0.9208994755535028
83,0.0,0.0,0.0,1.4510679445830357,1.4344698177918735,0.8516515666592213,3.7416267290314873,19.391573210838658,,,0.6468212168108125,5.703782474656201,inf,,0.8912612905677731
84,,0.0,0.0,1.6752687500453636,1.6719596802723498,0.9238200030629778,3.848127836861817,2.789350689438045,,,0.5978297680564633,inf,,,0.9345126945719361
85,,0.0,0.0,1.5603581032201155,1.5451862637894274,0.8740702901708666,3.4282221637293615,19.34396669503002,,,0.5883313578629602,inf,,,0.9039060904220856
86,,0.0,0.0,0.7326364216207244,0.7271985268728695,0.5766338859452381,3.4132120946652535,46.755842518479575,,,0.6509067234006624,inf,,,0.6467153898781505
87,,0.0,0.0,1.545639599672621,1.5406953611723613,0.9051460464288774,3.5840403003899035,37.04695774268019,,,0.6425374456860184,inf,,,0.901930704096482
88,,0.0,0.0,1.7120540966984428,1.69337152701249,0.9521736956726882,3.1636572576122366,7.0177415201865365,,,0.6619902821573977,inf,,,0.8904158216508966
89,,0.0,0.0,1.7020681156575026,1.683286442192507,0.9559052346625294,3.2833601957236134,3.458788450261059,,,0.6038851895711802,inf,,,0.9136194037405968
90,,0.0,0.0,1.6998580819399278,1.6847661323855845,0.9542636617132353,3.1957127616469823,3.7293983347109885,,,0.6425374456860184,inf,,,0.9007979359667654
91,,0.0,0.0,1.7001748970608894,1.6806260171606227,0.9616437916905266,3.3214761577683705,9.034890819601223,,,0.6357360191111145,inf,,,0.9040189873494012
92,,0.0,0.0,1.4877681949568056,1.441089561148665,0.9442514077535105,2.5879283638680515,2.5539820241816393,,,0.6180765742263259,inf,,,0.9189799562989951
93,,0.0,0.0,1.7318951678294017,1.732375897452624,0.9729417212770194,2.934662217866606,8.888433817741129,,,0.6380535849069913,inf,,,0.9017587321765261
94,,0.0,0.0,0.8811359971759821,0.8847681428436966,0.727322227640683,2.750527028320917,6.605881287801157,,,0.6207552362147116,inf,,,0.928981748649258
95,0.0,0.0,0.0,0.9762779187879704,0.8808477735543423,0.5265383854860254,2.534554292977759,3.2001896264248537,,,0.6447042257417027,5.0106352940962555,inf,,0.9429369437291248
96,,0.0,0.0,1.144754745470645,1.1302565765387755,0.7968691032700262,3.651091734859195,13.892402537262475,,,0.6447042257417027,inf,,,0.9256120373688154
97,,0.0,0.0,1.3961193505129244,1.3496952823316526,0.9206626990684488,3.8255759190622496,27.2039404896761,,,0.5451288209179292,inf,,,0.9173691427751562
98,,0.0,0.0,0.9938921249066314,0.9612740411719074,0.8796817975333904,2.8343150345764685,10.331410853888952,,,0.5978297680564633,inf,,,0.9430529195706054
99,0.0,0.0,0.0,0.7516261833766725,0.7317055312570819,0.6003027139163087,3.019758899044275,6.487779906035346,,,0.5748741956352443,5.703782474656201,inf,,0.9496278423808832
100,,0.0,0.0,1.7590381343823276,1.7379200818340508,0.9635417916862965,3.444547911416903,7.6803149313611305,,,0.6008849035917525,inf,,,0.8972018961091089
101,,0.0,0.0,1.3066009414895356,1.2681156252712795,0.7609826042018335,3.600586645435053,9.847446448548737,,,0.6333676938231112,inf,,,0.8906877649724201
102,,0.0,0.0,1.73394106038575,1.700037270655871,0.9441194792207879,3.168949393189151,5.282607720341673,,,0.6403206450210053,inf,,,0.8660615285454848
103,,0.0,0.0,1.7585363338008049,1.7324083237106611,0.9609590393408735,3.2137606594511468,55.18967738891235,,,0.648888643467878,inf,,,0.8700639711936508
104,,0.0,0.0,1.7507411329211309,1.7418860819735589,0.9516973693452393,3.144224542304544,34.60867669060035,,,0.6380535849069913,inf,,,0.8413836005468528
105,,0.0,0.0,1.3195756854275913,1.3084176965174665,0.8171300022377237,3.001485341362505,26.443207084502703,,,0.6509067234006624,inf,,,0.894160199070693
106,,0.0,0.0,1.6480228677963829,1.6198655247031026,0.949975806107092,2.433131296323948,3.646554273818429,,,0.6380535849069913,inf,,,0.8898640444253447
107,,0.0,0.0,0.25998205414125564,0.18158974233636832,0.4757672955115886,2.695071302387787,2.66678857491603,,,0.6180765742263259,inf,,,0.9570805383103326
108,,0.0,0.0,1.6688977874265785,1.6627347832478243,0.927733520054468,2.9524316309858194,9.7196570754069,,,0.6153451465759925,inf,,,0.8852909819887106
109,,0.0,0.0,1.727454038584059,1.684307176881504,0.9300184017527086,3.1396003776270165,9.062493705960007,,,0.6125606311107803,inf,,,0.8895894353754961
110,,0.0,0.0,1.705527935972332,1.6649012833909322,0.9680438572970772,2.886387504374441,10.775534759112567,,,0.6284777104787076,inf,,,0.8767115885743575
111,,0.0,0.0,1.6978517065555478,1.6562704433952848,0.9324189962581744,3.488012485073086,10.80162719771393,,,0.6008849035917525,inf,,,0.8861314559364946
112,,0.0,0.0,1.7740107794489919,1.7524622643491263,0.9665107714515211,3.294695284702818,10.366864576723566,,,0.585052858160615,inf,,,0.824230311490239
113,,0.0,0.0,1.745188670078288,1.732253323799903,0.9514722339474077,3.3257101348170903,3.423418744625536,,,0.6233814453054027,inf,,,0.8489502328597439
114,,0.0,0.0,1.3874659062507722,1.3328528284384558,0.8908822773459103,2.957971326835423,9.437546151783504,,,0.6153451465759925,inf,,,0.8970155045461414
115,,0.0,0.0,1.7327275332948893,1.7051093352707547,0.9601886684985851,3.5214714296729825,5.894729834627812,,,0.6403206450210053,inf,,,0.8531988953154365
116,,0.0,0.0,1.7457798895704142,1.7204762392988802,0.9394710946216325,3.7087507970023976,4.358622610629298,,,0.6153451465759925,inf,,,0.8514995955764115
117,,0.0,0.0,1.4208428225791412,1.413453651776818,0.8964290591228582,3.2112260125919447,9.371853507561289,,,0.5915533975974677,inf,,,0.8549386428862112
118,,0.0,0.0,1.7396214694033012,1.735865319720962,0.9708194530288303,3.262777087931727,4.058261994442384,,,0.6468212168108125,inf,,,0.8413775226897336
119,,0.0,0.0,1.067279710343158,1.017315512999439,0.8461428117486233,3.3425612636424775,1.5630826927144845,,,0.6180765742263259,inf,,,0.916925463956776
120,,0.0,0.0,1.6753056266527573,1.6504618355894989,0.9706386632643201,2.6873844368953574,6.434336695510833,,,0.5915533975974677,inf,,,0.8795374714573411
121,,0.0,0.0,1.1356398811931685,1.1342072668419183,0.8480132209145266,4.3591115002591865,14.55700580998792,,,0.6403206450210053,inf,,,0.8723843540755787
122,0.0,0.0,0.0,1.213345706933987,1.1405978411454896,0.8935079935557455,3.28658113793468,20.290761316773363,,,0.6153451465759925,5.703782474656201,inf,,0.8590642775095476
123,,0.0,0.0,0.7880121171449741,0.7572535866932447,0.7633440817579378,3.1054972946942168,11.79584880510787,,,0.5329562494928909,inf,,,0.8931105637816426
124,,0.0,0.0,1.5107544312744439,1.4547631973210873,0.8986113057224034,2.3782909306486375,2.5520096496609375,,,0.5947193981915972,inf,,,0.8065496220118236
125,0.0,0.0,0.0,0.9607241892622701,0.9471077545220975,0.7294062889456291,3.780743805954145,2.4838396967489733,,,0.6447042257417027,4.605170185988091,inf,,0.8801831922048311
126,0.0,0.0,0.0,0.9688693250413477,0.9526256009386558,0.7478253477354377,2.5983837799466785,2.0795766919972807,,,0.6547956803312163,4.605170185988091,inf,,0.9397073355410402
127,,0.0,0.0,1.7606967387362484,1.7373776327327328,0.960458627966295,5.647514322949946,64.55761393688577,,,0.6233814453054027,inf,,,0.898685012564619
128,,0.0,0.0,1.7533252601315148,1.7323768924087175,0.9543694743621132,4.338620031264329,92.65507941869409,,,0.6333676938231112,inf,,,0.8823187316673934
129,,0.0,0.0,1.7002951903544583,1.6780380415515685,0.9615089623574049,3.659157069006749,29.512085451909535,,,0.5641709578113449,inf,,,0.88976833144596
130,0.0,0.0,0.0,1.2508395063804152,1.224333476615985,0.8352027118961022,3.9535677588031164,11.535139585786279,,,0.6233814453054027,5.703782474656201,inf,,0.9339225796531577
131,,0.0,0.0,1.60619901413412,1.5853283972848635,0.8910121502688249,4.245400243940156,18.34660623657267,,,0.6309483474627791,inf,,,0.8853599258823981
132,0.0,0.0,0.0,1.1910595997461422,1.1824393970938984,0.8002467688477488,3.715882575142642,2.801095963825214,,,0.5883313578629602,5.703782474656201,inf,,0.9001755781400522
133,,0.0,0.0,1.0797987393489061,1.0549739276206798,0.8061372946974245,4.114562093604193,24.51891593406705,,,0.6207552362147116,inf,,,0.8107076853471166
134,,0.0,0.0,1.7512411597286162,1.7171592171150833,0.9504454862101804,4.183357968904765,112.64966056753295,,,0.6403206450210053,inf,,,0.8686890199381185
135,0.0,0.0,0.0,1.1993988473223747,1.1557976762135787,0.7804279050315079,3.6322919978589834,12.402813285326308,,,0.6357360191111145,3.912023005428146,inf,,0.8429885799469571
136,0.0,0.0,0.0,0.9197961285039005,0.9324979991604274,0.6272223791148647,3.7701498007208665,8.21521766744284,,,0.6153451465759925,5.703782474656201,inf,,0.9028258664334761
137,0.13068238206720376,-0.0008712158804480251,0.0,1.2878518171722473,1.26557741629555,0.8622879714161965,2.997714139777287,3.587881933033764,,,0.6309483474627791,5.132802928070463,inf,,0.900597668424287
138,1.2841441293635256,-0.008560960862423504,0.0,1.1440991941480116,1.107913373266885,0.7794875467841236,3.189398806865928,3.132811426281193,,,0.6619902821573977,5.629912626089745,inf,,0.9170442459420217
139,,0.0,0.0,0.7309569917955911,0.7195983113275759,0.60751014009834,2.5398213967136125,3.3722774220529024,,,0.6125606311107803,inf,,,0.9264109657023553
140,,0.0,0.0,0.7855720514087351,0.7625474507414837,0.6635862182835709,2.046816648672434,2.4421787827035053,,,0.581717464821069,inf,,,0.9286069885083168
141,,0.0,0.0,1.7014592433172329,1.6836961942987747,0.9795695686445746,1.9396412130953684,2.894953141585988,,,0.5883313578629602,inf,,,0.8869909710421385
142,,0.0,0.0,1.656264753584205,1.6080537182901122,0.9785455702924678,2.0314843870269828,2.7453522763896143,,,0.6207552362147116,inf,,,0.884933385180467
143,,0.0,0.0,1.6674891227252968,1.6607210180300738,0.9711294335241185,2.280475722433135,2.847735716268042,,,0.62595550513784,inf,,,0.8736763124506309
144,,0.0,0.0,1.0144979350984837,0.9480255077960905,0.7650817856675041,2.3383974386184265,2.3426986045768956,,,0.6038851895711802,inf,,,0.9239268952534423
145,,0.0,0.0,1.6512814569627623,1.6362542544318728,0.9627314368132089,2.8878258532167336,6.246678868645208,,,0.5915533975974677,inf,,,0.8749242561207476
146,,0.0,0.0,0.7675695769073584,0.7343465582770295,0.6536431472917694,2.4570203856952832,2.340662245064559,,,0.6403206450210053,inf,,,0.7897301891603027
147,,0.0,0.0,1.683754984900589,1.625089873231011,0.9605288693043678,1.9131969911817321,3.2500951422826265,,,0.6097226960127671,inf,,,0.8368468375773396
148,,0.0,0.0,0.3143726890835052,0.25603472733913335,0.6561366723488239,2.282403343514504,2.642948968849849,,,0.5883313578629602,inf,,,0.9332016674967171
149,0.0,0.0,0.0,0.2286284036166141,0.18725769265652548,0.47002906083106233,1.7659268984656806,1.993270223678079,,,0.6038851895711802,5.703782474656201,inf,,0.946836474893739
150,,0.0,0.0,0.3759772781255959,0.3395466720270458,0.46091831464462535,1.7211447606638135,2.6270923543368987,,,0.6547956803312163,inf,,,0.8330301903468876
151,,0.0,0.0,1.554267924138453,1.5352148941305168,0.9353318466275758,1.5952230556879106,1.8299704983076122,,,0.6153451465759925,inf,,,0.859601949059988
152,,0.0,0.0,0.17406567852275817,0.1471929940810239,0.5796987928290254,1.8805297043775993,1.9414590108877,,,0.6333676938231112,inf,,,0.8473143881880097
153,,0.0,0.0,1.586523963966067,1.5775855180029024,0.9347106934289451,2.031768563031912,2.4272211826877306,,,0.6038851895711802,inf,,,0.9040376736837888
154,,0.0,0.0,1.6318604060527129,1.6085240195732018,0.9161170121618316,2.25503381151523,2.8164801386027563,,,0.648888643467878,inf,,,0.8951994545456674
155,,0.0,0.0,0.5816404457503969,0.5381251734011087,0.5857905866904103,2.3844946569972723,2.8686934030459184,,,0.6509067234006624,inf,,,0.7040916155600857
156,,0.0,0.0,0.6759969644467755,0.6528813171790899,0.701961948083619,2.4840095009412586,1.78710980463147,,,0.6547956803312163,inf,,,0.6791643425165925
157,0.6331044081147631,-0.008441392108196841,0.0,0.696511695451884,0.6940526310396936,0.6365347317337106,2.1987805085231624,1.6071439329902657,,,0.6207552362147116,4.581019725755808,inf,,0.6728777269940456
158,0.0,0.0,0.0,1.1546298146711076,1.1219550491621038,0.7282281808684566,3.0652502575317344,2.6040169233881527,,,0.6333676938231112,5.703782474656201,inf,,0.7732868882519073
159,0.0,0.0,0.0,0.9536997635779458,0.9563480677842788,0.6743621882438011,3.568417091771337,4.272020051461247,,,0.6528756675646988,4.605170185988091,inf,,0.7559908814095838
160,,0.0,0.0,1.1202481807117661,1.0773254806421904,0.7326696490559643,2.683933185065318,2.439634349629016,,,0.6207552362147116,inf,,,0.8335568162455965
161,1.2497056679954408,-0.008331371119969606,0.0,1.2431001774643051,1.209096989711421,0.7682059154275642,2.9570761932964946,2.1536726703718867,,,0.6619902821573977,6.260070472498949,inf,,0.9242900923093754
162,,0.0,0.0,0.8668030223245311,0.8469677170427675,0.6386980227496988,2.3394463605507547,2.0215021287131467,,,0.6447042257417027,inf,,,0.9151505595083161
163,1.6369299863755131,-0.01636929986375513,0.0,0.9559433396968748,0.9422677276046767,0.7199577178005465,2.839014140405019,1.8317325309629968,,,0.6403206450210053,5.14607326499136,inf,,0.9074725556513333
164,0.0016694506327572993,-1.1129670885048663e-05,0.0,1.1584640376743982,1.1607187467359394,0.7760503338265338,2.7696943142719674,2.463629716304578,,,0.6602640781246099,5.012303351196953,inf,,0.9363807669641228
165,1.0033021088637848,-0.0033443403628792825,0.0,1.2492733108901632,1.207015739818744,0.7692855917609922,3.0236285131437883,2.84153866822893,,,0.6333676938231112,6.707084583519986,inf,,0.9369754684751759
166,0.03390155167568134,-0.00011300517225227113,0.0,1.0957650456384205,1.0671547878500114,0.7190166352321674,3.2073597746807576,3.109719502069624,,,0.62595550513784,5.737684026331882,inf,,0.8877005090251514
167,0.19203691386121752,-0.0032006152310202923,0.0,1.206931301017573,1.164701323969077,0.7723292234362956,3.406827764365516,2.6755268315927605,,,0.6509067234006624,4.2568634917198755,inf,,0.8008326565676464
168,1.5890269151739727,-0.010593512767826484,0.0,0.7939354633262714,0.7469096489672028,0.6353257300672658,2.5307056619928794,1.7615260591757647,,,0.6357360191111145,5.82783512332618,inf,,0.7912569995107052
169,,0.0,0.0,1.0987445922618182,1.0506362082203533,0.6890103925428092,2.388998511260193,2.6303394878601702,,,0.675384900321601,inf,,,0.9423231376870908
170,0.3285040669720361,-0.0010950135565734537,0.0,0.9549222939297372,0.9417289082900516,0.6087890901409758,2.496021945948325,2.3826526582824856,,,0.62595550513784,6.032286541628237,inf,,0.9012766977049086
171,,0.0,0.0,0.896527936684407,0.8846732933410293,0.6996735618015557,3.039530720684937,2.8839927351902697,,,0.6284777104787076,inf,,,0.9219681420104598
172,,0.0,0.0,1.0065184674536825,0.9838255101888969,0.7350214545819254,3.2030032338689933,5.394403951763222,,,0.6284777104787076,inf,,,0.9428283093061524
173,0.9400332349702777,-0.009400332349702778,0.0,1.0950421683279827,1.058951870709991,0.7573363181620797,3.055963167252539,2.137465732681385,,,0.6668815377411301,4.984317985778882,inf,,0.8097782192771847
174,0.19526288741314868,-0.0019526288741314867,0.0,0.9757487289069477,0.9552095513998183,0.6675494349942444,3.3547218132867145,3.1366211904373538,,,0.6584896970785714,4.765078147945146,inf,,0.8691239544466648
175,2.3025850929940455,-0.007675283643313485,0.0,1.1736472236243063,1.1325792230859169,0.754710894579915,3.206325460697278,4.159073375668166,,,0.6309483474627791,8.006367567650246,inf,,0.9145769866446495
176,0.06477702422314828,-0.0010796170703858048,0.0,1.2758046689794391,1.2631816585822229,0.8164968619885998,3.658233083829931,5.848172257112464,,,0.6509067234006624,4.151267709621722,inf,,0.8925959309719208
177,0.020845402234762753,-0.0002779386964635034,0.0,0.8221060011761919,0.786550784627533,0.715539307944899,3.1682543125207765,3.8617475213117727,,,0.6468212168108125,4.33769082085383,inf,,0.8729268822231643
178,,0.0,0.0,1.172706820085218,1.138601085737615,0.7099514903835006,2.685382434531293,4.291418643893356,,,0.6380535849069913,inf,,,0.86569193627516
179,1.326064161828692,-0.013260641618286918,0.0,0.726688153620525,0.6989314594835484,0.6595196930951306,2.966807407356877,3.8174110961234886,,,0.5978297680564633,5.44914025628262,inf,,0.8969594257336746
180,,0.0,0.0,1.0590172249334886,1.0317960579285255,0.8521484434273453,3.0440269255352455,3.5062477222813033,,,0.6357360191111145,inf,,,0.8450410671347784
181,1.5929086104828898,-0.005309695368276299,0.0,1.123751014772829,1.0870067250244972,0.582012615504424,2.344363614863419,2.4703530860976666,,,0.6468212168108125,7.2966910851390905,inf,,0.7924321150834412
182,0.22731892272469043,-0.0007577297424156348,0.0,1.0301477410277318,1.004735893810711,0.6598957427398126,2.4780311569836626,4.6657432012845135,,,0.6447042257417027,5.931101397380892,inf,,0.8161080606901989
183,1.1290714961528183,-0.0037635716538427276,0.0,0.8676276759606941,0.789666760803934,0.5482897563085024,2.2441386353005637,1.6011662043531598,,,0.6284777104787076,6.832853970809019,inf,,0.9253123057070987
184,,0.0,0.0,0.539605328741753,0.4921824570232629,0.48541450866373403,2.1928322188980993,2.1422691898531645,,,0.6602640781246099,inf,,,0.9513343423214632
185,0.09719706901411192,-0.0006479804600940794,0.0,0.5839839041301698,0.5484315446934277,0.43426943658808165,1.6497158930040539,1.406900182124274,,,0.6403206450210053,5.103116146890421,inf,,0.9327604297276526
186,,0.0,0.0,0.402570505102691,0.33363996374509614,0.42162617109433603,1.63147323420234,1.1993827055679889,,,0.6509067234006624,inf,,,0.9273476083157021
187,,0.0,0.0,1.1330205397833597,1.138163134695837,0.7935020960159854,2.1458713387570922,1.9827566478114491,,,0.62595550513784,inf,,,0.9425004635509442
188,,0.0,0.0,0.8450131304327383,0.781581443148088,0.6726299859260998,2.351304289594628,1.649585843443067,,,0.6602640781246099,inf,,,0.951385863103535
189,,0.0,0.0,0.8524698180379792,0.8214681634843126,0.6223802168739453,2.1059803237316093,1.5336273367534088,,,0.648888643467878,inf,,,0.6904988427564518
190,,0.0,0.0,0.8548861785365951,0.8350578759326991,0.5787852237989298,2.5450888505834968,1.7268929495222505,,,0.6566669596287297,inf,,,0.7676242059506158
191,,0.0,0.0,0.7279490565925645,0.6652628529878767,0.6482993372291722,1.8652047003424745,1.5204012194155185,,,0.6584896970785714,inf,,,0.8763708231817712
192,,0.0,0.0,0.8833010860379539,0.877781711007494,0.6180915869005706,1.7320611290486259,1.7524492171439217,,,0.6097226960127671,inf,,,0.9312232964258704
193,0.0,0.0,0.0,0.8697681218666531,0.8310768655837746,0.6345115532093647,1.9522080721765898,1.5407286746623194,,,0.6447042257417027,5.0106352940962555,inf,,0.9441036894008995
194,2.0149030205422647,-0.006716343401807549,0.0,0.6270126390535037,0.5669393379372976,0.533676346971005,2.153574966323327,1.3590606648414396,,,0.6425374456860184,7.718685495198466,inf,,0.7127806794824967
195,0.0,0.0,0.0,0.9699281950819557,0.962584759441794,0.6566132738899774,2.380979877137117,2.246865212827688,,,0.6727386042041725,5.703782474656201,inf,,0.5613312628939754
196,2.371577964480997,-0.007905259881603323,0.0,0.8699925201968584,0.8188798931419959,0.5614009453199764,2.0479645616736484,1.2116903745346335,,,0.5915533975974677,8.075360439137198,inf,,0.9381386520894288
197,0.0,0.0,0.0,0.7693376127008589,0.7045284811070858,0.6398687746508263,1.9437336382429216,1.5025293632928916,,,0.6740851607140061,5.703782474656201,inf,,0.8427268777638132
198,,0.0,0.0,0.6616548761309371,0.6567765746650017,0.3951684241549468,1.5412796910405864,1.2214624594938615,,,0.6403206450210053,inf,,,0.9009207708400888
199,0.0,0.0,0.0,0.34109599965040793,0.3022994433903751,0.3428963932105011,1.8935020473037942,1.3448716328266972,,,0.6447042257417027,5.0106352940962555,inf,,0.8136036993176287
200,0.008860903476427063,-0.0004135088288999296,0.0,1.0638163462058468,1.0442522691617928,0.7213843621573532,2.571293552529649,1.9911656732715706,,,0.62595550513784,3.073093394711459,inf,,0.777073841255493
201,0.10580443106613184,-0.007053628737742123,0.0,1.253735156305169,1.2093651581295362,0.8365469940817444,3.4279122744097186,2.071607130416414,,,0.6403206450210053,2.758466687016226,inf,,0.6678005261066423
202,0.05875956381003145,-0.0021545173397011534,0.0,0.7986203307312966,0.7724127995411569,0.6487991553762396,3.1717751363225877,2.242999881849447,,,0.6380535849069913,3.357499526396436,inf,,0.812600136867469
203,0.01836930161958292,-0.0004898480431888779,0.0,0.9702889955744194,0.9470687617454444,0.6229963382876696,3.373177566835697,2.1237362914614395,,,0.6403206450210053,3.6415718699047273,inf,,0.8286778565511841
204,0.0,0.0,0.0,1.0764013265476249,1.0369084200867211,0.6882849375825957,2.356094537918687,1.1975074864847803,,,0.6584896970785714,5.703782474656201,inf,,0.7802844351667736
205,,0.0,0.0,0.9253585382201605,0.9037936622423824,0.6604634237656857,0.6933253849547496,0.19632692877949598,,,0.6333676938231112,inf,,,0.9341946162377369
206,0.8473763552253454,-0.008473763552253454,0.0,0.9347042621508248,0.8147000818592819,0.6940560344087645,1.1140932636579446,0.1786631590323957,,,0.581717464821069,5.300542061570148,inf,,0.8564507695369944
207,0.0,0.0,0.0,1.304294363292179,1.2742102683276368,0.8163332413023591,3.167085030936462,3.5261297989703873,,,0.6425374456860184,3.757872325600888,inf,,0.8563486007108455
208,1.1275327885130346,-0.007516885256753564,0.0,0.674441412382956,0.650816696100136,0.4814617715527217,1.8435788461106999,1.2137993176158572,,,0.62595550513784,6.11426012458791,inf,,0.7964877996016103
209,0.6671673110945898,-0.004447782073963932,0.0,0.7446989969341247,0.6887813019485647,0.5443943251901854,1.6989922437719707,1.4954574781338152,,,0.6357360191111145,5.4700287442299755,inf,,0.9084768164566734
210,0.004474340110713554,-4.474340110713554e-05,0.0,1.0700845677649595,0.9128153676777649,0.7694456651903623,3.1941512970278616,2.232717376264849,,,0.648888643467878,4.6096245363374715,inf,,0.6003317840372179
211,0.001675055975583575,-3.3501119511671504e-05,0.0,0.7604718455884483,0.6967213597983177,0.6653834990526533,1.9580190342823347,0.660798962498542,,,0.6566669596287297,3.913691062528843,inf,,0.7202756035122637
212,0.8985425603678844,-0.008985425603678843,0.0,0.928592381659433,0.8722153559170932,0.6381505071465587,1.2386415685667715,0.2983721322063604,,,0.6547956803312163,5.233778845410465,inf,,0.6981277890328255
213,0.35894118914854667,-0.004785882521980622,0.0,1.0267757303786782,1.0015448427827842,0.700607878933399,2.2676689842526283,0.920335141627473,,,0.663668482632973,4.610741231037546,inf,,0.7831807920563119
214,0.5422778204735449,-0.009037963674559082,0.0,1.4313651495614803,1.4092098523854468,0.8405783194518038,3.4044494599676267,3.989547237152763,,,0.6425374456860184,4.301778819831131,inf,,0.9105246041447697
215,0.14794867157491445,-0.0019726489543321927,0.0,1.106381885359578,1.0744853087468145,0.7458177711048058,3.174885966276552,4.0324243031226406,,,0.6357360191111145,4.435896344586612,inf,,0.8369611760440394
216,0.056797661976226925,-0.0005679766197622693,0.0,1.27995027095294,1.221778283317429,0.8062726498740144,1.8182243419496484,0.3007117702572968,,,0.6547956803312163,4.6588054018207234,inf,,0.8531491806165051
217,0.44589822664041545,-0.005945309688538873,0.0,0.8017279061472188,0.7089571204394772,0.4892746324989727,0.9721734446442536,0.13015847004448877,,,0.648888643467878,4.690970175791424,inf,,0.73858228116636
218,1.0605197226835352,-0.028280525938227608,0.0,1.1686064824284952,1.155256609488023,0.7079943137577102,2.4330626762841567,0.8120582768560904,,,0.6333676938231112,4.279871249965003,inf,,0.7388762660865228
219,0.42057874591821265,-0.0014019291530607087,0.0,0.6366479975992541,0.5790232401821965,0.4990255088673447,1.25799275067769,0.3868454577915559,,,0.6357360191111145,6.124361220574413,inf,,0.7957976719835308
220,,0.0,0.0,0.7233774229479919,0.672981375358622,0.6057182426433904,1.522772846416079,1.0017866447431731,,,0.6566669596287297,inf,,,0.9494769382169923
221,2.659260036932778,-0.00886420012310926,0.0,0.6266768997822265,0.577523424655487,0.5628065359101554,1.0138124716693155,0.3493915605544029,,,0.6547956803312163,8.36304251158898,inf,,0.952058243449493
222,,0.0,0.0,0.5565314128793359,0.5119694480251704,0.5517167626310091,1.7115661063432266,0.9839529733244909,,,0.6403206450210053,inf,,,0.9455331953785742
223,,0.0,0.0,0.6011899669259717,0.5097644357148832,0.5167914689718001,0.8989649181814231,0.3398705385004114,,,0.6668815377411301,inf,,,0.9342691150474386
224,0.9462428415814421,-0.009462428415814421,0.0,1.175339876141414,1.1067554679395768,0.745524234622495,2.7336293672775263,3.443462283019823,,,0.648888643467878,5.272000058230663,inf,,0.8853472754972105
225,,0.0,0.0,0.6728897218785738,0.5814704564836303,0.4376292121918136,0.7507806546415797,0.2748798088332747,,,0.6468212168108125,inf,,,0.9225623272592451
226,0.19532277303177847,-0.0019532277303177846,0.0,0.9859414835807843,0.9311283494416918,0.778312700689381,2.4888306734707393,1.5460669275359504,,,0.6509067234006624,4.774246516032026,inf,,0.7205436246719943
227,0.0,0.0,0.0,0.5255908848276468,0.4513622343483961,0.46902679051222795,0.5347168861324563,0.12332385937507073,,,0.62595550513784,5.703782474656201,inf,,0.6824006698352545
228,,0.0,0.0,0.6140730091512222,0.535495583377001,0.24620796539391948,0.4133499756740803,0.1694752312332825,,,0.6509067234006624,inf,,,0.7608753601783589
229,1.620479909244801,-0.01620479909244801,0.0,0.9628240190967428,0.8690925686039753,0.6367702026561979,2.306395427272969,0.8558668580760225,,,0.5883313578629602,5.935294275640928,inf,,0.7635948199324499
230,,0.0,0.0,0.6169103155997555,0.5697932232538708,0.541526406280215,1.3040029201039167,0.42857599909475685,,,0.62595550513784,inf,,,0.7103473162115176
231,1.5542638838496676,-0.01036175922566445,0.0,0.6913117196174252,0.6555027142768739,0.6978270519348007,1.5885882557826994,0.44667574619034056,,,0.6380535849069913,6.563377862853811,inf,,0.8124007880526863
232,0.14384103622589045,-0.0009589402415059364,0.0,0.6639613318159587,0.6122376246907059,0.544345892331133,1.2591613086998916,0.458274390347597,,,0.6447042257417027,5.144166686720778,inf,,0.7569380026963545
233,,0.0,0.0,0.7211578530882007,0.6835109769996868,0.5257109586739812,0.9404921507791243,0.22795975317344197,,,0.6684167106117298,inf,,,0.8569821531542068
234,1.5606477482646683,-0.005202159160882228,0.0,0.6485766147953828,0.5971576238851597,0.5826354593710862,1.4128861559414174,0.35770340293573466,,,0.6584896970785714,7.264430222920869,inf,,0.9504004251618063
235,0.0,0.0,0.0,0.7885349280636801,0.7582924196154199,0.34502320585151386,0.36166930714875656,0.08531334454812561,,,0.6153451465759925,5.703782474656201,inf,,0.9566925867967471
236,,0.0,0.0,0.8709858831577788,0.8392627510105103,0.5336473180849742,1.3050269536331354,0.3554040735927835,,,0.6684167106117298,inf,,,0.7559363823331366
237,1.3647815207407001,-0.013647815207407002,0.0,0.9369114387696675,0.8348478154535345,0.6268955329853393,1.3663893279512263,0.4445207010699135,,,0.6447042257417027,5.0867966550618195,inf,,0.8628308956137585
238,1.529395204760564,-0.005097984015868546,0.0,0.4327889371445444,0.39153637612726466,0.3765580914057519,1.0665413563211132,0.7741063834851754,,,0.6447042257417027,7.233177679416765,inf,,0.953423034197218
239,,0.0,0.0,0.9906290522908594,0.9191349012309812,0.6202093345811176,1.0790676918399236,0.6391773231962803,,,0.6097226960127671,inf,,,0.9518612924643768
240,0.0,0.0,0.0,0.5156198287750643,0.4695597217029706,0.427670646035999,0.9615889784475662,0.4475407345015434,,,0.6509067234006624,5.703782474656201,inf,,0.948064038490516
241,,0.0,0.0,0.742832619839964,0.5946348384970545,0.5461905994213943,0.8678698815175199,0.35898968049707203,,,0.62595550513784,inf,,,0.9518973181659819
242,,0.0,0.0,0.7957235272204818,0.7482922054086265,0.5583008259445621,0.367925009370152,0.28690953985233086,,,0.5978297680564633,inf,,,0.9401963226873228
243,0.0,0.0,0.0,0.5817427728441622,0.49162595862891406,0.41125755620999666,1.25011838738746,0.49212405561108086,,,0.6180765742263259,5.703782474656201,inf,,0.8570318534196589
244,0.7661812862602356,-0.010215750483469808,0.0,1.0145448206591519,0.929913709025653,0.6535159498006884,1.5767317022613898,0.3591414230322312,,,0.6068309995095971,4.589734377858252,inf,,0.9114080360802753
245,,0.0,0.0,0.6512950792752691,0.5716234062024863,0.5207707269839752,0.7685497076200474,0.1671918671301872,,,0.6284777104787076,inf,,,0.6952416723287558
246,0.577830187034693,-0.00577830187034693,0.0,1.0694848148818321,1.0513913004732394,0.7070094478927552,2.809151703039045,1.2664825084115976,,,0.6566669596287297,4.925987820035971,inf,,0.5581372306709791
247,0.11550886489913967,-0.0015401181986551956,0.0,0.9891724053446258,0.947396237880675,0.6340085659315381,2.279920514025912,1.0898867436137318,,,0.6180765742263259,4.414549826379441,inf,,0.9228085653550907
248,0.0,0.0,0.0,0.793347618369133,0.7598714362343947,0.585393797772461,1.689562313295484,1.1086766053369765,,,0.6233814453054027,5.703782474656201,inf,,0.9259263177619075
249,1.0690534864265653,-0.003563511621421884,0.0,0.7523035425361165,0.7066993669677273,0.6150721652145165,1.4983603003333608,0.78276574697693,,,0.663668482632973,6.772835961082766,inf,,0.7788516596843101
250,,0.0,0.0,1.0420559669520595,1.0165714598409212,0.7080586736716469,2.6133690064649175,2.5800788972220596,,,0.6153451465759925,inf,,,0.9342100148665603
251,0.028398830988113462,-0.0005679766197622693,0.0,1.0575560662434513,1.0340759895997405,0.7135615624770575,3.6770129776653024,1.5156894664346634,,,0.6584896970785714,3.9384810643911674,inf,,0.7808301275251242
252,0.6071906506081916,-0.010119844176803193,0.0,1.1578949959392544,1.1092292979489564,0.7768430876674713,2.9150443874939964,0.3779954907715126,,,0.6447042257417027,4.4026829595995425,inf,,0.6531129947128125
253,,0.0,0.0,1.5396686253281637,1.5405443546521933,0.7957548618881799,0.05411604953636394,0.06763613979896994,,,0.6447042257417027,inf,,,0.9260612947130475
254,,0.0,0.0,0.9931737886014416,0.875212088552587,0.6737089610332495,0.6611728862908505,0.21445002768662402,,,0.6468212168108125,inf,,,0.9526200131888245
255,0.02702867238791926,-9.009557462639753e-05,0.0,0.5917590678902017,0.530632091648543,0.39551181055514956,0.48979819078539133,0.21549836198438738,,,0.6284777104787076,5.73081114704412,inf,,0.9510318996893393
256,,0.0,0.0,1.3752212584474626,1.3334449254616054,0.854100314803121,0.18737967092593333,0.2028238136358584,,,0.6652988471865258,inf,,,0.8654058345615336
257,,0.0,0.0,0.8298394756377532,0.8054332687591369,0.5415340844210498,1.0487923234545222,0.41006606656607136,,,0.6447042257417027,inf,,,0.8691887044738192
258,0.0,0.0,0.0,0.7163152694101803,0.6934280961896535,0.48884762856183267,1.8871383474115249,1.3018297739847453,,,0.6180765742263259,5.0106352940962555,inf,,0.6995746189635071
259,0.5972531564093516,-0.005972531564093516,0.0,1.0912646850115564,1.0727599101980292,0.6745129199696539,2.552042728121252,2.1893197471228945,,,0.6333676938231112,4.930592586422719,inf,,0.8819114607101244
260,0.09798040836020379,-0.00032660136120067927,0.0,0.6641287030457083,0.577269985155465,0.5664334229009055,1.8388652366109595,0.9257129989097599,,,0.6333676938231112,5.801762883016405,inf,,0.9535103499346043
261,,0.0,0.0,1.0261589743039252,1.0184751092034332,0.7590984828580426,1.6171305404860057,0.8052369114946654,,,0.6333676938231112,inf,,,0.9065478008411628
262,,0.0,0.0,0.6233311791439701,0.6088634913206022,0.3933336957690945,1.2819418451329834,0.6916058869399362,,,0.6652988471865258,inf,,,0.7324341714448028
263,0.5855914907514725,-0.003903943271676484,0.0,0.8113613342043792,0.7922291663190756,0.6252904876004918,1.30433000756618,0.5789511276157602,,,0.6357360191111145,5.433755337443141,inf,,0.6661418853995705
264,2.0149030205422647,-0.006716343401807549,0.0,0.5804582657383015,0.5468670513678882,0.49951708184409066,1.0490195559761168,0.6484776173930515,,,0.6097226960127671,7.718685495198466,inf,,0.9554947241273282
265,0.07155042182033665,-0.00047700281213557767,0.0,0.8204998544592144,0.7928887213031558,0.5291469730486468,0.9312562583896343,0.3757583400318466,,,0.648888643467878,5.079628165583207,inf,,0.919296781257831
266,,0.0,0.0,0.9315712966188764,0.8629945504803621,0.6942495476428278,0.4473131133339266,0.2492998929017891,,,0.6284777104787076,inf,,,0.9320343294322458
267,0.41047764993170865,-0.0013682588331056956,0.0,0.6358225083360473,0.6043978454265528,0.4553602616624668,1.7157052186177333,1.170087319552966,,,0.6403206450210053,6.11426012458791,inf,,0.833119308880874
268,1.956011502714073,-0.013040076684760487,0.0,1.155408049360878,1.1041109683327217,0.7387752329024455,3.142299500966805,1.6859808179379976,,,0.6403206450210053,5.683979847360021,inf,,0.7681160319476569
269,0.0,0.0,0.0,0.7449506028943855,0.6677349370978642,0.5365246452913442,1.4491805444078356,0.4186019928164857,,,0.6566669596287297,5.703782474656201,inf,,0.8277019537961506
270,0.0,0.0,0.0,0.13417498074283643,0.09973226809840917,0.15402282825844532,0.372612366452541,0.29088670053004595,,,0.6425374456860184,5.703782474656201,inf,,0.9492120228631107
271,0.0,0.0,0.0,0.39641185538116785,0.23565328276273625,0.30416566532466255,0.9856075375147614,0.4925109526480921,,,0.6333676938231112,5.703782474656201,inf,,0.615114767657692
272,,0.0,0.0,0.9897138122662659,0.9402714735922584,0.7020599639956407,2.221079734024919,1.6495988345484958,,,0.62595550513784,inf,,,0.954588723908903
273,,0.0,0.0,0.4907159900896255,0.4537701445929829,0.656206085627472,2.1810895571572813,1.8065837006267795,,,0.6097226960127671,inf,,,0.6862838462377093
274,0.1132778115597783,-0.001132778115597783,0.0,0.7790421005637234,0.7515016529181552,0.6413936798281893,2.846537059315267,3.5845025142367954,,,0.6547956803312163,4.706833839764592,inf,,0.775155058987652
275,,0.0,0.0,1.0540521787756645,0.9980410314868046,0.7050092356517401,2.5998019908898975,1.255208711040774,,,0.6566669596287297,inf,,,0.9517640479041299
276,0.0,0.0,0.0,0.8968471785906362,0.8324834577623428,0.6764193671264891,1.84193020092788,0.622885757255526,,,0.6180765742263259,4.605170185988091,inf,,0.7433635022543271
277,0.12572173188447483,-0.0020953621980745805,0.0,1.0142742440797976,0.9807890384902365,0.6552777582144498,2.2056177438559024,1.1648226279255853,,,0.6447042257417027,4.1923249705823045,inf,,0.8246719093935306
278,,0.0,0.0,0.6674704583554917,0.5674382084606286,0.5169399704579863,0.6446652523617696,0.26740230000662724,,,0.6468212168108125,inf,,,0.9466974554727096
279,,0.0,0.0,1.4555431828399366,1.4446187510686093,0.780665241617193,0.06789781203634858,0.08158774270496277,,,0.6153451465759925,inf,,,0.9239435268641226
280,0.003735578654376886,-0.00012451928847922954,0.0,1.1553240914488978,1.150016227295312,0.781617080926804,3.0326766316233,2.6213527895535984,,,0.6333676938231112,3.4048707870284645,inf,,0.6621358801571503
281,0.7724496956482646,-0.005149664637655097,0.0,0.4717797974606965,0.4045038096307827,0.36042967470651216,0.4949854225096383,0.11133476817500199,,,0.663668482632973,5.510411081675661,inf,,0.9438114470921902
282,1.41332303350781,-0.004711076778359366,0.0,0.4767175655707214,0.3742973817915459,0.4288201974236248,0.4869550925938777,0.12234848814157057,,,0.6284777104787076,7.117105508164011,inf,,0.7581427168094906
283,,0.0,0.0,0.34076602459371574,0.27242400261739047,0.44462692250721664,0.30566375489765135,0.10490541445386331,,,0.6602640781246099,inf,,,0.9415403751128781
284,,0.0,0.0,0.8658125017899343,0.8261530988791731,0.6892259140510177,0.880611261864275,0.3591332697406723,,,0.6619902821573977,inf,,,0.9510174355410133
285,,0.0,0.0,0.9686778430510524,0.8473590149068437,0.6627927633446453,2.5751765268503775,2.538754761047752,,,0.6403206450210053,inf,,,0.8701259866852257
286,0.26016374409248294,-0.006937699842466212,0.0,1.1387424057035735,1.1254790717703087,0.8201503620521469,3.224570225710402,1.9440198814249148,,,0.648888643467878,3.785879950587791,inf,,0.8675970437038032
287,0.0054057344775838515,-9.009557462639753e-05,0.0,0.715658801909826,0.5712975057386517,0.6077109209849414,0.8419343649599592,0.1403627383857481,,,0.648888643467878,4.099692168548696,inf,,0.758243946584833
288,,0.0,0.0,0.5020095215699085,0.414716637917088,0.21383368663025018,0.25617459247131635,0.13637212427276618,,,0.6357360191111145,inf,,,0.9569319993048232
289,0.0,0.0,0.0,0.21103373620254542,0.14876236346610458,0.2885427643154118,0.49850351545248045,0.20549045174657293,,,0.6153451465759925,5.0106352940962555,inf,,0.7995435637673844
290,,0.0,0.0,0.7961014301340102,0.7709369625513525,0.5937158166107046,1.5191838998566,1.2706480829238276,,,0.581717464821069,inf,,,0.9317662965741463
291,,0.0,0.0,0.7618333147040992,0.7110228226435755,0.41442388019482657,0.7972091906961896,0.2912212967399749,,,0.6380535849069913,inf,,,0.9514357567891174
292,0.41831578046803647,-0.0069719296744672745,0.0,1.0602571288330727,1.002403189412367,0.6864764935826795,2.274002955687415,0.6790715792357798,,,0.6509067234006624,4.359178540590519,inf,,0.9483763915800049
293,0.13831732571913966,-0.0018442310095885288,0.0,0.6291985838438281,0.5554667771246689,0.4733345478722132,0.5889553648174766,0.11301575569290234,,,0.6380535849069913,4.446268903402236,inf,,0.9194057950361193
294,0.0,0.0,0.0,0.9772266848260617,0.9195445541469676,0.676878233139415,1.1468478406284148,0.21269315463675986,,,0.6357360191111145,5.703782474656201,inf,,0.7552350498781194
295,,0.0,0.0,1.0019327883500284,0.9533213576842937,0.6037946665776089,2.0661987139642197,2.0499128165139404,,,0.6468212168108125,inf,,,0.9512443215985766
296,,0.0,0.0,0.3175025880884312,0.20445318078590052,0.30211379575123,0.19538156307377708,0.11156512969466678,,,0.6778444222523095,inf,,,0.9494523265002915
297,2.2610276396387925,-0.01507351759759195,0.0,0.8807750821698038,0.8142469743563523,0.5351798501497574,1.1368450602442732,0.3817640932686921,,,0.6380535849069913,6.277666234389328,inf,,0.9529333659397744
298,,0.0,0.0,0.7815114670037924,0.7438621926513717,0.35356073453259146,0.801847450684826,0.254646266969464,,,0.6602640781246099,inf,,,0.7596931628235353
299,,0.0,0.0,0.6654616928512856,0.6100612437158964,0.5454974648929606,1.2502794514339421,0.3518309988785959,,,0.6528756675646988,inf,,,0.6795499037215742
300,0.23327872290358065,-0.0023327872290358066,0.0,0.43814003149833536,0.3905916094968309,0.5015394635211442,1.6803544416504463,0.42136424647933635,,,0.6403206450210053,4.788825965795183,inf,,0.8103610269008329
301,,0.0,0.0,1.0842840770482443,0.9655933911723988,0.6694557400593628,1.2032292281290253,0.3437606487611611,,,0.6333676938231112,inf,,,0.9449092504250032
302,,0.0,0.0,0.7088628041976526,0.6511385000848676,0.5870096723628664,2.500073987304643,1.363889510264976,,,0.6125606311107803,inf,,,0.8949611028696157
303,,0.0,0.0,0.8466001840222108,0.8070582748365791,0.663056882695427,1.759501501986691,0.4696624819518431,,,0.648888643467878,inf,,,0.8337703410187001
304,0.0,0.0,0.0,1.0987417316197114,0.9659017202991811,0.595819137106917,1.1078439304118775,0.2417991253274807,,,0.6447042257417027,5.703782474656201,inf,,0.8087594512499919
305,0.4555613348477499,-0.009111226696954999,0.0,0.8594588010747876,0.7877824510757325,0.6104790784440276,2.2983788388559545,1.039111129275983,,,0.6566669596287297,4.1456378566096515,inf,,0.9237186401914915
306,0.0,0.0,0.0,0.9693649544828011,0.932407145711979,0.7489615159099645,2.5325030676296647,0.8337145120168548,,,0.6668815377411301,4.0943445622221,inf,,0.8298505102615927
307,,0.0,0.0,0.9312435392525484,0.9212908049488903,0.6021983661023084,2.2125390055708625,1.9259508787765274,,,0.6602640781246099,inf,,,0.8916142129021435
308,2.9311937524164198,-0.009770645841388067,0.0,0.6686149310852246,0.6252330382113387,0.5171801348234653,1.4625979133096332,0.6031826663363069,,,0.6097226960127671,8.63497622707262,inf,,0.9546709992739831
309,,0.0,0.0,0.7368497109308256,0.7066550000648799,0.5374984990990407,1.246635822609613,0.42568160876268824,,,0.6684167106117298,inf,,,0.954686962773724
310,,0.0,0.0,0.8857689213420625,0.8592276894811083,0.5588380044858199,1.845663575896064,0.7902709077673427,,,0.6180765742263259,inf,,,0.9479589949667948
311,,0.0,0.0,0.8700882090050199,0.8334008060749938,0.5655607617601318,1.5045211086060872,0.6023377323956653,,,0.6602640781246099,inf,,,0.7674339958733559
312,0.0,0.0,0.0,0.7131052633255952,0.6570843959705943,0.49143225222997505,1.270291398414319,0.5041020497643456,,,0.6528756675646988,5.703782474656201,inf,,0.9055241472299352
313,,0.0,0.0,0.4581677251338348,0.4205208131790749,0.4814000346439265,0.8750107983552973,0.3297812108267225,,,0.6566669596287297,inf,,,0.7318535398676168
314,,0.0,0.0,0.9039318374906059,0.8602188968599556,0.502583630742997,2.0947884273199207,1.4478616027811335,,,0.6309483474627791,inf,,,0.7858042444764661
315,,0.0,0.0,0.5334709609053047,0.47661061362845075,0.523269190101212,2.461163832248279,2.2077750578168485,,,0.648888643467878,inf,,,0.9390083118867582
316,,0.0,0.0,0.7668556299345417,0.7216615274530168,0.398307693678226,1.689161253437429,1.608782992248582,,,0.6284777104787076,inf,,,0.8647229287707635
317,,0.0,0.0,0.8658605793569686,0.7524897494393529,0.5495490006063234,1.7221976180356815,1.1029460029701876,,,0.6425374456860184,inf,,,0.9462914179798166
318,0.7824046010856291,-0.013040076684760487,0.0,1.1063119064401383,1.0496542820103294,0.7083135057471928,1.8848494463831889,0.5592695240837713,,,0.6357360191111145,4.312500572025272,inf,,0.8015268364560515
319,0.20661424936299916,-0.0006887141645433306,0.0,0.3667480660207617,0.30264698037531046,0.4587151876957025,1.2894059262866475,0.7598329079842383,,,0.6713451011121618,5.910396724019201,inf,,0.8917749516273132
320,,0.0,0.0,0.3824327600310664,0.3552841499409101,0.5239581460534598,1.5732936053849587,0.9105983464726566,,,0.6509067234006624,inf,,,0.797494213482963
321,,0.0,0.0,0.33724959989125003,0.3041260557111746,0.35720379846160183,0.5840679018384132,0.24856263272156576,,,0.585052858160615,inf,,,0.9475367270424044
322,,0.0,0.0,0.49267087903998547,0.45736556675185797,0.5130001219996198,1.086050194104747,0.7161192775205756,,,0.6602640781246099,inf,,,0.9496800296874834
323,,0.0,0.0,0.5261567536317384,0.4433023650867354,0.49757673358070864,1.374589449024529,0.7484207125702056,,,0.6509067234006624,inf,,,0.9501565298769651
324,0.0,0.0,0.0,1.226310572093892,1.17587846200141,0.7791346039483424,2.390428650267547,1.2289558206521214,,,0.6619902821573977,5.703782474656201,inf,,0.9185644069737158
325,1.063375470527405,-0.01063375470527405,0.0,1.0473728950953403,1.0330771310871685,0.7660360691263556,1.9076770097724751,0.5439470016943417,,,0.648888643467878,5.0139741953617705,inf,,0.7225258852577353
326,0.5833259784043666,-0.004955787327630653,-0.0008774724564130134,0.7436882856266206,0.72231488971352,0.45227703200422237,0.9441810033806717,0.2050549155107202,,,0.6447042257417027,5.0139741953617705,0.9555114450274363,inf,0.5930658118830168
327,0.29996728050380395,-0.004999454675063399,0.0,0.8572019313327142,0.8312501143566274,0.5577910290607367,0.9798103347995842,0.19624844123523633,,,0.6528756675646988,4.319156170637007,inf,,0.5679075832284152
328,0.029721589254069525,-0.0005944317850813905,0.0,0.7938371858720297,0.7529609134952301,0.5664019998388212,1.8942183128225856,0.7064669935091354,,,0.6652988471865258,3.9396226170265503,inf,,0.6868525020615185
329,,0.0,0.0,0.8901682776898203,0.8415012886746156,0.47603440152609394,0.6925806496723493,0.4929233804194546,,,0.6566669596287297,inf,,,0.8985822129034586
330,0.0,0.0,0.0,0.8482916313146268,0.801289261153327,0.725598165747131,1.8837249530418605,1.4472814989951241,,,0.6207552362147116,5.0106352940962555,inf,,0.9479385907990323
331,,0.0,0.0,0.6235254368696245,0.5972125810107897,0.447685431842529,0.8220961702508327,0.47247739278014056,,,0.62595550513784,inf,,,0.8804870822752388
332,,0.0,0.0,0.22068435247514884,0.19381106043003776,0.4924732592887344,0.8249775870882127,0.6400456776817398,,,0.648888643467878,inf,,,0.7190417732671888
333,,0.0,0.0,0.29963016350741184,0.2695234569185116,0.45513600961325695,1.4473356512374962,1.1712076179920072,,,0.6425374456860184,inf,,,0.9349164052974948
334,1.1290714961528183,-0.0037635716538427276,0.0,0.7484162251857436,0.6853936898414489,0.49382528383594254,1.6156766097883284,1.3831911822303025,,,0.6309483474627791,6.832853970809019,inf,,0.5923163573611295
335,,0.0,0.0,0.5020311902563126,0.3707458949546869,0.3688393674556654,1.4778364860756654,1.2702656859110615,,,0.6284777104787076,inf,,,0.8865733860816165
336,,0.0,0.0,1.0433220458933816,0.9628289108312326,0.6678015733008658,2.4388513537378538,2.1589152427544938,,,0.6425374456860184,inf,,,0.8394922366408301
337,0.5802438461930985,-0.00386829230795399,0.0,0.8969874770869216,0.898810382003805,0.4419261818151355,2.700655584895925,2.5014618940835875,,,0.6309483474627791,5.431214040014468,inf,,0.8588595757812731
338,,0.0,0.0,0.21741154249979314,0.19633252262556944,0.45434327955502424,2.2735098406668017,1.8277951248051498,,,0.6008849035917525,inf,,,0.752985590784832
339,0.24442335852360775,-0.0016294890568240516,0.0,0.8755683910622466,0.6678147414925221,0.7021869377022971,2.7612838207546524,2.9974857684386906,,,0.6528756675646988,5.225480042595771,inf,,0.692205472620224
340,,0.0,0.0,0.6640472134824328,0.6576021685975658,0.5499839005669219,2.1919185424970404,1.5938704800561485,,,0.6509067234006624,inf,,,0.911324056483429
341,0.0,0.0,0.0,0.8573527849707253,0.822046385277042,0.6658222840662491,2.623593616742527,1.7644215292054484,,,0.6309483474627791,5.703782474656201,inf,,0.6685902797718538
342,0.2761950504850165,-0.002761950504850165,0.0,1.308480698666113,1.2643408965676945,0.6980314965306079,3.8988016967646213,4.314862767533702,,,0.6309483474627791,4.813151489562624,inf,,0.6931824706976597
343,0.0,0.0,0.0,0.971840868282259,0.9424165251263893,0.6411447276973143,2.842635802014813,1.895055162307496,,,0.6468212168108125,4.0943445622221,inf,,0.6553469314274543
344,0.34360902445280816,-0.009162907318741552,0.0,1.1922456962692152,1.1642055457046436,0.7633884491140362,4.048942227589138,4.0505133801116395,,,0.6468212168108125,3.754070039651149,inf,,0.4617434668059206
345,0.042702642911115744,-0.0019927900025187347,0.0,0.9361470078556893,0.9015893913286824,0.6525579148176496,3.244622273556327,1.098396960632508,,,0.6727386042041725,3.097395927330491,inf,,0.8138507470186075
346,0.5342913139487866,-0.017809710464959553,0.0,0.9091987273661558,0.7598538940526087,0.7186840077068625,3.361651255751251,2.7626349742949636,,,0.6284777104787076,3.7054606092613525,inf,,0.5722831696791595
347,,0.0,0.0,0.76714538761377,0.7307310581976039,0.5847584775298932,1.1857688104309245,0.9019160905908177,,,0.6180765742263259,inf,,,0.9280004269006579
348,,0.0,0.0,0.7320961557911417,0.6653324548507934,0.5890240575179182,1.8612290664133064,0.996852703323754,,,0.648888643467878,inf,,,0.6933184616200943
349,0.0,0.0,0.0,1.000224206818874,0.972843881790107,0.7210933601925705,3.7895247822649583,1.2180517779101194,2.9411000779009258,,0.6509067234006624,2.7593434954897607,2.947777880431955,inf,0.6303756255784437
350,0.0,0.0,0.0,0.9547860813513858,0.8905159858630264,0.5828281660783151,2.531914886464593,1.4292035108904337,,,0.663668482632973,5.703782474656201,inf,,0.802092778409168
351,0.0,0.0,0.0,0.6749831091447491,0.5457240908576548,0.5165272920654724,1.6368426848716933,0.9246636457041559,,,0.6125606311107803,5.703782474656201,inf,,0.7209983834354357
352,0.0,0.0,0.0,0.5953459852544137,0.5041070513274846,0.47503073066541945,2.970687767410827,2.35947967272995,,,0.6547956803312163,5.703782474656201,inf,,0.7605468338717408
353,0.0,0.0,0.0,0.7507247622100317,0.6691567783238384,0.4756910307870307,1.9441295591863919,1.8974545392555835,,,0.6153451465759925,5.703782474656201,inf,,0.7338100868915565
354,0.0,0.0,0.0,0.37922852095395165,0.29313613530631394,0.35141494137909945,1.8549174119347556,1.7067353179695255,,,0.6333676938231112,5.703782474656201,inf,,0.622324317898
355,,0.0,0.0,0.32263165612361516,0.21019350600576023,0.2867586741645408,0.22453000260957054,0.10997652514154393,,,0.6566669596287297,inf,,,0.8119375270915218
356,,0.0,0.0,1.0521080599448485,1.0487851982799183,0.7189121221819424,0.07548628387430323,0.09089638396155249,,,0.6038851895711802,inf,,,0.9198971528121295
357,0.030218122756043613,-0.0003021812275604361,0.0,0.6597270888416251,0.6216438726005595,0.6450632957854232,1.1527469813255293,0.19079123120828423,,,0.6207552362147116,4.6344845736568665,inf,,0.8753561329851111
358,,0.0,0.0,1.4623451210854335,1.4409928254188864,0.8313128080418951,0.06634370957447522,0.08097321853877021,,,0.6333676938231112,inf,,,0.9280417123238838
359,,0.0,0.0,1.4505153101982238,1.4449867032001018,0.8183795604356292,0.0809672221833389,0.09311139209069125,,,0.6602640781246099,inf,,,0.9143022996491204
360,,0.0,0.0,1.3865735822707888,1.3731660028186647,0.8142389268486268,0.071186431248586,0.08263087224794351,,,0.6380535849069913,inf,,,0.9311788313792828
361,0.6020901040138005,-0.014048769093655343,0.0,0.9962841167333539,0.9496907408265217,0.7071907603095423,1.917946499568458,0.35548197339790644,,,0.6468212168108125,4.036704782775686,inf,,0.7322074374444203
362,0.22575452330478554,-0.001505030155365237,0.0,0.7514551927586568,0.6585867373891015,0.5181992205841995,0.5997738415902446,0.11233478990800172,,,0.6584896970785714,5.2111208215178815,inf,,0.6064188057577101
363,,0.0,0.0,1.4266234163860272,1.4055481683568463,0.8841493002870175,0.06818307950963529,0.08783012929712211,,,0.6668815377411301,inf,,,0.9502869022923375
364,,0.0,0.0,0.9202419725590191,0.8297203934020038,0.5879477878724658,0.6591334446741797,0.1495831764631146,,,0.648888643467878,inf,,,0.8351077744138604
365,,0.0,0.0,0.5718703244118706,0.5081813625131766,0.49417879262825565,0.5181882038249946,0.09968747088882857,,,0.585052858160615,inf,,,0.8601357031969993
366,,0.0,0.0,0.7714500295143255,0.7036528558454453,0.5468179594003866,0.8546846369793142,0.22166787259373721,,,0.6097226960127671,inf,,,0.8170591576878111
367,,0.0,0.0,1.237234335849808,1.1179224174044344,0.7517012023703981,0.7803279359267439,0.2100619193100588,,,0.6584896970785714,inf,,,0.9151785910964162
368,,0.0,0.0,1.5997361759941306,1.5074984538033884,0.9299744375769301,2.135057433166963,1.1801343503664734,,,0.648888643467878,inf,,,0.823900788575742
369,,0.0,0.0,1.4601729575101587,1.401556545455965,0.9076044378465227,1.7657110126096285,0.6085603404076316,,,0.6566669596287297,inf,,,0.9004040660976893
370,,0.0,0.0,1.611635458891562,1.582976365519277,0.9094250522730842,2.48422378732242,3.2111970240509398,,,0.6509067234006624,inf,,,0.8806811241719431
371,,0.0,0.0,1.5773330190898711,1.551907677400192,0.9310406931402259,2.2779287114906803,1.8466050210136116,,,0.6233814453054027,inf,,,0.8840313171716497
372,,0.0,0.0,1.4290345734469045,1.3541920266343792,0.9093988274512584,2.1152467290001598,0.7096671389328897,,,0.6125606311107803,inf,,,0.8964362899974038
373,,0.0,0.0,1.5476054679953157,1.5037691790476015,0.8384765719493582,0.9110317144876725,0.24682703995402144,,,0.6447042257417027,inf,,,0.8986079814974467
374,,0.0,0.0,1.0086842212502205,0.973957017677306,0.6938562121139755,2.985292092430989,17.976366048434304,,,0.6008849035917525,inf,,,0.9259944036675857
375,,0.0,0.0,1.137339134259454,1.0435838851080836,0.7256616902107483,1.2792275023286703,0.40226867601893646,,,0.6008849035917525,inf,,,0.8768332579815096
376,,0.0,0.0,1.4876338896788879,1.4610288849238513,0.8930340752991308,1.9666624014072243,0.6457207430717817,,,0.6403206450210053,inf,,,0.8950734691117046
377,,0.0,0.0,0.5755500269119459,0.5173457647290752,0.42891683915026435,1.279919428968908,0.29866948417155603,,,0.6380535849069913,inf,,,0.7758471420160659
378,,0.0,0.0,0.6586256751256496,0.5922513588429676,0.35004763262295907,1.0604046282883257,0.3091220655364244,,,0.6153451465759925,inf,,,0.9331811380246736
379,,0.0,0.0,1.4117143522286435,1.2844302359440363,0.8351156435256378,1.5345461639260007,0.38091799972862206,,,0.6509067234006624,inf,,,0.8935621078803432
380,,0.0,0.0,1.4806032691113344,1.471370431812667,0.8833319048098387,2.1087335864624674,1.5989641752071635,,,0.6528756675646988,inf,,,0.8660340160336191
381,,0.0,0.0,1.4257269983637753,1.3697637188291458,0.8883070215223452,1.383380489569524,0.36236851716551266,,,0.6403206450210053,inf,,,0.9164306687616768
382,,0.0,0.0,0.8956779516282052,0.8682267518832997,0.6757983409060587,1.4648119980954033,0.41290300449121675,,,0.6528756675646988,inf,,,0.94373508200068
383,,0.0,0.0,1.5524328694189637,1.4949609907419397,0.8901160033209522,1.7098555911197684,0.8524365985872353,,,0.5947193981915972,inf,,,0.9292899644193487
384,,0.0,0.0,1.4881140721153463,1.4654527293831272,0.8651233095684591,1.4855663197291469,0.5074196398036412,,,0.6207552362147116,inf,,,0.9019486743749232
385,,0.0,0.0,1.1427282174760198,1.1097751321046012,0.7847154323903501,2.366390424666596,1.207019725711933,,,0.6668815377411301,inf,,,0.9044862656253243
386,,0.0,0.0,0.7121716278693155,0.6860561426806062,0.540243389866987,1.8995615762400637,0.6828965577771391,,,0.648888643467878,inf,,,0.9352605802481182
387,,0.0,0.0,1.581982801385355,1.5441500501699927,0.8732130590261241,2.69440362795125,1.9549051280123275,,,0.6602640781246099,inf,,,0.9100845383947527
388,,0.0,0.0,0.9209785486186688,0.8968162990549489,0.7341909901323405,2.301097942716992,0.9987032637986157,,,0.648888643467878,inf,,,0.9335070095347403
389,,0.0,0.0,1.2369400217692537,1.1649174832538471,0.7989842092803305,2.4302989766070793,0.8956972357760837,,,0.6097226960127671,inf,,,0.9364397976726708
390,,0.0,0.0,1.2587767615292622,1.1501956616707527,0.7305843382268211,3.873914858100276,3.7722036956520424,,,0.6566669596287297,inf,,,0.9142035126219413
391,,0.0,0.0,1.223811312676642,1.208460270866975,0.8205990403459242,3.0220466246457955,1.1749220092981147,,,0.6528756675646988,inf,,,0.7200225376885556
392,,0.0,0.0,1.2330138930591472,1.0554576851924327,0.6772310331211971,0.8269805510557067,0.12249571890250299,,,0.6584896970785714,inf,,,0.7486909960740831
393,,0.0,0.0,1.5322962423633903,1.3348758334580075,0.8672803352744923,1.4465297713938576,0.1891870029244036,,,0.6333676938231112,inf,,,0.8145846939764166
394,,0.0,0.0,1.5064005026513732,1.376074473283513,0.8866274700022735,1.5564234962830903,0.19897646765421673,,,0.6097226960127671,inf,,,0.8837294383867332
395,,0.0,0.0,1.3617060464634405,1.2568838263253521,0.7352063104142982,0.906195473889068,0.1835484787494982,,,0.6403206450210053,inf,,,0.852856385395676
396,,0.0,0.0,1.6092114639048596,1.4700906517556618,0.922778924052392,1.8482537492658069,0.6131300277339504,,,0.6547956803312163,inf,,,0.8628441746539102
397,0.0,0.0,0.0,0.9220305051571729,0.894719031654981,0.6796392315474991,2.616103828697017,1.5567075573833922,,,0.6333676938231112,5.0106352940962555,inf,,0.5490153527020697
398,,0.0,0.0,1.6542554705558201,1.6083389294782986,0.9349790127282123,3.0478210636071283,2.4911403277217494,,,0.6233814453054027,inf,,,0.8920612705492729
399,,0.0,0.0,1.7743852593386469,1.6444349691141884,0.935312915704333,3.6574771113581592,1.2951304455382235,,,0.6425374456860184,inf,,,0.8042713660951951
400,,0.0,0.0,1.3607565147352316,1.2996322315431825,0.7853359924813331,3.391514728402276,1.711501553143643,,,0.6380535849069913,inf,,,0.919807210691015
401,,0.0,0.0,1.2459059826948746,1.0087695763292959,0.757804432206777,0.9113066144431754,0.15503492817513131,,,0.648888643467878,inf,,,0.8684507115030387
402,,0.0,0.0,1.336554497245869,1.114379793425848,0.8045275085340231,1.3222995287269363,0.23879989342075514,,,0.6727386042041725,inf,,,0.8979294288860697
403,,0.0,0.0,1.514079149184214,1.4429960367983812,0.8448515572582148,1.469181685235341,0.312070207376697,,,0.6468212168108125,inf,,,0.8736100008568377
404,,0.0,0.0,1.5868004880224522,1.5708009177564624,0.9135780037921449,2.066363498427101,0.9164201954666176,,,0.6233814453054027,inf,,,0.8711994421736738
405,,0.0,0.0,1.3781693956782541,1.3522765176462501,0.8222275554602236,1.5584598483830645,0.47899217285975215,,,0.6153451465759925,inf,,,0.8646979878661758
406,,0.0,0.0,1.5297405954347565,1.4829773149688834,0.876913671355962,2.482948530939117,1.1673979872718636,,,0.648888643467878,inf,,,0.8891819875775576
407,,0.0,0.0,1.4701311016898955,1.4192954302172158,0.8233539010940323,1.8476648778797604,0.3753955231290731,,,0.6602640781246099,inf,,,0.9135166426262075
408,,0.0,0.0,1.4952236292628054,1.4671008518111242,0.885852976492407,2.145582513189134,0.719680108029702,,,0.6309483474627791,inf,,,0.863553330873868
409,,0.0,0.0,0.8627790936525646,0.8177863931713193,0.6490254196244049,4.136988302725667,5.892998662167071,,,0.663668482632973,inf,,,0.873873697873229
410,,0.0,0.0,1.6926436604046136,1.6610893743294453,0.9369080440232068,2.9760687000001114,2.001965682893783,,,0.6528756675646988,inf,,,0.8586799076108461
411,,0.0,0.0,1.0341088934392824,0.8799131146798347,0.6925601931947617,1.9829758689933217,0.6622157619285425,,,0.6668815377411301,inf,,,0.9113150879330372
412,,0.0,0.0,1.2450606251748237,1.0912299303643953,0.7689259160479317,1.933145085737592,0.6375889926012501,,,0.6584896970785714,inf,,,0.8919865229591996
413,1.3730491343698699,-0.004576830447899566,0.0,0.6052022665923898,0.5535025462793827,0.4696463566239847,1.6669687758552618,0.4927263548248746,,,0.6584896970785714,7.076831609026071,inf,,0.9439638799128938
414,,0.0,0.0,1.042890504134787,0.9892689588137034,0.5650094698551351,0.9528728116058544,0.39198320371545725,,,0.6528756675646988,inf,,,0.8801431586264046
415,,0.0,0.0,0.5469833619706004,0.4343532985124671,0.36371201921495205,1.0196945686022703,0.5615002877548847,,,0.663668482632973,inf,,,0.9588702502217501
416,,0.0,0.0,1.4106124544972394,1.1690205948711656,0.8706071613418969,1.4156045420909347,0.24126034490063186,,,0.6652988471865258,inf,,,0.884591067860171
417,,0.0,0.0,1.6131374885472503,1.3216997738716374,0.9014565573130345,1.3966189883035158,0.16807694774325066,,,0.6509067234006624,inf,,,0.8910933053602372
418,,0.0,0.0,1.4596444806858417,1.445379021263936,0.9137340890489234,0.07631958976938866,0.09774970010827921,,,0.6547956803312163,inf,,,0.9366102470169122
419,,0.0,0.0,1.542937172788595,1.514586474775334,0.8804985993089762,0.07075111372436263,0.08224184109647487,,,0.6309483474627791,inf,,,0.9191974471275378
420,,0.0,0.0,1.0242894748744922,0.9313791090282979,0.6876822675734332,1.2689514233918582,0.10548171905424475,,,0.6447042257417027,inf,,,0.7846598531937001
421,,0.0,0.0,0.7038420050731133,0.6917059278287474,0.5211057858231177,2.722003971940302,5.378234395599395,,,0.6403206450210053,inf,,,0.9321031331146724
422,,0.0,0.0,0.8401678927780996,0.7800906021088726,0.5592623109704787,2.0045936520920833,1.2856099177028657,,,0.6468212168108125,inf,,,0.9031800633866756
423,0.0,0.0,0.0,0.6999793344194875,0.479437965626984,0.5521575406094666,1.8911375649664772,1.0888867239990965,,,0.6284777104787076,5.0106352940962555,inf,,0.7597883348990891
424,,0.0,0.0,0.7735385032843245,0.691794757993436,0.4588378416732628,1.4134143492516094,0.20710248952846944,,,0.6380535849069913,inf,,,0.7542450089388706
425,,0.0,0.0,1.5892656362922875,1.5553237261912163,0.9153200972628184,2.506696490229818,1.2332595834231914,,,0.6584896970785714,inf,,,0.8776518613767889
426,,0.0,0.0,1.3425268499349148,1.302643673453591,0.8398423155081624,1.165420578096208,0.345848462530882,,,0.6357360191111145,inf,,,0.8690770008555974
427,0.0,0.0,0.0,0.758692787138713,0.7150879154753438,0.5335324899126206,2.504582935075615,0.8988244425563949,,,0.5947193981915972,5.703782474656201,inf,,0.9293439061724702
428,,0.0,0.0,1.4312171969218184,1.2584978221253171,0.848433803924389,1.6911175550463382,0.4094059091512916,,,0.6602640781246099,inf,,,0.9162331621757055
429,,0.0,0.0,1.5899450274144926,1.487667456078291,0.884452556320167,2.1933403713382016,1.064921757226593,,,0.6727386042041725,inf,,,0.898314070977123
430,,0.0,0.0,1.0222097626845654,0.9274053587443698,0.6644244309773486,0.9097072525808796,0.2970854057405449,,,0.6509067234006624,inf,,,0.8712244670964371
431,,0.0,0.0,0.9911115563778684,0.796624882980466,0.5655524503907242,0.5279564191448614,0.1423356056651549,,,0.6097226960127671,inf,,,0.8903794237994752
432,,0.0,0.0,0.8352573058721444,0.7379101627731196,0.49220684670548903,0.5609537381850103,0.13642591297923523,,,0.6284777104787076,inf,,,0.8768208487613769
433,,0.0,0.0,1.1325983082165936,1.0047533420044925,0.6440870020518571,0.8055385429112781,0.23042372965958102,,,0.6153451465759925,inf,,,0.8487981866780402
434,,0.0,0.0,0.6144539773879297,0.5428717816906073,0.5906838260836185,1.4767077156897264,0.3469285215555682,,,0.6509067234006624,inf,,,0.9202765274173105
435,,0.0,0.0,0.46333068750202383,0.43594609465786865,0.4798324961171955,2.6564063192239065,1.527300118497687,,,0.6380535849069913,inf,,,0.9441498273789002
436,,0.0,0.0,1.2075289874181643,1.1196676148037754,0.7545625120191618,1.4855899256038076,0.24888595217091236,,,0.6468212168108125,inf,,,0.9096169590227811
437,,0.0,0.0,1.5833542542654437,1.493482544753167,0.9115114280529489,1.6510499585324567,0.3945441110150869,,,0.6566669596287297,inf,,,0.9062113179280699
438,,0.0,0.0,1.2297713222590714,1.005054220303189,0.7563843503643984,0.8049294813114664,0.1443101863915498,,,0.6357360191111145,inf,,,0.9079756975155382
439,,0.0,0.0,1.336094841627395,1.3053525544063618,0.7996607143757817,1.6523219996779805,0.3790560671646166,,,0.676637947632344,inf,,,0.9137235780376556
440,,0.0,0.0,1.6543067691782312,1.6339597334830127,0.9126267164179277,2.0993896311003053,0.6387782110816143,,,0.6125606311107803,inf,,,0.9005272717830386
441,0.0,0.0,0.0,1.2829418178784433,1.1778813728835056,0.8036178439799637,2.0212642749104717,0.48537882611842864,,,0.62595550513784,5.0106352940962555,inf,,0.9194344570590057
442,0.0,0.0,0.0,0.8323706659553414,0.7962740720743171,0.5607503823383083,1.781251824859225,0.7922013600518867,,,0.6068309995095971,5.703782474656201,inf,,0.7670225009036276
443,0.0,0.0,0.0,0.7252690158136605,0.6930421710332841,0.7214667662726836,1.7668845980056347,1.087700947636094,,,0.6309483474627791,5.0106352940962555,inf,,0.7131297932564094
444,,0.0,0.0,1.4484120056458798,1.4191096327386596,0.8947370138377044,2.90481989295374,1.4264129121868074,,,0.6380535849069913,inf,,,0.8726517841714347
445,1.0005822472158759,-0.006670548314772506,0.0,1.3722829514037402,1.2600731395954972,0.850348336137294,4.376932171179723,9.085219482549288,,,0.6509067234006624,5.956526495746702,inf,,0.9016569448561066
446,,0.0,0.0,1.7548054538697078,1.7102693577127548,0.9262101660059803,3.782739743878619,3.9115816560248278,,,0.6584896970785714,inf,,,0.8237166410097164
447,,0.0,0.0,0.7418021596397213,0.7111685346711646,0.4991983784289407,3.773421332558784,61.624232862542094,,,0.6652988471865258,inf,,,0.9194739663266231
448,,0.0,0.0,1.7727194529333417,1.7417239054098803,0.926293195721871,3.8137905074806615,30.997902088275293,,,0.6403206450210053,inf,,,0.8426792975604834
449,,0.0,0.0,1.7854704065240898,1.769371572078808,0.9565237670519044,3.7028290464786062,64.88284541303872,,,0.6447042257417027,inf,,,0.8584053230698941
450,,0.0,0.0,0.7263470051891594,0.5933353135246398,0.5262862653186335,3.8328374394364735,53.280608053239206,,,0.6425374456860184,inf,,,0.7512161438079245
451,,0.0,0.0,1.4116231395468872,1.3532837535530315,0.7576835228766858,4.480769154546345,41.617073685183975,,,0.6584896970785714,inf,,,0.9115351597787542
452,,0.0,0.0,1.6137898822268717,1.5754137368217778,0.8903936617236364,4.046312874487493,32.66163894688252,,,0.6547956803312163,inf,,,0.8901444518357873
453,,0.0,0.0,1.54416712598088,1.5190625369921522,0.9361663332379851,4.313675272515714,8.609139920418848,,,0.675384900321601,inf,,,0.872832177533847
454,0.0,0.0,0.0,1.0649581637045926,1.060344194237148,0.6530806102287952,4.033671698388323,21.016328969506834,,,0.6547956803312163,5.703782474656201,inf,,0.9153587160062601
455,0.22581429923056368,-0.0037635716538427276,0.0,0.9578195035986137,0.8618705659887167,0.6045047405416113,4.651845262005385,88.3699220728989,,,0.6468212168108125,4.239755764995958,inf,,0.7789974864824177
456,0.0,0.0,0.0,1.3808182798176176,1.3325586404688443,0.8466630921829077,3.991422150165903,34.74223731256188,,,0.688071247053758,5.703782474656201,inf,,0.8658660083128155
457,0.11997533481529551,-0.0007998355654353034,0.0,1.695412219914128,1.6828141722231915,0.9384592374699342,3.780060115177819,2.5669337713404334,,,0.6380535849069913,5.1234307882416,inf,,0.8375236949799416
458,0.0,0.0,0.0,1.064373039261313,1.0546128614484396,0.6327881434422241,4.216677449530173,8.798872496152729,,,0.6425374456860184,5.0106352940962555,inf,,0.7279521355512841
459,0.0,0.0,0.0,1.062058214458689,1.0226040654620663,0.5545970529365302,4.166315369471481,2.2700282698132748,,,0.6652988471865258,5.703782474656201,inf,,0.780875425132617
460,0.0,0.0,0.0,1.3795302391345343,1.3458996787248652,0.878331817205091,4.401997211121818,4.592836301394946,,,0.6619902821573977,5.703782474656201,inf,,0.8956156132545502
461,,0.0,0.0,1.1511778156269,1.1192588102025804,0.708842515451891,4.255718039321158,4.965156414661437,,,0.6547956803312163,inf,,,0.9312275500895058
462,0.0,0.0,0.0,1.1067978157647087,1.0972582420215988,0.7498339792487212,4.356221939109739,2.3363829303607435,,,0.6727386042041725,4.0943445622221,inf,,0.9144726702927146
463,0.0,0.0,0.0,1.0686585932522925,1.0182495447997484,0.7419984220622865,4.373879332842483,19.12475330248043,,,0.6468212168108125,4.31748811353631,inf,,0.8614819768039212
464,0.9985774245179969,-0.00998577424517997,0.0,1.4553881754710725,1.3839795008332696,0.8339578721404077,3.8740555439790194,1.8202458684998617,,,0.6509067234006624,4.985942681505884,inf,,0.9128887836293534
465,,0.0,0.0,1.7647660988653517,1.6524296388556243,0.9666240304591663,4.252942292495057,3.480309934010304,,,0.6547956803312163,inf,,,0.8704727910075568
466,,0.0,0.0,0.8325738770285513,0.7935463557727771,0.6581090290676852,3.506009407221776,1.7887298592016063,,,0.6468212168108125,inf,,,0.8071319066633904
467,,0.0,0.0,1.422331826496533,1.3674077598327345,0.9365354772934383,2.8306236198252375,1.6264502560001395,,,0.6547956803312163,inf,,,0.9053709179718823
468,0.0,0.0,0.0,1.3810391205342123,1.3437071508657894,0.8023206239254553,3.6670174007842946,12.31661268463115,,,0.6602640781246099,5.703782474656201,inf,,0.8943495409953904
469,0.07426791205288956,-0.002228037361586687,0.0,0.994796901669768,0.9785952588568365,0.6785960413701944,2.9542738718481782,1.4298903619707408,,,0.6547956803312163,3.5708001660483353,inf,,0.7802273436972653
470,,0.0,0.0,1.146581520219101,1.0875900975753041,0.815268748303653,3.767501120780386,2.319774148110188,,,0.6528756675646988,inf,,,0.8058507593058458
471,,0.0,0.0,0.9964438100779238,0.9845125037713057,0.6463540640060396,4.159619644059101,3.141291451396505,,,0.6584896970785714,inf,,,0.6574523658332664
472,0.14606821140058057,-0.0009737880760038705,0.0,1.2411444919625787,1.23217038491993,0.7727782441765993,4.0814815411306,12.754297256222166,,,0.6727386042041725,5.14607326499136,inf,,0.9152724201545659
473,0.0,0.0,0.0,0.9124565424109827,0.8956833607798863,0.6511048982563873,3.4881246911885535,3.639216423862827,,,0.6180765742263259,5.0106352940962555,inf,,0.8742369648443722
474,0.05140902059797823,-0.0008568170099663038,0.0,1.0499609694913357,1.0024112132069538,0.6871659940369986,2.7637025573871172,2.1337933655396757,,,0.6153451465759925,4.140737601791811,inf,,0.9484324146038029
475,0.12209848025602105,-0.0008139898683734736,0.0,0.9702766899139268,0.9102685095031984,0.7519856159957674,2.992997291124311,3.0933659693033433,,,0.6180765742263259,5.1252982024163956,inf,,0.7379954082858109
476,0.7973577744827256,-0.02657859248275752,0.0,1.2948758893712575,1.2564160842949652,0.8327488459913129,3.438450945517937,1.4318645454652081,,,0.6509067234006624,3.6110957062263447,inf,,0.7606596086939077
477,0.005480823649499503,-0.00018269412164998342,0.0,0.9546610547760853,0.8885215321772865,0.7155423978640838,2.9841124113794946,1.8415533750587794,,,0.6584896970785714,3.4065449879887506,inf,,0.7939345899897218
478,0.05932214063921647,-0.000988702343986941,0.0,0.9698629981676913,0.9324143075052667,0.6879072346651258,3.130542109083366,6.638822412101449,,,0.6357360191111145,4.14704235122255,inf,,0.721442259121859
479,,0.0,0.0,1.5522307219749374,1.5251952982961916,0.8809287810795737,2.824852351153875,4.614377840282088,,,0.62595550513784,inf,,,0.8998170672021774
480,,0.0,0.0,1.4289905894843753,1.4131936496181547,0.7747212208211746,3.388059941461994,15.401021246327693,,,0.6097226960127671,inf,,,0.8902586738020458
481,0.54435548751001,-0.007258073166800133,0.0,1.0492600990131444,0.941248273577148,0.7125498502510595,2.31094687116345,2.041011360844504,,,0.6584896970785714,4.56808851108356,inf,,0.9247775990669399
482,0.0,0.0,0.0,1.0250345015467854,0.9783600208246037,0.7356853419558205,3.00349780031079,2.3201110756472945,,,0.6380535849069913,3.912023005428146,inf,,0.8317560479694832
483,0.0,0.0,0.0,1.1190275963311138,1.1008976875021257,0.7723616035301109,2.657556689535416,2.033726655138221,,,0.5915533975974677,4.605170185988091,inf,,0.7240866156083461
