,edaacc_correlation
0,0.6387671833407735
1,0.3243750547058673
2,0.33995985670480566
3,-0.27056457667902123
4,0.2267311517175356
5,-0.00597153922629972
6,0.0493203812199748
7,0.2618782109364285
8,-0.32824029528951904
9,-0.13482585692986193
10,0.1907796157190254
11,0.10505465330575911
12,0.1472298497213583
13,-0.0821744063163512
14,-0.028403972676968287
15,0.020324530115444005
16,0.7392523195086425
17,-0.6888909000555206
18,0.6601701815719293
19,-0.533235402166694
20,0.6285568426992588
21,-0.32592645054536096
22,0.35419308531663873
23,-0.0685805627386652
24,0.21932477097798533
25,0.3855475966130589
26,-0.09580496080388941
27,-0.6299928364145081
28,0.23034291698822265
29,0.013320288281539854
30,0.2502666652529047
31,-0.08571220199059273
32,0.05005644414415024
33,0.22519864169971965
34,0.15428853391733197
35,0.16378802813200954
36,-0.10550584086417143
37,0.15719970449195
38,-0.11938775848820361
39,0.09091020594817266
40,-0.06943813355111372
41,-0.22994136588517763
42,-0.14054254466439003
43,-0.4978370784658901
44,-0.003925501568999485
45,-0.3377968411328306
46,-0.16596944537564493
47,-0.07260612194858374
48,0.053206648857836686
49,-0.11783364251836159
50,-0.11568323688840869
51,-0.33118120997503897
52,0.0258096124467264
53,0.03575866783336693
54,-0.2312662957904735
55,-0.0691331656600178
56,0.09524720110966563
57,0.030146574566728094
58,0.11527990691751609
59,-0.08350286848141511
60,0.2780851021038137
61,-0.09161827616074626
62,-0.1350392238554717
63,-0.16732503659601144
64,-0.27490486960097205
65,0.02910154888539391
66,0.042427953448601806
67,0.1186675450588852
68,-0.18370745212631814
69,-0.1603249562971164
70,0.19151974270201738
71,-0.008099347630937642
72,-0.5053139489802
73,-0.6543112470984336
74,0.143107608118868
75,0.05615899342339121
76,0.4718956285543507
77,0.5249576684278128
78,0.5208962400543227
79,-0.09272502206746426
80,-0.03441724973918035
81,0.02007996542342962
82,0.13548887712242758
83,-0.0990248824982253
84,0.1041050219801735
85,-0.0687742395420017
86,0.5890020313555058
87,0.02658058984281111
88,0.06354561807161335
89,0.12310557464504222
90,0.12705119186871758
91,-0.17460013984677322
92,-0.07243148683776476
93,-0.035084079475589613
94,-0.07963570323514485
95,-0.171912149954395
96,-0.1858992025677168
97,0.3085343006316856
98,0.3703996279922591
99,-0.2256808225926542
100,0.17453588344406307
101,-0.041326825305863284
102,0.15564655816981413
103,0.14207819162383378
104,0.32836044014985416
105,0.1334559458151923
106,0.07331061934834447
107,0.38545843407432245
108,-0.1941493141192523
109,0.20881156225216646
110,0.06697983732092594
111,0.16797529866517566
112,-0.07988320987233055
113,0.1541590348815742
114,-0.2993684817549077
115,-0.3893351384822941
116,-0.03501292258623974
117,-0.5226103438771755
118,-0.5566727103096504
119,0.1531647079794406
120,0.3306605535335009
121,-0.057628400401980265
122,0.28873884266197786
123,0.05643003980450209
124,-0.05666573810791206
125,-0.0325614427722731
126,-0.09367699296612876
127,0.02309803131117291
128,-0.15837937014408238
129,-0.1850841856850202
130,-0.0316803788212023
131,-0.12194470292895457
132,0.24134297778524097
133,0.2848169006891298
134,0.12972937394867898
135,0.7043062002153443
136,0.26202910458864803
137,-0.17089067626574933
138,0.17178065224553143
139,0.14029452104979925
140,0.07536763638266906
141,0.5431858830104669
142,-0.4117924810329347
143,0.05265156881432423
144,-0.1573789199501904
145,-0.2741707565062164
146,-0.618914628553752
147,0.2694661380139193
148,-0.17505161164766384
149,0.28292441434757976
150,-0.22380817514703272
151,-0.14839545011531396
152,-0.35920117188880524
153,0.19296469493033588
154,0.17584937568645984
155,0.12603001354261012
156,0.019485128067159498
157,0.6316643972751756
158,-0.26516122356719046
159,0.0206174653780483
160,0.08016184493643962
161,-0.1944956249893417
162,0.07940801441581263
163,0.00791760164909684
164,-0.08568760096287942
165,0.06558778288586668
166,-0.15597683606837867
167,0.07366385173502243
168,-0.04433484232616717
169,-0.36642302361666035
170,-0.20430514687408416
171,-0.0034768450844116683
172,-0.048582157903145864
173,0.0659251067685524
174,0.002900121998483501
175,-0.1732945084981541
176,-0.16873140006784595
177,-0.0984839195883588
178,0.07930453998916759
179,-0.22706277110418138
180,-0.11286563932648655
181,-0.37579716522240886
182,-0.320982214829795
183,0.059530149197268185
184,0.02461289143931336
185,-0.13951291728795623
186,-0.14834616078081692
187,-0.04060981453186483
188,0.06698030817852987
189,0.2013224611236246
190,-0.2290296592160547
191,0.012369551214542137
192,0.18341506410758765
193,-0.03094879982784653
194,-0.22929671212370617
195,0.18615019407369587
196,0.08734534587536646
197,-0.32305937814455
198,-0.10885069797038002
199,0.08314929830829997
200,0.3863617625808308
201,0.0749058550671107
202,0.05531018831140209
203,0.01008230946776287
204,-0.30438345489694024
205,0.05893690474285583
206,-0.2461412049752444
207,-0.10464366927455467
208,-0.04350257211023272
209,-0.19556399959714263
210,-0.1616797470881805
211,-0.27686201352813
212,-0.04533898696348933
213,-0.013900481931093573
214,0.031203934602249628
215,-0.011473556266928576
216,0.1920808786629757
217,-0.045978487036058106
218,0.11254181238310211
219,-0.04100888181771203
220,0.18354495527392833
221,-0.04154971980706266
222,0.0033389067870034585
223,-0.12948433451611485
224,-0.05130434510497249
225,-0.1399068694820829
226,-0.13734267128231764
227,-0.3066218888049962
228,-0.21395002073309527
229,0.25521789807314876
230,0.10681023906944317
231,0.07751753607633034
232,-0.1990103850130062
233,0.0998575963052822
234,-0.0017706612300755742
235,-0.24887816050851197
236,-0.11515586378984202
237,-0.08684238498195747
238,-0.06668045204708774
239,0.27462484727732694
240,0.009881829265916004
241,0.08236196988971353
242,0.2479310564341555
243,0.09671634498672697
244,-0.08595661608770179
245,0.07681141055589244
246,0.12388747514156363
247,0.04220882092357793
248,0.26300507353871383
249,0.03607792847677781
250,-0.5312786652273541
251,-0.1352124420336706
252,-0.0020947187420707323
253,0.10904081961927821
254,0.10711129556787478
255,0.14380695923734266
256,0.15132753943425759
257,0.10415291170867119
258,-0.10703154718701818
259,-0.10319693664380712
260,0.06344310693114155
261,-0.014051218495730208
262,0.03364333452140518
263,-0.21566341754866813
264,0.11761952533706642
265,0.3269565133676466
266,-0.19831993409907375
267,-0.03361201747551403
268,0.46950521959955993
269,-0.24247954478540865
270,-0.1569542187741587
271,-0.16221943917912224
272,0.04666861596854629
273,-0.005365094279510286
274,0.05674615803494183
275,0.009459502588098615
276,0.3533286870774985
277,0.1416059048926626
278,-0.42992966471285493
279,0.2208091198972329
280,-0.15416757244829882
281,0.3087598841428308
282,-0.0108012697614599
283,-0.30946601786260963
284,0.09028175783120197
285,-0.15670855449423773
286,0.17404459718540774
287,0.0864114589250871
288,-0.025719596896984068
289,0.17071812929580854
290,-0.2768989500933814
291,-0.0875164414523568
292,0.008655769702915357
293,-0.28596336728150096
294,-0.01358444339233087
295,-0.13979819706814525
296,-0.101189196817691
297,-0.13741007056074522
298,-0.3910413821850719
299,-0.021891156824210268
300,-0.02419424177699483
301,-0.05165304849237696
302,0.27631151600934206
303,0.5044282776185187
304,-0.1806722557124608
305,0.17103016421615927
306,-0.12304669290710796
307,-0.13332043262600343
308,0.11320539659973285
309,0.05873605780228662
310,0.11499727921215355
311,0.07658376217907831
312,-0.059194810078705445
313,0.13455541335457183
314,-0.04412161719247185
315,0.11838672634136994
316,-0.1929964320354732
317,0.09133345554456564
318,0.2887134997158757
319,-0.288268250972949
320,0.05956722853139076
321,-0.0635768754060275
322,-0.07442202170834022
323,-0.16652762878752983
324,0.10544208531006136
325,-0.18584028221460747
326,0.163868301607478
327,0.16436290078617866
328,0.02526948905751186
329,-0.4015641630106759
330,0.02836188251345387
331,0.04120510128056642
332,0.5571115671656507
333,-0.3000240632448791
334,-0.04452290856827713
335,-0.3059986713086921
336,-0.4521395158181926
337,0.04918079367894111
338,0.2038317635633386
339,-0.12736600563981504
340,-0.22666928792464255
341,0.24317183894642674
342,0.12878841708894764
343,0.006799930167024277
344,-0.717545423056303
345,-0.060577579825891556
346,0.07073050945609824
347,0.08461610570083393
348,-0.0021771614449664065
349,-0.11534901968514247
350,-0.39481073919811494
351,-0.45479454391759044
352,-0.10660446790745626
353,-0.12372194739691215
354,0.23093866705047966
355,-0.3666948218665384
356,-0.18325784340035592
357,-0.20724965567478104
358,-0.23786325645053122
359,-0.01923883811514927
360,-0.07060271715084578
361,-0.026498722184497184
362,0.006667089262331946
363,-0.008009459727162223
364,0.14481512851934147
365,-0.21509146074111027
366,0.32723513723314507
367,-0.5420792750978343
368,0.32732343194542585
369,0.13680857144573116
370,0.0958709638312036
371,-0.05903501601690595
372,0.10528922302963552
373,0.1401910926010883
374,0.14448161153066058
375,-0.06395866325059657
376,0.06597370441946246
377,-0.3525149897449424
378,0.08227664400340047
379,-0.11446579800617088
380,-0.01911731809695306
381,0.10272723891349536
382,-0.0036133943814665847
383,-0.2068872690568635
384,-0.012342689261378742
385,0.15579072085406412
386,0.6251003578554505
387,0.10009014947835285
388,0.012440648549091925
389,-0.06708580437224453
390,0.025811453031644057
391,-0.08585373749945983
392,-0.012326080618200473
393,-0.1229984833136807
394,0.20081586057708725
395,-0.5763043581454782
396,0.03595554785105606
397,-0.2942143585759849
398,0.10330576418681166
399,0.3773619390225519
400,0.30333498835751627
401,0.39431859215358195
402,-0.06587213218768666
403,-0.1601863645696967
404,0.17320526953934945
405,0.2899433748953688
406,0.038240273512763545
407,0.17668030189946415
408,0.31820074910096924
409,0.13348369546977
410,0.007285156341774044
411,-0.5563215440173768
412,0.3743656796071416
413,-0.1706743558790864
414,-0.2976126829627187
415,0.10485412017993573
416,0.6557457943166034
417,-0.31451961821676444
418,-0.00042807422008602327
419,0.23886018084265276
420,-0.08362410404641987
421,-0.2826495356632361
422,-0.2610179309172141
423,-0.38282630200174195
424,0.013876984548642553
425,-0.28514725563828874
426,0.07441273334748989
427,0.060111625471875034
428,0.19493959295686417
429,-0.14236902553570607
430,-0.13383020642191237
431,-0.354215605334732
432,-0.0005606412351085233
433,-0.25417522008899346
434,0.09970436217212912
435,0.05111283001017271
436,0.029925467310055263
437,-0.4803793969875333
438,-0.34983876729279234
439,-0.0467466238950953
440,0.17254263924699173
441,-0.2195126245633265
442,0.07856801085668434
443,0.05916358583827457
444,0.28105272457592606
445,-0.14216887815024892
446,-0.08047335722347458
447,-0.28335925779305055
448,-0.307596583835846
449,-0.18194768229381184
450,-0.1137165963832657
451,-0.12674624319289687
452,-0.0599563245256005
453,0.02335611015947671
454,-0.1606975542429783
455,0.12181870602460818
456,-0.6463897742613807
457,0.13044072042495036
458,0.5835535933043557
459,0.13471872699573265
460,0.06946556573514617
461,-0.5287743432142694
462,0.09319535262479092
463,-0.06937205719335587
464,0.2196717135620229
465,0.17048266176956217
466,-0.11793091753717916
467,0.08728391066900615
468,0.24144802042602742
469,-0.30774088249736176
470,-0.48154612307664585
471,-0.30039488553408616
472,-0.19039515183999817
473,-0.1492142039618914
474,0.3807883941964819
475,-0.3891391289806696
476,0.09680098427529625
477,-0.462011940424128
478,-0.13053651482978892
479,-0.0610969016966323
480,-0.039937114143375606
481,-0.060674721542500594
482,0.19957137392909952
483,-0.21567294098618056
484,-0.33084646505626886
485,-0.41862643174433917
486,0.047428374864718334
487,-0.36555080403360746
488,-0.4606232070775661
489,0.03148712895740777
490,-0.4269095019432223
491,-0.12435456740171096
492,-0.2050221658874131
493,-0.375726550095601
494,0.4326479172718892
495,-0.3717947464011586
496,0.15739308586709316
497,0.17755777332612901
498,0.09299407057265349
499,-0.04585310214655471
500,0.274300910198332
501,0.33211347628253257
502,0.35891924045366574
503,-0.1997761463223865
504,-0.16806552633989108
505,0.2526445175448721
506,-0.006163182289503228
507,0.15887777941767625
508,-0.6629997538187681
509,0.03230678472638178
510,-0.3524889557953155
511,-0.17698268174101492
512,-0.07900702086261323
513,-0.2500864618246921
514,0.6327941557803447
515,0.20084154568124127
516,-0.4337813167113365
517,-0.08528362901732085
518,-0.04755295209395068
519,-0.18731720395266985
520,-0.0024928707424326188
521,-0.12926284806481134
522,-0.3798741832470586
523,-0.07674118919018116
524,0.1866900392901547
525,0.2513971237032238
526,0.0692246389929206
527,0.08645873965103436
528,-0.23099368626955524
529,0.30193660240409814
530,-0.19789156816388498
531,-0.08183151306677529
532,-0.024136225656511467
533,-0.24019047114434514
534,-0.42878623994213755
535,0.1111284324537091
536,0.04778434219505463
537,-0.4530758074173896
538,-0.4701879351305831
539,-0.1676437331253661
540,-0.1719087629106811
541,-0.3251822290478345
542,-0.021528971713575196
543,-0.24257289114473232
544,-0.2300081164747538
545,-0.11192979439923227
546,-0.08957411338430439
547,-0.021922582134403557
548,-0.1679908693747723
549,-0.01895700687074425
550,-0.4048008650767769
551,-0.22357634560986522
552,-0.11886125288293808
553,0.10910603744964595
554,0.09267141428998532
555,-0.1414040315827583
556,-0.28727394741048645
557,-0.10112311712723039
558,-0.11099246343883085
559,0.07026928064143624
560,-0.4331684398282046
561,-0.18930021264394167
562,0.24211237004900296
563,0.131163239768513
564,0.08852752222315632
565,-0.1629326908173769
566,0.14439476740316398
567,0.03989634561867833
568,-0.08023634469088926
569,0.14798865422942417
570,0.45298939124079274
571,-0.23974715817518039
572,0.11712376525896193
573,0.12081947658745483
574,0.18618560149509222
575,-0.13790016934618704
576,-0.022817350871461646
577,-0.04159115443343183
578,-0.08386197095744481
579,0.16217670849218083
580,-0.14835063360422587
581,-0.07762172108035742
582,0.06799764249845146
583,0.37972467062223325
584,-0.2917989329990743
585,0.05656335774395764
586,-0.044239640627502165
587,-0.06231694726651201
588,-0.5338321201812615
589,-0.4800883592365651
590,-0.05572681735218418
591,0.17264306026098902
592,-0.2988251583335497
593,0.13449566588298606
594,0.01719202937249088
595,-0.11513890946681309
596,0.24213172573722533
597,-0.02337803457016101
598,-0.156129792365895
599,-0.03209935606204361
600,0.04895357530745383
601,0.30739840779115934
602,-0.6852432729257354
603,-0.1992662422217639
604,-0.579136081613912
605,0.09584438706707102
606,-0.13733719290942623
607,0.2172567057900284
608,-0.026591133291853152
609,-0.16755101813617662
610,-0.10268382752293792
611,-0.25459928656132025
612,-0.026094271182340867
613,-0.05865859715707654
614,-0.0005242040152177492
615,-0.02125920415608361
616,0.04174627969265477
617,-0.019073420067864735
618,0.01693073863847838
619,-0.06941747250861025
620,-0.0030082873037705366
621,-0.2905286239857343
622,-0.07269995250980361
623,0.12751301080104654
624,-0.571262074932829
625,0.09219305239674726
626,0.00554851335427005
627,0.18131699141227783
628,0.21897076281042535
629,-0.003713324098871566
630,0.0344559063940393
631,-0.019002328498760407
632,-0.3313231573568881
633,0.04642795662234031
634,-0.14808185040769423
635,0.1199487123070741
636,-0.01980634170189156
637,-0.07008225549007165
638,-0.1713040657944201
639,0.04846128508240547
640,0.17982732632835782
641,0.12459315650407161
642,-0.39004341859685104
643,-0.33684010082612914
644,0.07210368870596011
645,0.04737749676049448
646,0.19875227817675187
647,0.2208904459502875
648,-0.16845292944617457
649,-0.1433378931287901
650,-0.18854756382414678
651,-0.11391834948657753
652,-0.0345866045260381
653,0.04720057479270526
654,0.16094443944056788
655,0.23891200558138506
656,0.2731902156071964
657,0.1132225032185084
658,0.07524239461301542
659,0.11230258199989067
660,0.48473107830132217
661,0.39050435090480895
662,0.11591382673689485
663,0.12566008365575815
664,-0.09751609821633615
665,-0.18531652124187836
666,0.0407666200874421
667,0.003826347943117522
668,-0.0807956654272251
669,0.05981383367169617
670,-0.030805200618482822
671,0.23318099700039643
672,0.20156447700709534
673,0.06742013826008283
674,0.016508745607216338
675,-0.7298662193591471
676,-0.6351296323113654
677,-0.5175936032610393
678,-0.3572086691646917
679,0.05355475496626193
680,0.32519850007537077
681,-0.03250346282199287
682,0.14671868782207073
683,-0.07453198246299872
684,-0.18227077797211844
685,-0.08268900494468576
686,0.07183018072380228
687,0.41511967668655136
688,-0.11061292759399471
689,-0.3209679783594238
690,0.4440765429662286
691,-0.34130494372906733
692,-0.0972356587555885
693,-0.02580349606282749
694,-0.16668234159828796
695,0.009045762562600165
696,0.007968583931603277
697,-0.0004275345240804453
698,-0.738472181162249
699,-0.10521189057891996
700,-0.36523018495480414
701,-0.009072266792569037
702,-0.11380776142623591
703,0.12520058280845925
704,-0.09580256943840545
705,-0.3264968474127838
706,-0.4585112732167568
707,-0.21855028215227837
708,-0.2629621227568486
709,-0.14071672434715313
710,-0.24351746525374635
711,-0.2670884823664947
712,-0.14719596133658802
713,0.1266969323251897
714,0.13431645627125133
715,-0.07179418880476895
716,-0.16048422561408515
717,-0.22002660067942723
718,-0.03316161455145185
719,-0.3610739192003608
720,-0.19736863204730506
721,-0.13393472439232995
722,-0.2964373592259494
723,-0.26355682734891767
724,-0.4418653973148647
725,-0.12427012854223371
726,-0.0016265377981316853
727,-0.13192470982326876
728,0.07936915649537134
729,-0.06322313384086514
730,-0.017811197486147286
731,-0.1863327804356678
732,-0.1154270175675985
733,0.029658514857067376
734,-0.06823334525986931
735,0.12130138654401272
736,0.27436904989269134
737,-0.008459495114613788
738,0.11992343640698326
739,-0.09169583101598745
740,-0.18705094590929247
741,-0.33232439914497053
742,0.09822029236743152
743,-0.23877609666156177
744,-0.17453620370502798
745,0.06929689647182004
746,-0.10553989204884473
747,-0.38703172155573234
748,-0.28512629043253757
749,-0.42144599754205225
750,0.03560369958805459
751,-0.3908887632680921
752,-0.22729880169979874
753,0.1613438028421275
754,-0.16437114983360454
755,-0.15498481531024447
756,-0.09013225545300224
757,-0.48687892399311056
758,0.5171025162272421
759,0.13672765916956015
760,-0.06928464451645923
761,0.0471103086176922
762,-0.2654492867309674
763,0.050144331592397146
764,-0.09894916970988707
765,-0.2671909561666498
766,-0.09298613327805119
767,-0.2814744968694458
768,-0.6203247244213201
769,-0.06912788974829201
770,-0.19755136924952305
771,-0.43814181065144764
772,-0.3688183082785878
773,-0.7290830979690672
774,-0.3071265427382237
775,-0.07695378513546518
776,-0.02822686614009328
777,-0.2966034672227957
778,-0.2758754251302754
779,0.45716986548110417
780,-0.05659351546187011
781,0.05797966118142236
782,0.017196732189895036
783,0.05145102884673918
784,0.1268659571294116
785,0.20665339855491913
786,-0.14799211175885899
787,-0.16944865154672759
788,-0.27456809860545905
789,-0.18869847883772004
790,-0.09201186636319995
791,-0.2945145786037801
792,-0.22304371417272484
793,-0.12532472798863326
794,0.2220547824269125
795,-0.010409044896780007
796,0.12905987657238824
797,-0.43615737118952036
798,-0.14704210017494843
799,-0.08466189723735852
800,-0.061806835531106885
801,-0.23686611880041558
802,-0.0609101200377997
803,0.09679980471041855
804,-0.3662507495111795
805,0.06685049976422493
806,0.11463174929732492
807,-0.03916239442105432
808,-0.11571443180743039
809,-0.36778765197329893
810,-0.20248191524835876
811,-0.08307211779582858
812,0.7661781229654613
813,0.34893690861795224
814,0.09626620829996356
815,0.5022853842359567
816,-0.0837213859228786
817,0.03149978374120853
818,0.40634881507343257
819,-0.014739228988885758
820,-0.42186666590343114
821,-0.506831842405128
822,-0.05090786535421386
823,-0.13763840348379916
824,-0.15248260459141688
825,0.043056607297110666
826,0.07594436089056605
827,0.07345994244660561
828,-0.18830408697909173
829,0.13426005504156105
830,0.04800737684954836
831,-0.193179424548103
832,-0.10918537470704609
833,-0.03489953494861272
834,0.14082178890013367
835,-0.08039106922157759
836,0.29225339393967975
837,0.40492153044983825
838,0.12266268950356746
839,-0.5312729622658915
840,0.2758199557754997
841,0.20583216344952712
842,-0.053919567167256356
843,0.12363742703870484
844,-0.36247956101712875
845,-0.20788604699041915
846,0.011229491764038974
847,0.018522682347832584
848,-0.017926003727466545
849,-0.425208729011401
850,0.09796198752236324
851,-0.20285576398624386
852,-0.3004127865231514
853,-0.024751306872575707
854,-0.0210551633479901
855,0.15160775047391936
856,0.10314296030658865
857,-0.12684282683861936
858,-0.22056660433904743
859,-0.3873529740686249
860,-0.13141150559713624
861,-0.18401353816393098
862,0.1685564150228925
863,0.12939219797100135
864,0.13730214263255178
865,0.30564417789354725
866,0.1909149628273707
867,0.04259755518100878
868,0.12302838633696174
869,0.02023908414171561
870,0.21382966431017295
871,0.14389836056300137
872,-0.16482329481878283
873,-0.006989859567222324
874,0.19768146201954234
875,0.08921184415089502
876,-0.1933950363510603
877,-0.1941066506830867
878,0.12926946871589365
879,0.232424723205515
880,0.05463173774658818
881,0.2525377637411713
882,-0.045711349460726095
883,-0.4495628370986777
884,-0.1971424157897182
885,0.05848801719651214
886,-0.04326878330923385
887,0.07749819472921261
888,-0.09981683042868712
889,0.008675394390069204
890,-0.09385822447237573
891,0.17097571418013346
892,0.31527261789710076
893,0.13025398168072533
894,0.18513416725170168
895,0.34104518413409346
896,-0.05900680567309885
897,-0.33937932757504574
898,-0.17505524973962147
899,0.22205937837153367
900,0.2878662784873839
901,0.37240509403154015
902,-0.013294653779880867
903,-0.2691847038519978
904,0.21005649214974195
905,-0.11613652071143545
906,0.08930374303375684
907,0.22600551333662575
908,0.13219273655886354
909,0.3347841288652887
910,-0.05064376888934445
911,0.41395258288255465
912,0.008537788461032748
913,-0.054523676013102436
914,0.02460075803795342
915,-0.377494829501745
916,0.14629712257678584
917,-0.0302846927704486
918,0.14614393799577666
919,0.5379199806805607
920,-0.17688488018923548
921,-0.0700533132227856
922,0.08495943954114751
923,0.07891178830974188
924,-0.11448754050779177
925,0.3720881141478896
926,0.21822275348772724
927,-0.055956360530971125
928,-0.3577424068432978
929,-0.17516333420084002
930,0.14302275372853396
931,0.14695466200936794
932,0.14925018771889714
933,0.004625526609882985
934,-0.04742970133779674
935,0.09343830286068458
936,0.10497712970702017
937,0.27051679773211307
938,-0.1570944998168106
939,-0.16130589723395394
940,-0.12238796205059652
941,0.018701524490191277
942,0.4511199795943377
943,-0.6051681682107151
944,0.03653021884618649
945,-0.14334722164690064
946,0.22165844886561364
947,-0.23592878632143865
948,0.17858914495299905
949,-0.31386422203371345
950,0.4774155979433605
951,0.30763987186779523
952,0.1708638476362654
953,0.10751394424048646
954,0.5539292333928272
955,-0.22986621656578968
956,0.07986143846817463
957,-0.05351232684009668
958,0.009136820259572844
959,0.3013135675369895
960,0.20252855075190165
961,0.4210572983887971
962,-0.08933118212655439
963,0.13688810737291013
964,-0.16079708280895103
965,-0.03225265056996458
966,-0.1062612785784381
967,-0.08173978439698242
968,0.07694095191510866
969,-0.08431857078169627
970,-0.2744272514007563
971,0.09281010175138621
972,-0.1396560956705504
973,0.049830706746168206
974,0.0462486725053236
975,-0.1163540684787985
976,-0.08777780461582449
977,-0.15041248485438533
978,0.28357311204743474
979,0.25493810959875884
980,0.17278151635698455
981,-0.09931750957586985
982,0.11856860096030132
983,0.08726165370090619
984,0.0359135755611294
985,0.0172264267265586
986,0.14923315103036602
987,0.14989341137640108
988,0.04964194010179334
989,0.1813972139371831
990,0.06565646353564988
991,-0.025255311411860874
992,0.1801706299069579
993,-0.008196322138887062
994,-0.06743950273080411
995,0.032248929099007964
996,0.1713718609988175
997,0.037807306707625575
998,-0.14646769808495744
999,0.0775225979006272
1000,0.3385226030925606
1001,-0.1679279403467957
1002,-0.03645585789997016
1003,-0.24044018581940543
1004,-0.022698578655785985
1005,-0.1096754928916293
1006,0.21968739323560418
1007,-0.08471014732151026
1008,-0.1953484227456525
1009,0.2460693804032763
1010,0.2985418785943559
1011,-0.04280003267619175
1012,-0.28297051599376155
1013,0.03745788590439765
1014,-0.04016753961346196
1015,0.13684022200951038
1016,-0.08836321707192475
1017,0.09653004425688269
1018,0.2767867360285328
1019,0.19100852100367732
1020,-0.03398338491297679
1021,-0.40475826600029824
1022,0.003121510809814553
1023,0.1347265097908505
1024,0.22163097463920414
1025,0.03901429982390975
1026,0.07990152118670071
1027,0.04025999467891493
1028,0.020408781925985366
1029,-0.0033184057616715626
1030,-0.11382923156084832
1031,-0.14357808390360743
1032,0.07124215434200686
1033,-0.0587509002584659
1034,0.1328973564952564
1035,0.044155569806051655
1036,-0.1304411580009979
1037,-0.48124703057977447
1038,0.046746411835886244
1039,-0.4738692458285257
1040,-0.0040377420064226285
1041,-0.5275173866093263
1042,-0.35962828939233393
1043,-0.12737583062924673
1044,-0.11364143485091034
1045,0.16771286296470647
1046,-0.23892412039509592
1047,0.3113830048885392
1048,0.1565943369292927
1049,-0.24188054889306893
1050,-0.5572501242008262
1051,0.2061850782960416
1052,-0.17693564856835653
1053,0.03587584082004294
1054,-0.20161837947857358
1055,-0.5994418017365193
1056,-0.06184666599594351
1057,-0.03721732391542077
1058,0.6620769465104349
1059,-0.5894653297224854
1060,0.03826548725293152
1061,0.07925155744035901
1062,-0.10673974832256197
1063,0.023006873355820117
1064,-0.09122932992364742
1065,0.08636973317299905
1066,-0.06442453266974837
1067,-0.2803583583402316
1068,-0.4936968574721665
1069,-0.07430835150003792
1070,0.08030424659356816
1071,0.06324030677214981
1072,0.07774252232885832
1073,0.2478440498212398
1074,0.09673326820768073
1075,0.148381108610665
1076,0.13666976230732833
1077,0.242105486822263
1078,0.2876655906322038
1079,-0.10288867404623825
1080,0.20297763866339397
1081,-0.012286019377054518
1082,0.00747512451689014
1083,0.12142267301930756
1084,-0.26958747283722484
1085,-0.02276986573292112
1086,-0.145969240080045
1087,-0.136614395236564
1088,0.45788860059891806
1089,-0.20660948022262768
1090,0.09519775055055468
1091,-0.4967264704665278
1092,-0.08575534538192708
1093,-0.009149444361286082
1094,-0.07131632663715708
1095,-0.009400725007411312
1096,0.1384823820560174
1097,-0.40242696650170157
1098,0.42284228590481004
1099,0.49149398331047933
1100,-0.23857091898991278
1101,-0.1275823254332403
1102,-0.04579364206469301
1103,0.11097149750731848
1104,-0.14249735331121755
1105,0.13645001136521226
1106,-0.30475520577163717
1107,0.1522712697869257
1108,0.09152231468905514
1109,0.19516128653169282
1110,0.23430383782007652
1111,-0.1253473300481773
1112,-0.09385976970220819
1113,0.28109765606548964
1114,0.10067555125176589
1115,0.15290638436168852
1116,0.021296619766510483
1117,0.1639253648639543
1118,-0.02482321353192966
1119,-0.37004908662702446
1120,0.3134310141181586
1121,-0.5478598076577602
1122,-0.0282439398187983
1123,0.013831142855976006
1124,-0.019824439579705495
1125,0.012190939147625543
1126,-0.015275066328998572
1127,0.3510178337236221
1128,0.25272670275615977
1129,0.14728553289573498
1130,0.07786115337197072
1131,0.034801364409667336
1132,0.011786588124795851
1133,-0.13302631387418487
1134,0.041976339244733346
1135,0.21507774868402718
1136,-0.32589187440389256
1137,0.1494862267338593
1138,0.023068811007291
1139,0.5111002813544203
1140,-0.017483071153804094
1141,0.008591223186619644
1142,0.4761658630924296
1143,-0.5252517535559817
1144,-0.06994057524975565
1145,0.3577979667108972
1146,0.3418664385927053
1147,-0.22848854919709505
1148,0.611069697433183
1149,0.2928819878188282
1150,-0.1576279295598042
1151,0.10888802013022177
1152,0.14513688109043654
1153,-0.28693543367077406
1154,0.44056260037475636
1155,-0.20750578667898853
1156,-0.07371110245417463
1157,-0.4961823658297778
1158,0.673489037817381
1159,0.31941235930598083
1160,0.02560481850865507
1161,-0.41425032701169046
1162,0.6074286982890126
1163,-0.4167386711242977
1164,-0.14213266240941422
1165,-0.07704659783544317
1166,0.027621355986705724
1167,0.6543546656088763
1168,-0.33939164743782224
1169,0.6660929643277922
1170,0.009105870557575321
1171,-0.020304275158553965
1172,-0.20774762896035823
1173,-0.05870684085613251
1174,0.5501140989313538
1175,-0.13414119070704036
1176,-0.011073660573062168
1177,-0.45970461265040846
1178,0.3263362873609337
1179,0.19477952552128425
1180,-0.0012167317825694617
1181,-0.11004970973844473
1182,-0.018069463415582486
1183,-0.054280945434576205
1184,0.4772607788821476
1185,0.038439943901281456
1186,-0.04717790996326734
1187,-0.029013796178901454
1188,0.11761966494534623
1189,0.131954116944966
1190,-0.06778182039240949
1191,-0.6368356593330388
1192,0.37449509848949436
1193,0.4373827940501475
1194,0.10155180669754045
1195,-0.06768649231023101
1196,-0.19852890746561325
1197,-0.17648581326852492
1198,-0.11657699022771953
1199,0.34514787206825315
1200,0.0914848098663295
1201,-0.0862870449123478
1202,0.20292905948365614
1203,-0.04832449258826702
1204,0.18107956822609006
1205,0.20178698907684903
1206,0.03819889000123215
1207,-0.028998276457491506
1208,0.057668725659556525
1209,-0.08723453004685101
1210,0.35588611408368054
1211,-0.011655749828711166
1212,-0.21940929321981864
1213,-0.24224138825972105
1214,0.14157058495471336
1215,0.3598952195371338
1216,0.13557637326344055
1217,0.06505212754575683
1218,-0.06723313992898101
1219,-0.20716496585180483
1220,0.17514594638892703
1221,-0.3516379111265581
1222,0.0669181091064105
1223,0.10628408427292918
1224,0.033586497888814376
1225,0.3461119701042342
1226,-0.05914676258200922
1227,-0.013695073912485764
1228,0.2996962664146586
1229,0.37742694832714335
1230,-0.21020134528797962
1231,0.2566799971091587
1232,-0.046979985406013655
1233,0.044001828046771746
1234,0.006903442497247601
1235,0.07814347975853116
1236,0.02698213333454902
1237,0.2172718359645229
1238,0.009727057823331345
1239,0.2416681520230408
1240,0.34550641184593117
1241,-0.09413270635934315
1242,0.134588673378264
1243,-0.05618826844210077
1244,-0.21453711206391907
1245,0.06134048052501776
1246,0.3825323300209913
1247,0.2373318635046001
1248,-0.4323463082349407
1249,-0.013185866389349609
1250,-0.05893939996814067
1251,0.013952532035941918
1252,0.027869675948464834
1253,0.30495967382125405
1254,0.03263579335835803
1255,-0.04999129133818773
1256,0.37076893161768404
1257,0.34140804033623673
1258,0.12322483358325811
1259,-0.0434634372032892
1260,0.12316064286910737
1261,-0.2857140795277958
1262,-0.06516006916157473
1263,0.2955512849690938
1264,-0.025259631034546582
1265,-0.3387269398767144
1266,-0.35947857572909037
1267,-0.002589121629244843
1268,-0.7079228442590902
1269,0.3255407610627441
1270,0.11201211913529341
1271,-0.004649346184219699
1272,0.15118894177509434
1273,0.09369884161055779
1274,0.3805772320930131
1275,-0.21370400022819638
1276,-0.03880832282823464
1277,-0.013912864434650174
1278,0.10225012030291124
1279,0.2959578773141968
1280,0.4923340039176972
1281,0.10700394319383569
1282,-0.05064171680740782
1283,-0.09646558642538797
1284,0.05192847757963386
1285,0.10291141267833424
1286,0.15256188497603593
1287,0.06287181556362036
1288,-0.04851785850785692
1289,0.03881278763435643
1290,0.18337024374444863
1291,0.10261675893481402
1292,-0.02314490740078934
1293,0.46661000295414484
1294,0.030531399720025294
1295,-0.014627283357350338
1296,-0.1881594235126599
1297,-0.27054871059386765
1298,0.15631867861368076
1299,-0.09562148901573692
1300,0.17476196409884637
1301,-0.5080586808714189
1302,-0.28312893012724877
1303,0.05640720272540448
1304,-0.09738622546464143
1305,-0.2692596768424517
1306,-0.14918686683835064
1307,-0.010258346597487977
1308,0.053615408357105404
1309,-0.3162507588496812
1310,0.05549387895799877
1311,0.11166948256379927
1312,-0.24266625107364545
1313,0.13737753658163315
1314,0.008756837558465532
1315,-0.34836542125486875
1316,-0.038663710114089714
1317,0.03572225678866269
1318,-0.3137177270757412
1319,-0.20802385144798938
1320,-0.06286903750400537
1321,-0.5647096631414726
1322,0.20400399259685684
1323,-0.05019814321811305
1324,-0.11536026367222715
1325,-0.14832009147240735
1326,0.06983105549024746
1327,-0.15583009332608136
1328,-0.04007025016628063
1329,0.008897441060537957
1330,-0.023737012941624315
1331,-0.12199775303263266
1332,0.0005969100166200706
1333,0.06694052286385586
1334,0.016890465924816647
1335,0.03678064254155135
1336,0.4019794982728536
1337,0.15277441269005826
1338,-0.271241408408631
1339,-0.013785590524861852
1340,-0.06129914004161471
1341,-0.05101143897345728
1342,0.03160844274205897
1343,0.0349418531127955
1344,0.2535478904733389
1345,0.11938179085816217
1346,-0.14259030343689277
1347,-0.0007913325492086975
1348,0.027107606617742787
1349,0.008442084901563151
1350,0.38033519119986575
1351,-0.04962036681136926
1352,-0.3652017935069316
1353,0.17797525095681632
1354,-0.039642768021448054
1355,-0.006476692785590353
1356,-0.02480661638977697
1357,-0.24431704161155257
1358,0.3462286657115338
1359,-0.02189380483155772
1360,-0.24532156012924705
1361,0.0691016358730743
1362,0.11862938085502117
1363,-0.6404076251223125
1364,-0.07265267972179001
1365,-0.04486769449919847
1366,0.3176373979903831
1367,-0.20754685376954296
1368,0.043886264054319724
1369,-0.3311472048283904
1370,-0.11985333977290516
1371,-0.22707137292143928
1372,-0.008920776969180243
1373,0.2132496279434842
1374,0.34317132331040845
1375,0.2606394516364379
1376,-0.32941796335134027
1377,0.2643053057975991
1378,0.15307182375394868
1379,-0.4172124245177068
1380,0.28653415982974784
1381,-0.061184944842568464
1382,0.00567275899849488
1383,0.45415802663079513
1384,-0.12563555777689348
1385,0.13773437820633921
1386,-0.28193791830663484
1387,0.04218640488323074
1388,-0.19216855379733813
1389,-0.039536993640287045
1390,0.04485274592980711
1391,-0.04800105302601678
1392,-0.0052752068618546295
1393,0.11587925593619425
1394,-0.17460902931244415
1395,-0.08273106664787926
1396,-0.3915991968277603
1397,0.2884278144127138
1398,-0.22557123198418264
1399,-0.2006543522941827
1400,-0.1592499939773815
1401,-0.11280242274886963
1402,0.13383040699657844
1403,-0.10478936304668407
1404,-0.21818954154336415
1405,-0.14358622222234313
1406,0.3514505134332165
1407,0.0665705875408572
1408,0.22188000463141913
1409,0.3548507443469979
1410,-0.09470524039672779
1411,0.10128323449326372
1412,-0.09181402195804768
1413,0.30674785946973177
1414,-0.05672413506489931
1415,0.30458147441771566
1416,-0.2365755306740061
1417,0.08802852192621682
1418,0.039482400302811596
1419,-0.4578680500575108
1420,0.24462182871483837
1421,0.07037327402291575
1422,0.08107412007920405
1423,-0.02132690399024748
1424,-0.3119897656536382
1425,0.20016685061504744
1426,0.19020871572540302
1427,-0.26382455176268915
1428,0.20816655228421996
1429,0.4512941224472048
1430,-0.1624538163451664
1431,-0.24500715386193275
1432,-0.1298573612772586
1433,-0.2473687565111214
1434,0.03787119069441662
1435,0.14439080449703723
1436,-0.11553024391596933
1437,-0.7035857143560607
1438,-0.3087236208090552
1439,0.1960698227440844
1440,0.05297408655116267
1441,-0.035162473550790156
1442,0.14027744847110696
1443,0.38663137304598527
1444,-0.03097015092222985
1445,-0.1706725363724896
1446,-0.4650133696131923
1447,-0.2595062077418387
1448,0.15079121902279233
1449,-0.08606475313492981
1450,0.27420633571888525
1451,0.5106787816982362
1452,-0.0038778541318390267
1453,-0.09909994863158247
1454,-0.21601823551393315
1455,-0.4027425868082006
1456,-0.19370032966578918
1457,-0.4741754999742372
1458,-0.5647846195532911
1459,0.05568862198858422
1460,-0.015414819121958153
1461,-0.006701228359849897
1462,-0.006942499220772101
1463,-0.685236309667328
1464,0.09432618887797022
1465,0.15061889603437553
1466,0.1953709940165694
1467,-0.17092956371247492
1468,-0.1254582641000337
1469,0.1709893268282538
1470,-0.20587590357620486
1471,0.25410959858362075
1472,-0.09792252405861296
1473,-0.30025023360382175
1474,-0.5680965523743161
1475,-0.20922933218678078
1476,0.07635221971214698
1477,-0.09833945595133216
1478,-0.08260726277234974
1479,-0.0880939320360981
1480,0.19612843461301235
1481,-0.04714536278002666
1482,0.12332200335594036
1483,-0.19748168680910966
1484,-0.0022241169554543592
1485,-0.01226427033108527
1486,-0.010310647876034362
1487,-0.05499852310160763
1488,-0.05338989839134138
1489,-0.17015334493962034
1490,0.22202793062026283
1491,0.12836720959282788
1492,0.04946694152810204
1493,-0.34641071378287963
1494,-0.09993725629306786
1495,0.138378044096391
1496,-0.12819848304200573
1497,-0.05944779008859884
1498,-0.3113915417017734
1499,0.16946698959963316
1500,-0.10043085931138827
1501,-0.35140134304638165
1502,-0.219080449213927
1503,-0.03485529397904597
1504,0.16377485195460792
1505,-0.2964348603870187
1506,-0.09139949789531865
1507,0.11252317792334356
1508,0.01556910759891461
1509,0.04705033238701633
1510,0.05852513961157024
1511,0.11603199770657943
1512,-0.14807870965199577
1513,-0.0023629466017527074
1514,-0.08368687823690345
1515,-0.1783878273775492
1516,0.3125814692130105
1517,0.022616036846680558
1518,-0.10587886563265836
1519,0.14856825012780936
1520,0.30728218469041535
1521,0.1176641600478629
1522,0.20278173754398338
1523,0.026007105067257296
1524,0.31356461723263535
1525,0.009658962369080702
1526,-0.2379267959952471
1527,-0.05729639189330694
1528,-0.1169924324997164
1529,-0.04657790726037152
1530,-0.10930672479345807
1531,0.0297750287331806
1532,0.24095634799810003
1533,-0.020236669293357084
1534,0.10641203170868899
1535,-0.2541756808469464
1536,-0.057839270748155175
1537,0.049043755705165164
1538,-0.09367527511814275
1539,0.24775484798894412
1540,0.07240816649449819
1541,0.13653604944958578
1542,0.1648287965795096
1543,0.08074945609549833
1544,-0.1028408511208254
1545,-0.03432101725742459
1546,0.03790222123981579
1547,0.03451273113149482
1548,0.12207434429004113
1549,0.3306839061701135
1550,-0.17662817415089063
1551,0.2848761634382521
1552,0.4122269284824108
1553,-0.04608080690615259
1554,-0.01926567891223888
1555,-0.09604398954144183
1556,-0.2131770231292261
1557,-0.023852974119758112
1558,-0.3173721705500801
1559,0.16377857445567048
1560,-0.0058422479671606554
1561,-0.2815245654024979
1562,-0.1377363091670825
1563,-0.12946853775195877
1564,0.07818081071176611
1565,0.7518980775621964
1566,-0.01428969990625082
1567,0.07565840028331162
1568,0.27515869497094164
1569,-0.5187695049830351
1570,-0.07228010386857424
1571,0.22477033312184883
1572,0.03690668274995785
1573,0.09070698717617448
1574,-0.02747061364729343
1575,0.12580281968117346
1576,-0.037864353578148095
1577,0.25274142221549606
1578,0.14670205141353548
1579,-0.034124221065031865
1580,0.4030225252842068
1581,0.19301131722676096
1582,0.04332722995600801
1583,0.1226756806461123
1584,-0.05680432671738505
1585,0.008739851513273849
1586,0.2668596717316186
1587,-0.3867726112604176
1588,0.1914049358089094
1589,-0.06403276602070175
1590,0.0045931974539558185
1591,-0.24882198720647317
1592,-0.1272874591168158
1593,0.020041085964441346
1594,-0.0676795119549493
1595,0.290883956761669
1596,0.19031990752612532
1597,0.6406415783766355
1598,-0.26067036417794853
1599,0.21579502869083114
1600,-0.39469519038882855
1601,0.13578656481667667
1602,0.11201003869545267
1603,-0.0972097923599784
1604,0.14627835760641958
1605,0.11100072718239594
1606,0.0009203400637857669
1607,-0.13601404565455322
1608,-0.2094183365110126
1609,-0.05051127959603282
1610,0.14364716406445985
1611,-0.055446771421930746
1612,0.4895342794615011
1613,0.4348883940753863
1614,0.020039299589003266
1615,-0.036834404662972005
1616,0.21771568531395508
1617,-0.5912706813443191
1618,-0.17599113059566138
1619,-0.324944842586097
1620,-0.09104527420631327
1621,-0.49429817129340636
1622,0.23397595013941055
1623,0.2401768654134192
1624,-0.3227848147211892
1625,-0.266451323447631
1626,0.25199457423273725
1627,0.13285015426860106
1628,0.0022423878234199305
1629,0.12133998703011642
1630,-0.07430022630477194
1631,0.1679323717894253
1632,0.051633985125404715
1633,-0.24622944901112373
1634,0.017319699567835276
1635,-0.02796250166814028
1636,0.4973601261439039
1637,-0.060623761769475155
1638,0.22592634697635863
1639,0.3513872006123923
1640,0.13233196414545184
1641,-0.14444014542738748
1642,0.4209311480593144
1643,0.29505125616310485
1644,-0.0890649387641188
1645,-0.1529846895662187
1646,-0.18540901054607303
1647,0.00979637353520179
1648,0.3913548297479214
1649,0.5723505616963873
1650,-0.01297725831682926
1651,0.08648546776798653
1652,0.054778441978376856
1653,0.10153572512717518
1654,-0.10383584547727451
1655,0.027662932245320376
1656,-0.17061850073148901
1657,-0.15730800883977808
1658,-0.15331627071964016
1659,-0.2935357408529568
1660,-0.05726925781476793
1661,-0.4492928165943697
1662,-0.1624930876973625
1663,0.17099939627277472
1664,0.40734271288494256
1665,0.09813266812313629
1666,-0.14830719280419688
1667,0.27728098202666296
1668,-0.1654517059284795
1669,-0.25699015224025074
1670,-0.11317209679538107
1671,-0.07958188079472601
1672,-0.27132892170301487
1673,0.3002499998067135
1674,0.04024555034443405
1675,0.024912481063333713
1676,0.011061573044780657
1677,-0.14548267817091912
1678,-0.19910239471602087
1679,0.12284564382195613
1680,-0.10901538884983471
1681,-0.012029992346903558
1682,-0.06930451271275043
1683,0.003682978434729333
1684,0.38871294231667863
1685,-0.32191501098463005
1686,-0.24147757560740424
1687,-0.23292602573151977
1688,-0.10751774475488689
1689,-0.17595613926914108
1690,-0.4202258931511465
1691,0.08836432756853153
1692,0.0028363400099908147
1693,0.08125730030229787
1694,-0.29447935337186265
1695,-0.028965394062920476
1696,-0.18516495514267126
1697,-0.3189007562372521
1698,-0.38461229528435936
1699,-0.064239894098096
1700,-0.1760261358479018
1701,0.666614372691601
1702,-0.2181922635417017
1703,-0.14064673425290078
1704,0.26534809973694556
1705,0.15635517825864606
1706,-0.5060486311132399
1707,-0.41201504182036547
1708,-0.46556414558883563
1709,0.4035410543177196
1710,-0.2911716704242151
1711,-0.19756859508162006
1712,-0.07917906565884884
1713,0.5009825296560492
1714,-0.02609982191304575
1715,0.2283268160945265
1716,0.29749120550306984
1717,0.11857922682678936
1718,0.14884036662990427
1719,-0.12820875962246547
1720,0.34735631636332787
1721,0.0016275352709327784
1722,0.08446279026824177
1723,0.1803983586095267
1724,-0.31519750878454683
1725,-0.10447961179919042
1726,-0.016384054643113096
1727,-0.12616568067540107
1728,-0.4602569606917032
1729,-0.3502253820396215
1730,-0.0018806166499394344
1731,-0.03206696133419469
1732,-0.07684916826346845
1733,0.1662644242279675
1734,0.3960177106451934
1735,0.22558788986416708
1736,-0.5307179712365526
1737,0.1365541912935286
1738,-0.37149801568738017
1739,-0.27523963927743944
1740,0.006359951739177685
1741,-0.3782216748270716
1742,0.046367454209547396
1743,-0.1616719027570512
1744,0.30316891488253594
1745,0.038215757527540264
1746,-0.21237341331741352
1747,-0.011429834030256745
1748,0.17832262980247893
1749,0.4496428957242157
1750,0.20351973089034578
1751,0.07992961074165326
1752,-0.034691503758994546
1753,0.07561143760519111
1754,0.17330675463796133
1755,-0.34465710671987926
1756,-0.5574511890951663
1757,0.08113656910098033
1758,-0.18328192231760626
1759,-0.053850446892312706
1760,-0.012524660638696988
1761,0.028969082530589753
1762,-0.2839209400416699
1763,-0.028128509214590928
1764,-0.21174278131494662
1765,-0.16426885405502
1766,-0.02918188035522473
1767,-0.236284043635312
1768,0.07616447463063893
1769,-0.43780655782494515
1770,-0.12680177242134805
1771,-0.2678902545072825
1772,-0.5507955106199531
1773,-0.317550630811184
1774,0.012544948375969726
1775,0.09002870913375352
1776,0.1823506431872006
1777,-0.012015504949684484
1778,-0.28059418658913016
1779,-0.22888829917374284
1780,-0.5633272747667711
1781,0.014315747491777447
1782,-0.23919058783057837
1783,-0.6658020282017834
1784,-0.10438321891908951
1785,-0.22113544188878279
1786,0.15143570755871252
1787,-0.5482940769096635
1788,0.04279079751443083
1789,-0.2042642266474355
1790,0.1799169678466363
1791,-0.37269898175898375
1792,-0.03905137513205729
1793,0.4845355755357988
1794,-0.49280928709792093
1795,-0.15260627900525695
1796,-0.11836862267492018
1797,0.7054999386648775
1798,-0.055945272885301656
1799,0.545302614002843
1800,0.2973877201562435
1801,-0.04027788800395752
1802,0.08824022975694991
1803,0.24013973220932247
1804,-0.33319311888776365
1805,-0.18240499665668064
1806,0.4317632969989709
1807,0.1506569645385028
1808,0.13738009783993188
1809,-0.22024490944125394
1810,0.05533216241038271
1811,0.20559485912930545
1812,-0.12196201984506107
1813,0.03570347382760574
1814,0.23561064431213444
1815,0.17607445207193684
1816,-0.1945806270764817
1817,-0.07864510404737846
1818,-0.11422117504287385
1819,-0.09744375081715821
1820,-0.26437356930157746
1821,0.026387688866771595
1822,0.2851323720429548
1823,0.295117365525328
1824,-0.005566030009695517
1825,0.31537527363956175
1826,-0.20922859209305603
1827,0.3511752059833054
1828,-0.11757135300927098
1829,-0.31534612634178816
1830,0.14706357597362074
1831,-0.0035069910836989034
