,hreda_correlation
0,0.670830428026428
1,0.8101636357907831
2,0.7962615862734963
3,0.11905157562479132
4,0.08566637603218223
5,0.4704356886883467
6,-0.7171559218824668
7,-0.26099513652092055
8,0.25510982686940936
9,0.305484009190515
10,-0.17012361020389954
11,0.5115193714146414
12,0.5932975031482352
13,-0.5671072447743127
14,-0.2596371278060254
15,-0.39299262150952247
16,0.8578746700721909
17,-0.5511719502799534
18,0.6413102416382296
19,-0.6155139817871489
20,0.34748568372181676
21,0.1823555547382021
22,0.44872567179216155
23,0.3582889218282437
24,0.10399579927007964
25,0.28126379904377313
26,-0.18756787990914794
27,-0.4842569341586677
28,-0.49625903644856256
29,0.5163956611676562
30,-0.19936814128738448
31,0.25042911161822357
32,-0.4739634819396058
33,0.23900676357854297
34,0.15617881714667717
35,-0.6162008748786064
36,0.07738369995108721
37,0.23659168321539514
38,-0.23301589257258076
39,0.2673600416155031
40,-0.08448523072152977
41,-0.15731953459518805
42,0.12533415697042932
43,-0.7189003576252669
44,-0.17183887457903604
45,-0.7580164827908721
46,-0.6028380163661912
47,0.6275519067543192
48,0.3601259003991411
49,-0.26100778807086156
50,0.2956264529884918
51,-0.743102770942652
52,0.3214076062203737
53,0.20828922348386802
54,-0.3595472602079551
55,0.3711703865022949
56,0.3702390231107891
57,0.6308950098061398
58,-0.08459213502571744
59,0.06921706921034855
60,0.536927360251801
61,-0.04795430494771694
62,0.1470897943262639
63,-0.016846064129214217
64,0.8875600386728362
65,-0.46170033963949764
66,0.13929725020008168
67,-0.10786153251579671
68,0.14987321787852667
69,-0.480385144738616
70,0.39430434089080635
71,-0.09474642305563057
72,-0.4095058999708206
73,-0.3704940584615707
74,-0.4268556627179771
75,0.08655247613712234
76,0.5722642395832365
77,0.1967686704431947
78,0.18819551252208305
79,0.5597368916567802
80,0.2891303299449786
81,-0.7590327885021468
82,0.7172431139673195
83,0.17450299469420982
84,-0.138767444049641
85,-0.7230901005463447
86,0.6087093192592925
87,-0.7857411747932053
88,-0.73887247696457
89,0.01507920689147276
90,0.35523965636713783
91,0.6505037031926932
92,0.5301918345146875
93,-0.41248408341189324
94,0.48886455624222286
95,-0.5634833213021999
96,-0.28189464024563593
97,-0.2282173287195546
98,-0.5999513069470843
99,0.5623747857145308
100,-0.25844590745646984
101,-0.07568059551142224
102,0.48715415092438275
103,0.4957893877321151
104,0.4766876587777104
105,-0.4646011927448375
106,-0.46175601982158315
107,0.2032703222340062
108,0.6618180669302716
109,0.022494465111092463
110,-0.16377898816844466
111,0.6778539481767193
112,-0.251753137525076
113,-0.25096592823775965
114,0.49423685555552976
115,-0.3569058138804121
116,-0.03132902409007338
117,0.09746714937841526
118,-0.07084270125899848
119,0.3454331332396566
120,0.5167010390483494
121,0.13219661735099303
122,0.020565245278506263
123,-0.10301236794980906
124,0.5362711164721226
125,0.2384939974330552
126,0.08608962650308091
127,-0.07206893573918374
128,-0.16445638632342596
129,0.08671059808093656
130,0.48052640913753325
131,-0.46467618963661633
132,-0.14089552368229816
133,0.0459968898406727
134,0.12380228436171481
135,0.18114391963578777
136,-0.15519236743812015
137,0.07551701663089869
138,-0.018303399249492754
139,0.3087648898821474
140,0.09192809406067445
141,-0.4156816731939747
142,0.17011761381232982
143,-0.1344574791017067
144,-0.36423227256970536
145,0.9299930990192186
146,0.6794606774634144
147,-0.24127945424457034
148,0.12528589591296088
149,-0.3210391984206661
150,-0.0046495918226210865
151,-0.14426058810916195
152,-0.6978846852529657
153,0.3307051818129199
154,0.46530349497279594
155,0.46666363917694964
156,0.21141417179343855
157,0.38852915012219874
158,0.6400841687921591
159,-0.4577167077462713
160,0.22552106193390709
161,-0.3133036858315631
162,-0.2400187766515516
163,-0.1329183727119705
164,0.049297299445908806
165,0.17340131957337454
166,-0.2811928581955984
167,0.3412062669035828
168,0.019157708255195326
169,0.4493001018826838
170,0.29143660223323453
171,-0.1400568317939423
172,0.31028761937915517
173,-0.04946792493879274
174,-0.10851303242089182
175,0.1401555199889877
176,-0.4284130556078488
177,0.2627896016539876
178,0.8969816609700388
179,0.09209497111704891
180,0.3645602761976308
181,-0.13508144764190488
182,-0.5475998424845511
183,-0.2388015353384606
184,0.6674002977106769
185,-0.24718556321355395
186,-0.05871292395857944
187,-0.02975736456527375
188,-0.17067736184430643
189,0.07212310259004605
190,0.010162470139703117
191,-0.03378751336839701
192,0.1424755732547047
193,0.051661204893360645
194,0.06625240762416768
195,-0.1715169828662931
196,-0.2761862952113736
197,0.5410851052638128
198,0.05102023722805565
199,-0.03372067947810224
200,-0.51774694234395
201,0.7571960755489495
202,-0.5256798817041707
203,-0.06749914866486399
204,-0.41237199219155724
205,0.02789858198706304
206,0.0887679132287881
207,0.0889600728161487
208,0.17115686112063805
209,-0.5479988696651135
210,0.21519601685290662
211,0.3062060139941623
212,-0.1528421998933963
213,0.5486325870004682
214,0.2989499230295641
215,-0.32903196147475106
216,0.18691675360732543
217,0.44526906978416225
218,0.24543098991834475
219,-0.5783750977340878
220,0.19198890719428177
221,0.3590112839019873
222,0.21080684802118413
223,-0.009608523083741658
224,0.1903703398927018
225,0.28502142496912647
226,-0.39703376424716363
227,-0.7021233364659356
228,0.6576229399757607
229,0.6737725696893974
230,0.34388973761578456
231,0.25953553772050975
232,0.12569066324230233
233,-0.07529686481414599
234,0.3692465695723683
235,0.03472328792048395
236,-0.02773659745566335
237,-0.04789631221333918
238,0.4677969158467311
239,0.38574821696455314
240,0.29439879769129634
241,0.14559938543558404
242,0.35246187280015445
243,-0.24509950400992878
244,-0.26868825974498767
245,-0.23154500234752326
246,-0.16597049496204236
247,-0.17748353509838558
248,-0.24324679959095716
249,0.362648851507513
250,0.06750315665866084
251,0.5314464009371482
252,-0.20598512936880506
253,0.01319283970398364
254,-0.10402764298304186
255,0.4005929517695894
256,0.24030606152926248
257,0.20849536564159044
258,-0.6695766116068579
259,-0.02682787137136017
260,-0.4578291935385287
261,0.12806369178566146
262,-0.03361546362933893
263,0.3496981702140051
264,0.10336501411594357
265,-0.49511934529041646
266,-0.14449676164744454
267,0.297613574735816
268,0.5515742854887103
269,-0.16834625891510036
270,-0.5460118249926619
271,-0.39187655099259694
272,0.13367420441099376
273,0.3776191487531819
274,-0.08984494239346168
275,0.05328369758837953
276,0.11400076531335472
277,0.6994472718629702
278,-0.6429614307490613
279,0.552715091591557
280,-0.18252860837794316
281,0.04291207934675774
282,-0.34656429040169157
283,0.43827222044874453
284,-0.11706290484702014
285,0.43692260364495583
286,-0.24635188250010182
287,0.3742110180315835
288,0.3218682230398542
289,0.28993519547688096
290,0.36241466570529557
291,0.46191968568423286
292,-0.11861678108286275
293,-0.13222636811161675
294,0.2105529893368028
295,-0.37862120391212184
296,-0.5315060957650888
297,-0.24310121838145143
298,0.1084022208320265
299,0.13779182885613642
300,-0.26124951487803827
301,0.5925540558490493
302,-0.23813251760690593
303,0.189007879849304
304,-0.15841864294785105
305,0.05259344152575447
306,-0.3533941008654679
307,0.6441877944665304
308,0.1252077638069406
309,0.03153535044099421
310,-0.3466664588639821
311,0.22766663775171195
312,-0.531150695038825
313,0.6671991938184902
314,0.8209750665980696
315,0.01001017045268724
316,-0.3853350702072439
317,-0.4819837817883618
318,0.7885844358649751
319,-0.29146812072456346
320,0.6830353299453171
321,0.6468060671815813
322,0.00397466590829715
323,-0.5551984884838306
324,-0.4092882698888108
325,0.27913024721201746
326,-0.5112346728803441
327,0.2546973620429178
328,0.6333610891964453
329,-0.388884532946919
330,-0.3127787012145852
331,-0.6036314584240906
332,0.4172673201166233
333,0.006415230263915696
334,0.721513039030516
335,0.7191855624837065
336,0.5394453256285493
337,-0.11561169136430943
338,-0.29358273964044174
339,-0.391364179627988
340,-0.6970582692419116
341,-0.8025210263648554
342,-0.22753799067447392
343,0.783615368650369
344,0.24628727454658847
345,0.43127316092696133
346,0.03643711033494934
347,0.23937525092206396
348,-0.1315412818010423
349,-0.30470560604187974
350,0.07033028155632011
351,0.6166899840176602
352,0.03170808715781517
353,-0.066718410423825
354,0.629053196057945
355,-0.594016627784244
356,-0.2389372005713428
357,0.6617631584532132
358,-0.41368959050887083
359,0.5178794488311007
360,-0.6391306730716151
361,0.6840040294245211
362,0.8371882686992774
363,0.6453168605212531
364,-0.11670755028517558
365,-0.2396755939341276
366,0.2918423133325094
367,0.1494879335511106
368,0.6819455836053885
369,0.41271721565906694
370,0.045936577283014306
371,0.23137834890454836
372,0.16012226123395598
373,-0.19604450832508188
374,0.16265083963209825
375,0.23600724991848812
376,0.6253921671679386
377,0.481234482824528
378,-0.7781877146034624
379,-0.08919418993333111
380,-0.34435474377909536
381,-0.754472783397362
382,0.5335062252828886
383,0.5283122795759808
384,-0.1894373918822572
385,0.6378254677560959
386,-0.0023804821233486453
387,0.7701642501145375
388,0.2835502593047653
389,0.38866879820266714
390,-0.1946107004559216
391,-0.27127990072393393
392,0.35011423211491327
393,-0.6059493661778547
394,0.5238932076061255
395,-0.2750862916053918
396,-0.35261288918548406
397,0.25344960189674626
398,-0.16052215205767287
399,0.030037431516509786
400,-0.16488967429754653
401,-0.2878539758805715
402,-0.34019513467776746
403,-0.08509284188497555
404,0.650956713910293
405,0.7606445384193374
406,-0.5208384335581654
407,-0.12536648371340198
408,0.6000694597469285
409,0.5023138201851842
410,0.46274905752803286
411,0.48839629810154694
412,0.44584188593534446
413,-0.020919617512613627
414,0.3625707527622534
415,-0.37963910603848755
416,0.26540016981437947
417,0.2517750817080336
418,0.029862180714086327
419,0.6945519915126536
420,0.251176965468868
421,-0.10515871860890301
422,-0.43561336090692443
423,0.44637504413778056
424,0.32242120687575854
425,-0.38336159619221166
426,-0.06969690417653243
427,-0.004798343205262298
428,0.42631875638894984
429,0.7651510403310172
430,0.038625724922507064
431,-0.20340226644243037
432,0.16510721391437047
433,0.627453785154037
434,0.6050881853557677
435,-0.6439067876969529
436,0.28400298832078313
437,-0.5537572853831647
438,-0.007980917750524629
439,0.44419971159422045
440,0.4387565141679896
441,-0.5863380619073029
442,-0.12100330383865945
443,-0.6862207926892594
444,-0.3749648053379539
445,-0.06020472961925107
446,0.07006898810699251
447,-0.14315452869470688
448,-0.08161652369285613
449,-0.23820479236945688
450,0.088975194693825
451,0.2009882116958846
452,0.3158224263858702
453,0.44570403604058156
454,-0.3457070938720422
455,0.4710509299360523
456,-0.3156629454970027
457,0.409237382255299
458,-0.0561966463792817
459,0.08405386014566713
460,-0.35957249508423417
461,-0.25283158234315
462,-0.05087498723255132
463,-0.08684620737331215
464,-0.27887390987731164
465,-0.2992550603429677
466,-0.2465853793365148
467,0.3404095504487254
468,0.05226431912561741
469,0.07696579042206876
470,-0.12092444760190413
471,-0.20667646924678873
472,0.3726911200140056
473,-0.29154054227169207
474,0.8577409855796263
475,0.27705085240562227
476,0.19556726065126456
477,0.43848892616717244
478,0.12177345298641674
479,-0.32688528488358926
480,0.07442130294285564
481,0.5242428162755489
482,0.6542389304551042
483,0.12591489184405044
484,-0.6216791219955652
485,-0.5674514064475887
486,-0.11560237461101273
487,0.4106827601331502
488,-0.25563518329685064
489,0.06989148153662482
490,-0.10003516634895447
491,-0.021546547738398168
492,-0.17636333666229026
493,0.24314693013406855
494,0.6470769828645996
495,0.36968940951836765
496,-0.12642326547967397
497,0.5284595819340382
498,-0.2013942317367437
499,0.30968360264769346
500,0.4505598133928683
501,0.6376490554288141
502,-0.4389241172586808
503,0.12053275432961363
504,0.5096316039173653
505,0.3379355099131689
506,-0.07940460719369466
507,-0.06402526671020042
508,-0.36971081665619016
509,-0.18022770423094955
510,0.6588105747528492
511,0.02840926820948679
512,0.3660495776667399
513,0.2709733962693527
514,0.12995660875511
515,0.7377432100107525
516,0.7530207116897825
517,0.3701653248405512
518,0.1306029506704782
519,-0.4524697553942482
520,-0.47552237175859674
521,-0.5158947355435857
522,-0.6543262754119399
523,0.583539086794598
524,-0.16464430096640612
525,-0.28631927531209184
526,0.18192883701208493
527,-0.03288696398556164
528,-0.046589020743714966
529,0.19891839563135738
530,-0.34485852206785356
531,-0.13528241232759336
532,-0.2586483119310767
533,-0.38073276349854346
534,0.015493440992076798
535,0.0076793053052605
536,-0.24741561857163757
537,0.06690574022687511
538,-0.09703370863853127
539,-0.5139416067812287
540,-0.11048265532116124
541,-0.4195093769821467
542,-0.4710235692055582
543,-0.1615418273798749
544,0.30408204821282775
545,-0.13054990416651943
546,-0.16505989305254237
547,0.08334538451382148
548,0.28860341786688537
549,-0.39190900099879683
550,-0.21064926102446313
551,0.47889184464527196
552,0.18786843107451062
553,-0.3739735987710941
554,-0.19898111706553862
555,-0.11895447668746653
556,-0.24730634639686255
557,0.2298169896163188
558,-0.14180660575002796
559,-0.6821614218240856
560,-0.33735796757391967
561,0.0683958672002126
562,-0.18581993631090993
563,0.25122621928605804
564,0.4686870577117638
565,-0.48563062666140383
566,-0.018196896029326753
567,-0.3469940302258235
568,0.10795301866765429
569,0.18280924492567077
570,0.8148904866520102
571,-0.5563592142434649
572,-0.2338432730105719
573,-0.25810252911084725
574,-0.21521729676541224
575,-0.19709847338862554
576,-0.35300029763783697
577,-0.14787894449459996
578,0.10077130058675701
579,0.6836103954695647
580,-0.5068402012967544
581,-0.11065512994267901
582,0.07094677512688467
583,0.13581831545544581
584,-0.3992762681573091
585,-0.2426567943287395
586,0.10381206134856123
587,-0.0328242464721716
588,0.011098885850511817
589,-0.15168877762691713
590,0.38029715719242424
591,0.5637551250153504
592,0.4321328330045798
593,0.05164326469634418
594,0.23783543293920412
595,-0.5692601950968109
596,0.2928053832233607
597,0.027982408043164562
598,-0.27280350614345145
599,0.6091465615660032
600,0.6402396519474399
601,0.6602196510911189
602,0.8467043116017022
603,-0.1867801770404009
604,0.2125634895948534
605,0.6445796440133663
606,0.17132743044379695
607,0.8853942163451597
608,-0.587975557936169
609,-0.8329741157286336
610,-0.6435182294820276
611,-0.4174878801522937
612,0.04591479189945301
613,-0.02408116192762821
614,0.15821140170210446
615,-0.12355041843274382
616,0.6260393736515009
617,0.5312377352985059
618,0.720947055312824
619,0.7529202869592678
620,-0.16133333272274913
621,0.6859466005443338
622,-0.1399200205538955
623,0.4855746591057464
624,-0.8766936612264801
625,-0.19669408709752562
626,-0.1308044387339574
627,0.4357104257456462
628,0.6213906267441949
629,-0.9133694371972416
630,0.5191523518415505
631,-0.6508495522435436
632,-0.000822599781433916
633,-0.031271676968640715
634,0.1584635758593807
635,-0.25005820998155587
636,0.5374413816491367
637,0.5732296399823346
638,0.33998570625679925
639,0.5724560235212851
640,0.20986276664397086
641,0.4800184539907886
642,0.5568729468445472
643,0.22026608616559706
644,0.16579250520617397
645,0.35401602640367796
646,-0.5444538205113671
647,-0.2100793809549532
648,0.6087003986287611
649,0.1584110522147547
650,0.12225632628904386
651,0.5373394173051371
652,-0.5844072827178828
653,0.5434079833143264
654,0.09702034521761854
655,-0.20124295030030356
656,-0.1673377079438463
657,0.07565212208588135
658,-0.2238606437414904
659,0.3642059874454473
660,0.7207746676262866
661,0.8429115345913094
662,0.4861330566695553
663,0.8349403869824917
664,0.3933324350768476
665,-0.25637693851309973
666,0.17585801663897885
667,-0.701882720953548
668,0.14009359615735625
669,0.3930219814484061
670,-0.8884588599064989
671,0.1697160704093961
672,-0.2938834468419945
673,-0.13246494379189724
674,0.00464645660231856
675,0.023802237713206574
676,-0.8867445242191444
677,0.031560717798314826
678,-0.7850634901664788
679,0.5329702899282143
680,-0.5580700100846572
681,0.44140022620733566
682,0.22027600444881987
683,0.24867371207373556
684,-0.09888787485463886
685,0.2435891426906993
686,-0.35413860244540746
687,0.6637920392714742
688,-0.11736438136210443
689,0.7258442375865495
690,0.0944620070503733
691,-0.4308255578415451
692,0.07886714669325542
693,0.044491811214348205
694,-0.4653643169610758
695,0.627223680028313
696,-0.323071719699179
697,-0.6065150608577181
698,-0.4427006513420819
699,-0.6214835586419405
700,-0.5369146492486223
701,-0.4472342519036221
702,-0.3392835195983261
703,0.06719881862791117
704,-0.046488588809664506
705,-0.15959703505756265
706,0.06143116356632364
707,0.37270472093895707
708,0.1259458981120818
709,0.5193404422387373
710,-0.400814067982751
711,0.45949348442189686
712,0.34472667696882303
713,0.016703857777325193
714,-0.18857813969216572
715,-0.17315870389995647
716,0.1939952989612999
717,0.4070482605600263
718,-0.27019490315504685
719,-0.412601347187915
720,0.5349741900886016
721,0.1904363525058516
722,-0.08168368874613224
723,0.20606170962199089
724,0.16247653400366874
725,0.18687706657371342
726,0.10733224663323852
727,0.4801885144906874
728,0.22532210840728392
729,-0.034270441917545975
730,0.39038615803554544
731,-0.048310875709011485
732,-0.13804219454230557
733,0.13691351729085569
734,0.022657986234363013
735,0.2598547397201275
736,-0.2506915571280108
737,-0.07187957161410362
738,0.038480327436310996
739,-0.13737866812719476
740,0.02875199344442887
741,-0.25744378368458876
742,-0.24144447667022886
743,-0.29461613360423483
744,-0.44942565145209795
745,0.7680613278387921
746,0.11943281032251153
747,-0.3376254588381521
748,0.21142521437843564
749,0.44861127259452704
750,-0.27304703826341037
751,0.03863947778390946
752,0.17097265988227048
753,0.0426740446214024
754,-0.09649950491839959
755,-0.22038253714002448
756,-0.42438486991961655
757,-0.5020718742571129
758,0.0850238040311036
759,0.03406022624120824
760,0.12575326194529465
761,0.049243036592682414
762,0.31564512721432414
763,-0.19665902395838739
764,-0.17568430764872742
765,-0.2769901765055464
766,0.423866520796273
767,-0.09459169248988833
768,-0.14287110816720272
769,0.005246172627863029
770,-0.11161919646805471
771,-0.19892063987135625
772,0.03518007860923889
773,0.2371609963167162
774,0.21400492299214638
775,0.13584476421001854
776,-0.23427087678969374
777,-0.42635607618962496
778,-0.19534368255139703
779,0.2438746933544018
780,0.24829207147942045
781,-0.1565578974371767
782,0.31243581195111786
783,-0.2976471076979316
784,0.28652467724426944
785,0.014530010259302907
786,-0.028297298015015848
787,-0.18486011838033584
788,-0.051790692557498505
789,0.550619537232952
790,-0.0038271370513816728
791,0.23682678765052637
792,0.12517672252578443
793,0.07690256144911421
794,0.32688637954683014
795,0.18056615432176729
796,-0.006438339713013934
797,0.059615643472231486
798,0.25770884400411165
799,-0.4740735388075792
800,-0.479985716718341
801,0.09283676428122353
802,-0.43448639700674224
803,-0.16869521641374796
804,0.20339696412916672
805,-0.004049552102532937
806,-0.6176055262242545
807,-0.1446495234988042
808,-0.44768881394221227
809,-0.6485122397263284
810,-0.10170413172099534
811,-0.3904890768184379
812,0.31166412258078013
813,0.33165815546843547
814,-0.05812127208297058
815,0.09323751902588549
816,-0.16845657846240455
817,0.2557906571225652
818,0.3366396678112487
819,-0.20789075126816062
820,-0.04228757495183622
821,0.30177364699556614
822,0.4606182725599937
823,-0.26875239673774465
824,-0.6272186955140685
825,0.12112511607743025
826,-0.044253575338176
827,-0.2022414055142924
828,0.6200189545851786
829,0.8228773794196657
830,-0.11599591396715984
831,-0.07562880612718682
832,0.001270680292478998
833,-0.36399840629297925
834,-0.13968806867860362
835,-0.621530299072875
836,0.24061155622044092
837,-0.15121838755694358
838,-0.0633662298379242
839,-0.5330310125211896
840,0.3730049677416359
841,0.08134295406982872
842,-0.35756526972249353
843,-0.09722448358137968
844,-0.1866022953350657
845,-0.45181798499254056
846,0.14824712900360276
847,-0.24810263486087838
848,0.022670271196275217
849,0.5612146868880282
850,-0.19606830265892858
851,0.34740782104448387
852,-0.5993643144392042
853,-0.35115984090740965
854,0.16837699119597102
855,0.2111997060882902
856,0.6108621025932041
857,0.010535023327539472
858,-0.41438042823954635
859,-0.049731080599503916
860,0.03415708802544483
861,-0.25235338349108627
862,0.35551131813516673
863,0.40866586722816584
864,0.16208415477409546
865,-0.009051859536219804
866,-0.4421982995162871
867,0.6380500530290907
868,0.3672607800386046
869,0.22740269190252996
870,-0.5042076017962637
871,0.07393458320589778
872,-0.6159933846701583
873,0.4027071061649484
874,0.3968508144217498
875,0.5656595818642565
876,0.48167497285263855
877,0.3303471007493526
878,0.12017104920966186
879,0.2559474209324876
880,0.68315233680702
881,0.8100439712216524
882,-0.3663028037727142
883,0.7278570209777021
884,-0.45468715825277994
885,0.018110865742756298
886,0.3431312556030454
887,-0.03722181034711646
888,-0.5594416471735677
889,0.3081618700338282
890,0.18322646807382548
891,-0.7286124325256922
892,0.7329436977606723
893,0.523143876617975
894,0.7514901921272713
895,0.1098333167659311
896,0.1216828897125083
897,0.686041979833489
898,0.37521399433469194
899,-0.6323541804778243
900,-0.27728064544256137
901,-0.5802065345935208
902,0.04315864404818781
903,0.012531237926033176
904,-0.5417205850854899
905,0.2629677745973308
906,0.5756813664073562
907,0.15866055545669577
908,-0.3726223979521082
909,-0.6692334334636488
910,0.08883129463868786
911,-0.05551183887313211
912,0.8329326517945692
913,0.6646171302729308
914,0.2965247440614075
915,-0.5834329791649947
916,0.41789048607895213
917,-0.5254123415211827
918,0.6123760668680862
919,0.80474664953063
920,-0.38376632914675934
921,0.1583567812410104
922,0.35461398195646887
923,0.5180271567623363
924,-0.04163223219550391
925,0.051163534347593215
926,0.5987031712011771
927,0.49446730743907846
928,0.23910888887057305
929,0.26323838984598597
930,-0.28725916274241337
931,0.5335335922755695
932,0.33193250119243695
933,0.08862986719702927
934,-0.6484175714673436
935,0.2914473315734772
936,0.42351734837131105
937,0.4963570703217334
938,0.48307997268810693
939,0.01648221613063253
940,0.8002960784288189
941,-0.6174683881343638
942,0.12936999844198718
943,-0.1254296381850465
944,-0.004671597527435983
945,0.6026894326278471
946,0.16488960564695487
947,-0.8454175301602607
948,0.41905217641234915
949,-0.48547972072206513
950,0.4286206716983793
951,-0.10578083002756256
952,-0.4341104583273272
953,0.22062470627474728
954,-0.7321950017287635
955,0.690223941196272
956,0.028998076546561575
957,-0.6679093166744432
958,-0.3545525253988717
959,-0.2692839440731899
960,0.22620807902842605
961,0.337732470357664
962,-0.42694141805986296
963,-0.1268899215372557
964,-0.5862501274079395
965,0.2530734055519695
966,0.10372615996698281
967,-0.15325742201793718
968,-0.18610610903141736
969,-0.5594180370122264
970,-0.33551910986288813
971,0.047023544328129746
972,-0.2023328846068673
973,-0.06149670684308963
974,-0.4112369476015292
975,-0.01674221076974718
976,-0.2303462932718016
977,0.028663250102888692
978,0.11877254667387795
979,-0.037957141039870884
980,-0.14314590401593408
981,0.44054246955777404
982,0.10728315985676702
983,0.06218018445831333
984,-0.14467266529894676
985,-0.13453856252954471
986,-0.5037143081695112
987,-0.24765769915545408
988,0.3979459263341076
989,-0.0895042300511284
990,0.04064548522083561
991,-0.044735752431711774
992,0.038909675615674995
993,0.06080929764835508
994,0.37826181557480143
995,-0.38976438940647035
996,-0.05057494996539243
997,-0.17206954877975944
998,-0.14302619683461734
999,0.004947122253468644
1000,0.05113283784693437
1001,-0.045760398675917316
1002,0.19895166831512115
1003,-0.23153483956814566
1004,-0.13645406144690128
1005,-0.35119043764768554
1006,0.8080095634280162
1007,-0.09273285415965778
1008,0.44426518850548496
1009,-0.030208371429403396
1010,0.14325728253359682
1011,-0.2630181311629355
1012,0.5339476108281765
1013,0.12126579900889511
1014,-0.10593509871826726
1015,0.15121116957380407
1016,0.2817950418822482
1017,0.3476317609453959
1018,-0.15687978601769673
1019,-0.012051445964871963
1020,-0.05581569059873671
1021,-0.30211918163508306
1022,0.24513109382628864
1023,0.2193577473180518
1024,0.051630236578147734
1025,0.04163032350051577
1026,-0.08105083372492188
1027,0.3500704488830743
1028,0.13548366795367656
1029,-0.283008818938942
1030,-0.5494417053215161
1031,-0.6574040521782191
1032,0.22149675162091145
1033,0.0826866181114203
1034,0.3646099701047043
1035,-0.03479088993264879
1036,-0.577854797979362
1037,-0.005439653748230504
1038,-0.11967494502838509
1039,-0.4919318282071469
1040,0.3176328037831603
1041,-0.1929240091285021
1042,-0.32215474625825435
1043,0.3634273135557249
1044,0.24636202711988456
1045,0.6195517780388842
1046,-0.46255967349526317
1047,-0.13446171234486554
1048,-0.024059150716292582
1049,0.13540985871633865
1050,0.06058220180316657
1051,0.214155730982214
1052,0.04608415901770862
1053,0.15828248898179653
1054,-0.7554536956690273
1055,-0.22649644112961803
1056,0.2129396442062393
1057,-0.2282321347385745
1058,0.5297244740191793
1059,0.008790579842357506
1060,-0.08328113720860432
1061,0.4900452363966972
1062,-0.22295924438962775
1063,-0.3739242251763053
1064,0.22175168492605887
1065,0.4373834927353963
1066,0.18502625444471663
1067,-0.5998158414788864
1068,-0.6947579217775103
1069,-0.2940235759067026
1070,0.3946911761090512
1071,-0.2971704013091103
1072,-0.2484164785760604
1073,-0.4324146547818522
1074,-0.2589730774769358
1075,0.04924631866992354
1076,-0.47848399542536985
1077,-0.09537474891380472
1078,0.015583439973345981
1079,0.7472337433240198
1080,0.9033295861012915
1081,-0.2785260429579363
1082,0.27098895593514977
1083,-0.19257293969134698
1084,-0.29496409501680115
1085,0.3418572453109053
1086,-0.4450638508908357
1087,-0.3807575533962609
1088,0.7366968408340823
1089,-0.04386386219620385
1090,0.12387038601149856
1091,0.41002347830298325
1092,-0.10573277052595165
1093,0.16109392300198816
1094,-0.07106439134321985
1095,0.05228840726114877
1096,0.29158023064679317
1097,0.43386474456149543
1098,-0.18592831245477126
1099,0.5419883809326478
1100,-0.10998375006496841
1101,-0.32562932894160057
1102,0.4861780267297678
1103,0.34336640192213075
1104,-0.23789942513096587
1105,-0.1676708415539396
1106,-0.4749592974026581
1107,0.3229776008602917
1108,0.7704201347684089
1109,0.5721067229938593
1110,-0.17634007420219128
1111,0.49706356630815884
1112,-0.3786912756117249
1113,0.8652471379921315
1114,0.7001180652683243
1115,-0.7724480191839301
1116,-0.342811065281519
1117,-0.27526722854126445
1118,-0.3783548929316179
1119,-0.5154350787976232
1120,0.7116557134903154
1121,0.23682354347219245
1122,0.5255564626762457
1123,-0.17639299055493252
1124,-0.1733150895724221
1125,0.4171496739343367
1126,0.06163296261958241
1127,0.11267613044794896
1128,0.10690954887807094
1129,0.6017052014575024
1130,0.12551152867167428
1131,0.7252335686709659
1132,0.04062488503799796
1133,-0.06856061665402517
1134,-0.019365706495690752
1135,-0.6478013675566507
1136,-0.8310911926214963
1137,0.4064014903534493
1138,-0.3933597606315982
1139,-0.6619274794070585
1140,-0.06243255406719242
1141,0.6689484062605638
1142,0.5442128575948354
1143,0.7520365223593979
1144,0.8121397777257466
1145,0.45727806128388315
1146,-0.5051557820694972
1147,0.4424836593806671
1148,-0.16846420367824697
1149,-0.1964932268197168
1150,-0.7113633187066584
1151,0.13803881960311068
1152,0.19441396809466024
1153,-0.6227091353703721
1154,0.8628323054304072
1155,-0.6717005153780098
1156,0.6206707342248121
1157,0.34985909121278824
1158,0.7177515213026575
1159,0.04433825591634391
1160,0.487993343874843
1161,0.10994763845822833
1162,-0.38129678576697096
1163,-0.40891749570993496
1164,0.23673571070675045
1165,0.2070310795464725
1166,0.040452753762195294
1167,0.3014331321479596
1168,-0.27826939681518714
1169,0.6764530351419586
1170,0.1756138169653578
1171,0.057083301744329754
1172,0.20353030828873647
1173,0.12746107643156648
1174,0.9195935874333198
1175,-0.504461654319501
1176,-0.38511770068743933
1177,0.6871417973567143
1178,0.5200352078234632
1179,0.2504658330736705
1180,0.3269186578583166
1181,0.280431592959953
1182,0.1738074370459683
1183,0.012601286949744035
1184,0.533876712050505
1185,-0.4052532857743592
1186,0.3414041530541022
1187,-0.6837865755238541
1188,0.10632739570531781
1189,0.1331634330195056
1190,-0.08157470696096111
1191,0.526850181128004
1192,0.22445903528302966
1193,0.19914296886338842
1194,0.30402160951296897
1195,0.5520602595232308
1196,-0.715491212727562
1197,0.2032026417735013
1198,0.5110361635540529
1199,0.12036033966377989
1200,-0.1882874580146005
1201,-0.29173402302752716
1202,0.35708411724707734
1203,0.30909165869458105
1204,0.22267121300811532
1205,0.04865580897347012
1206,0.4724334455887163
1207,-0.15241549027295692
1208,-0.3469215748753271
1209,0.015578188343158893
1210,0.1543006707550398
1211,0.7075272913588485
1212,-0.5395568155652448
1213,0.2851269110272258
1214,0.05868420338390085
1215,0.08769860280671814
1216,0.4713957278403205
1217,-0.16603936378815107
1218,-0.16810345964759843
1219,0.44090407448262264
1220,-0.3942894900818043
1221,-0.3396597855505804
1222,0.055545478201248534
1223,0.520549228232308
1224,0.7073536837601607
1225,-0.0802811293061152
1226,0.544487995116488
1227,-0.7724617625391089
1228,0.5497253316707311
1229,0.8080921403254997
1230,-0.37317812259499167
1231,0.17422377188662494
1232,-0.032434965503244984
1233,0.7139915400246704
1234,-0.18122068093262195
1235,0.1517071143714784
1236,-0.14477593170866487
1237,0.00388088134322251
1238,-0.2408552756557898
1239,0.5814558598512239
1240,0.5463105143220458
1241,0.07928451943448113
1242,-0.22653959308325497
1243,0.4222367096213211
1244,-0.5563743048376414
1245,0.1331976083887512
1246,0.5161613854879238
1247,-0.06730953036491842
1248,0.17080136868414106
1249,-0.6069042372046175
1250,0.46408891474415104
1251,0.08847363353350574
1252,-0.18090763376888178
1253,0.7039695949853366
1254,0.4989414780283688
1255,-0.2647753967110311
1256,0.2874298015370819
1257,-0.8080898141358663
1258,0.040821006358933
1259,-0.7536838154450457
1260,0.8544669156962172
1261,-0.4225334487663925
1262,0.7934615050638197
1263,-0.6078162238194109
1264,-0.36288853288148326
1265,-0.7388039260282874
1266,0.5380792928512936
1267,0.06985079883450537
1268,0.18296679057218046
1269,0.7520925398408773
1270,-0.2877766742113523
1271,0.6945970810968961
1272,0.11031081948439753
1273,-0.3145635930958512
1274,0.4957597802075916
1275,0.1439233241490586
1276,0.23654606561064573
1277,0.4096816625227968
1278,-0.4558637554370381
1279,-0.11459871617228999
1280,0.593132716510061
1281,0.1467486605515882
1282,0.6151331773883787
1283,-0.5504177835536695
1284,-0.36522287525297775
1285,0.24223130580718832
1286,-0.4685137713321459
1287,-0.21063630055210716
1288,-0.34360544668789905
1289,-0.10337316571270977
1290,-0.10948784383347082
1291,-0.015738808123173784
1292,0.0338881359856782
1293,0.3133130628656885
1294,-0.15079431398839827
1295,0.7074963015624512
1296,-0.3708075330314655
1297,-0.7628997604228757
1298,0.2754421033706392
1299,-0.4655237905414242
1300,0.5008663255218943
1301,-0.47345678368348193
1302,-0.13777309243955588
1303,-0.5356395188814206
1304,-0.5544354310470262
1305,-0.017800287697807574
1306,0.6258776104941358
1307,0.8291608682652222
1308,-0.397516836706389
1309,-0.08644945867572858
1310,0.09276380623314451
1311,-0.4302325694433355
1312,-0.112494564583232
1313,0.6888343974004127
1314,0.03102446515383221
1315,-0.4009541169236613
1316,0.5436497767894977
1317,-0.02791709548600962
1318,-0.5212102513318957
1319,-0.26782013352869877
1320,0.06097221114812252
1321,-0.5410250457498954
1322,-0.060221025326581315
1323,-0.270673908526382
1324,0.19640901641347702
1325,0.13524119441632645
1326,0.36714799663555847
1327,0.11106991296672
1328,0.21332540393507543
1329,-0.012509072306364662
1330,-0.45908313529724404
1331,0.09809322055677422
1332,0.0904933207682145
1333,-0.12994243619869003
1334,0.6089195856022916
1335,-0.3936967626639266
1336,-0.03657669487524739
1337,0.5595653292457227
1338,0.7326064485355404
1339,-0.07030218839967595
1340,-0.4599111147883499
1341,0.09062577668901753
1342,0.31731111438553916
1343,0.607479247474554
1344,0.46080827974933214
1345,0.02342765312291444
1346,-0.0942221845320863
1347,0.08201086699158996
1348,-0.10260321715692436
1349,0.05551269201655432
1350,0.40654831997867585
1351,0.6885667947715146
1352,0.6918333714781868
1353,0.10376605161746154
1354,0.5613680304493704
1355,0.28837161039290093
1356,-0.2752214129916534
1357,-0.32823651762548656
1358,0.16957567308907376
1359,-0.05503091043833003
1360,-0.07059173453049884
1361,0.05023519554918298
1362,0.39608551714535994
1363,0.45695309982540344
1364,0.08702508697920382
1365,-0.5198196523417965
1366,-0.5037373610539025
1367,-0.6515511970781562
1368,-0.17197518061231007
1369,0.6290871234605919
1370,-0.16853291836331216
1371,-0.5331922919543454
1372,0.2868314631631436
1373,-0.8919038813263851
1374,0.5283607643153142
1375,-0.10172843931428088
1376,0.21110772559982727
1377,0.7609392979731832
1378,0.5628472831687895
1379,-0.7522181861553242
1380,0.03495096971017176
1381,-0.3362178071537713
1382,-0.5344156286993385
1383,-0.6755903931134274
1384,-0.009744711808292554
1385,-0.04771848208811969
1386,0.7636006378745978
1387,-0.17862543395210254
1388,0.19447055960225257
1389,-0.24318054347340748
1390,0.11346008267141493
1391,0.2749853673512852
1392,0.2969053394486488
1393,-0.3459613756911367
1394,-0.18821837847612605
1395,0.6214252032433448
1396,-0.6785115343649261
1397,0.27715116868406475
1398,-0.18531867331216634
1399,0.019224826126999217
1400,0.5457367529383578
1401,-0.19068697789173175
1402,0.43928397211465275
1403,-0.14159051203845374
1404,-0.5619718730959903
1405,-0.15175337100164416
1406,0.4371980249312159
1407,0.2660207945960667
1408,0.020387137271659302
1409,0.3259792359073253
1410,0.14657734406806228
1411,-0.1299103948906621
1412,0.17813570695186898
1413,0.20589425945962334
1414,-0.21185644219199595
1415,-0.02610812783734824
1416,0.049646497863277454
1417,0.18456315901216747
1418,0.005779860235673604
1419,-0.3768250464921701
1420,0.4111145414859614
1421,0.10645708581695161
1422,0.21104168361880976
1423,-0.22325860526338343
1424,-0.08580160215188445
1425,-0.06209978231852962
1426,0.32771478320609543
1427,0.018030055549875062
1428,-0.12041866656579478
1429,0.27889851856558706
1430,-0.41642892773882717
1431,0.21822567913366717
1432,-0.38216941584666836
1433,-0.558355619199944
1434,0.08363281602153792
1435,-0.15922066618841502
1436,0.06341688848056483
1437,-0.06354859019576979
1438,-0.3582981576020018
1439,-0.14038577724630066
1440,0.13623820189182953
1441,-0.28071046818650675
1442,0.5919575514659271
1443,-0.7897889670540554
1444,0.12490062729017488
1445,-0.11688960451704165
1446,-0.24688423503628407
1447,-0.20063322076094967
1448,-0.22512599078920795
1449,0.8238957481694853
1450,0.5791564162698706
1451,0.48022218143038214
1452,-0.28048074908678344
1453,0.021505837801455475
1454,-0.19537852060685454
1455,-0.59288159567104
1456,-0.21167664032089203
1457,-0.3146516945916132
1458,0.15891062403293968
1459,0.153373330300867
1460,0.04473878360972938
1461,0.2510943571842154
1462,-0.37867226924632386
1463,-0.6809882470307116
1464,-0.15134375281554305
1465,-0.39964003147931104
1466,-0.25284622901901704
1467,0.4099519854378676
1468,-0.3826274586632399
1469,-0.5542159816344485
1470,0.31576792432322015
1471,0.08600917290888911
1472,-0.3558139625025439
1473,-0.34705281436659025
1474,-0.3873829302535612
1475,0.26475480590909767
1476,-0.05017028345017819
1477,0.3304124698892857
1478,0.05759490559026506
1479,0.3735488222340256
1480,-0.5388289012606721
1481,-0.34714323927044166
1482,0.2602070878781701
1483,-0.05328516551942388
1484,0.3392469054578833
1485,-0.6049093601316257
1486,0.32706082590510804
1487,0.014466347058030217
1488,-0.12574228254137648
1489,-0.14815407598085878
1490,-0.028869927350111218
1491,-0.6526096248699015
1492,0.13288034141472843
1493,-0.30803983731126167
1494,-0.3072448839614359
1495,-0.5566215512825596
1496,-0.3755230273469321
1497,-0.01556038459554149
1498,-0.5976078461760652
1499,0.19079563990402265
1500,-0.5478351828366037
1501,-0.6361945409177374
1502,-0.004572340301630481
1503,0.06999827184058935
1504,0.05565106431242751
1505,-0.2479943469863921
1506,0.03606629027378847
1507,-0.13328806170187268
1508,-0.12033716546567408
1509,-0.45245980530554536
1510,0.04108576863294282
1511,0.2237257028714238
1512,0.15514595936427608
1513,-0.45125825668079184
1514,0.24971001882215885
1515,-0.4901048445581096
1516,-0.12917167706601965
1517,0.017560927302598936
1518,0.2669363413741639
1519,0.14292743040396916
1520,-0.05139428735416385
1521,-0.3199834954959191
1522,0.4637453640565301
1523,-0.56413597474254
1524,-0.040188900140156934
1525,-0.2996829940838383
1526,-0.035378055052106006
1527,0.6559258996791528
1528,-0.21120216931403946
1529,-0.48057535779609883
1530,-0.4164314539496793
1531,-0.173934100036324
1532,-0.10430535744342534
1533,0.3078382542706836
1534,-0.6309789415713168
1535,0.19377546235806842
1536,0.5647009906081059
1537,-0.1014045263121911
1538,-0.28355308342882707
1539,-0.14686512031497465
1540,-0.556751835493075
1541,0.34940455874961646
1542,-0.47843264721212364
1543,0.020952709375198764
1544,0.17166261160876228
1545,0.6495204174246557
1546,0.8955805841270424
1547,0.2146615019732215
1548,0.15884855027505965
1549,0.48808328383660277
1550,0.5839081704892171
1551,-0.5438638552571797
1552,-0.062329074886638504
1553,0.03165387415754215
1554,0.6470170551666803
1555,-0.29513050833857074
1556,0.6558611545113265
1557,0.6304850743382382
1558,0.18223060785572384
1559,0.6611709127818332
1560,-0.17952580062411788
1561,0.22427688906650764
1562,0.45861834719974803
1563,0.1361794893835492
1564,-0.057327262983039556
1565,0.6679529278066008
1566,0.6224977930048543
1567,0.24205464416467634
1568,0.59962835398143
1569,-0.6745163968486826
1570,0.06928250000349616
1571,-0.19321170077611932
1572,0.12480907558588095
1573,0.45865017587846313
1574,-0.196987012333951
1575,0.5337588971007047
1576,0.029603656436712485
1577,0.667343813805607
1578,-0.24639200187619578
1579,-0.007286792674742411
1580,0.37323649188331215
1581,0.2553489738589808
1582,-0.03783927707481055
1583,0.048795636492598174
1584,-0.125978903419862
1585,0.16605532103409654
1586,0.251015363594386
1587,-0.2854083211952873
1588,-0.2368316301048451
1589,0.07522812325750057
1590,-0.12780955034086303
1591,-0.09681487846406682
1592,-0.016289433003287564
1593,-0.09088902896729396
1594,0.5514793785601212
1595,0.3320125024230062
1596,0.3995960903506754
1597,0.5585676015002807
1598,0.10767131501165841
1599,-0.3399340620709731
1600,-0.2564607913521278
1601,0.0619484895738416
1602,0.6059359883247051
1603,0.07946661711481529
1604,0.12674988533732923
1605,0.28673454623754585
1606,-0.09449391431766485
1607,-0.39481565909234234
1608,-0.19434606968219376
1609,0.7108050767553101
1610,-0.3983989512207104
1611,0.15949712592570128
1612,0.23010280443755546
1613,0.17664616711079437
1614,0.22859557114229917
1615,-0.29674347462149386
1616,0.08375082642012395
1617,-0.46477664929418644
1618,-0.07664198612474664
1619,-0.41483485553108446
1620,0.15676539774772877
1621,-0.4184117769167133
1622,-0.1765485945136134
1623,-0.2004201878993374
1624,-0.04032444376588823
1625,-0.14797580918684367
1626,-0.09205107146641621
1627,-0.47075373224541056
1628,-0.015334369730480475
1629,0.15979303997097327
1630,0.005012424705048782
1631,0.6739184239262991
1632,-0.036671069533761216
1633,0.008351533388015552
1634,-0.15487753129560353
1635,-0.03271872895185802
1636,0.41295733500142634
1637,-0.28934102297396985
1638,0.06141877133893728
1639,0.6777749284232142
1640,0.02649942761080748
1641,0.35166921001068774
1642,-0.036172703220342696
1643,0.4915237069892378
1644,0.3128016519642136
1645,0.39003681624590425
1646,-0.05081961166793878
1647,0.031366023903033946
1648,-0.14972715685016413
1649,0.2910420231272455
1650,-0.13358768318742215
1651,0.3151560829549922
1652,0.1573045494846072
1653,0.5293299359943228
1654,-0.0525018785627961
1655,0.42489635616594446
1656,-0.12907106038019572
1657,-0.44161000937210504
1658,0.13799609522668074
1659,0.16119980788593136
1660,-0.04444547087513855
1661,-0.7858239031244352
1662,0.5234842749142973
1663,0.6117680609783684
1664,0.5493104423123615
1665,0.6093326564464717
1666,-0.6290054326728787
1667,0.6403807653357898
1668,0.1461715623279421
1669,-0.6383026545625596
1670,0.44510135732459655
1671,-0.5400726440416403
1672,-0.6232140904683803
1673,0.6691460065372574
1674,0.3106035075089786
1675,0.3553154430303294
1676,0.14751622794301747
1677,-0.014510115357627846
1678,-0.34914607375978285
1679,0.06253820272850358
1680,0.016776951763956195
1681,0.01507557871717672
1682,-0.5003061924703677
1683,0.577437281187716
1684,0.0006211318700027801
1685,-0.8167795691055947
1686,-0.36362336134236267
1687,-0.5635040945508579
1688,0.2786248683501847
1689,0.8436458036037684
1690,-0.7179750459847019
1691,-0.09814289470145932
1692,0.3731838122961319
1693,0.46420559499602226
1694,-0.5335560470499715
1695,0.02491009508929036
1696,-0.2953417353632946
1697,0.6123994694854759
1698,0.9114996852769321
1699,0.5087837283324748
1700,0.2408819617291473
1701,0.22489660907752212
1702,0.5861417796698786
1703,0.08214204576037694
1704,0.4783444118300596
1705,0.250607366282027
1706,0.4858379257726211
1707,0.2647951391526434
1708,-0.2780590246088323
1709,0.5107004681521403
1710,-0.42871205520094424
1711,0.27541999409916856
1712,-0.11125649713814931
1713,-0.6510390114174097
1714,0.14976642187973682
1715,0.026176316300667146
1716,-0.3345392714674663
1717,-0.024532303768387574
1718,-0.04757082891098518
1719,0.20746327047447638
1720,0.37010294881868233
1721,0.18895518794158267
1722,0.416381594789697
1723,0.896135158330908
1724,0.14723470020544002
1725,-0.23303233808552465
1726,-0.05640698059072495
1727,0.8308762772889245
1728,-0.7770211573465382
1729,-0.0841165035578837
1730,-0.06528323593232055
1731,2.608223289535075e-05
1732,0.47520439041380513
1733,0.3260979401555021
1734,0.052332841811386664
1735,0.22202289122216537
1736,0.5384308450588664
1737,0.4255531868969472
1738,-0.059277724136669145
1739,-0.24565015336858192
1740,0.2793300852396998
1741,-0.6776907337606312
1742,0.327518490110079
1743,-0.09746112645218696
1744,0.24825294771857984
1745,-0.1927550094161224
1746,0.4076466763102919
1747,0.021822336406295707
1748,0.6868999152163294
1749,0.2216828684041166
1750,0.29104048138152205
1751,-0.3317872752254089
1752,-0.15925299439703372
1753,0.09195415912876195
1754,0.4379944990314806
1755,-0.21109691895734803
1756,-0.47978571234992157
1757,-0.31553968662462023
1758,0.28900473549482353
1759,0.21069094861660803
1760,-0.48880691263451753
1761,0.5542909541877978
1762,0.48465179286169097
1763,0.3210309067166431
1764,0.4451429093199856
1765,0.3875372397455609
1766,-0.39704607397081626
1767,-0.7760347987592986
1768,0.12991770647875975
1769,-0.4297646439614535
1770,0.816853153067727
1771,-0.698867148766115
1772,-0.5084577874421473
1773,0.44631366358669405
1774,0.4307358806898996
1775,-0.09494944793956682
1776,-0.027887701248478926
1777,0.12434631045380094
1778,0.48902486470970497
1779,-0.5200530205212079
1780,0.4934375433817606
1781,0.6045339674314817
1782,-0.615827726947391
1783,-0.8265442756633314
1784,0.005510427542211113
1785,-0.372195447501007
1786,0.4599352066308635
1787,0.6962854352188425
1788,-0.318731623069761
1789,-0.5073576473535095
1790,-0.3064827293797743
1791,0.6275401937480898
1792,-0.27263035368575966
1793,0.5260678144280536
1794,0.4568898816247148
1795,-0.7536849936593428
1796,0.028844207702180217
1797,-0.47171972713566024
1798,0.19307110060381455
1799,-0.3875167235226071
1800,-0.34986972324684784
1801,-0.3985557145004537
1802,-0.5273416528471854
1803,0.03467548383882564
1804,-0.32792835745917354
1805,-0.2763621257877772
1806,-0.41172696239493406
1807,0.20545669436318775
1808,-0.03657465053074722
1809,-0.4971204127674624
1810,0.40778378867317105
1811,0.360464670224579
1812,-0.525972421655556
1813,-0.4088136293835071
1814,0.11930688232940856
1815,0.14740212725036894
1816,0.324429279093269
1817,-0.15156237739120546
1818,-0.1818989502537116
1819,0.34831112612637444
1820,-0.2236605842451972
1821,0.5762354031967037
1822,0.20779186715813144
1823,0.5636089818312124
1824,0.26398787832220366
1825,0.8911851934569602
1826,-0.17568767871306187
1827,0.6583234573332338
1828,0.3037751643229359
1829,-0.11859568169655046
1830,-0.43407660164212775
1831,0.23277376749529874
1832,-0.2041447675761069
1833,0.43144651098570175
1834,0.12815225497631483
1835,-0.13688070234106658
1836,-0.17975824265364673
1837,-0.5746065601196496
1838,-0.6882425822449826
1839,-0.5537104790931037
1840,0.2712049246492029
1841,0.1963139985646096
1842,-0.035466443361327184
1843,0.053951616995369746
1844,-0.7359904110624496
1845,0.5711846134083757
1846,0.008354165878960094
1847,-0.04831138280016885
1848,-0.26453450164367054
1849,-0.5813575560973963
1850,0.4290343201494249
1851,-0.7335587777650503
1852,0.4339578824833609
1853,0.357212205343186
1854,0.9698481036862173
1855,0.0011419808210126209
1856,0.8687233428120743
1857,0.32075825994468715
1858,0.2660086361444858
1859,-0.0013635795156023093
1860,0.7170883534420032
1861,0.7650104072499704
1862,0.11195660155750214
1863,-0.1389706791990768
1864,-0.5111275104826135
1865,0.3494306667577845
1866,-0.8504436639547196
1867,-0.08983359324052922
1868,0.770739494348193
1869,0.20121659741241987
1870,-0.1752695991564476
1871,0.07168586064588607
1872,0.31966880641954676
1873,0.2476896767795406
1874,0.33293285803002043
1875,0.1822996034131293
1876,-0.25569595114795307
1877,-0.0764319724749692
1878,0.19189237514421636
1879,0.47435252174067033
1880,0.5743304432850008
1881,0.006212357047391868
1882,-0.9186436347392533
1883,-0.03635159864683443
1884,-0.17041530066158048
1885,-0.10629249223629876
1886,0.5145617500133174
1887,0.4680826100726557
1888,0.8587391719567663
1889,-0.5188356126500404
1890,0.6812075223575337
1891,-0.3218045029021011
1892,0.3047819109362542
1893,0.7454162427101741
1894,-0.2932099808057668
1895,0.5053043029442258
1896,0.31095870437828654
1897,-0.3839768164703961
1898,0.16018506377114847
1899,-0.22111314921886716
1900,0.541377175064814
1901,-0.4166211617498121
1902,-0.3646640959420558
1903,0.3677209602116879
1904,0.4128244690023827
1905,0.14003612016456118
1906,-0.31440639132872744
1907,0.37408795445328774
1908,-0.48069573232796087
1909,-0.10402614713846035
1910,0.44321329267769566
1911,-0.7117168773555831
1912,-0.47989162831471405
1913,0.33471935337566905
1914,-0.021218409165528373
1915,-0.03347978333497582
1916,-0.4299171391306336
1917,0.35677398616350897
1918,-0.26514735225305885
1919,0.06798697416928774
1920,0.37853617478947427
1921,0.09460456974691527
1922,-0.20458970515333028
1923,0.4942087726916501
1924,-0.02021532240885858
1925,0.6637215082472178
1926,-0.016286593923264498
1927,0.02372128224406922
1928,-0.7531945992995575
1929,-0.07070229103129833
1930,0.25550957447768546
1931,0.3426571062886501
1932,-0.0738646099227405
1933,0.2624037894041672
1934,0.4747223732292703
1935,-0.028059243823738984
1936,0.8321546876296109
1937,0.37575511042431636
1938,-0.5892897449313385
1939,-0.07010917009808805
1940,-0.26804509155986184
1941,0.5615070056261826
1942,-0.7375958722876274
1943,0.2922561846598444
1944,-0.10970196956726745
1945,0.1920290691048618
1946,-0.5136646507488296
1947,0.7540686674876604
1948,-0.6215489894109093
1949,0.40105260386312086
1950,-0.06156053132781595
1951,0.45966253724109357
1952,0.40017820310705166
1953,-0.06454824820999346
1954,0.5468174198082056
1955,-0.36128844285308453
1956,0.3170144617317179
1957,-0.09663944220999263
1958,0.0012637843328905996
1959,-0.04667904941967181
1960,-0.7133336657751576
1961,0.066253929521592
1962,-0.7487004284882821
1963,-0.6103200689368539
1964,-0.7948683913215124
1965,-0.00975128540112536
1966,-0.5353952129380584
1967,0.6008207982973004
1968,0.6605566246115777
1969,0.3258512158051849
1970,-0.010814841060835658
1971,-0.02224054020919148
1972,0.041721557152097036
1973,0.2109639442703601
1974,-0.6534987123481716
1975,0.6043532568093759
1976,0.021954982420454978
1977,-0.24775094774738624
1978,-0.07581063869560288
1979,-0.5486118447246937
1980,0.8845606459154941
1981,0.7206769218137477
1982,-0.526898174888253
1983,-0.5255229929328783
1984,0.5161283753617011
1985,0.8357660169069887
1986,-0.10158698674381587
1987,0.08512512969488599
1988,-0.006212054418196867
1989,-0.14641842168478453
1990,0.6116116224897539
1991,0.45323338554812165
1992,0.3591675895523632
1993,0.058836979509860755
1994,0.36591872080967774
1995,0.21863004392803798
1996,-0.36106950150635825
1997,-0.4534547490770309
1998,-0.06448918422829557
1999,-0.23281472409948575
2000,0.20514937033053052
2001,-0.11394499740072556
2002,0.2953725683029117
2003,-0.22670511378500594
2004,0.3523219080454748
2005,0.284907561235089
2006,0.4851587639831228
2007,-0.7553741681535844
2008,-0.3039970944432985
2009,0.1895114208254974
2010,0.4693428424890782
2011,-0.13679831878885448
2012,-0.33896868154515036
2013,0.05591388785239465
2014,-0.022794567291220324
2015,-0.02998690636826169
2016,-0.28816346301586027
2017,0.13466838528713465
2018,-0.5524693561052787
2019,0.41338217769988383
2020,0.37522627862022767
2021,0.09821000545707562
2022,-0.5023012673233713
2023,0.17408190804202753
2024,0.47709073079425446
2025,-0.6004593488193688
2026,0.8637468010853624
2027,-0.1912147165209178
2028,0.5607276887112849
2029,0.4700224516826076
2030,0.010148947334604025
2031,-0.04176637347306294
2032,0.09477038424797433
2033,0.2728128081821018
2034,-0.2793857292999202
2035,-0.11469139075355574
2036,-0.16477068022815747
2037,0.23268036905624864
2038,0.22423569207274532
2039,0.3148535922234247
2040,-0.2900595580726638
2041,-0.6310053303139008
2042,0.20577395902903597
2043,0.2924934776080043
2044,0.1653437232147549
2045,-0.285461917467591
2046,-0.49634289352382005
2047,0.4650333133432101
2048,0.2929826711746079
2049,0.6009905277144619
2050,0.7837929829407161
2051,0.6143067204297618
2052,-0.2694546904174586
2053,-0.52515932378922
2054,0.28733705673928456
2055,-0.10877738123300332
2056,0.6080385398749648
2057,-0.7569241639863161
2058,-0.4035082572350772
2059,0.5507627816282671
2060,-0.7795367514806385
2061,0.7311288884532686
2062,0.20042762152177757
2063,0.5410650040117019
2064,-0.1373663909480228
2065,0.4988932133944339
2066,-0.8330942900901803
2067,0.7918605443249601
2068,0.10145518172453696
2069,-0.24749509194724653
2070,-0.25692081008700945
2071,0.5109978954467534
2072,0.626669557122484
2073,0.6718965848602578
2074,-0.9045593063312665
2075,-0.4536372275834131
2076,-0.5411411210723346
2077,0.2501657073669543
2078,0.6322062312731531
2079,0.22100272186842715
2080,0.5006724073978398
2081,-0.1444511946782798
2082,-0.8218168353783275
2083,0.9730536961834872
2084,-0.5810618432707515
2085,-0.4613698474830666
2086,0.46735337775594843
2087,0.37675048023112606
2088,0.3504745762694586
2089,-0.8902126329593343
2090,-0.4268071634331088
2091,0.033555617872548245
2092,0.43300869742522463
2093,0.6570161012517739
2094,0.258062928056624
2095,0.6437843782972358
2096,0.5324682292200719
2097,0.10675302576537476
2098,-0.5794077838569913
2099,0.20273140539475382
2100,-0.08441075476310757
2101,0.5138921961921439
2102,0.05805839660150122
2103,0.2482324823896177
2104,0.29372836031407307
2105,-0.5588029865152455
2106,-0.21166530602269087
2107,-0.027797277591455002
2108,0.07892089621108403
2109,0.4469938560644848
2110,-0.566821592324267
2111,0.41497304193342494
2112,-0.022826134442713253
2113,-0.4275106705831372
2114,-0.39064415677696196
2115,0.5140960260561753
2116,0.5010829398851923
2117,0.42949259209773966
2118,-0.401320265744713
2119,0.2454951645738193
2120,0.24386532698991598
2121,0.3376655519150684
2122,-0.12302888072911033
2123,-0.3468457614177188
2124,0.8241183174684715
2125,0.5583411558832698
2126,-0.4659675134200895
2127,0.17146219532544396
2128,0.29506024598599206
2129,0.35670238665124704
2130,-0.0937386672025634
2131,0.1310991171183843
2132,-0.33228449315468445
2133,-0.12367338310406875
2134,0.25508888474792696
2135,0.5284024284460375
2136,0.7186388260238352
2137,0.5146531773268931
2138,0.5171383291514232
2139,0.3156373200598173
2140,0.26356110142923495
2141,0.13284223397611278
2142,0.31822597982676243
2143,-0.02147302497857802
2144,-0.22490562382635337
2145,0.2307435525034765
2146,-0.3923741117506829
2147,-0.3212741571582234
2148,0.35274097460404413
2149,-0.265777713388149
2150,0.3616599084483892
2151,-0.3490428930979877
2152,-0.4808975697960553
2153,0.10430056266537284
2154,0.38753190372521684
2155,-0.4633899650456683
2156,0.18638685861770557
2157,-0.48421941067837354
2158,0.48166136925557645
2159,0.32744317439247683
2160,-0.04149662157247916
2161,0.2704291520025775
2162,-0.22931799099721645
2163,0.41394323036288233
2164,-0.03959777676620976
2165,0.6748408100884563
2166,0.6212996674707876
2167,0.03119031206605592
2168,-0.44363090518992637
2169,0.7217171727244441
2170,-0.4856885320946111
2171,-0.008941296435640048
2172,-0.05189966367587463
2173,0.033799758374558495
2174,-0.09627270864636508
2175,0.4462908386309324
2176,-0.33413615366338684
2177,0.8292310080298739
2178,0.03567862740746091
2179,0.11707850142131879
2180,-0.2044819845526591
2181,-0.5913548456806779
2182,-0.059825322914218625
2183,-0.4938398126615011
2184,0.37077960894096784
2185,-0.4739584391187108
2186,-0.6414894815860667
2187,0.02547847237128287
2188,0.13193876506922556
2189,0.29495918954321665
2190,0.337314957402845
2191,-0.09867168472026976
2192,-0.16729034735767556
2193,0.7659220160086678
2194,0.0542026269445891
2195,0.0796109710334588
2196,0.06305524581544245
2197,-0.39894289639314795
2198,0.41598954246535025
2199,-0.41161824729264224
2200,0.10566613992459985
2201,-0.10436264703668492
2202,0.44868312527354604
2203,-0.5751562529822316
2204,-0.3300764598462505
2205,-0.1876028399484438
2206,-0.38306763530691784
2207,0.673409957764567
2208,-0.8978191312515128
2209,-0.06558020977336539
2210,0.6064107751276575
2211,0.23494526854999093
2212,-0.48583607560351555
2213,-0.23602135768123303
2214,0.3948701622296608
2215,-0.7679334654810739
2216,-0.186989287621335
2217,0.3755111381824377
2218,-0.18010246092687351
2219,0.11158674378471964
2220,0.1724103288880621
2221,-0.2269763907812634
2222,0.4243763018698229
2223,-0.4992752675794601
2224,-0.2672488061544121
2225,-0.6605431781578603
2226,0.7504046227721046
2227,-0.7021031884650851
2228,-0.7332440554747778
2229,-0.11621924656496321
2230,0.14232501847269827
2231,0.08377519183913446
2232,0.24690855434183853
2233,-0.6724367607526995
2234,-0.16063456945627053
2235,0.3408908105565348
2236,0.7352542244886916
2237,-0.6201730223992648
2238,-0.7041414124060889
2239,0.03522069718757228
2240,0.5387270289801362
2241,0.22927428557866356
2242,-0.5292340167832469
2243,-0.33442857201008813
2244,0.504974847378093
2245,-0.40737188950384395
2246,-0.34835783180563185
2247,-0.6420270546120295
2248,-0.09764563589011706
2249,-0.2515589809177739
2250,-0.545090674118976
2251,0.25447946770417695
2252,0.07267628681947973
2253,-0.20959490808847206
2254,0.010094618383641634
2255,0.21048198632916795
2256,0.3054537452455342
2257,0.5422732653305612
2258,0.8031936092643959
2259,0.0796293935740888
2260,-0.25324177165610146
2261,0.6506492368745529
2262,0.35774689226223705
2263,-0.35887076766181625
2264,0.04257041909630529
2265,-0.6754926932466143
2266,-0.6780588830920644
2267,0.37920242822048056
2268,-0.6003825563525906
2269,-0.11549521546130712
2270,0.08301401315346373
2271,-0.32057606562822505
2272,0.16499015036790624
2273,-0.1316222731781166
2274,-0.21364260676426633
2275,-0.041578022576846674
2276,-0.20830483267729305
2277,-0.1473616012959232
2278,0.07708198289905924
2279,0.2307515803748943
2280,-0.2707709980756962
2281,-0.5127044085871537
2282,0.5334669483850267
2283,0.18758282038274104
2284,-0.43752220276380005
2285,0.6216875231458615
2286,0.2992465949953958
2287,0.1898547490487951
2288,-0.3718260448090104
2289,-0.3751832927920574
2290,0.6394528230947588
2291,0.7311946092315575
2292,-0.04994913929038273
2293,-0.6237399454867368
2294,-0.28705304120193287
2295,0.4474533504891317
2296,-0.6692722042148345
2297,0.502892968792545
2298,0.2593110358005785
2299,0.37992351781149086
2300,0.2213369168029569
2301,0.5733029285011813
2302,-0.051593089588330754
2303,0.6569784875598254
2304,-0.25568327492334325
2305,-0.2531839608675598
2306,-0.14264624240086574
2307,0.49799862982958
2308,-0.056413484647615066
2309,0.6509350869824508
2310,0.028868000970375132
2311,-0.20110272266198978
2312,-0.5417852235945562
2313,-0.4005788329877105
2314,0.2320748537894921
2315,0.1785030605676302
2316,0.6076329957227564
2317,0.11428191424389364
2318,-0.5671732545946944
2319,-0.38333477660875326
2320,0.29389960691906464
2321,-0.0847388829402214
2322,-0.3308155108290776
2323,0.49998853335556454
2324,-0.44882740149277633
2325,0.11485025283670637
2326,-0.7385104457187273
2327,0.7299248637890217
2328,0.5197149340913624
2329,0.48012714492365133
2330,0.3182116572777461
2331,0.18791734571160879
2332,-0.5958278912309954
2333,0.7974580093160636
2334,0.4248999456520453
2335,-0.6127648476561867
2336,0.07565955295549573
2337,0.6610479650092261
2338,-0.22371258960792734
2339,0.14740081864368756
2340,0.8803443971384691
2341,-0.2336797221069689
2342,0.5184126813933939
2343,-0.4590146977913495
2344,-0.4904882182556354
2345,0.22844607447516788
2346,-0.23438174077888788
2347,0.22742233612603355
2348,-0.26273897648198685
2349,0.10430883198261834
2350,-0.0066104879154444286
2351,0.13566812559926542
2352,0.10740578097371267
2353,0.3377937366423486
2354,0.2778722497904726
2355,0.18200247051087612
2356,0.12387539256565196
2357,-0.18328114786343114
2358,0.4127779420588876
2359,0.041444412579785254
2360,-0.4255691389007064
2361,-0.25505611105166776
2362,0.17908533359486306
2363,-0.5815454362999852
2364,0.6860507045360703
2365,-0.2680685643898338
2366,0.6038887492412477
2367,0.6317062118998517
2368,0.2500287256720737
2369,0.5024689786759953
2370,0.4009260814977748
2371,-0.23956693575740004
2372,0.13298935200020995
2373,-0.6469916749321027
2374,-0.14099698171390265
2375,-0.8131235947257904
2376,-0.5044363574237136
2377,-0.3548715592816852
2378,-0.3009922147248388
2379,-0.4002462869371617
2380,0.5430941386434233
2381,0.6624995880089813
2382,0.33913874823938356
2383,0.6197529004059403
2384,-0.15794211486372461
2385,-0.7479431561250398
2386,0.4786854823538902
2387,0.10242140933244186
2388,-0.21903843220333036
2389,-0.21291587210992075
2390,-0.30377565768840076
2391,0.16047207883003442
2392,-0.2575558228690176
2393,0.1668391548816284
2394,0.22151156825639232
2395,-0.06965678589026379
2396,0.3409894524886787
2397,-0.0198231405152446
2398,-0.3183838662206474
2399,0.8641991041002794
2400,-0.023889091954871506
2401,-0.10636417898497946
2402,0.0506770381992062
2403,0.4163467225583798
2404,-0.25196639601320875
2405,0.7170166973247292
2406,0.9049081171967919
2407,0.5606419954481405
2408,-0.2213412461847705
2409,-0.41814228562209166
2410,0.36271243299774486
2411,0.6995212584720346
2412,-0.6290435329822169
2413,0.21969228664319995
2414,0.47374492572205595
2415,-0.2343442897993974
2416,0.009224668362234574
2417,0.2841048362302339
2418,-0.5265708299527454
2419,0.25875874269711735
2420,0.662009398978598
2421,0.7708327883276092
2422,0.6538802867041601
2423,0.3051990854216995
2424,0.12282042342638025
2425,-0.6416665469758638
2426,-0.06441369666089178
2427,-0.4901680111094372
2428,0.22108700641688303
2429,0.6379296334539094
2430,-0.8995637197700359
2431,0.1157958386843558
2432,0.4540493375238816
2433,0.28035666826481953
2434,0.1830306490965175
2435,-0.19877173941629336
2436,0.2259661054146117
2437,-0.43843186982369736
2438,-0.1380415140035725
2439,-0.29837871300763685
2440,-0.034250154247521924
2441,0.05443727554498727
2442,-0.45361399676847
2443,0.7611159639439267
2444,0.6040222597700244
2445,-0.5877030010261409
2446,0.07192805126987635
2447,-0.13972439798105638
2448,0.12653538267551268
2449,0.11536242249897209
2450,-0.14870174839702424
2451,-0.07261435169520457
2452,-0.16497609281689676
2453,0.5267950836536861
2454,0.4444026504440826
2455,0.48493163814607115
2456,-0.20445278004467807
2457,-0.40849163675139016
2458,-0.17562408532475582
2459,-0.205175932853982
2460,-0.07248797089477581
2461,-0.05475456230433681
2462,-0.09442999346357178
2463,0.18693866689341695
2464,-0.16429280988463982
2465,-0.2826996831434086
2466,0.08058005576382767
2467,0.1609138767492275
2468,-0.7891998214547249
2469,0.42795662559177233
2470,-0.13610927576783108
2471,0.45213216341371704
2472,0.14213865963456615
2473,0.06598052486275174
2474,-0.5301614770996809
2475,-0.7908162340978708
2476,0.9153597591443736
2477,-0.43457841663461344
2478,0.1130740109937411
2479,0.2988981292842364
2480,-0.6218252807098572
2481,0.9516593897548355
2482,-0.4931007793927809
2483,0.06339000619829549
2484,0.22590312209408533
2485,0.5409767005843523
2486,-0.049809691736505395
2487,-0.6024838002105946
2488,-0.5459915346566494
2489,0.7809063718165982
2490,-0.12539057394410244
2491,-0.015437589752159784
2492,-0.1440137451443717
2493,0.677227126574654
2494,-0.04173581538627811
2495,-0.15608603200233134
2496,-0.19235603457117198
2497,0.01411547248310495
2498,0.014483921749764343
2499,0.4257756217666767
2500,-0.5233595370805401
2501,0.8112510373609686
2502,0.343307032032827
2503,0.040012534211237925
2504,0.5313549564460036
2505,0.0817165937289267
2506,-0.35667851149431545
2507,0.693500420731775
2508,0.4955957019971549
2509,-0.21831841904399873
2510,0.5767354124112453
2511,-0.34997127574343
2512,-0.3996934363682487
2513,-0.08731365306354967
2514,-0.08999028607698249
2515,-0.7454530217563513
2516,-0.7970873425278755
2517,-0.18614318319852013
2518,-0.2383694145739651
2519,0.21247309410225448
2520,0.10896267772218798
2521,-0.44966720299238144
2522,0.269578044292448
2523,0.5940616930368539
2524,0.8039773802190394
2525,-0.6961648908432575
2526,-0.14794619720839083
2527,0.2078867989064642
2528,0.822089683657494
2529,0.6291323614290947
2530,0.4258727577378069
2531,0.15748101147478236
2532,-0.5381480314546602
2533,-0.0074005893048217745
2534,-0.6825224942347695
2535,-0.5529007360605563
2536,0.7443356822160088
2537,-0.24385998671577305
2538,-0.35658199048540046
2539,-0.2343135961805141
2540,0.18558083248534363
2541,0.5208217757044411
2542,-0.06166977617269046
2543,0.13199207638013188
2544,0.06687319045333932
2545,0.08688933183179683
2546,0.21108653372104233
2547,0.21318875702185494
2548,-0.14192035821712196
2549,-0.04235181777512387
2550,-0.40829031071896515
2551,-0.45130207747029766
2552,-0.5947261404395947
2553,0.6507514456620654
2554,-0.1638187027330213
2555,0.012252472740277813
2556,-0.051554385910003726
2557,0.39824078637967053
2558,-0.3861144260540382
2559,0.10030339309771412
2560,-0.6152746469193634
2561,0.5575899306045842
2562,0.5405645347741079
2563,0.33160725634135707
2564,0.057699976246923634
2565,0.010015892232624262
2566,0.05429472456903093
2567,0.5079590795757581
2568,-0.10797921854533821
2569,-0.6939209095489302
2570,-0.24063009704788516
2571,0.20340290399975214
2572,-0.09686496857425403
2573,0.1040346936249129
2574,-0.03439998374113731
2575,0.39237264933622196
2576,0.39949719519901195
2577,0.3283917248442764
2578,0.3852751750304373
2579,0.30438466970803524
2580,0.11972392849558793
2581,-0.3480650182412919
2582,0.5564642531101147
2583,-0.1313815383751557
2584,0.008292698536485232
2585,-0.8572364460627203
2586,0.6109018579094677
2587,-0.4741567700219682
2588,-0.18568170911032716
2589,0.49160886255816266
2590,0.6406319100664621
2591,0.7602235510418047
2592,0.8529757131237847
2593,0.1313772182982684
2594,0.17629535652045514
2595,0.5407478942568006
2596,-0.4925767080887348
2597,-0.47465949908377897
2598,0.5402570984003425
2599,-0.43568151157607
2600,-0.044611474966865614
2601,0.07223491565127083
2602,-0.23265314684285912
2603,0.01782610726451573
2604,-0.2194679567843622
2605,0.44351176576962853
2606,0.208542358069784
2607,0.7987573199027168
2608,-0.32766862852417594
2609,0.7212476750563306
2610,0.3639026778396726
2611,0.5187197321820841
2612,-0.31187993520283197
2613,0.7755441607798266
2614,0.6619207708196928
2615,0.18293568353538425
2616,0.31690265985231936
2617,0.3556463133520422
2618,0.5788580089561463
2619,-0.4598666661324239
2620,0.416835840366302
2621,0.1925286140336001
2622,-0.4849113504656433
2623,0.27195272920511815
2624,-0.08636122876183858
2625,-0.031231759733097726
2626,0.11876366908817368
2627,-0.2940195486072211
2628,0.66702510623257
2629,-0.23308914407798062
2630,0.08103916616778789
2631,-0.7089004854089354
2632,-0.3514624493832111
2633,-0.5491185682937746
2634,-0.18108783657743238
2635,-0.5408715955681966
2636,-0.019853826852672573
2637,0.6245614009532355
2638,-0.41500437158736087
2639,-0.5301994551897391
2640,-0.04994208316013869
2641,0.29788527878666754
2642,0.2979137664432419
2643,0.25506929893625163
2644,0.05798042934385893
2645,0.5269413207121917
2646,0.4574982214185187
2647,0.12541709233601178
2648,0.6726172103048131
2649,-0.10370291409601361
2650,0.6323359486674722
2651,0.26971328555075136
2652,0.16902441387747866
2653,0.5195250840372482
2654,-0.19662875728043858
2655,-0.19625953341059219
2656,-0.48506221194240784
2657,0.60113224735236
2658,-0.3602917023519572
2659,-0.9001406716519421
2660,0.38439450761338
2661,0.791301896652248
2662,0.958427025795612
2663,-0.5835505717323566
2664,0.1729058826147893
2665,0.17454524567225757
2666,-0.6039508421923185
2667,-0.10384619520407783
2668,-0.08043035312886468
2669,-0.5116844906987218
2670,-0.446051531349521
2671,0.5673859161273551
2672,0.7833544568889913
2673,0.017009255742104355
2674,0.5838980287972306
2675,-0.7214108308655505
2676,0.07451446219369766
2677,-0.8190975854925775
2678,0.4309943568516152
2679,-0.00271909054127573
2680,0.06247178182265935
2681,-0.3037837018056505
2682,-0.21919569689571555
2683,-0.5940721986434542
2684,0.3515632306300011
2685,-0.5921325775834836
2686,0.7644905252053724
2687,-0.265522339183531
2688,0.26644236266243515
2689,0.10936053483419927
2690,0.3493653503077134
2691,-0.21500310726928804
2692,-0.45789952017043095
2693,-0.34502577045450505
2694,-0.24833551798435993
2695,0.7563378561407633
2696,-0.8113189838348721
2697,0.8819416229428637
2698,0.4752671403778461
2699,0.5192869168972248
2700,-0.35404026547359657
2701,-0.2055375880260432
2702,-0.80079699136051
2703,-0.3376150459374082
2704,0.046234538755849826
2705,-0.34772716576931284
2706,0.6703658289962238
2707,-0.08282106199125074
2708,0.2947667718846142
2709,0.49520729775021644
2710,0.5029334440208976
2711,0.17596915525142864
2712,0.1435538359103255
2713,-0.6575107665755746
2714,0.2944771737056417
2715,-0.3710675871318147
2716,0.653870134019166
2717,0.7838345235954944
2718,-0.3609565430972053
2719,-0.39355727350526776
2720,0.3032692079218689
2721,-0.5925169338294023
2722,0.69543057146456
2723,-0.07610968884206237
2724,-0.803006548090333
2725,0.3877134669237284
2726,-0.0625857979869225
2727,0.8875877101133047
2728,-0.08140595225077274
2729,-0.2844099011576399
2730,0.09869528426713538
2731,0.20096251065812387
2732,-0.09633193762079963
2733,-0.2163285202603103
2734,0.5214342284569083
2735,0.29599389744083887
2736,-0.7871971003294874
2737,0.11204858368247769
2738,0.31294437310017703
2739,-0.8951225985283572
2740,0.6354812413873119
2741,0.5864437757991705
2742,0.6884532013700546
2743,-0.8023736978493834
2744,-0.5555477044899869
2745,0.10100904955865354
2746,-0.4555286613693801
2747,-0.4656655338332122
2748,-0.15404695463126183
2749,-0.21036471328792547
2750,0.07288295659745346
2751,0.3534888569269125
2752,0.3768104886589185
2753,0.06107315481532755
2754,-0.8036117174959
2755,-0.2920894032704069
2756,0.4715790376309426
2757,0.3382981989606308
2758,-0.09567125677606951
2759,0.5193445548698085
2760,-0.6087700968775229
2761,0.5835850072371297
2762,0.6655755696104821
2763,-0.5398325889693483
2764,-0.13322711099031082
2765,0.49782677366481215
2766,0.3575561995714087
2767,-0.6068931021551751
2768,0.3079957409014552
2769,0.32064956165983105
2770,0.09588900910669958
2771,0.5994260084145188
2772,0.3084730237176371
2773,-0.30261038945249635
2774,-0.17527443392605385
2775,-0.05251068989907223
2776,-0.8024550821502566
2777,-0.5395780560218433
2778,0.2758126972903584
2779,-0.1870673355742016
2780,-0.1625335408071903
2781,-0.006790857483241146
2782,0.3126801220302502
2783,-0.6022289987987397
2784,0.10540142487437879
2785,-0.17863108154321858
2786,-0.04787295007966733
2787,0.29427332759963815
2788,-0.42188048043468956
2789,0.18648968902816665
2790,-0.2199025953891531
2791,0.2566963661184342
2792,0.49137824145440007
2793,0.059085372461412974
2794,0.09234153332299729
2795,-0.36870051132006254
2796,-0.15020850368331928
2797,0.2236656043547891
2798,-0.5072160806628165
2799,-0.08497634521365804
2800,-0.47183719447760647
2801,0.5101794800212054
2802,-0.039175957643668595
2803,-0.6714257819119162
2804,-0.6647487638587827
2805,-0.39786147846215575
2806,-0.7837947965840758
2807,-0.08681913218878219
2808,-0.7809896045104647
2809,-0.49416813428053397
2810,0.012345995713694154
2811,-0.05133691558310018
2812,0.7451542950944762
2813,-0.034690035597057384
2814,0.17830157860633097
2815,-0.7158747023929172
2816,0.19288675607665828
2817,-0.48534021745182604
2818,0.15902033996005813
2819,0.04138334108993103
2820,0.47115410977275535
2821,-0.540230062299229
2822,0.5977136961864538
2823,0.0964876900222056
2824,0.06811840423737596
2825,0.23726659690603472
2826,-0.658479585992091
2827,-0.7993281787210642
2828,0.5153011972996409
2829,-0.5693668021790934
2830,0.24356997874227387
2831,-0.29060513408497923
2832,-0.6116204628104961
2833,-0.6922295754574546
2834,-0.5280686868575214
2835,-0.3646891958267157
2836,-0.03974491994800484
2837,-0.2504509330868955
2838,0.21682484917967232
2839,0.05644496738630291
2840,0.31892115609984384
2841,0.6851798397255109
2842,0.5735001178159281
2843,0.4610006881287078
2844,-0.5698959962784779
2845,-0.2816099087448138
2846,-0.08632470318059536
2847,0.26217955809931104
2848,0.5317928163000338
2849,-0.6041293940133751
2850,-0.5153695877416068
2851,-0.10189441657726672
2852,0.17895256006565813
2853,-0.30315121966820924
2854,0.2128177061613198
2855,0.08198766187948771
2856,0.18477473318714308
2857,0.13409946929995825
2858,-0.15275144770086
2859,0.476112660266129
2860,-0.3599980115561447
2861,-0.08473716983849851
2862,-0.49912072187389284
2863,-0.3171520456836215
2864,0.4569112856701308
2865,-0.21399722225703838
2866,-0.37654044176546464
2867,0.03615244783067738
2868,-0.09104169699084565
2869,0.08531364131797119
2870,0.1573885298575446
2871,-0.16279551011040191
2872,-0.06811362916926342
2873,0.08622293588962308
2874,0.2509926110379713
2875,0.311629244702058
2876,0.6164516391404643
2877,0.6939858186332488
2878,0.15748420569050497
2879,0.5131906281430363
2880,0.10323476983857782
2881,0.6246407176771555
2882,0.1504399586036984
2883,-0.620165112588286
2884,0.3934472338490237
2885,-0.3765960676818387
2886,-0.2868285620325917
2887,-0.10013714502000921
2888,0.543765317139113
2889,-0.4888151812334372
2890,-0.29222573013534103
2891,0.03538031353483825
2892,0.07573460683144728
2893,-0.1515930484983537
2894,-0.36692183181742544
2895,0.3225394451551757
2896,0.6456217012117792
2897,0.295084601159097
2898,0.15586311753802803
2899,0.47954083405504144
2900,-0.6434711440997893
2901,-0.06573164186305179
2902,0.16587252326707982
2903,0.08429293461420799
2904,0.6175254114590801
2905,0.017491572031992753
2906,0.43054920400666274
2907,0.5074518039384766
2908,-0.010031932313450778
2909,0.14481633023692592
2910,0.6955839635629768
2911,0.2823603918339803
2912,-0.1789644732642629
2913,-0.5160437203348528
2914,0.3423093816793262
2915,0.5145414642538063
2916,0.013767758088784587
2917,0.03707101142636702
2918,0.4579747952288438
2919,0.7004556431666555
2920,0.1749520179310754
2921,0.37998602054622393
2922,-0.05804556256139646
2923,0.45007133906878577
2924,-0.0822464738624087
2925,0.5030543461358649
2926,0.051076169464929724
2927,-0.44685128270620444
2928,-0.2826051134886285
2929,-0.5636406698209289
2930,0.280073685963239
2931,0.22735970193955846
2932,-0.8065524616721994
2933,0.36500818121428097
2934,-0.4292471993996388
2935,0.12843769403775637
2936,-0.21969870199869942
2937,-0.07490757215738716
2938,-0.4995419288699368
2939,-0.16825060410336584
2940,-0.08517667635071893
2941,-0.1552122920897274
2942,-0.032426563732378885
2943,0.4002034625375476
2944,0.20417711518629478
2945,-0.011829156701205384
2946,0.6362831267013276
2947,0.6024194919885246
2948,-0.4723254681222992
2949,-0.3857166460930585
2950,0.371195560181989
2951,0.2624003255194093
2952,-0.363704169415733
2953,0.31091692924859027
2954,0.5399936571154101
2955,0.447698794499299
2956,0.020042243313951137
2957,0.11717058536448184
2958,0.20639227375534083
2959,-0.10560063544635263
2960,0.9355412769228125
2961,-0.45131273182537723
2962,0.08731557708217688
2963,0.32203465145432963
2964,-0.4549965540101783
2965,-0.15399492683199384
2966,0.037337096059559025
2967,0.35400857950626924
2968,-0.7471338177811582
2969,-0.30024942973967855
2970,-0.4954173119366555
2971,0.904373280795404
2972,0.5791688146928802
2973,0.13748737837893818
2974,-0.01687206939349875
2975,0.40144439150836675
2976,-0.06041693300879745
2977,0.613558995691508
2978,0.16070546405095149
2979,-0.12687894148983955
2980,-0.4243014347058274
2981,-0.8697037291000358
2982,-0.04616622733820134
2983,0.06494284917348633
2984,-0.20704802936103045
2985,0.6743108647919565
2986,0.12975381730284555
2987,0.4585961554380576
2988,0.11708531214116667
2989,-0.5233260775845765
2990,0.284291103171265
2991,-0.45380621745700384
2992,-0.014188559156408686
2993,0.4106210159208781
2994,0.20590979793647973
2995,-0.5246764651507818
2996,-0.2056389627476097
2997,0.12935243972933508
2998,0.6006570607617578
2999,-0.38668507012425896
3000,-0.16707699853794325
3001,0.10994814715639345
3002,-0.14712287400572202
3003,-0.40813952692106087
3004,-0.2445271810176723
3005,-0.007604062345477427
3006,-0.14453635030066866
3007,-0.3077372907153942
3008,0.2612520557983389
3009,0.019091149549851732
3010,0.36517155184188643
3011,0.07704531271869923
3012,0.6536579207277241
3013,-0.26085317506644806
3014,0.22867266569317057
3015,0.2282273293832262
3016,0.03683826978477809
3017,0.25363316890927307
3018,-0.44080405532859945
3019,0.16425176331893435
3020,0.05494454836598794
3021,0.3407835397349096
3022,0.5479477060472122
3023,0.05469309973373993
3024,0.021052234860778053
3025,0.6632943873809193
3026,-0.633479471880347
3027,-0.4153550415431228
3028,-0.007277762369009039
3029,-0.043783149788820676
3030,0.20338362772816806
3031,0.2731623615178354
3032,0.027865902784087182
3033,-0.15750706800652237
3034,-0.25043768171833114
3035,-0.18118911371238272
3036,0.2805487328506338
3037,-0.48253653700579036
3038,-0.07088587527940325
3039,-0.10190298293852376
3040,-0.3278378690568958
3041,0.5549655545609706
3042,0.10341977560181694
3043,-0.6404536354460506
3044,-0.05482509461591619
3045,0.4844632485831405
3046,-0.208642978109924
3047,0.2925325851615784
3048,0.20582257278899713
3049,0.11570471676571335
3050,-0.05266980769836565
3051,-0.31793276037071516
3052,0.13165540859620867
3053,0.3968007277035737
3054,0.08174785650132263
3055,-0.01063584005189355
3056,0.49239385824130993
3057,-0.17573959172785125
3058,0.10919726332810527
3059,0.040710498254660776
3060,0.19102812511161846
3061,-0.1837859839053754
3062,0.5238171042100841
3063,0.11772259852493373
3064,-0.15307108820959725
3065,0.29455168786445873
3066,0.10604599375083056
3067,-0.1775557891247561
3068,-0.12637952029144137
3069,-0.496500626436119
3070,0.21660826688749313
3071,-0.47044643402370934
3072,0.43360432824919337
3073,0.11273534738621187
3074,0.17068729182863748
3075,-0.2130877315647656
3076,0.30349326091498324
3077,-0.0679153643613601
3078,-0.25841732924657557
3079,-0.1752542012623441
3080,0.4580231221423888
3081,0.4179954191292414
3082,-0.37635859747025074
3083,-0.6404030275448052
3084,0.04352357920606965
3085,0.1073673674547179
3086,0.05584136370576806
3087,-0.8420660025226898
3088,-0.3795060742253164
3089,0.744624005378079
3090,-0.5482187353096318
3091,-0.01512207393279333
3092,-0.4854095345807688
3093,-0.5067105155252027
3094,-0.22408664506797205
3095,0.7908152880335855
3096,-0.16500151774273492
3097,0.371567139404272
3098,0.2890299906498987
3099,-0.8721007786401848
3100,0.4721746554059695
3101,0.09317900825603988
3102,0.608923556006752
3103,-0.28921265190165424
3104,-0.20548929644684208
3105,0.4833735288128659
3106,0.23015667448615237
3107,0.474446794879296
3108,-0.15990946971483647
3109,0.7889103343368136
3110,0.5198603914429883
3111,-0.777531177072726
3112,-0.06259874804606781
3113,-0.07106835799671474
3114,-0.15929446822350968
3115,-0.5376814633641441
3116,0.13072837955515818
3117,0.255499525257164
3118,0.3326223364108898
3119,0.2454231927299043
3120,-0.13149778880141508
3121,0.6579692006050791
3122,-0.7559164841674669
3123,-0.5354430318055705
3124,-0.22591236674910806
3125,-0.01526838121966197
3126,0.021466771571717676
3127,0.22379028092819692
3128,-0.24369038545688992
3129,0.3446738810477529
3130,-0.4599381015665928
3131,0.6036489938075743
3132,0.4342885405010295
3133,-0.18887462955002754
3134,0.14073396515815606
3135,-0.1161575857527628
3136,0.4077854627520803
3137,0.7409861906254797
3138,-0.17642807494348683
3139,-0.18943155231226735
3140,-0.5404792970000442
3141,-0.7890492748305147
3142,-0.07348241845455164
3143,0.31727709910528257
3144,-0.3918140050387114
3145,0.025023639147653903
3146,-0.5433827772323713
3147,-0.12319428452416699
3148,0.41389038220689767
3149,-0.7380719876723999
3150,0.6282365528762808
3151,0.3171454771855166
3152,0.11539834898694824
3153,0.39097723113824195
3154,-0.22678874732721116
3155,0.04023404676848614
3156,0.5289100702902494
3157,-0.5023864007780993
3158,0.1986753872505096
3159,-0.18521747261872587
3160,0.6903324773633115
3161,-0.13543124292636569
3162,0.6515507158965436
3163,0.5466166188858973
3164,0.2810579441266437
3165,0.08522971745857195
3166,-0.2093966136625757
3167,0.10931104233759599
3168,0.4988256990896178
3169,0.1548655766095263
3170,0.016994640191090194
3171,-0.13989625849349543
3172,-0.17713459320881517
3173,-0.13657997933783123
3174,0.055319431097583936
3175,0.5628772332149046
3176,-0.06980225354705917
3177,0.23077377343141459
3178,-0.6158284344326936
3179,-0.1549322116796682
3180,-0.34339245632974813
3181,-0.22342101075091642
3182,0.35678475426347167
3183,0.3347243512361274
3184,0.24285097220747776
3185,0.2547559428409595
3186,0.17572139812598292
3187,0.36183933754741865
3188,0.5144900398559503
3189,-0.4555292603595417
3190,-0.15337764469325801
3191,-0.3520983292402809
3192,0.027773565710295624
3193,0.11995437136431802
3194,0.6055067188904909
3195,0.6239201828243935
3196,-0.8646753282313031
3197,0.5456274789400836
3198,0.1253010690792835
3199,-0.4277175309159367
3200,-0.3724792349778328
3201,0.42826145491712136
3202,0.4107786409387862
3203,0.8555035056700389
3204,-0.09591705306441131
3205,0.8248121669245849
3206,0.31740406745930577
3207,0.8329933354240393
3208,0.060127352362489124
3209,0.6145097659686056
3210,0.035260689341054946
3211,0.4670460203637913
3212,-0.4226040352330375
3213,0.5398384829456478
3214,0.10748992684054667
3215,0.24800744730809296
3216,0.4812936635885526
3217,-0.5706550876094182
3218,-0.5533427302660882
3219,0.32977621717764877
3220,-0.4259978678693717
3221,-0.1427657872929166
3222,0.26909708599844184
3223,0.18291789066596306
3224,0.3351413511594123
3225,-0.002245656915732315
3226,0.4542814547605378
3227,-0.27413245003226705
3228,0.2868051536837388
3229,0.8376432344447949
3230,0.27371078343405386
3231,-0.28015359245143845
3232,0.79947620139078
3233,-0.12399182936799318
3234,-0.03992885720812521
3235,0.2501760864129853
3236,0.2379506201992312
3237,-0.8174162572466194
3238,0.6820741613861936
3239,0.37891841866016707
3240,0.7842971667879112
3241,0.519712557144062
3242,-0.05277761887078543
3243,-0.4670645904701622
3244,-0.3899685013063866
3245,-0.622509737343437
3246,0.09698956719773041
3247,-0.41477693739990745
3248,0.34886308734325616
3249,-0.6015542234611905
3250,-0.35341956162812305
3251,0.4331883154493669
3252,0.1387066399332907
3253,-0.1509953850514836
3254,0.0036406204697877168
3255,-0.1516333771556812
3256,0.24938797091491607
3257,-0.32163340516154754
3258,0.6742428933911216
3259,-0.35669137686920194
3260,0.416061366415605
3261,-0.10861408001087512
3262,-0.26418082132077136
3263,-0.4980572591573012
3264,-0.23462970003786907
3265,0.15681106563340344
3266,0.5743789594506458
3267,0.4896543613906286
3268,0.716129713001541
3269,0.6938099181149089
3270,0.2833594152862065
3271,0.2534477379387501
3272,0.4530708533443587
3273,0.12116144896138586
3274,-0.6475509527862849
3275,0.007767636441956572
3276,0.03333818061542284
3277,-0.06470683881856515
3278,-0.583947712745877
3279,0.4789062554717206
3280,-0.423109916145392
3281,0.053276883939561474
3282,0.006709164130036119
3283,-0.7202367758537765
3284,-0.4099836864724776
3285,0.5343927609558158
3286,0.33273522718324317
3287,0.08235478229564815
3288,0.16958173045079356
3289,-0.2723550238295523
3290,0.39358370075470966
3291,0.10330929792113622
3292,0.5978320916507809
3293,0.16702506085604726
3294,0.599174553102473
3295,-0.6820880408803
3296,0.3705094957333758
3297,0.3177856852924952
3298,0.6059205231648798
3299,0.5859059298997441
3300,0.16199112376759695
3301,0.2528725146753133
3302,-0.4578339227596423
3303,0.22997240833139457
3304,0.06520975779660858
3305,-0.27489548860430774
3306,0.7791449202223509
3307,0.2551032345524812
3308,-0.5433502189196824
3309,0.2062863979676209
3310,-0.05810511656681016
3311,0.9303024550180805
3312,-0.029177427317221387
3313,0.7053055157691939
3314,-0.5189852716759482
3315,0.8037867673782056
3316,-0.04186385835618474
3317,0.1882304871205028
3318,-0.015064499971107786
3319,-0.5738638780303592
3320,-0.5768478301903245
3321,0.08619767283450323
3322,0.5766420190008399
3323,0.0509639156926308
3324,-0.45124628731294575
3325,-0.6076475708737723
3326,0.4616550465249657
3327,-0.08383551106065631
3328,-0.13993023588695958
3329,0.3308453468638409
3330,-0.33687625582977543
3331,-0.6915680519862343
3332,-0.49178846084020017
3333,0.5325986357479496
3334,-0.599768169793796
3335,-0.2227804992443677
3336,0.23722991900691978
3337,-0.28920785354673495
3338,0.4124181679387291
3339,-0.8720130656650448
3340,-0.6365420930346569
3341,-0.33305395644841757
3342,-0.349381245196783
3343,-0.6183145968406581
3344,-0.4752977858804736
3345,0.8800645399624922
3346,0.5284430391487761
3347,0.0806543857484965
3348,0.12985887775213512
3349,-0.16690115681111553
3350,0.1314783728897535
3351,-0.2408500242683215
3352,-0.489378088126148
3353,-0.1741459525981084
3354,0.18276346590672846
3355,-0.3720876181107388
3356,0.22784977463484607
3357,-0.20403171036010612
3358,-0.5301524716575601
3359,0.10332858553072673
3360,0.22160504111333848
3361,0.3440160782030997
3362,0.35674933973476447
3363,-0.20326357802458206
3364,-0.27672162019119917
3365,-0.40005822694352206
3366,0.02495536412241649
3367,0.14896657245177242
3368,-0.46255214648611787
3369,-0.5899540151772398
3370,0.019741258343872744
3371,-0.5066304485344587
3372,0.5399718537008469
3373,0.3430597140123246
3374,-0.46594222108331096
3375,-0.8634843272282595
3376,0.2664128918823006
3377,0.45616275454584326
3378,-0.2078457686145736
3379,-0.1225334372093795
3380,0.030859425713096723
3381,-0.4396533913535001
3382,-0.24671058180049402
3383,0.4289131520913943
3384,0.08167263772531415
3385,0.376623046920184
3386,-0.3869079125005897
3387,-0.12373056441054639
3388,0.025641481490640935
3389,0.20892236586267104
3390,0.6464056289397336
3391,-0.09074834444396453
3392,0.6682960464425651
3393,-0.4628307525157915
3394,-0.3255490297854732
3395,0.2678972819753216
3396,0.17098924150686332
3397,-0.21838445546791072
3398,0.6919054649632885
3399,0.6679813861678454
3400,-0.9057029578384598
3401,0.004112838032269162
3402,0.047218744522408145
3403,-0.2360863036596228
3404,-0.18587168965752562
3405,-0.6067769126297917
3406,-0.054734636696739426
3407,0.3205937295595765
3408,-0.2959334965110418
3409,0.7185454876762215
3410,-0.7249180964884177
3411,-0.22229264237156823
3412,0.4666151162286075
3413,-0.42373764353094745
3414,0.7785151495688635
3415,0.049679047394847964
3416,-0.511040220256991
3417,0.1508008308332257
3418,0.5388411946220205
3419,0.11633353271963595
3420,0.3291718832339752
3421,0.5679552511152093
3422,-0.32869315251553116
3423,-0.03928748070635517
3424,-0.3516445210272525
3425,0.5734834990523346
3426,0.3178697411199757
3427,-0.2670732940075904
3428,0.2660531369016473
3429,0.3322665180964109
3430,0.023677780711351255
3431,0.12880276009470487
3432,0.24020043986208411
3433,0.11354718125868365
3434,0.2968698044108585
3435,-0.41269794857830033
3436,0.06649134344612767
3437,-0.15331419925438808
3438,0.4362079328728325
3439,-0.01371889176096787
3440,0.01724552358404589
3441,0.7884352098326531
3442,-0.3099674995483065
3443,0.26233364963202954
3444,0.5655222872729551
3445,0.5320287278378135
3446,-0.5892435766095541
3447,-0.5352210480178801
3448,0.5472594931194966
3449,0.47415519318550864
3450,0.501986780362592
3451,-0.28504264719359523
3452,0.6272134060767794
3453,0.6150677484395645
3454,-0.5187034128595509
3455,-0.42667408424970427
3456,-0.2642142838659555
3457,0.6169938270508979
3458,0.5559582446864156
3459,0.012793300777578098
3460,-0.5655154719191441
3461,-0.6107955088389131
3462,-0.5134766364121501
3463,-0.5422015365210285
3464,-0.14712784412480814
3465,0.3148824834748056
3466,-0.2622327624282461
3467,0.332876006971639
3468,0.6450837827761328
3469,0.512841081908401
3470,-0.08052560786665025
3471,0.39436695957791196
3472,0.2672448727780342
3473,-0.09735528908672343
3474,-0.3584721158881463
3475,0.7217130738087654
3476,0.284354633721141
3477,0.7048166242322849
3478,0.09527966315101927
3479,-0.8095194558393856
3480,0.07869555766417427
3481,0.5505227374670499
3482,0.03150237238775812
3483,-0.3961166747001646
3484,0.5042128455899907
3485,-0.6843952068800289
3486,0.018356403382646772
3487,0.13899681111421724
3488,0.05294396313356035
3489,-0.45996070243286014
3490,-0.06507928371833922
3491,0.3335191993342415
3492,0.07965597006852312
3493,0.7337813495018032
3494,-0.4113629189361682
3495,-0.3886472001299515
3496,0.2865939062407908
3497,-0.13260904797597842
3498,0.45777091187463353
3499,-0.5786047541938115
3500,0.11508164815035347
3501,0.11940860663780216
3502,-0.1828484562371474
3503,0.5612382066967332
3504,0.965663606899269
3505,0.16394571578643083
3506,-0.1378447051693848
3507,0.13457472299361228
3508,0.16688534527936838
3509,0.4126106384099234
3510,-0.4376567791989641
3511,0.11379282768788002
3512,-0.8020040356238642
3513,-0.01061139111506907
3514,-0.03043038783304934
3515,0.13589632544105723
3516,0.29158184013155136
3517,0.015203360876988035
3518,0.24553822394626823
3519,-0.5278984132633271
3520,0.16044133306091998
3521,0.6896262170474845
3522,-0.1730856805789997
3523,-0.08600080395262538
3524,0.01327242702199098
3525,-0.0712833131930164
3526,0.026942414319580565
3527,0.16811885750849823
3528,0.55716703581448
3529,-0.2820090328183792
3530,0.10232670019439341
3531,-0.7926444784897951
3532,-0.029335811928230187
3533,0.2920111978645057
3534,0.3114327682684059
3535,0.5328013313135622
3536,-0.3343920085709992
3537,-0.12981511999707643
3538,-0.2831223303705029
3539,0.07986739224718423
3540,-0.4467285645446612
3541,0.19636713799677602
3542,0.04719033864726359
3543,0.17805572336983344
3544,-0.061102309204321074
3545,-0.24295596279782453
3546,-0.2897272095167584
3547,0.3287953522301495
3548,-0.5978110384673204
3549,-0.03094873607057105
3550,0.28801006130668316
3551,-0.06856454951182096
3552,0.4178551351472897
3553,0.5641317919955907
3554,-0.3605479549118864
3555,0.36091848005933597
3556,-0.3345556051571055
3557,-0.12883869730195135
3558,0.27137731093704875
3559,-0.2403666043923934
3560,0.14800327461687904
3561,-0.33381725761611386
3562,0.6606104898737057
3563,-0.15848343912768947
3564,0.28264165108916195
3565,0.3780577063231068
3566,-0.09743191505783023
3567,0.19926515090142782
3568,0.29633338374564966
3569,0.22396648430120078
3570,0.23549480791689162
3571,0.41713976220048865
3572,-0.25112422945450663
3573,0.6709294564250673
3574,0.11026133275699333
3575,0.27900323737828114
3576,0.5527150136956301
3577,0.3031527641547642
3578,-0.6076552591208079
3579,0.04045208710112083
3580,-0.025817177081175213
3581,0.5408447543101619
3582,-0.03010695682462756
3583,-0.4208312045040925
3584,0.48554602646567824
3585,-0.4274541935842487
3586,-0.30625255113212935
3587,0.3928391854454973
3588,-0.12943864764110935
3589,-0.004096322335597499
3590,-0.15714323323793022
3591,0.3085020419139367
3592,0.3635713305137172
3593,0.10357025735357141
3594,-0.1043558594814274
3595,0.652318750625188
3596,0.03761864517975412
3597,0.4040036263967133
3598,0.08837748084618567
3599,-0.14368045179171998
3600,0.528962937804795
3601,-0.15249991258424647
3602,0.013644299563564695
3603,0.7081211428484
3604,0.7663076967889881
3605,0.021486689494761846
3606,0.08542428299111528
3607,0.20274730765240745
3608,-0.46059235971065027
3609,-0.015560015306756398
3610,-0.4748141522258743
3611,0.2566490883073475
3612,0.051560609368770695
3613,0.25868981240890165
3614,-0.032802869830449
3615,-0.6717273314657388
3616,-0.621325477466484
3617,0.09320611764510059
3618,0.434905622591867
3619,-0.5701390288559448
3620,0.14898586359471302
3621,-0.34638333893288337
3622,0.3777355281974128
3623,-0.13125121059104455
3624,-0.856875437322043
3625,0.24896917247155886
3626,-0.03425433202630764
3627,0.5097499326184057
3628,0.3032111950991316
3629,0.20618533644890696
3630,0.660387479547879
3631,0.4902933924271726
3632,-0.6941824866282373
3633,0.6927732419391923
3634,-0.07728995793732626
3635,0.8565511153285429
3636,0.47043617736133503
3637,0.43822883541732877
3638,0.10886477824128328
3639,-0.14577681835527428
3640,0.15856612227445133
3641,0.037794301977496524
3642,0.7394656785333255
3643,-0.10846063677172885
3644,-0.16117202049576695
3645,-0.6127809758583269
3646,0.06331636310566713
3647,0.1726134732954493
3648,0.2666713239497279
3649,-0.6087015420165222
3650,0.950887304089289
3651,0.5651375739648749
3652,0.45009794671564884
3653,0.20540452975538998
3654,-0.3078354506435236
3655,0.5570162266446965
3656,0.5165156369871885
3657,0.02697790063327031
3658,-0.9295164602069761
3659,-0.4465696942362589
3660,-0.32062958100517225
3661,0.2774577724961097
3662,-0.07675896698204389
3663,-0.7643330222788364
3664,0.3260289879478342
3665,0.3714834967670376
3666,-0.5121723384843351
3667,-0.5358808768015876
3668,-0.24729316746535968
3669,-0.0008884565081446563
3670,0.02383157879365278
3671,-0.807593204793963
3672,-0.5367878950987413
3673,0.07780692770795165
3674,0.06697708879900112
3675,-0.5755199462479277
3676,0.40233694448042007
3677,-0.17599544138472453
3678,-0.2729148700103754
3679,0.8689659602491885
3680,0.5312134343823006
3681,-0.579161074111556
3682,0.8794633652668729
3683,0.24960157650587547
3684,-0.27859298109021946
3685,-0.22517486409184648
3686,0.002781862674657747
3687,0.6072887214895512
3688,0.43544855712017366
3689,-0.03659144271907661
3690,0.31883138041291387
3691,-0.03154339652599316
