,temp+eda_XAp0,temp+eda_XAp1,temp+eda_XAp2,temp+eda_XCond1,temp+eda_XCond2,temp+eda_XDist,temp+eda_XFuzz1,temp+eda_XFuzz2,temp+eda_XK2_1,temp+eda_XK2_2,temp+eda_XPermEn,temp+eda_XSamp0,temp+eda_XSamp1,temp+eda_XSamp2,temp+eda_XSpec
0,,0.0,0.0,1.7451883928774228,1.2206569183728777,0.9134859940249721,0.0012113027748664922,0.002999784184667285,,,0.6068309995095971,inf,,,0.15847853108260243
1,,0.0,0.0,1.4889770660697397,0.7923206975826356,0.9112106594040452,0.006449328057324808,0.0172417403158189,,,0.6380535849069913,inf,,,0.16964412448013647
2,,0.0,0.0,1.347241632463108,1.0480819096414973,0.8069581561622744,0.0194310936708347,0.04628610203511886,,,0.5490601803369085,inf,,,0.1606532244817542
3,,0.0,0.0,1.512606461228541,0.9148928009023944,0.8423113384624812,0.026365956649910052,0.05295542485289597,,,0.5915533975974677,inf,,,0.1691799853657814
4,,0.0,0.0,1.731995354451035,1.2672080829794834,0.9392198410099587,0.017661520809402587,0.043259530564155005,,,0.6153451465759925,inf,,,0.1658970496087051
5,,0.0,0.0,1.644252110394252,1.163061875247015,0.8885209115438996,0.03776872867807769,0.08355520255629748,,,0.524519217297268,inf,,,0.16559571112052998
6,,0.0,0.0,1.5979843798119044,1.3099792070022533,0.881212423427624,0.0346123503764714,0.07275881576773843,,,0.5748741956352443,inf,,,0.16275352989541544
7,,0.0,0.0,1.722510002000252,0.9411460030572862,0.9321766265031024,0.01806477267871061,0.043867303761985735,,,0.5713653840954815,inf,,,0.16560385646941098
8,,0.0,0.0,1.74795734659334,0.9790235571430601,0.935431170287769,0.029146127959579056,0.061721201414661545,,,0.5883313578629602,inf,,,0.1616626519540017
9,0.37284874396261086,0.0008438143518855329,0.00031574915854531635,1.7770620590913144,0.7403360765004865,0.9741683551331151,0.16265634944042479,0.2468975559980584,0.3315320539887243,0.36322993485576904,0.5713653840954815,3.1055471395611978,0.1754996409704961,0.20172225482427325,0.16321599564933195
10,,0.0,0.0,1.6456160136633253,1.5543148453089108,0.9355483609548707,0.450901840803673,0.5270404452967234,,,0.581717464821069,inf,,,0.1671088495855118
11,0.7450571927103329,-0.03760156408067381,-0.014375155400103971,1.6957937983832239,0.9890906668836926,0.9344101369508436,0.2141517248354327,0.26425534969441633,0.4106285806854745,0.302787689943712,0.5915533975974677,2.438277549193997,0.3138987099507683,0.19603649844124935,0.16338313409657212
12,0.5280268676713752,-0.025135130973068957,-0.012005138608764091,1.4324557964812932,0.49877617129976193,0.8766623722335716,0.3202904448115103,0.3302755846275108,0.3456987338487083,0.2367451852499401,0.5748741956352443,2.8372102097819325,0.26412952349830865,0.24600097559120362,0.18196295894662345
13,,0.0,0.0,1.5895211512721863,1.1643087397233842,0.8801129576275947,0.020269041759253856,0.03758383905970755,,,0.5451288209179292,inf,,,0.1618160418628913
14,,0.0,0.0,1.566234999644455,0.9640397049136391,0.8997735564465689,0.04453853209955507,0.07851739083273965,,,0.585052858160615,inf,,,0.17408455918154916
15,,0.0,0.0,1.4645884084458412,0.6600875900054812,0.873888478598525,0.05444141788219265,0.10880781626407682,,,0.5883313578629602,inf,,,0.16149604866497655
16,,0.0,0.0,1.6024612977020323,1.191952897955177,0.8921110811317036,0.10110193339270448,0.1841290924166014,,,0.581717464821069,inf,,,0.1684001939224099
17,,0.0,0.0,1.558448472535338,1.2341337316679784,0.8763634237926976,0.09775020422843213,0.18181061605347676,,,0.5783247308855777,inf,,,0.16967117146368585
18,,0.0,0.0,1.6249268248756277,1.2785510250006993,0.9090963941964052,0.06896128980839081,0.13702414323201356,,,0.6233814453054027,inf,,,0.1632294469080683
19,,0.0,0.0,1.7211312323793873,0.7558225101467968,0.9413808930074011,0.03497106611571293,0.07748014515211986,,,0.6284777104787076,inf,,,0.16652736562259624
20,,0.0,0.0,1.5196812255124013,1.0205199358541848,0.8705943636978536,0.03171991466196269,0.06783596670815817,,,0.5883313578629602,inf,,,0.16200365810746037
21,,0.0,0.0,1.7705330358779003,1.1887206594953077,0.9603068779318957,0.018810151205655132,0.048493999220993164,,,0.5490601803369085,inf,,,0.15652633165384228
22,,0.0,0.0,1.6837101024250383,1.0560712504542742,0.9048507212927615,0.02986305422583161,0.06901362037689945,,,0.6038851895711802,inf,,,0.16813172119916073
23,,0.0,0.0,1.6273666017758088,1.143111094988678,0.8988675792407278,0.02161206699833636,0.0554231101550423,,,0.585052858160615,inf,,,0.16717372447721454
24,,0.0,0.0,1.4934393868855458,1.0533813734187742,0.832338846559703,0.019478714509556173,0.05079016879463001,,,0.6180765742263259,inf,,,0.1724593566833639
25,,0.0,0.0,1.5855225677450755,1.232646727959084,0.8996506938861646,0.08475656088022879,0.15864299214421063,,,0.6068309995095971,inf,,,0.1571392117611834
26,,0.0,0.0,1.765765049722288,1.4330402175356443,0.9571701333177595,0.03704873934330222,0.07953900692791449,,,0.6125606311107803,inf,,,0.16270377671363057
27,,0.0,0.0,1.491799727614459,0.8228326679506754,0.8698683167609358,0.024296249526462824,0.061492740315556016,,,0.5783247308855777,inf,,,0.16303822100897086
28,,0.0,0.0,1.5764469901405194,1.0270966663951893,0.8859825815354239,0.010050270964684882,0.023422284797064433,,,0.6180765742263259,inf,,,0.16216972210480265
29,,0.0,0.0,1.4063871256899858,0.4973308955127327,0.8612987688338093,0.04920852936983033,0.08399868893468995,,,0.5451288209179292,inf,,,0.17285698952484121
30,,0.0,0.0,1.6867481403809268,0.8858042749323196,0.9586997891777543,0.009262430582102313,0.023162023022122235,,,0.5158180382284114,inf,,,0.16828192562324548
31,,0.0,0.0,1.6553952093817104,0.9591363927013675,0.9032732073337513,0.0010713227372571082,0.002520380481474027,,,0.6447042257417027,inf,,,0.16349453323216667
32,,0.0,0.0,1.5003288987611758,1.0600802672762668,0.8564795295103038,0.0014779714064458878,0.003551894293191039,,,0.5748741956352443,inf,,,0.16536156493646992
33,,0.0,0.0,1.6527871327856354,1.1288512147976444,0.9063357270752022,0.0011861004198903881,0.002873767873550344,,,0.6125606311107803,inf,,,0.16425112018491964
34,,0.0,0.0,1.4894209646400376,1.2285801952781654,0.9030414260186622,0.0036831607082015087,0.010683443038099451,,,0.5451288209179292,inf,,,0.16831361893334776
35,,0.0,0.0,1.6273476597122154,1.168831333620247,0.9091007395647936,0.0015046816173002538,0.0042772798479768954,,,0.581717464821069,inf,,,0.16787411417301998
36,,0.0,0.0,1.735038249473553,1.4194971278216715,0.8827214702280961,0.001250004044428169,0.003207890471783481,,,0.5604843169999094,inf,,,0.16413270089579135
37,,0.0,0.0,1.7029393192343636,1.3272700582449914,0.900120637243801,0.006430279216309536,0.013757127565524392,,,0.5915533975974677,inf,,,0.18385753415777042
38,,0.0,0.0,1.660499934745483,0.8886173497320211,0.936265834701148,0.0006595817399921221,0.001743553972076017,,,0.581717464821069,inf,,,0.16821601731454322
39,,0.0,0.0,1.630386327296576,0.9363966929015133,0.9639672600151425,0.0025664475154231884,0.006844983986891139,,,0.5641709578113449,inf,,,0.16780915258179546
40,,0.0,0.0,1.6444288894248391,0.9419001737187158,0.9087707640137208,0.0014354812309634159,0.0036651876376056656,,,0.552929491858785,inf,,,0.1629643694249621
41,,0.0,0.0,1.6648678386768037,1.0885582007484556,0.9446373464440228,0.0020803273804055286,0.005570223167896965,,,0.5978297680564633,inf,,,0.16834901927163295
42,,0.0,0.0,1.6355934556075367,1.2613048539114458,0.8360249189448403,0.0023279604263819055,0.0065840295074283545,,,0.5915533975974677,inf,,,0.16714138943915327
43,,0.0,0.0,0.5386281111228168,0.4415615157789489,0.8467641039815236,0.0013690987557838333,0.0034182227797610694,,,0.6528756675646988,inf,,,0.16448807229756382
44,,0.0,0.0,0.5910699172308086,0.24303598946534397,0.8928689309460505,0.0009395635301396708,0.002058308039400244,,,0.5677978065141052,inf,,,0.16739831308421985
45,,0.0,0.0,0.9543252040034972,0.47229411286229456,0.7775733416173365,0.004946190923542638,0.010081880834423235,,,0.5713653840954815,inf,,,0.16781856060719236
46,,0.0,0.0,0.5049044088452312,0.37623406449400343,0.7752254651903153,0.0012658088497620645,0.003054171733738744,,,0.5490601803369085,inf,,,0.16922829491079422
47,,0.0,0.0,1.6518274179861467,1.002791370488748,0.9329659475028663,0.00043763746777725584,0.0010219201234188667,,,0.6380535849069913,inf,,,0.16101684006187555
48,,0.0,0.0,1.5352807413484575,1.0724016465868158,0.9421801825951713,0.0015185955841892627,0.004274860332309344,,,0.5641709578113449,inf,,,0.15913286894018316
49,,0.0,0.0,1.506074636817811,1.0495908428797514,0.8791157204651269,0.0011482988180238313,0.0030868965565113136,,,0.6357360191111145,inf,,,0.16261894625641446
50,,0.0,0.0,1.2553787854190284,0.5460151912926748,0.73091583824538,0.0004008265651036488,0.0010510631704279878,,,0.6468212168108125,inf,,,0.15952986750303624
51,,0.0,0.0,1.3333366009088485,0.6415145969963485,0.912711668801354,0.0008827650189764601,0.002566549980207908,,,0.6008849035917525,inf,,,0.16443137023250434
52,,0.0,0.0,1.5873316979728616,1.1137752105687149,0.9431716838085528,0.00023429173360626194,0.0005187594650369364,,,0.62595550513784,inf,,,0.1631981604071698
53,,0.0,0.0,1.6766133761680986,1.0114992855470593,0.9393749840684577,0.0006190791748193714,0.0016697263037059509,,,0.5947193981915972,inf,,,0.1648429955239447
54,,0.0,0.0,1.4766429404421921,0.7235505611669224,0.9305490769034962,0.0005299044316794681,0.00140574308121826,,,0.6038851895711802,inf,,,0.16529328351844394
55,,0.0,0.0,1.0041690141094348,0.48932720194884777,0.9007256224717268,0.000534314472197415,0.0013899256022067157,,,0.5883313578629602,inf,,,0.16463575102327804
56,,0.0,0.0,1.3491823670544854,0.9708888193301825,0.6817248447890791,0.0008209235968144974,0.002141858226238378,,,0.6125606311107803,inf,,,0.16278394393113935
57,,0.0,0.0,1.3549690862837103,1.1218456490233462,0.9381618215306227,0.00112473489807767,0.0029796670393417305,,,0.6233814453054027,inf,,,0.16366612703520456
58,,0.0,0.0,1.7046876347158586,1.1502027184554402,0.8382230087495801,0.0003004043151514778,0.0006852936701548101,,,0.6425374456860184,inf,,,0.16375697283038648
59,,0.0,0.0,1.5213287442942962,0.7996218894533644,0.8987177681704935,0.0004982004038959907,0.001334067700314046,,,0.6153451465759925,inf,,,0.16408319122341883
60,,0.0,0.0,1.5112308598355009,0.7075108440147879,0.9281460298287154,0.000926309934055,0.002482400608327341,,,0.5783247308855777,inf,,,0.1631643764195817
61,,0.0,0.0,1.2974707123332208,0.9562368311062457,0.8887845225239449,0.0007872714069217153,0.0021538233835151524,,,0.6125606311107803,inf,,,0.16359086101195713
62,,0.0,0.0,1.6657210742892412,1.0553860637991168,0.8548264569047972,0.0004031713977316895,0.0010126710684539907,,,0.6380535849069913,inf,,,0.16086383160156206
63,,0.0,0.0,1.5228669782754625,0.9209447108926733,0.9200033997396108,0.000218351386855553,0.00042485718078807847,,,0.6380535849069913,inf,,,0.16261669763028944
64,,0.0,0.0,1.4832046970545218,0.8369702667158249,0.8405199488275907,0.0004236395742014703,0.0011345711068482503,,,0.6309483474627791,inf,,,0.16318930658131167
65,,0.0,0.0,1.6500232667347108,0.936619622351843,0.9023180740915057,0.0005333680704924758,0.0013498999675535743,,,0.6233814453054027,inf,,,0.1653230583194736
66,,0.0,0.0,1.639528861564655,1.0416917986805019,0.908319492529355,0.00021037341179332874,0.0004405850625284227,,,0.6333676938231112,inf,,,0.16327426446801788
67,,0.0,0.0,1.2813474057696435,1.01412967155368,0.8132408915419821,0.0003850170211216929,0.0009168373305407002,,,0.585052858160615,inf,,,0.1604236049445878
68,,0.0,0.0,1.4867654106005461,0.967124535115137,0.8957611696775657,0.0002279662360245274,0.0004493683055140799,,,0.6309483474627791,inf,,,0.16479546493142866
69,,0.0,0.0,1.1677237626919557,0.44478057348542444,0.9028735001516536,0.0003302610453768097,0.0007969534875767094,,,0.6008849035917525,inf,,,0.16447498183886186
70,,0.0,0.0,1.1871091321883083,0.9451646224635601,0.9199884134728615,0.00029368071689526043,0.0006537627073733916,,,0.6008849035917525,inf,,,0.16354156543795353
71,,0.0,0.0,1.0950019668059177,0.9041155166350382,0.8821555327942027,0.00022084438021035703,0.00046772953755858717,,,0.6068309995095971,inf,,,0.16228154900738126
72,,0.0,0.0,1.7448099601884248,0.7014019115332355,0.8947041361191773,0.0002152756657300683,0.0004205304358394248,,,0.6333676938231112,inf,,,0.16315066018452318
73,,0.0,0.0,1.7569609248584295,0.7115439484257605,0.8965266452439375,0.0001938003274212714,0.00034879683391394003,,,0.6153451465759925,inf,,,0.16343388444144533
74,,0.0,0.0,1.6731650669208566,1.2261762966508698,0.8648863549550154,0.00018319596035948306,0.0003419850336895179,,,0.6528756675646988,inf,,,0.1635753991802701
75,,0.0,0.0,1.533633676263296,1.2621592480580728,0.7856801849551752,0.00018049367519892823,0.00036504294542893755,,,0.6097226960127671,inf,,,0.1631311039064088
76,,0.0,0.0,1.1682126185327244,0.3312207118924644,0.928711822670403,0.0002131021003223528,0.00042576061406481334,,,0.6153451465759925,inf,,,0.16246460553154984
77,,0.0,0.0,0.7610236106917578,0.1230020478519771,0.8431214277749924,0.002413538197308581,0.0044306236296617245,,,0.6038851895711802,inf,,,0.16783489127362353
78,,0.0,0.0,1.1730881657654302,0.8165933446102289,0.8985657954146241,0.00038116557212938417,0.000865703426882554,,,0.5287703885177266,inf,,,0.17897776814980218
79,,0.0,0.0,0.1330423204975338,0.08036744323243557,0.7005018332677418,0.005057311168474264,0.008909647768560553,,,0.6180765742263259,inf,,,0.19778094946731672
80,,0.0,0.0,0.687956736412162,0.16630057623697334,0.6606760243393365,0.0013051913719763655,0.0029863040149230797,,,0.6038851895711802,inf,,,0.173574351844718
81,,0.0,0.0,0.9261943440571178,0.7457846926196403,0.8748572547897937,0.000199524708014982,0.0003517745995053056,,,0.6207552362147116,inf,,,0.16319745240619238
82,,0.0,0.0,1.2372000261882725,0.5477026332631791,0.8483822862983827,0.0001784372689276676,0.00033439232823018693,,,0.6333676938231112,inf,,,0.16522244242888456
83,,0.0,0.0,1.0656315430965486,0.6317418155192237,0.7991555479476531,0.0002432298154124899,0.0005400481985483065,,,0.5947193981915972,inf,,,0.17867753282658258
84,,0.0,0.0,1.6839810929527488,1.456486368795638,0.9494060858933973,0.003805884651481135,0.00991891119382284,,,0.5490601803369085,inf,,,0.1739446318208535
85,,0.0,0.0,1.750183766629713,1.7107654193823894,0.9651085278986509,0.011656117018176681,0.028645860701031728,,,0.5748741956352443,inf,,,0.1633261059391839
86,,0.0,0.0,1.6300423888197664,1.115277040002153,0.9408988341128742,0.00864044669881408,0.02041245348031591,,,0.5883313578629602,inf,,,0.16307335158255992
87,,0.0,0.0,1.5524576143414266,1.1075579025451932,0.8690389632079841,0.006385191963712461,0.016847171235385486,,,0.5915533975974677,inf,,,0.16398119779053877
88,,0.0,0.0,1.6945398199641415,0.9392126567188658,0.9175065438748914,0.002166910214568766,0.005795845544582586,,,0.5713653840954815,inf,,,0.1648063581150782
89,,0.0,0.0,1.513475172612837,0.6768246567009448,0.9120943954567001,0.006935263506916947,0.017532061347435436,,,0.581717464821069,inf,,,0.1669877775936629
90,,0.0,0.0,1.52517906167715,1.1154044093311717,0.8689788117454412,0.004008788485533845,0.010416035050800033,,,0.5883313578629602,inf,,,0.1669555228555251
91,,0.0,0.0,1.649492573525078,1.0233631827223102,0.8932831817755353,0.009006687151548563,0.02319678641126271,,,0.581717464821069,inf,,,0.1635957526521719
92,,0.0,0.0,1.7175237394903604,0.8410384474348573,0.9438163478292909,0.00392461166276223,0.010369231574874585,,,0.6233814453054027,inf,,,0.16378696445934318
93,,0.0,0.0,1.667184679370731,1.264840318968867,0.9241725314564041,0.008813186643097966,0.022371181622218024,,,0.6153451465759925,inf,,,0.16298755476676646
94,,0.0,0.0,1.366882196908499,1.329248495590156,0.7933694732649162,0.012648999800321487,0.03093960600433098,,,0.6180765742263259,inf,,,0.16163173909545395
95,,0.0,0.0,1.3691339247412935,1.1091886363650247,0.8284736390233585,0.008936306532741665,0.0221486693046412,,,0.5713653840954815,inf,,,0.16495679510232822
96,,0.0,0.0,1.6667953658211168,1.0473930053893752,0.9383878988038464,0.011876053433152301,0.029128638338280586,,,0.5713653840954815,inf,,,0.16355310566673664
97,,0.0,0.0,1.607200932505436,1.483591523506792,0.8960002938004744,0.01254710320391523,0.03144934318096191,,,0.581717464821069,inf,,,0.16451556898404526
98,,0.0,0.0,1.4356339093748187,1.1229831562606518,0.8124205206901666,0.02163308364469313,0.05479304789609557,,,0.6068309995095971,inf,,,0.16629378554706312
99,,0.0,0.0,1.560542943155626,1.1403499653949551,0.8709973600603051,0.024075709888152504,0.05735374964592884,,,0.5748741956352443,inf,,,0.1583315052694686
100,,0.0,0.0,1.6291863826941255,1.270107179996475,0.8846206348401343,0.004877903586403032,0.013201327974238682,,,0.5713653840954815,inf,,,0.16298602218128103
101,,0.0,0.0,1.746718294235909,0.9907611634205673,0.9645211338811476,0.003179524928224674,0.008440128943736929,,,0.581717464821069,inf,,,0.16427890906108766
102,,0.0,0.0,1.7042773844499528,0.8941251544027345,0.953571042673721,0.0004065526716376212,0.0009954098253686402,,,0.585052858160615,inf,,,0.16726106000169746
103,,0.0,0.0,1.7535532297421985,0.6571812216601775,0.9283642725585324,0.00019492610259882762,0.0003668885797022843,,,0.5713653840954815,inf,,,0.16441032108211728
104,,0.0,0.0,1.7727681876932329,0.7123486018748181,0.928591718775851,0.00017785774874236972,0.0003145121380046021,,,0.6333676938231112,inf,,,0.164149757865542
105,,0.0,0.0,1.487461667665499,1.1887950459170185,0.8990431367214645,0.000268125504921121,0.0005277884491901434,,,0.5947193981915972,inf,,,0.16505333558950663
106,,0.0,0.0,1.6809964158308999,0.609775879310739,0.922590317943149,0.00017578715861859588,0.00034646345521910816,,,0.6125606311107803,inf,,,0.1637597325196224
107,,0.0,0.0,0.8849683908606597,0.6091422639191766,0.9151522338635149,0.00029737530152089756,0.0006205202770231699,,,0.6097226960127671,inf,,,0.1634169460157368
108,,0.0,0.0,1.478748859671984,1.0560233795443454,0.8544690111471709,0.0003668995091851317,0.0008829454777823209,,,0.6038851895711802,inf,,,0.16070112243797247
109,,0.0,0.0,1.466093096292442,1.378042390974141,0.8841185992946551,0.0003643126869110022,0.0008277766760073826,,,0.585052858160615,inf,,,0.16307498052882546
110,,0.0,0.0,1.6864416956120725,1.285592638931267,0.8780953153440312,0.0006386560898359783,0.0016697788442389164,,,0.5783247308855777,inf,,,0.16469274675989012
111,,0.0,0.0,1.6360365231271907,1.3377452104922318,0.8814895363670682,0.0010896941316444679,0.0029289659849540263,,,0.5883313578629602,inf,,,0.1636186835474711
112,,0.0,0.0,1.5815596199821635,0.9879446005304398,0.9041039153124891,0.0017042718037776862,0.004501957206083575,,,0.5883313578629602,inf,,,0.16258567623354506
113,,0.0,0.0,1.6807084556040466,1.019044070719783,0.9408417059276316,0.004850898509482826,0.012643683103836125,,,0.6284777104787076,inf,,,0.16436590293465925
114,,0.0,0.0,1.5777763240346456,1.389414566177651,0.8913077750833641,0.007779988277468317,0.020854787717246033,,,0.5947193981915972,inf,,,0.16007002517238844
115,,0.0,0.0,1.6287462360073277,1.2792324437944442,0.8711227528681168,0.0032989741192894985,0.009068370089674595,,,0.6233814453054027,inf,,,0.16315757543594253
116,,0.0,0.0,1.576597693046456,1.2308363074294022,0.8625245146270294,0.0032033063914856854,0.008702405642105629,,,0.5978297680564633,inf,,,0.16314645837594768
117,,0.0,0.0,1.4266981785551642,0.9034092801290904,0.8402804076836085,0.003046699916341336,0.008101467732610204,,,0.6068309995095971,inf,,,0.1628196258376675
118,,0.0,0.0,1.2504475237153492,1.1947778414068975,0.7639224848531688,0.0026154915210675977,0.007204589550902493,,,0.5915533975974677,inf,,,0.1630102401199816
119,,0.0,0.0,1.6918708391636497,1.0627062563185041,0.912835691967176,0.0011524264978980577,0.0027810431626932516,,,0.552929491858785,inf,,,0.16268617384200493
120,,0.0,0.0,1.7514363243208535,0.7326374023321559,0.9270618694029753,0.00022384220993829215,0.00042193921585403275,,,0.6038851895711802,inf,,,0.1644066874953412
121,,0.0,0.0,0.16921395908888537,0.15260387404001705,0.5206568911812791,0.010295949554395748,0.007367939116671414,,,0.5677978065141052,inf,,,0.16380835520062237
122,,0.0,0.0,1.2760405193709667,0.7175708474201509,0.8213516288223353,0.0003658264657822078,0.0007736273531246297,,,0.6153451465759925,inf,,,0.1660725540763381
123,,0.0,0.0,1.6446939498205202,1.3315675821019164,0.9239678870005098,0.001273879015612163,0.003293438143044618,,,0.6008849035917525,inf,,,0.15727408490041161
124,,0.0,0.0,1.7321497390215357,1.56934186002946,0.9611199962810284,0.0006127166974230644,0.0015928703205400861,,,0.5604843169999094,inf,,,0.16900085003833312
125,,0.0,0.0,1.6368224102718651,0.9969758630696777,0.9188963030280024,0.002238157231807814,0.005865874097579708,,,0.5915533975974677,inf,,,0.16701486695654058
126,,0.0,0.0,1.6818395742625312,1.2807760424343224,0.9249238172742174,0.011185058145608032,0.02616909015634488,,,0.6097226960127671,inf,,,0.15780308451906236
127,,0.0,0.0,1.6299543897842539,0.5710847268203033,0.925939247792462,0.00041332743282798836,0.0009463756796936509,,,0.5915533975974677,inf,,,0.16922900049656434
128,,0.0,0.0,1.7180394193856268,1.0330789116108303,0.921852403668843,0.00018075563100078206,0.00032432888480037715,,,0.6180765742263259,inf,,,0.16506620041110412
129,,0.0,0.0,1.6869025029667943,1.0980411775422922,0.894751817271614,0.000200388865425572,0.00035836346910147684,,,0.6207552362147116,inf,,,0.16403950716253632
130,,0.0,0.0,1.1216006844078372,0.6853584082158314,0.8394616807915076,0.00021414797657048649,0.00041932289616135993,,,0.6309483474627791,inf,,,0.16452440056273537
131,,0.0,0.0,1.526226376422752,0.7656249956408614,0.9191776395950363,0.00014078770442810444,0.0002647984980459875,,,0.6153451465759925,inf,,,0.1635693618225997
132,,0.0,0.0,0.9547739710783696,0.49094139198497466,0.8795701420102715,0.0002099182981438672,0.0004125947500466056,,,0.6068309995095971,inf,,,0.1634598628953985
133,,0.0,0.0,0.26372692200671044,0.16213889960584393,0.7873432794221915,0.0008869503405338058,0.0017883737547225796,,,0.6008849035917525,inf,,,0.16476051007878348
134,,0.0,0.0,1.6506414143815409,0.7628135660757215,0.9224721182801928,0.00022159084940876015,0.0003702108998434141,,,0.6233814453054027,inf,,,0.163758184647878
135,,0.0,0.0,1.3776399159341284,0.8824570844082151,0.8872185613157112,0.0002783450161972281,0.0005811106738268611,,,0.5978297680564633,inf,,,0.1620428247311407
136,,0.0,0.0,1.4840070879293612,1.3144785325461965,0.8644209018773489,0.0003752240078382317,0.0008210304322007038,,,0.5915533975974677,inf,,,0.1625168908776352
137,,0.0,0.0,1.5490129910452934,1.2902889144520169,0.8887260606033597,0.00041285242033481086,0.0009535042233079662,,,0.6380535849069913,inf,,,0.16422533424601912
138,,0.0,0.0,0.8497190169123516,0.7193025855804949,0.8433719563797681,0.000616415353999567,0.0012580826207863247,,,0.5947193981915972,inf,,,0.1646517133452409
139,,0.0,0.0,1.2690949756605332,0.9401014031082805,0.8046852947629415,0.0002627160044689078,0.00047899257890138687,,,0.6125606311107803,inf,,,0.16301045824037935
140,,0.0,0.0,1.1914410820850216,0.8289751698326995,0.7886734322835877,0.00018777588046914076,0.0003859320802293089,,,0.6008849035917525,inf,,,0.16183127782338197
141,,0.0,0.0,1.7482649380864808,1.5689327921160345,0.8286848055561342,0.00020014483831631619,0.0003581061684614746,,,0.6380535849069913,inf,,,0.16330377268457405
142,,0.0,0.0,1.7136821985136406,1.0897394870245523,0.9535836237084664,0.0002136189899980547,0.0003795835734348546,,,0.6425374456860184,inf,,,0.16351720695308497
143,,0.0,0.0,1.7299259143400583,1.2040733717034342,0.9425641069378069,0.00020042014733028153,0.00038468069009957946,,,0.6309483474627791,inf,,,0.16276337593015835
144,,0.0,0.0,0.7975530810656714,0.3285995674900266,0.8271291119430584,0.0002768967264123254,0.0005291718881483491,,,0.5883313578629602,inf,,,0.16407932357176883
145,,0.0,0.0,1.6298075121091453,0.7267451872151363,0.8649128450478454,0.00021352916240466085,0.0003822692241869266,,,0.6425374456860184,inf,,,0.1634515856489025
146,,0.0,0.0,0.6571684335208728,0.3191645008610601,0.818009732569875,0.0005326235008268807,0.0011465729473236555,,,0.6357360191111145,inf,,,0.16465151633395808
147,,0.0,0.0,1.705009934981863,0.7258829726928158,0.9613173384913181,0.00020739160635363914,0.0003596168161037782,,,0.6233814453054027,inf,,,0.16336454163532876
148,,0.0,0.0,0.25251842945491937,0.10532559293694489,0.92378586744488,0.00023832778506702892,0.0004705475430521048,,,0.62595550513784,inf,,,0.1637617968660103
149,,0.0,0.0,0.9990013478473072,0.6802542758825244,0.8915932101027888,0.00021979952365236825,0.0004069965529070621,,,0.6566669596287297,inf,,,0.16319909214297662
150,,0.0,0.0,0.37821336372540226,0.30306852751845886,0.8904112828659169,0.0002627215816418389,0.00048737517391900324,,,0.6284777104787076,inf,,,0.1635150425650504
151,,0.0,0.0,1.5807142796477711,1.0267531776451677,0.9343954821930636,0.000170033124913753,0.00033755750091777866,,,0.552929491858785,inf,,,0.1634393207395645
152,,0.0,0.0,1.2666459706155702,0.6788287281962954,0.8293078381673434,0.0002205907207462262,0.00040630711064327716,,,0.5947193981915972,inf,,,0.16381751822929952
153,,0.0,0.0,1.6780455419334879,1.3196878641400078,0.8491967863209595,0.00018142358287408892,0.00035207385615659685,,,0.6309483474627791,inf,,,0.16343808151207712
154,,0.0,0.0,1.7328627096878915,1.412934652157096,0.8179308916890303,0.00013117725977748447,0.00021993396591001377,,,0.6357360191111145,inf,,,0.16342945674046605
155,,0.0,0.0,1.298286376586704,1.0275377074960832,0.8207260494213864,0.00017257057942269646,0.00035533871097150743,,,0.6097226960127671,inf,,,0.1637743101194923
156,,0.0,0.0,0.977933353628626,0.6010546926882527,0.8366888279429731,0.002962450372602365,0.007167946664481565,,,0.6180765742263259,inf,,,0.16590779690213095
157,,0.0,0.0,0.7703034960276764,0.5871412589171552,0.41301780932708776,0.016049989323206625,0.024249327299249817,,,0.5713653840954815,inf,,,0.15725550367076785
158,,0.0,0.0,1.4455066178607812,0.7080225493008384,0.8806859103238475,0.03194393756063835,0.06455193689588237,,,0.5451288209179292,inf,,,0.1526735297281297
159,,0.0,0.0,1.213366314530673,1.0582333131159123,0.7421485070051442,0.3120953507990328,0.36326513515945635,,,0.5947193981915972,inf,,,0.1845667447088127
160,,0.0,0.0,1.6561797850773259,1.3435697900830788,0.88378507263114,1.4587713250920564,1.8847124251280227,,,0.48319206230712763,inf,,,0.18157294569910737
161,,0.0,0.0,1.7028591336440715,1.426254981213858,0.9168156339044742,1.548213878228117,1.667364309666502,,,0.6207552362147116,inf,,,0.18997591270301067
162,,0.0,0.0,1.6805802098473956,1.6146508122300578,0.926321245603144,1.818159800509073,2.159521187145599,,,0.6038851895711802,inf,,,0.18136812943017788
163,,0.0,0.0,1.5986876237756906,1.5649774678988162,0.8927547811672353,1.5778895220357483,1.8139963787034876,,,0.6284777104787076,inf,,,0.1845272580425285
164,,0.0,0.0,1.7004813806389312,1.600367462720392,0.914549370301962,1.4561461512635105,1.9868735605284635,,,0.5978297680564633,inf,,,0.18450452126541794
165,,0.0,0.0,1.6330215735443474,1.5840283067274814,0.8655641175576555,1.679210593463205,1.8764734675034735,,,0.6566669596287297,inf,,,0.18817898722416418
166,,0.0,0.0,1.2402560788408665,1.1908776523576414,0.7337417885884312,1.0056707441827444,1.2487000157825756,,,0.5978297680564633,inf,,,0.20003294389195123
167,,0.0,0.0,1.508317272917469,1.1528792285597045,0.8779207053909109,0.8507529872953408,0.8458402769052287,,,0.6566669596287297,inf,,,0.18885196033112153
168,,0.0,0.0,1.4359501633528842,1.3554081171172208,0.815098794475836,1.1814324832859335,1.4046702590822697,,,0.6284777104787076,inf,,,0.20095741829123495
169,,0.0,0.0,1.4276985475253638,1.3555632049675428,0.8405617247544337,0.5738927453400574,0.7859756523993918,,,0.6528756675646988,inf,,,0.18860365257103187
170,,0.0,0.0,1.5073564186008381,1.432660062127237,0.8651406161266468,0.4922492307957969,0.6634820616665884,,,0.5947193981915972,inf,,,0.1888442731561249
171,,0.0,0.0,1.5811873358555144,1.1454165190041738,0.8590219256423136,0.6340370729438304,0.9143909790863852,,,0.5567373465730988,inf,,,0.1812312219544584
172,,0.0,0.0,1.597633130063022,1.272353837088518,0.8404184711055254,0.6468481782788839,0.887643250246809,,,0.5329562494928909,inf,,,0.1845381015650377
173,,0.0,0.0,1.6916302033192352,1.4932838417786747,0.8925936410148291,1.0888405556506124,1.176263214934283,,,0.5329562494928909,inf,,,0.17698139665828122
174,,0.0,0.0,1.3616565345077742,1.3130074379918946,0.814626675423848,1.6536672144914546,1.9807681894354767,,,0.6038851895711802,inf,,,0.19629617225559642
175,,0.0,0.0,1.6440786634965905,1.5741639670721592,0.9059591214369788,2.5798445332836684,2.516542308914721,,,0.62595550513784,inf,,,0.18554823075181578
176,,0.0,0.0,1.4770926059896852,1.4199806121953271,0.8489812313502846,1.858826869142958,2.168301934199925,,,0.6309483474627791,inf,,,0.20589938696918364
177,,0.0,0.0,1.6594335849545458,1.4406484435800102,0.9457510489822734,1.6527786929390929,1.0459609507176453,,,0.5915533975974677,inf,,,0.18622069494914806
178,0.5777479909663202,0.01968836910571539,-0.0012337432052701852,1.5313466109946101,1.2958175155384193,0.8340564920947637,0.9110097374575281,0.3404120493671996,1.4258655952707846,4.771021777415677,0.6380535849069913,3.4055401310962923,0.9527699769602732,1.149357487673345,0.20869475048782996
179,,0.0,0.0,1.5543429871044183,1.5095019137513839,0.9137484769199052,1.0342216171429697,0.7641315982460368,,,0.6207552362147116,inf,,,0.17879436879508048
180,,0.0,0.0,1.5216218290998582,1.4814467722273439,0.8479632286782143,1.3495775996652755,1.5834030145393632,,,0.6528756675646988,inf,,,0.1729656314576272
181,,0.0,0.0,1.5611423648846798,1.512676250914819,0.8759985287231793,1.266952199832386,1.5759991186772675,,,0.6468212168108125,inf,,,0.17772265556772376
182,,0.0,0.0,1.4253520026846092,1.259641486891104,0.7889369372632574,0.9423853235275947,1.1310228283958998,,,0.6584896970785714,inf,,,0.18760875610334532
183,,0.0,0.0,1.5748882625601839,1.5185929627882038,0.834346117773072,0.7447457394616981,1.045207880898955,,,0.6684167106117298,inf,,,0.18600892180470754
184,,0.0,0.0,1.3706195631891354,1.3682533269459234,0.8406204460438559,0.8569707638398403,1.099055768045658,,,0.6284777104787076,inf,,,0.18411766794776965
185,,0.0,0.0,1.6205943206944122,1.5831411919037313,0.9147628231426863,0.5776907530460809,0.8561823358477746,,,0.6309483474627791,inf,,,0.1865749490421584
186,,0.0,0.0,1.5720498305099666,1.4022947283142302,0.8772202387429413,0.19868617936061225,0.3323212484008779,,,0.5713653840954815,inf,,,0.19812037967047527
187,,0.0,0.0,1.499166784660601,1.4678270927604016,0.8828116554421322,0.34223325258448695,0.5261443762124229,,,0.6097226960127671,inf,,,0.1775521819733585
188,,0.0,0.0,1.2860315554323807,1.1548412916753537,0.7976221740994829,0.20329239296274726,0.32014943025792164,,,0.5978297680564633,inf,,,0.18066631950581702
189,,0.0,0.0,1.475788908895536,1.3843010737748926,0.8706591450219515,0.327896318580171,0.5229265649023107,,,0.6380535849069913,inf,,,0.1741858425902194
190,,0.0,0.0,1.4277111863493341,1.3542517078470797,0.9063905886682131,0.24071037114682448,0.3226802471142197,,,0.6284777104787076,inf,,,0.17741672748742085
191,,0.0,0.0,1.3284110817748798,0.96235649132226,0.8778469920863244,0.05408722938166804,0.08140327012065679,,,0.6528756675646988,inf,,,0.16010703739579504
192,,0.0,0.0,1.50740113561608,1.448586737010229,0.8483116609730954,0.12924932081861112,0.16806946075988893,,,0.6180765742263259,inf,,,0.17372252687260753
193,,0.0,0.0,1.4880656221719903,1.1320904267267646,0.8602148188748796,0.16705033303820266,0.1917091769751001,,,0.6357360191111145,inf,,,0.16085125976299752
194,,0.0,0.0,0.6636658536910494,0.4085522990641376,0.8727741739806553,0.007347713533959578,0.011633713484756003,,,0.6153451465759925,inf,,,0.16575588578918532
195,,0.0,0.0,1.3819921967708166,1.170350862675087,0.8151910872591008,0.12833131071339837,0.14413592984895265,,,0.5748741956352443,inf,,,0.15593730916882564
196,,0.0,0.0,1.495333045651174,0.9713873036380373,0.8025291322122647,0.010197452634919656,0.022327139331467738,,,0.6038851895711802,inf,,,0.1765659860092806
197,,0.0,0.0,1.5671138617265585,1.3098359865912588,0.8817304492660056,0.02172025722618323,0.0535219781918751,,,0.5883313578629602,inf,,,0.15968447305066413
198,,0.0,0.0,1.4312415193235781,1.2086187725073878,0.8324313497968165,0.013386179885035073,0.029612568896200654,,,0.6180765742263259,inf,,,0.16503680277990937
199,,0.0,0.0,1.4212600737109262,1.2094484652272344,0.834951121544305,0.008542866537252948,0.02168271503936997,,,0.6403206450210053,inf,,,0.16389780176278293
200,,0.0,0.0,1.6107984564296407,1.2353156224036643,0.9243239196846521,0.056356598604118124,0.10037112135609305,,,0.5748741956352443,inf,,,0.16125566577763775
201,,0.0,0.0,1.572058042868267,1.149931416723931,0.9625353530970366,0.04393084719804376,0.0690040507851188,,,0.5883313578629602,inf,,,0.16762119453422175
202,,0.0,0.0,0.5082344142120101,0.1327556745539538,0.7594459783602735,0.008962728749635602,0.012102035422881989,,,0.5947193981915972,inf,,,0.24566861735704876
203,,0.0,0.0,1.7116472787926726,1.0862523244782916,0.9414581835413366,0.06053878730672812,0.10212487025694225,,,0.5915533975974677,inf,,,0.14869334413306498
204,,0.0,0.0,1.6259036529617252,1.169630557322523,0.8897253563851691,0.07218331184842519,0.1241842778035675,,,0.5915533975974677,inf,,,0.16574475520855575
205,,0.0,0.0,1.059880255455502,0.9544386768010227,0.7075205813435984,0.09300015202793203,0.15001193238299043,,,0.6008849035917525,inf,,,0.16483075375197487
206,,0.0,0.0,1.2934648211652022,1.057903826450987,0.7887366052346872,0.08510235499671649,0.15124452101061275,,,0.5748741956352443,inf,,,0.17437323706804259
207,,0.0,0.0,1.0685788180420817,0.8025177627559886,0.6846724602288266,0.14227175912142595,0.2500960751699357,,,0.5370774965580548,inf,,,0.1618326889861426
208,,0.0,0.0,1.4183018403165948,1.1197167384398143,0.8152650208215032,0.17417863677359932,0.2422444377399996,,,0.5978297680564633,inf,,,0.16627467729287237
209,,0.0,0.0,1.7602426274137382,1.5611952761117946,0.9378879991074931,0.6820398087214525,0.5434944249649861,,,0.6284777104787076,inf,,,0.16700959937844356
210,,0.0,0.0,1.6301137693563106,1.3654722542515423,0.8853649278249123,0.9676150484181875,0.960863039969929,,,0.6380535849069913,inf,,,0.21216635621767366
211,,0.0,0.0,1.7108138370898358,1.459139216595756,0.9357341723479873,1.2282108922265824,1.0364486393494639,,,0.581717464821069,inf,,,0.17961522468591956
212,0.7003187618145768,0.009442987900491445,0.014694322990511877,1.6279244786156255,1.4067836010803516,0.9345578341101983,1.250631651293566,1.1152935659927155,0.6782815814861894,0.6973246203347216,0.6068309995095971,1.9914306643571225,0.4095025516546991,0.36245353012985415,0.1918975093050498
213,1.031326880459785,-0.1025152357640822,-0.0229248251249759,1.7646996710112177,1.594106429696152,0.9794122500576535,1.931749778449636,1.5020008937103817,0.9128701004604525,0.7329905615286124,0.6528756675646988,2.18253302859323,0.7555594655143468,0.5168573435538258,0.1802838031425142
214,0.7451025131733333,-0.020350974240879116,-0.0296529158351007,1.681823694477942,1.5300371990031496,0.9677525905929373,2.1177402837378314,1.6452411467282642,1.3973026713922092,1.1471311888580464,0.6425374456860184,2.8311598982643185,1.0842020084293422,0.968640736469229,0.19649913686889173
215,,0.0,0.0,1.6574967767523108,1.5054432588573847,0.9517512432759174,1.7331898546877937,1.2585381124967536,,,0.6380535849069913,inf,,,0.19057389269371433
216,1.9928945778338776,-0.01328596385222585,0.0,1.7565804479986595,1.5673958086028472,0.9574189680297055,1.1326769540959913,0.7236254748156432,,,0.6097226960127671,6.734736114850496,inf,,0.19464526271923271
217,0.6189371780008087,4.1298224043144656e-05,-0.004167546077381869,1.7034549752158608,1.4493927523640855,0.9387828800370511,1.2873857793754495,1.0460118410765444,1.4973995942452447,,0.6097226960127671,5.44914025628262,1.5040773967762742,inf,0.19172355517222192
218,,0.0,0.0,1.680248930743657,1.5739568670249156,0.8989342079597439,1.4638046945576522,1.0291495104000106,,,0.6357360191111145,inf,,,0.2034121314579358
219,,0.0,0.0,1.5894442102671116,1.490241307495383,0.8787299451796157,1.218671238738593,1.0019221239270455,,,0.5677978065141052,inf,,,0.2034401256410079
220,,0.0,0.0,1.7593695114774626,1.6229709281756473,0.9632823126939227,1.2443260986824234,0.7911931052717975,,,0.62595550513784,inf,,,0.19236373575047572
221,,0.0,0.0,1.6713547845578998,1.5606572455071914,0.9381190017733738,0.7739615052241982,0.5953032057919814,,,0.6284777104787076,inf,,,0.18933860492841317
222,,0.0,0.0,1.3286547430510298,0.9370713253498608,0.8482825985236448,0.475623286538595,0.620715106680265,,,0.6447042257417027,inf,,,0.22124589368561953
223,,0.0,0.0,1.7676825050522849,1.512721035476799,0.9608074969126658,0.4925075737472986,0.5275773867881771,,,0.6284777104787076,inf,,,0.1822333691510123
224,,0.0,0.0,1.4421048200730946,1.261838636183833,0.8355716508605311,0.3605905609109443,0.41804244543214975,,,0.6547956803312163,inf,,,0.20653575250504896
225,,0.0,0.0,1.7618321749205819,1.606449023183835,0.9353372560865214,0.2009164457586152,0.29698046917183135,,,0.6357360191111145,inf,,,0.19923789321460814
226,,0.0,0.0,1.5368742951901324,1.382533003430393,0.9066291790733657,0.3054201252319004,0.35829127593990234,,,0.6125606311107803,inf,,,0.19483463749018504
227,,0.0,0.0,1.431005770202152,1.2020635015884187,0.8207299217821712,0.4721459698572946,0.5671351387394844,,,0.6309483474627791,inf,,,0.20160106322870877
228,,0.0,0.0,1.7235466460166113,1.430380953812817,0.9402701697800588,0.6791641157651314,0.622361198055345,,,0.6038851895711802,inf,,,0.1896396653712739
229,,0.0,0.0,1.5509978679525527,1.0676284717508173,0.8879829563862092,0.6671223959157936,0.7720883272711613,,,0.6528756675646988,inf,,,0.18313219342690037
230,,0.0,0.0,1.5509978679525527,1.2022881333386386,0.8883811635592381,0.6670208174609086,0.7720241177440291,,,0.6447042257417027,inf,,,0.18172729467599003
231,,0.0,0.0,1.7143583635809692,1.4857779973961314,0.9642418541222193,1.0415645416491521,0.953966047591349,,,0.6180765742263259,inf,,,0.19337624522326585
232,,0.0,0.0,1.608099769365913,1.396197233569156,0.9220319441395901,0.8454190889549713,0.589137719140871,,,0.585052858160615,inf,,,0.19075790048235866
233,,0.0,0.0,1.4862305915795364,1.2922171623733927,0.842767943961333,1.0084501714724874,0.7513896930933948,,,0.6068309995095971,inf,,,0.20317305259758603
234,,0.0,0.0,1.5414863486720067,1.239143008094765,0.930280892487978,0.4246252978827302,0.4374102133183203,,,0.6207552362147116,inf,,,0.19650256933971214
235,0.524997799374808,0.0053502353312865104,0.003974113266243667,1.641032676097918,1.091976609999248,0.8966951625903896,0.5418371855260257,0.42391794338784994,0.7903839819398367,0.6425574786189516,0.6097226960127671,3.428911220229671,0.21989318492506837,0.23690129195603324,0.17076298551500857
236,,0.0,0.0,1.445652508946221,0.905402907597666,0.8246478502754985,0.8040203449960391,0.8257297963742601,,,0.6357360191111145,inf,,,0.21110521534244706
237,,0.0,0.0,1.762848121022011,1.4570106088392347,0.9491561546509995,0.39259745327692414,0.40923238174988313,,,0.6125606311107803,inf,,,0.18583374707723246
238,,0.0,0.0,1.7335936657682647,1.558314896041566,0.9145075765648872,0.41038259614142825,0.4679609387245473,,,0.6309483474627791,inf,,,0.18638093976814682
239,,0.0,0.0,1.671102325178083,1.6335544365280772,0.8593109744832654,0.5275343652526747,0.7683582759375003,,,0.6699045166045591,inf,,,0.188407565081147
240,,0.0,0.0,1.3758690573951327,1.1753221566904704,0.825304249137874,0.6957075680656497,0.8810070859920799,,,0.6468212168108125,inf,,,0.17718521331991186
241,,0.0,0.0,1.438928946541093,1.382653073435188,0.8906926015516141,0.36200507297390305,0.5776910854242665,,,0.6403206450210053,inf,,,0.17254116676620687
242,,0.0,0.0,1.5826531561614805,1.391348334681088,0.8585546245320526,0.2776362859654028,0.37106537447929466,,,0.6425374456860184,inf,,,0.18991618929022192
243,,0.0,0.0,1.211965329590199,0.8119445163173689,0.7719444380709909,0.06502524965761966,0.10683691092930853,,,0.5567373465730988,inf,,,0.17380526885042147
244,,0.0,0.0,1.597755576014012,1.3278444457339085,0.9075036788842513,0.06802651618993502,0.12142040584556955,,,0.6309483474627791,inf,,,0.15422362553266017
245,,0.0,0.0,1.3017065770304055,1.0624921815065433,0.7728129594543727,0.06889743213826251,0.11489795156006978,,,0.5783247308855777,inf,,,0.15295049014645706
246,,0.0,0.0,0.7746024702121161,0.6751621359894798,0.5871089592536505,0.04380313875462134,0.06642957657725358,,,0.6425374456860184,inf,,,0.1633015348493781
247,,0.0,0.0,1.4798716756751449,1.0406442537558827,0.8751044291625825,0.15097800637020092,0.1100914114506647,,,0.5947193981915972,inf,,,0.1608888385692486
248,,0.0,0.0,1.7584351142376777,1.6615751220286228,0.96617109415574,0.5273766711664847,0.49438855255092007,,,0.6233814453054027,inf,,,0.19392964271223298
249,,0.0,0.0,1.5942466599443976,1.4647472234134877,0.9174654714727696,0.6088765331039011,0.5293873496290397,,,0.5978297680564633,inf,,,0.18510447104665761
250,,0.0,0.0,1.697053809837206,1.6201766096030692,0.9152291759969765,0.6852609662055326,0.8506311355588851,,,0.6309483474627791,inf,,,0.1843499217989342
251,,0.0,0.0,1.4764297530547321,1.3590941583728584,0.8331966304136109,0.6997436586792716,0.9101064811542262,,,0.6097226960127671,inf,,,0.18693988607814502
252,,0.0,0.0,1.639533199844978,1.4200564109702887,0.894674569383022,0.5817936872167639,0.682135234620043,,,0.6207552362147116,inf,,,0.19783630939001745
253,,0.0,0.0,1.4872578097498967,0.9975058242715771,0.8741577839200694,0.28414694058191065,0.24511095178707176,,,0.6068309995095971,inf,,,0.16758509213734565
254,,0.0,0.0,1.4872578097498967,1.0035644002347714,0.8740694289066337,0.28421986212786854,0.2452379552058197,,,0.6038851895711802,inf,,,0.16758065904438413
255,,0.0,0.0,1.2251829596798272,0.5880947952535492,0.7578288977856366,0.042026107105974125,0.06347964935440994,,,0.5567373465730988,inf,,,0.15873543978833166
256,,0.0,0.0,1.4918255463147154,0.7731823442564268,0.8479573157501171,0.011047837580254969,0.02549002413096725,,,0.6125606311107803,inf,,,0.1642046220565147
257,,0.0,0.0,1.7674647067076172,1.630999790625476,0.9389275464077698,0.4060499718027719,0.4091264759390029,,,0.6207552362147116,inf,,,0.19462978565078012
258,,0.0,0.0,1.6470026380968903,1.5383337297413355,0.9083729401836608,0.6183933140808802,0.5837941999625894,,,0.6180765742263259,inf,,,0.18075624139228666
259,,0.0,0.0,1.525817640392699,1.3142284355193317,0.8882094794669825,0.35174489094887407,0.3226381582142942,,,0.6380535849069913,inf,,,0.1817266878018382
260,,0.0,0.0,1.7201447825032068,1.5444875388677541,0.9151441194135541,0.584416892274705,0.7255938612484105,,,0.6233814453054027,inf,,,0.19474755428238028
261,,0.0,0.0,1.5056070218262332,1.2031756216980805,0.8880573680305516,0.5062106090741348,0.5972109219349923,,,0.6207552362147116,inf,,,0.16770535173313314
262,,0.0,0.0,1.6991972758805272,1.5422549346533263,0.9477274013180297,0.5470331794236247,0.5672794707661516,,,0.6097226960127671,inf,,,0.19315950930388684
263,,0.0,0.0,1.6732439988232395,1.4973297904927463,0.9340214400802918,0.7579135320228361,0.4390168724918817,,,0.6153451465759925,inf,,,0.18121845679213258
264,,0.0,0.0,1.5997138487444422,1.5126597977665457,0.9307710621423279,1.0046143329475135,0.952736280721282,,,0.6180765742263259,inf,,,0.183560634350425
265,,0.0,0.0,1.6426166540891969,1.4311087507716924,0.9255231984531813,0.4195477517333905,0.3270355986707335,,,0.6068309995095971,inf,,,0.1819729840498629
266,,0.0,0.0,1.455392253241373,0.8820992286273216,0.8505948030088323,0.2837073848789891,0.23732580575210493,,,0.6180765742263259,inf,,,0.18493710440149702
267,,0.0,0.0,1.5853221472010544,1.490020738870693,0.8993369115366838,1.3985284513141427,1.8046133468175203,,,0.6153451465759925,inf,,,0.17971513421411894
268,,0.0,0.0,1.4787349478622545,1.3375678802388862,0.8750742514324602,0.5235709502319297,0.4465694334173246,,,0.648888643467878,inf,,,0.1737274867150505
269,,0.0,0.0,1.2378843838033888,0.7590790178311072,0.8050468659859696,0.19699201394181806,0.2224221183482115,,,0.6333676938231112,inf,,,0.16258307671737796
270,,0.0,0.0,1.3082225713400872,0.7562582716080607,0.8327348733227985,0.18605568928016764,0.2013330421895763,,,0.6097226960127671,inf,,,0.17466035222870874
271,,0.0,0.0,1.6673187185649376,1.286152510846277,0.9534887118971777,0.3328638732259619,0.29847014668043537,,,0.6097226960127671,inf,,,0.17276471359774284
272,,0.0,0.0,1.5815983260042275,1.5308900975231299,0.9151630788518877,0.8101521866765099,0.9878100874166157,,,0.62595550513784,inf,,,0.18761290010388137
273,,0.0,0.0,1.6235696196954101,1.596085136237961,0.9176535107074638,0.7796342955982055,0.9604302747234641,,,0.6403206450210053,inf,,,0.1835041787358938
274,,0.0,0.0,1.7325667941562712,1.2682498752211269,0.9241117347529058,0.5294753505662939,0.6304921062159202,,,0.6684167106117298,inf,,,0.16434205113895067
275,,0.0,0.0,1.5724360766619752,1.5006629257695654,0.8638804356137588,0.4269276837674293,0.6135113742648283,,,0.6447042257417027,inf,,,0.18292467107829752
276,,0.0,0.0,1.285865840194163,0.8567339465378094,0.7719092661175664,0.11796399263622745,0.17992136644668583,,,0.6284777104787076,inf,,,0.15945087317856382
277,,0.0,0.0,1.0970929800686164,0.8083860209216243,0.6389126446602212,0.09305465277456072,0.14605560385959176,,,0.585052858160615,inf,,,0.15338931170061457
278,,0.0,0.0,1.3821430326848525,1.021483715420588,0.7070592265036608,0.17293066213357527,0.24147986010444206,,,0.62595550513784,inf,,,0.18008809900283618
279,,0.0,0.0,1.3821430326848525,1.021483715420588,0.7070592265036608,0.17293066213357527,0.24147986010444206,,,0.62595550513784,inf,,,0.18008809900283618
280,,0.0,0.0,1.6498379810157604,1.2300436264746344,0.9225176700158885,0.21181538197574526,0.3629074961998707,,,0.5978297680564633,inf,,,0.14884289486289298
281,,0.0,0.0,1.3400127614283899,0.7566143112932754,0.790397774840345,0.16336376136787992,0.24981075283895543,,,0.6068309995095971,inf,,,0.16783481617609392
282,,0.0,0.0,1.5831934224789954,0.8053364767819071,0.8125984028461255,0.07098280591679994,0.11383946673982703,,,0.6068309995095971,inf,,,0.17113594865710205
283,,0.0,0.0,1.427883724592371,0.7312271888579756,0.7955727870804288,0.06387969197955246,0.07461911535551213,,,0.5947193981915972,inf,,,0.18276992087501878
284,,0.0,0.0,1.6432614933456222,1.5338150328642728,0.9015117678244672,0.31702621445087414,0.27596550393357394,,,0.5947193981915972,inf,,,0.1907948249327681
285,,0.0,0.0,1.6623026703745334,1.4350875532752905,0.9303070874354626,0.40745316625110195,0.5204822099796091,,,0.6357360191111145,inf,,,0.1701635781401684
286,,0.0,0.0,1.3847360788949967,1.1259175715120227,0.8643929993287853,0.14573064813283484,0.2585566528352783,,,0.62595550513784,inf,,,0.1613235701990178
287,,0.0,0.0,0.812496764799377,0.7790783844631618,0.6340536860564676,0.14187922117513974,0.30047745290043126,,,0.6403206450210053,inf,,,0.16717077590930504
288,,0.0,0.0,0.7328171506532288,0.7146291192752436,0.5945394752974954,0.14831456956149658,0.24016642800153884,,,0.5748741956352443,inf,,,0.1670007379975147
289,,0.0,0.0,1.287689217371376,0.9670997905566144,0.8575979285475621,0.2598930749839981,0.3188781157163079,,,0.6309483474627791,inf,,,0.17553544425925716
290,,0.0,0.0,1.7343160420542951,1.62406323037461,0.9323100871028908,0.3790276302835683,0.5195176783935487,,,0.6333676938231112,inf,,,0.18864570987051998
291,,0.0,0.0,1.6635264811172337,1.4521350905118755,0.8553830941330622,0.2949885313801092,0.42025717939235663,,,0.6602640781246099,inf,,,0.19701578093640365
292,,0.0,0.0,1.3351861194913124,1.1373836683353242,0.826104471507737,0.1490407781221439,0.20140654215348772,,,0.6097226960127671,inf,,,0.22569699655475942
293,,0.0,0.0,1.6028888315579792,1.050958225465291,0.8910487499523205,0.0699192949239873,0.12494800826069488,,,0.6380535849069913,inf,,,0.1783226894282744
294,,0.0,0.0,1.651152296778578,1.391154021549427,0.8974100323880647,0.23582906183148022,0.3545287637076512,,,0.6097226960127671,inf,,,0.18333912389324386
295,,0.0,0.0,1.5923110873911295,1.5219272735041705,0.8507892453042979,0.1660789262357415,0.26779093858313263,,,0.6284777104787076,inf,,,0.17324871350496399
296,,0.0,0.0,1.7000058491098897,1.5422500707070153,0.8639353049920251,0.0974840977993,0.14708003402815611,,,0.6180765742263259,inf,,,0.18659337808999923
297,,0.0,0.0,1.4777234008723577,1.0960364759355017,0.8824184833720233,0.0428530664413208,0.05921029225043022,,,0.62595550513784,inf,,,0.1756828182003205
298,,0.0,0.0,1.4452184893440543,1.2493502543664918,0.864491440331189,0.03582190191426659,0.0498241843451321,,,0.6447042257417027,inf,,,0.19086962999154797
299,,0.0,0.0,1.4837437835902796,1.363642332702362,0.931297105130982,0.14612371623462383,0.20234699352176513,,,0.6038851895711802,inf,,,0.18748126894211578
300,,0.0,0.0,1.7459373825446474,1.6174674728151812,0.9576679894319503,0.1611837078912831,0.23943041764389944,,,0.6153451465759925,inf,,,0.1906708043624779
301,,0.0,0.0,1.7412155320926075,1.6417643339091885,0.9437464595491887,0.17188656449515732,0.28533684706861007,,,0.6468212168108125,inf,,,0.1906389198669073
302,,0.0,0.0,1.7282870685929481,1.5873827807446572,0.9225400387780388,0.20619247949247327,0.3220167085920785,,,0.62595550513784,inf,,,0.18238223860386268
303,,0.0,0.0,1.7303478021943275,1.6519464491060096,0.8985424936614207,0.2028749804280912,0.33230623019459127,,,0.6097226960127671,inf,,,0.18343874624455525
304,,0.0,0.0,1.4327810491769446,1.259556750479123,0.8380183772639787,0.16845071836972358,0.25083635415329236,,,0.6447042257417027,inf,,,0.20108358880645155
305,,0.0,0.0,1.6140656605100574,1.3291828415551432,0.9552746183994787,0.242068109216914,0.27256381634831406,,,0.6207552362147116,inf,,,0.18443452475691796
306,,0.0,0.0,1.7260499191781873,1.6172493939747816,0.9471418398971003,0.7615981896887298,0.9407560744312362,,,0.5713653840954815,inf,,,0.1953548837621246
307,,0.0,0.0,1.7169398384706362,1.5473743850533104,0.9615266325644556,1.1834934879550405,0.8843487791138505,,,0.6125606311107803,inf,,,0.1770543794049246
308,,0.0,0.0,1.6797071188274826,1.3916365717379753,0.9233035409227248,0.7428516662962412,0.6534529162371904,,,0.6180765742263259,inf,,,0.19193062972748037
309,,0.0,0.0,1.6779156164485862,1.5455347858560138,0.8946061628747124,0.6213240593270757,0.7975109710589076,,,0.6284777104787076,inf,,,0.19158239931296697
310,,0.0,0.0,1.518426065112014,0.7614888495014702,0.9032785054869202,0.18614333802563296,0.2115445965927869,,,0.6528756675646988,inf,,,0.17847700919350543
311,,0.0,0.0,1.4900533504932703,1.1130424081083636,0.8847261300892117,0.2040633364478503,0.16179980164875335,,,0.6153451465759925,inf,,,0.16342669108311578
312,,0.0,0.0,1.7548767810098826,1.6967233702489166,0.9366242032707658,0.6074150265554608,0.7341325266123753,,,0.581717464821069,inf,,,0.18726107841936898
313,,0.0,0.0,1.7279902482830534,1.5675586659511989,0.9339749975507993,0.4539130142475756,0.6212189047518992,,,0.6284777104787076,inf,,,0.18315252026016346
314,,0.0,0.0,1.749319653354805,1.640235924047175,0.9578671857835407,0.3178409366016472,0.41294624938963365,,,0.5978297680564633,inf,,,0.19050338664190963
315,,0.0,0.0,1.772201926564508,1.691773391991103,0.9531613459424931,0.3221462614954514,0.4492433977738784,,,0.648888643467878,inf,,,0.1913606104423661
316,,0.0,0.0,1.7482729987090924,1.6305141227024162,0.9452472902244339,0.2990221442463644,0.454260989148965,,,0.6357360191111145,inf,,,0.1922181566345943
317,,0.0,0.0,1.7624734564420144,1.4734729404741596,0.9336404548790384,0.18840442295684853,0.25287998345509033,,,0.6097226960127671,inf,,,0.19771308974378124
318,,0.0,0.0,1.7391146618971254,1.4268927974006884,0.9594963988633203,0.19033949748915446,0.26792599734570055,,,0.6380535849069913,inf,,,0.17673180464789084
319,,0.0,0.0,1.729213264604339,1.5994336197435577,0.9113113581638006,0.21642438357572505,0.3168244898750421,,,0.6284777104787076,inf,,,0.180299774681376
320,,0.0,0.0,1.7286924279122553,1.6307732218900912,0.9381490009317027,0.15903875283193178,0.23239593739233733,,,0.5713653840954815,inf,,,0.18387125650043243
321,,0.0,0.0,1.6973446761454558,1.5759031130089658,0.9259291291406438,0.12832787842550028,0.18951348415454755,,,0.6509067234006624,inf,,,0.18941039406620933
322,,0.0,0.0,1.6636809168058255,1.5104653558341332,0.9442103638587318,0.11925209447321956,0.18908845204443692,,,0.6233814453054027,inf,,,0.1796128057017697
323,,0.0,0.0,1.6228235336065961,1.5617876813073914,0.8892683954368423,0.2618491735308999,0.39608849634531745,,,0.6207552362147116,inf,,,0.1896694875837326
324,,0.0,0.0,1.5795785917203258,1.4872919946743146,0.8879738286309308,0.15638679052310964,0.2560921840561978,,,0.6509067234006624,inf,,,0.17621695901421683
325,,0.0,0.0,0.9636936702641615,0.8619657634318292,0.6317355563477457,0.11100379801766241,0.1286590268235988,,,0.6566669596287297,inf,,,0.17287465195698196
326,,0.0,0.0,1.1764457883030268,0.7650440632022191,0.8271954555322046,0.06018302371191534,0.08328484061969854,,,0.6509067234006624,inf,,,0.18475691695786775
327,,0.0,0.0,1.3240406802494231,1.1977277657199585,0.8558350065039962,0.04023262453116591,0.07528293205404943,,,0.6097226960127671,inf,,,0.2016528930637834
328,,0.0,0.0,1.4829914036966116,1.4210631692060551,0.8535145459934026,0.06715496476255745,0.11706144057300312,,,0.6125606311107803,inf,,,0.1876470597618055
329,,0.0,0.0,1.6094672858295649,1.4793250433680414,0.8284949619917773,0.027425988227544808,0.05010558244921326,,,0.6619902821573977,inf,,,0.1976802960702816
330,,0.0,0.0,1.6761540684447755,1.3127797223655298,0.908519974847532,0.021550271622504967,0.040776234469807146,,,0.6357360191111145,inf,,,0.18186784729382952
331,,0.0,0.0,1.6411684148174581,1.3479161633558938,0.9229028517864031,0.022772987609708584,0.04080034392418025,,,0.6566669596287297,inf,,,0.16786989630716548
332,,0.0,0.0,1.7569280426423308,1.6480020337581425,0.9474747112545054,0.07316071238281849,0.13366653725672856,,,0.6125606311107803,inf,,,0.18513847385398005
333,,0.0,0.0,1.7567084009124123,1.6965939428658552,0.9169741166372285,0.10475172879967909,0.18325310901380026,,,0.6125606311107803,inf,,,0.18555626421946053
334,,0.0,0.0,1.498179271508856,1.2857600849298003,0.9525147438857738,0.05143182128353168,0.09077007320470731,,,0.648888643467878,inf,,,0.1779840992160722
335,,0.0,0.0,1.5770739640744984,1.5585345510314672,0.8976954977863508,0.09210291066302842,0.15355829270657778,,,0.6284777104787076,inf,,,0.1802787382370401
336,,0.0,0.0,1.2187986987222497,1.1339170673338201,0.81837654724784,0.08021158070940401,0.12971645886076288,,,0.5978297680564633,inf,,,0.19282033314565505
337,,0.0,0.0,1.6506095314177636,1.6189355068557671,0.896838835298064,0.05859842183059042,0.09956828368147783,,,0.6153451465759925,inf,,,0.18210457998389487
338,,0.0,0.0,1.6508838780748458,1.6078732360854766,0.9030764999804527,0.06266742660061421,0.10145057288139955,,,0.6207552362147116,inf,,,0.1753463443953429
339,,0.0,0.0,1.7049333497042487,1.6437171948702722,0.8764422970083066,0.05988607302588755,0.09978298173909667,,,0.5883313578629602,inf,,,0.17422521333823318
340,,0.0,0.0,1.6028793172951223,1.5377634167765366,0.8684687187053209,0.05882324499297689,0.1044161781121213,,,0.6180765742263259,inf,,,0.17328875617765038
341,,0.0,0.0,1.069993025341955,1.0227974597525478,0.7653025992487666,0.0671820179040226,0.115615014703105,,,0.6284777104787076,inf,,,0.17813234627687627
342,,0.0,0.0,1.660339982314374,1.5274336274167641,0.8839663639231514,0.07969145760200276,0.13636489683951064,,,0.663668482632973,inf,,,0.17634989954182895
343,,0.0,0.0,0.687677839241052,0.6087451767784068,0.6072423468252651,0.08552324149100062,0.1259874237609393,,,0.6357360191111145,inf,,,0.1909408304268244
344,,0.0,0.0,1.4918018665998316,1.4449924729061956,0.8151104044344885,0.060421580805338035,0.12170993567790496,,,0.5947193981915972,inf,,,0.16895479512041733
345,,0.0,0.0,1.0773211108743685,0.9749888447485371,0.773051958870397,0.018830181054386875,0.029913448671049767,,,0.6357360191111145,inf,,,0.17438175365057268
346,,0.0,0.0,1.0458709979481324,0.890327790335565,0.836999925782979,0.009409871355732097,0.01986788288292337,,,0.6333676938231112,inf,,,0.16598022289293202
347,,0.0,0.0,1.4218020859388956,1.0625620649249394,0.903165296971813,0.005760106231085815,0.008677028969884697,,,0.648888643467878,inf,,,0.17282048420280985
348,,0.0,0.0,0.7235751882457628,0.3452555959782916,0.7943619201854215,0.007139302848098875,0.012762634229156133,,,0.6284777104787076,inf,,,0.1716663248134066
349,,0.0,0.0,0.8260425704054988,0.6779695285964736,0.6196957065034614,0.023656857298020768,0.03479041898848628,,,0.6468212168108125,inf,,,0.17289307708758378
350,,0.0,0.0,1.7064353943839021,1.603080569134318,0.9120735348326124,0.04522713035373921,0.06915059634492843,,,0.6233814453054027,inf,,,0.16189350615098042
351,,0.0,0.0,1.512319944747786,1.3402497716657098,0.8305144398769833,0.02677919617640185,0.042054632781141174,,,0.5947193981915972,inf,,,0.17370784177479862
352,,0.0,0.0,1.386139632580382,0.868725126296342,0.7832600072749403,0.0294099808417198,0.053911025752398374,,,0.6284777104787076,inf,,,0.17865627555595381
353,,0.0,0.0,1.5244693294244003,1.1441199460169575,0.8243104970847062,0.10435564060469145,0.13803425851592782,,,0.6153451465759925,inf,,,0.16461487419838938
354,,0.0,0.0,1.5557101840552523,0.9944104283326117,0.839170613551253,0.1327898360486177,0.17595789470767148,,,0.62595550513784,inf,,,0.1766694936071649
355,,0.0,0.0,1.3040089417466048,0.887166779647612,0.8050831826159809,0.23485712341200402,0.38823873550569343,,,0.5915533975974677,inf,,,0.19023393500708222
356,,0.0,0.0,1.5984293827612457,1.5346099347495128,0.8613127055862427,0.3951141893923487,0.7410882123500774,,,0.6380535849069913,inf,,,0.16752084613578144
357,,0.0,0.0,1.6139184343534814,1.5315510927482625,0.8719822871557753,0.2571322179040895,0.4983616233757342,,,0.5677978065141052,inf,,,0.17211562400094924
358,,0.0,0.0,1.3263273074883997,0.8649733528349448,0.7319690367739095,0.04423485882489584,0.07623847109145698,,,0.5783247308855777,inf,,,0.163023009689148
359,,0.0,0.0,0.6718315980158304,0.48034816091638055,0.5095755594754925,0.010113912661934255,0.01599899464356476,,,0.6008849035917525,inf,,,0.1637458880836398
360,,0.0,0.0,0.6718315980158304,0.48034816091638055,0.5095755594754925,0.010113912661934255,0.01599899464356476,,,0.6008849035917525,inf,,,0.1637458880836398
361,,0.0,0.0,0.4033445147837879,0.35958992132986695,0.5590108987578045,0.018470905519983736,0.02529196972461118,,,0.5783247308855777,inf,,,0.16417939694016298
362,,0.0,0.0,1.1494238961782237,0.7962010366856944,0.7333114154946697,0.028550338828199406,0.0435043613297012,,,0.6153451465759925,inf,,,0.1656422522528213
363,,0.0,0.0,1.147481180652146,0.465775245050844,0.7871042575623881,0.0483913644170248,0.07296519883412575,,,0.6038851895711802,inf,,,0.17756415344412682
364,,0.0,0.0,1.6895885625728242,1.3172459225507192,0.8864569944519476,0.07531596692619352,0.08647424450484556,,,0.5978297680564633,inf,,,0.15769989515612956
365,,0.0,0.0,1.6138012400818593,1.2749506078992616,0.8727198714864827,0.10894153953448933,0.10946850896629547,,,0.6180765742263259,inf,,,0.16555463973655024
366,,0.0,0.0,1.5977069140401494,1.2996009325059483,0.8877637574180496,0.1639669375121537,0.18006282476310592,,,0.581717464821069,inf,,,0.18524074674886915
367,,0.0,0.0,1.4342615927049416,1.2236974352554775,0.8712405777641351,0.7625366863249478,0.42716284407914684,,,0.6008849035917525,inf,,,0.19709493962263577
368,0.08102053536417687,-0.0025349134855530966,9.268951668902096e-06,1.6979247425009252,1.593853457846166,0.933832029265176,1.9041811491351044,1.0189718102450747,0.8615537593582913,0.20042369084395775,0.6180765742263259,3.1362722963329905,0.8323210605835496,0.19688923313889997,0.18790613942516532
369,0.32899645331199817,-0.012063203288106599,0.0,1.7107560409943345,1.6159264437067296,0.9324237548911511,3.0818073736792435,2.893291002113995,,,0.6602640781246099,3.5050775121495477,inf,,0.18666152813210196
370,0.0,0.0,0.0,1.6602160226372296,1.6125333786578604,0.876325987662401,2.6749347198131765,2.993400593293224,,,0.6699045166045591,5.703782474656201,inf,,0.18911599149375558
371,0.8573992140459633,-0.005715994760306422,0.0,1.7312595579456125,1.6888289508760599,0.9324189513643639,2.81157401735398,3.503524251506447,,,0.6468212168108125,5.538268036178628,inf,,0.18285630913058284
372,,0.0,0.0,1.7363423434029712,1.7067621468958334,0.9391876644670529,1.8230406499574339,0.8518230902369877,,,0.6125606311107803,inf,,,0.1930989318465521
373,,0.0,0.0,1.6970951621067942,1.651151733409923,0.8923904864512758,1.0744526735211977,0.34981183253032744,,,0.6284777104787076,inf,,,0.19061926908145643
374,,0.0,0.0,1.6452104821304911,1.6124716263867658,0.9269975282742485,2.015013737128994,0.9566392267444375,,,0.6584896970785714,inf,,,0.17181188679371498
375,,0.0,0.0,1.441728539693269,1.2206449463943025,0.8106657116751493,0.6227374509480819,0.167389877397071,,,0.62595550513784,inf,,,0.1760686348138815
376,,0.0,0.0,1.7484098180655008,1.6493752986331431,0.9625482221361257,1.5432778935138525,0.44566510580941743,,,0.648888643467878,inf,,,0.1916939720036795
377,,0.0,0.0,1.7699699781853477,1.6751343891437465,0.9540076448031498,1.9993827324226305,1.0230921475197017,,,0.6333676938231112,inf,,,0.1904410401442325
378,0.0,0.0,0.0,1.6697380057126086,1.5411969875910774,0.9458981926867348,1.583883164290326,0.6363746611118963,,,0.6425374456860184,5.703782474656201,inf,,0.19409284254705397
379,0.013634992011400842,-0.000512646532337893,-0.00044180290846016596,1.7476288511586422,1.6815027745720486,0.974713263018951,2.1590016478124756,1.6584075365115867,1.1091231694195258,1.9159305535067017,0.6180765742263259,2.672039763579177,1.1070075591581694,1.9314241400696512,0.1883048952566108
380,,0.0,0.0,1.763160178841089,1.719180138428533,0.9415649451417227,2.361092370031813,1.8680742377708808,,,0.6425374456860184,inf,,,0.1932594282411597
381,,0.0,0.0,1.7475660802015829,1.688539847540133,0.9363007876629488,1.586146159590304,0.5431237219488774,,,0.6284777104787076,inf,,,0.1906236103787077
382,,0.0,0.0,1.7432314745454223,1.689488074418277,0.9505197454285416,2.0958308677578064,1.2247760649879829,,,0.62595550513784,inf,,,0.1886821655035141
383,,0.0,0.0,1.4202176991816828,1.3049121449940855,0.8358692323581521,2.0140014539995845,2.6905898405123674,,,0.581717464821069,inf,,,0.20145196017970896
384,0.0,0.0,0.0,0.7806112780759306,0.7005257961785469,0.35521935812655386,0.2272517391322964,0.10476826759068117,,,0.6425374456860184,5.0106352940962555,inf,,0.16277029197068643
385,0.6398423641071511,-0.014929655162500192,0.0,1.700719952835913,1.5954878545923528,0.9528708321375452,1.2832973338800093,0.30792186763274665,,,0.6333676938231112,4.053842618912771,inf,,0.19386164408150555
386,0.0,0.0,0.0,1.739147029834395,1.602780486944316,0.9177911503018226,1.5928924224867052,0.5569481241162182,,,0.6403206450210053,5.703782474656201,inf,,0.20433607290387318
387,,0.0,0.0,1.762450833224733,1.5957523571709127,0.9388984712673741,1.598435836000225,0.527112370332945,,,0.6207552362147116,inf,,,0.19603769949548752
388,,0.0,0.0,1.7365956308573716,1.6764493913073333,0.937151663186343,1.899501442708775,0.763519182894077,,,0.5978297680564633,inf,,,0.18794699815588972
389,,0.0,0.0,1.7685532785159024,1.6687687953594066,0.9595460202927594,1.960250548569952,1.3564926010672,,,0.6528756675646988,inf,,,0.19060899910907814
390,,0.0,0.0,1.606586670645009,1.390943533264531,0.8905735538787998,1.549380217450821,1.1722052975615826,,,0.6699045166045591,inf,,,0.19548617827051865
391,,0.0,0.0,1.7177928968796103,1.5845961734638097,0.8779821708404836,1.1817516790137612,0.34435597886368496,,,0.6207552362147116,inf,,,0.1802024388300131
392,,0.0,0.0,1.743955015330831,1.551886599667895,0.9418529218821279,1.6375113476418466,0.6106081269171519,,,0.6403206450210053,inf,,,0.19433257905765006
393,,0.0,0.0,1.44703506348183,1.0465627182947457,0.6829730773992557,0.5669181135590728,0.1253552313791444,,,0.6309483474627791,inf,,,0.16966758614932517
394,,0.0,0.0,1.7302714689382972,1.598238467281733,0.941623524780245,1.3270659036108339,0.44328941831896174,,,0.6207552362147116,inf,,,0.18082390525066772
395,,0.0,0.0,1.5515013287806716,1.3448687738563554,0.7963178233506881,0.7881033180973854,0.2698572926856706,,,0.648888643467878,inf,,,0.18735815907162126
396,,0.0,0.0,1.7717163898735546,1.6952938364337844,0.9657539424583595,2.0198935101180813,1.242692919035143,,,0.6468212168108125,inf,,,0.19338347619379995
397,,0.0,0.0,1.6904277491900994,1.5346889456913175,0.8727980405560855,1.1861826688628825,0.2887853717806983,,,0.6403206450210053,inf,,,0.18490830746422784
398,,0.0,0.0,1.78401586835258,1.6907904297501797,0.9697538002587869,2.123139324144927,1.4761908149559226,,,0.6468212168108125,inf,,,0.19267791750856939
399,,0.0,0.0,1.7535813747185718,1.5882960932726036,0.9243259314326863,1.2888869369943066,0.5754556560748059,,,0.6403206450210053,inf,,,0.18524892277213684
400,,0.0,0.0,1.7521488706239736,1.6829034402398022,0.9566190675072717,1.7487588822153382,0.7614807806675841,,,0.6207552362147116,inf,,,0.19148638827309541
401,,0.0,0.0,1.762273445199118,1.6239309608935963,0.9424554531235406,1.5575009224467418,0.55783716318285,,,0.6357360191111145,inf,,,0.18070339375012967
402,,0.0,0.0,1.76861501547423,1.6861861201551653,0.9369199992728773,1.628769315053867,1.0954649080892322,,,0.6309483474627791,inf,,,0.20433087588514512
403,,0.0,0.0,1.7577373686373055,1.7233050754717714,0.9491022433249754,1.595686791356283,0.9752511649195978,,,0.6509067234006624,inf,,,0.1869485737992914
404,,0.0,0.0,1.7624960864037555,1.694645809491848,0.9415690424848921,1.8018067854640596,1.2618378530621492,,,0.6528756675646988,inf,,,0.18512531041356245
405,,0.0,0.0,1.6459227707349948,1.6047327744620277,0.8898582472117367,1.2524086396375542,0.4270837198215738,,,0.6207552362147116,inf,,,0.18737935858978583
406,,0.0,0.0,1.7271072507140115,1.6747737094924977,0.9318165460814999,1.8860413498936774,0.8672388987330633,,,0.6447042257417027,inf,,,0.1980854664346175
407,,0.0,0.0,1.7648176037461547,1.733378958801136,0.9339889176165413,1.676173436382396,0.7834885372575622,,,0.6180765742263259,inf,,,0.19073989662599167
408,,0.0,0.0,1.700069625853316,1.6723891857821467,0.8716295644380677,1.1710076447492703,0.472887582335215,,,0.6038851895711802,inf,,,0.19886893180327814
409,,0.0,0.0,1.572911888518201,1.4748070413984107,0.7539762431361133,0.7479488384198563,0.16773954974574135,,,0.6528756675646988,inf,,,0.18014740560871845
410,,0.0,0.0,1.725875893718006,1.5101082205206784,0.895688861685722,1.5203174193553757,0.5890394600516673,,,0.6584896970785714,inf,,,0.19938550089931828
411,,0.0,0.0,1.343989723804786,0.949624002449255,0.668299709122881,0.5755613645281332,0.11490892319447155,,,0.6125606311107803,inf,,,0.17435677095085161
412,,0.0,0.0,1.7086396053892212,1.202479009520082,0.8527160188616569,1.1202705203132048,0.3014379296623706,,,0.6357360191111145,inf,,,0.19602360496728652
413,,0.0,0.0,1.6825542896407564,1.413546147185656,0.9317088183836142,2.219761335579104,2.759981169178533,,,0.5915533975974677,inf,,,0.17898892731070976
414,,0.0,0.0,1.7359400059600247,1.4531328445659482,0.835489650224775,0.9410371039007244,0.308087225463736,,,0.6233814453054027,inf,,,0.17732801607706794
415,,0.0,0.0,1.5024930081167291,1.1922660070273514,0.8112796466807145,0.7803233136687172,0.28770307048777,,,0.6207552362147116,inf,,,0.21044019453229879
416,,0.0,0.0,1.546541141510255,0.8693650720264878,0.7459595336607913,0.05311263562062137,0.09575112799691121,,,0.6180765742263259,inf,,,0.187692083637541
417,,0.0,0.0,1.5323336445565374,0.867359153391327,0.7068753000196123,0.06529177027242854,0.09180665189256466,,,0.6180765742263259,inf,,,0.18772380296134064
418,,0.0,0.0,1.701767869383208,1.5871076667985857,0.9089207130360382,0.23645435135995704,0.35256315998156784,,,0.6125606311107803,inf,,,0.1731306985943312
419,,0.0,0.0,1.6275354675279508,1.0723627327466225,0.9430751163623763,0.0980332503967681,0.13756270669486514,,,0.6447042257417027,inf,,,0.1823476303613865
420,,0.0,0.0,1.0011307939650052,0.8688872804792543,0.7532354142972728,0.07046314851084096,0.09299144984235672,,,0.6333676938231112,inf,,,0.17167500768971194
421,,0.0,0.0,0.3782404488612031,0.33208577917494053,0.6024666914698534,0.042173716910846724,0.04769582517560507,,,0.6468212168108125,inf,,,0.16904399304033232
422,,0.0,0.0,1.6154819742445736,1.2087947576092233,0.9531448898627166,0.14497764217227435,0.21497810834155925,,,0.6425374456860184,inf,,,0.18377529148497973
423,,0.0,0.0,1.1676924078137936,0.6672980648268481,0.8752057434895454,0.07848877314441034,0.11239108358450911,,,0.6309483474627791,inf,,,0.16669666265322008
424,,0.0,0.0,1.6160863456325592,1.2304753015998275,0.9517896726906356,0.12690526825339357,0.17562211465497787,,,0.6403206450210053,inf,,,0.19446602083462847
425,,0.0,0.0,1.7438988425385202,1.6765642603451523,0.9310381318171448,0.19307804250359345,0.32332439734670404,,,0.6468212168108125,inf,,,0.1851164205050297
426,,0.0,0.0,1.7038935034949452,1.6039704555482999,0.951631604018554,0.17389320880030945,0.2840041366236712,,,0.648888643467878,inf,,,0.18610546249046145
427,,0.0,0.0,1.7759726804082479,1.456053928691706,0.9467583978382178,0.1208111762072689,0.19306452217832346,,,0.6468212168108125,inf,,,0.1765532199805576
428,,0.0,0.0,1.3625012779972152,0.7759979575975415,0.8325618978451047,0.024390046144728377,0.04106320256388073,,,0.6180765742263259,inf,,,0.16396870839852318
429,,0.0,0.0,1.1922481651856442,0.8513281822777541,0.905430856287049,0.052033229822566654,0.07677564479342543,,,0.6180765742263259,inf,,,0.17213806437284948
430,,0.0,0.0,1.7111722517354446,1.5491769880276633,0.9211406909260332,0.0785118405012523,0.1351629995492552,,,0.6403206450210053,inf,,,0.18985081802937118
431,,0.0,0.0,1.5611360806377574,1.2835135196271206,0.9611041130396685,0.0859607748247438,0.14215923503619063,,,0.6699045166045591,inf,,,0.17231873220509514
432,,0.0,0.0,1.1200099892623334,0.8358392213169367,0.7157660646742415,0.09514597385285947,0.14803713193127144,,,0.6097226960127671,inf,,,0.18878675616761748
433,,0.0,0.0,1.0280135079813786,0.818670357561489,0.6236069329561212,0.06778127226444085,0.09357355361033776,,,0.6180765742263259,inf,,,0.16928831173223668
434,,0.0,0.0,1.4439695646598152,1.1397570017458962,0.8323011284148697,0.18275038233156424,0.22098223418321128,,,0.5947193981915972,inf,,,0.18813181079504657
435,,0.0,0.0,1.6645248926182667,1.5763175570801187,0.9441095688627764,0.33358952733628494,0.4891819440150876,,,0.62595550513784,inf,,,0.18816157240956455
436,,0.0,0.0,1.7717068088018042,1.6274019413840608,0.9734785999877478,0.2489620486036697,0.34373910842449895,,,0.6357360191111145,inf,,,0.19638511992324673
437,,0.0,0.0,1.7689612785297768,1.4578818039757109,0.9583482365276188,0.17516090131178097,0.2638949036097966,,,0.5748741956352443,inf,,,0.18287138290838922
438,,0.0,0.0,1.769513070905568,1.6858150490021937,0.9627847843230465,0.16752496419508714,0.24580900185220347,,,0.6403206450210053,inf,,,0.18790275304094772
439,,0.0,0.0,1.5478515766811025,1.3344166692675457,0.904467007797782,0.0936545960789112,0.12814417012868842,,,0.6425374456860184,inf,,,0.1872882566613657
440,,0.0,0.0,1.7476296045908333,1.7494965440630728,0.9271543051901026,0.17412416012194934,0.27450983315292354,,,0.648888643467878,inf,,,0.19236087239187294
441,,0.0,0.0,1.7198528479954909,1.65975851077534,0.9455371552718276,0.1790372436073433,0.2749001609975702,,,0.6509067234006624,inf,,,0.19458830082409198
442,,0.0,0.0,1.61411182464642,1.4929993698017117,0.9135980102125373,0.1358162709022529,0.21760548834457208,,,0.6207552362147116,inf,,,0.18629792984408633
443,,0.0,0.0,1.618581320870069,1.5738982412919582,0.8516372215376689,0.13725825477312228,0.2274753996622343,,,0.6357360191111145,inf,,,0.18749345614373264
444,,0.0,0.0,1.6140821127205256,1.5223128444216825,0.8948382643586114,0.07417623626653638,0.11741916767218176,,,0.6357360191111145,inf,,,0.1873646254131645
445,,0.0,0.0,1.4026845032045125,0.9577378421544531,0.9160312479211034,0.030651356412210475,0.049919167842620085,,,0.6447042257417027,inf,,,0.17354556624262996
446,,0.0,0.0,1.4809170065782291,0.8132727209706188,0.9626707223170111,0.0001974933036667865,0.0003625204131983397,,,0.6468212168108125,inf,,,0.1631516632846009
447,,0.0,0.0,0.8167598149523039,0.6004891726277672,0.6426859480590402,0.0009432855325704963,0.0019533150571797056,,,0.585052858160615,inf,,,0.16303623506005724
448,,0.0,0.0,1.6037988083066566,1.2466866606892326,0.9271857008603559,0.000212145382221773,0.0003833180052272701,,,0.6380535849069913,inf,,,0.1634290359816976
449,,0.0,0.0,1.6504365972280224,1.5200072978963297,0.8149124405643273,0.00020776099130641825,0.0004072945436205972,,,0.6097226960127671,inf,,,0.1634015987905894
450,,0.0,0.0,0.15530386776307525,0.09860482271212932,0.5640713248914069,0.011159581549664054,0.011918969970421073,,,0.6097226960127671,inf,,,0.16794984798822782
451,,0.0,0.0,0.2678618456678791,0.10194729911100937,0.6306001893104448,0.0026865388649918187,0.0041114445120985395,,,0.6125606311107803,inf,,,0.16727259835781702
452,,0.0,0.0,0.48894336017244905,0.23486872643491677,0.7246170091973395,0.002725019889527374,0.005196654531793772,,,0.62595550513784,inf,,,0.16514424072377093
453,,0.0,0.0,0.224850751393902,0.15439348855520219,0.5736702997535139,0.004733809996825288,0.008252366245616483,,,0.6038851895711802,inf,,,0.16561703152570836
454,,0.0,0.0,0.8886422918077529,0.34600449360566354,0.698303576878197,0.004625339048235043,0.009176143666637743,,,0.5915533975974677,inf,,,0.16293995388958943
455,,0.0,0.0,0.33837652030476323,0.2240614616781426,0.6684172724862131,0.011141299380933037,0.01739490701236924,,,0.6180765742263259,inf,,,0.1654344833510989
456,,0.0,0.0,0.6817756531969323,0.26961200621875475,0.8327878253615127,0.00037862623662949564,0.0007270787598609496,,,0.6584896970785714,inf,,,0.16346263798671318
457,,0.0,0.0,1.657771924240949,0.6263492025966891,0.9683044465537355,0.00018525705713868452,0.00034744101408619834,,,0.6333676938231112,inf,,,0.1634255948280234
458,,0.0,0.0,0.7437399526438329,0.2259364262789743,0.8857940582570156,0.00040081211804685626,0.0007813160508017371,,,0.663668482632973,inf,,,0.16387062963086108
459,,0.0,0.0,0.2126938811736031,0.15435891610518368,0.5584276895064068,0.005825871376112185,0.010147542226471993,,,0.6068309995095971,inf,,,0.16425508348449133
460,,0.0,0.0,0.6842157246908805,0.36530672254380303,0.7953111739899206,0.003992867334178928,0.00819023066015458,,,0.5978297680564633,inf,,,0.16726670444411848
461,,0.0,0.0,1.050016556889975,0.8768637142684041,0.7545197645147468,0.003421195532805521,0.006303235745738033,,,0.6038851895711802,inf,,,0.16377528600637453
462,,0.0,0.0,1.5470262893396123,1.4974140175140849,0.8427205697807796,0.0002591849505500191,0.000533385375118773,,,0.6153451465759925,inf,,,0.16291447061077144
463,,0.0,0.0,1.5218206788627524,1.1108705817107511,0.8722060836787879,0.0006567094758556333,0.0014440708114557689,,,0.6207552362147116,inf,,,0.16589386486528768
464,,0.0,0.0,0.6149605641269821,0.5194780955408212,0.7452650257708706,0.00094005090085169,0.0022001793610370137,,,0.581717464821069,inf,,,0.16339940549919474
465,,0.0,0.0,0.20466859451959732,0.15867231503879586,0.7850899611007152,0.00046181129117591494,0.0008659074963587371,,,0.6008849035917525,inf,,,0.163015419690478
466,,0.0,0.0,0.9369015939678139,0.809608323045451,0.8695975024151649,0.0010163862645801195,0.0020448521728987064,,,0.6309483474627791,inf,,,0.1631160758567828
467,,0.0,0.0,1.6478468287486938,1.0298111303773616,0.8979182253819368,0.00019148132190301026,0.0003460911593136614,,,0.6380535849069913,inf,,,0.1632898837951771
468,,0.0,0.0,0.16921395908888537,0.10293834885601981,0.3827030908364713,0.0076344112366218105,0.011209693275491008,,,0.6125606311107803,inf,,,0.16933853451520087
469,,0.0,0.0,0.6065499646351077,0.48873828748020504,0.6923886544804562,0.01031070660839304,0.01679578795196463,,,0.6584896970785714,inf,,,0.16632395220681595
470,,0.0,0.0,0.6598796313745661,0.4641614186610809,0.7720324021995797,0.0028234900186216733,0.006369144281628599,,,0.6403206450210053,inf,,,0.16346331713135273
471,,0.0,0.0,0.8594817382675488,0.6896308492920538,0.6242393052544838,0.001303408471012844,0.0032519140302109933,,,0.6038851895711802,inf,,,0.16728808327902822
472,,0.0,0.0,1.0605381193820576,0.9653595675614695,0.836639746687458,0.0021001526047417386,0.004656957885504835,,,0.6038851895711802,inf,,,0.1624087031985382
473,,0.0,0.0,0.37821336372540226,0.2395396717227727,0.8177048466361075,0.001184801558151085,0.002342132890984545,,,0.6097226960127671,inf,,,0.16534399169039785
474,,0.0,0.0,0.2775301820667989,0.22529288810783976,0.42179213576595526,0.026188551278096873,0.0231373269813623,,,0.6125606311107803,inf,,,0.20119570993861283
475,,0.0,0.0,1.0302194687180577,0.5988928675160554,0.7626970230138737,0.004098394631207191,0.008835913283984472,,,0.5883313578629602,inf,,,0.16256377163805466
476,,0.0,0.0,1.724676760320518,0.9128583231688916,0.8922230720792831,0.06750111839851153,0.13411226441430307,,,0.6068309995095971,inf,,,0.16931906428322313
477,,0.0,0.0,1.5918019334463138,0.9873411330895064,0.8850154643855935,0.09819685287846948,0.1712625628524092,,,0.6153451465759925,inf,,,0.17022217997872555
478,,0.0,0.0,1.4045192214168534,0.9222788649596305,0.7890455920131312,0.0292507352343055,0.06018835555938877,,,0.6180765742263259,inf,,,0.1771396181227589
479,,0.0,0.0,1.6022826066870963,1.195854151602875,0.8997469898177802,0.00286749947172186,0.007489454579062334,,,0.6008849035917525,inf,,,0.16374489533850362
480,,0.0,0.0,1.5629024891991756,0.6733046817409376,0.9112641225209701,0.007066733030813758,0.018876314093097115,,,0.6068309995095971,inf,,,0.1588611134894491
481,,0.0,0.0,1.5146611202540121,0.6032117128162704,0.8782966455421393,0.018296766745684423,0.04557356687924762,,,0.5978297680564633,inf,,,0.17449990245811167
482,,0.0,0.0,1.649541247522991,1.5877991849890727,0.8855150668556738,0.00612810105758219,0.015888776199444225,,,0.585052858160615,inf,,,0.16333044257067303
483,,0.0,0.0,1.5563259958385662,1.0365599410168458,0.9187438779650592,0.005372445396066056,0.012179142521617364,,,0.5641709578113449,inf,,,0.16488292335910829
